<?xml version='1.0' encoding='UTF-8'?>
<gpx version="1.1" creator="https://www.komoot.de" xmlns="http://www.topografix.com/GPX/1/1" xmlns:xsi="http://www.w3.org/2001/XMLSchema-instance" xsi:schemaLocation="http://www.topografix.com/GPX/1/1 http://www.topografix.com/GPX/1/1/gpx.xsd">
  <metadata>
    <name>TDL2016- HERLAZ- CUNEO - Tag 3</name>
    <author>
      <link href="https://www.komoot.de">
        <text>komoot</text>
        <type>text/html</type>
      </link>
    </author>
  </metadata>
  <wpt lat="46.536898" lon="8.360909">
    <name>Forest-Lodge</name>
    <sym>Campground</sym>
  </wpt>
  <wpt lat="46.302980" lon="7.874882">
    <name>Gut ausgebaute Nebenroute durchs Rhonetal</name>
    <sym>Flag, Blue</sym>
  </wpt>
  <wpt lat="46.024192" lon="6.924162">
    <name>Camping des Montets</name>
    <sym>Campground</sym>
  </wpt>
  <trk>
    <name>TDL2016- HERLAZ- CUNEO - Tag 3</name>
    <type>racebike</type>
    <trkseg>
      <trkpt lat="46.536947" lon="8.360840">
        <ele>1381.566647</ele>
        <time>2026-01-16T00:00:57.873Z</time>
      </trkpt>
      <trkpt lat="46.536967" lon="8.360864">
        <ele>1381.566647</ele>
        <time>2026-01-16T00:00:58.879Z</time>
      </trkpt>
      <trkpt lat="46.537127" lon="8.360868">
        <ele>1381.566647</ele>
        <time>2026-01-16T00:01:04.716Z</time>
      </trkpt>
      <trkpt lat="46.537110" lon="8.361185">
        <ele>1381.566647</ele>
        <time>2026-01-16T00:01:28.415Z</time>
      </trkpt>
      <trkpt lat="46.537043" lon="8.361264">
        <ele>1381.566647</ele>
        <time>2026-01-16T00:01:37.591Z</time>
      </trkpt>
      <trkpt lat="46.536752" lon="8.360855">
        <ele>1381.566647</ele>
        <time>2026-01-16T00:02:20.379Z</time>
      </trkpt>
      <trkpt lat="46.536664" lon="8.360794">
        <ele>1381.301965</ele>
        <time>2026-01-16T00:02:30.580Z</time>
      </trkpt>
      <trkpt lat="46.536313" lon="8.360406">
        <ele>1380.058821</ele>
        <time>2026-01-16T00:03:16.481Z</time>
      </trkpt>
      <trkpt lat="46.536263" lon="8.360284">
        <ele>1379.783413</ele>
        <time>2026-01-16T00:03:26.271Z</time>
      </trkpt>
      <trkpt lat="46.536208" lon="8.359835">
        <ele>1378.898952</ele>
        <time>2026-01-16T00:03:29.320Z</time>
      </trkpt>
      <trkpt lat="46.536277" lon="8.359644">
        <ele>1378.480565</ele>
        <time>2026-01-16T00:03:30.772Z</time>
      </trkpt>
      <trkpt lat="46.536292" lon="8.359572">
        <ele>1378.334670</ele>
        <time>2026-01-16T00:03:31.295Z</time>
      </trkpt>
      <trkpt lat="46.536319" lon="8.359318">
        <ele>1377.836232</ele>
        <time>2026-01-16T00:03:33.040Z</time>
      </trkpt>
      <trkpt lat="46.536297" lon="8.358616">
        <ele>1376.478650</ele>
        <time>2026-01-16T00:03:38.037Z</time>
      </trkpt>
      <trkpt lat="46.536366" lon="8.358016">
        <ele>1375.574587</ele>
        <time>2026-01-16T00:03:42.534Z</time>
      </trkpt>
      <trkpt lat="46.536362" lon="8.357762">
        <ele>1375.197007</ele>
        <time>2026-01-16T00:03:44.427Z</time>
      </trkpt>
      <trkpt lat="46.536329" lon="8.357394">
        <ele>1374.645478</ele>
        <time>2026-01-16T00:03:48.402Z</time>
      </trkpt>
      <trkpt lat="46.536336" lon="8.357271">
        <ele>1374.462057</ele>
        <time>2026-01-16T00:03:49.726Z</time>
      </trkpt>
      <trkpt lat="46.536349" lon="8.357176">
        <ele>1374.318107</ele>
        <time>2026-01-16T00:03:50.769Z</time>
      </trkpt>
      <trkpt lat="46.536323" lon="8.356994">
        <ele>1374.041857</ele>
        <time>2026-01-16T00:03:52.154Z</time>
      </trkpt>
      <trkpt lat="46.536325" lon="8.356922">
        <ele>1373.934768</ele>
        <time>2026-01-16T00:03:52.695Z</time>
      </trkpt>
      <trkpt lat="46.536423" lon="8.356827">
        <ele>1373.680290</ele>
        <time>2026-01-16T00:03:53.973Z</time>
      </trkpt>
      <trkpt lat="46.536500" lon="8.356607">
        <ele>1373.313451</ele>
        <time>2026-01-16T00:03:55.825Z</time>
      </trkpt>
      <trkpt lat="46.536572" lon="8.356298">
        <ele>1372.828604</ele>
        <time>2026-01-16T00:03:58.297Z</time>
      </trkpt>
      <trkpt lat="46.536637" lon="8.355678">
        <ele>1372.253596</ele>
        <time>2026-01-16T00:04:03.200Z</time>
      </trkpt>
      <trkpt lat="46.536637" lon="8.355004">
        <ele>1371.753205</ele>
        <time>2026-01-16T00:04:08.631Z</time>
      </trkpt>
      <trkpt lat="46.536496" lon="8.353859">
        <ele>1370.889620</ele>
        <time>2026-01-16T00:04:19.032Z</time>
      </trkpt>
      <trkpt lat="46.536199" lon="8.351925">
        <ele>1369.606469</ele>
        <time>2026-01-16T00:04:36.104Z</time>
      </trkpt>
      <trkpt lat="46.536218" lon="8.351732">
        <ele>1369.483490</ele>
        <time>2026-01-16T00:04:37.675Z</time>
      </trkpt>
      <trkpt lat="46.536232" lon="8.351645">
        <ele>1369.427131</ele>
        <time>2026-01-16T00:04:38.389Z</time>
      </trkpt>
      <trkpt lat="46.536210" lon="8.351494">
        <ele>1369.329772</ele>
        <time>2026-01-16T00:04:39.639Z</time>
      </trkpt>
      <trkpt lat="46.536161" lon="8.351260">
        <ele>1369.175484</ele>
        <time>2026-01-16T00:04:41.606Z</time>
      </trkpt>
      <trkpt lat="46.536117" lon="8.351170">
        <ele>1369.105837</ele>
        <time>2026-01-16T00:04:42.493Z</time>
      </trkpt>
      <trkpt lat="46.535223" lon="8.350755">
        <ele>1368.563146</ele>
        <time>2026-01-16T00:04:54.346Z</time>
      </trkpt>
      <trkpt lat="46.534969" lon="8.350637">
        <ele>1368.419017</ele>
        <time>2026-01-16T00:04:58.400Z</time>
      </trkpt>
      <trkpt lat="46.534869" lon="8.350524">
        <ele>1368.350558</ele>
        <time>2026-01-16T00:05:00.244Z</time>
      </trkpt>
      <trkpt lat="46.534436" lon="8.349511">
        <ele>1367.698153</ele>
        <time>2026-01-16T00:05:11.759Z</time>
      </trkpt>
      <trkpt lat="46.534346" lon="8.349331">
        <ele>1367.492114</ele>
        <time>2026-01-16T00:05:13.657Z</time>
      </trkpt>
      <trkpt lat="46.534235" lon="8.349192">
        <ele>1367.294918</ele>
        <time>2026-01-16T00:05:15.389Z</time>
      </trkpt>
      <trkpt lat="46.534245" lon="8.349164">
        <ele>1367.265706</ele>
        <time>2026-01-16T00:05:15.635Z</time>
      </trkpt>
      <trkpt lat="46.534332" lon="8.348916">
        <ele>1367.007942</ele>
        <time>2026-01-16T00:05:17.823Z</time>
      </trkpt>
      <trkpt lat="46.534356" lon="8.348847">
        <ele>1366.936351</ele>
        <time>2026-01-16T00:05:18.437Z</time>
      </trkpt>
      <trkpt lat="46.534227" lon="8.348627">
        <ele>1366.668688</ele>
        <time>2026-01-16T00:05:20.665Z</time>
      </trkpt>
      <trkpt lat="46.533784" lon="8.347709">
        <ele>1365.630398</ele>
        <time>2026-01-16T00:05:29.248Z</time>
      </trkpt>
      <trkpt lat="46.533485" lon="8.347120">
        <ele>1365.002791</ele>
        <time>2026-01-16T00:05:34.925Z</time>
      </trkpt>
      <trkpt lat="46.533291" lon="8.346930">
        <ele>1364.711386</ele>
        <time>2026-01-16T00:05:37.654Z</time>
      </trkpt>
      <trkpt lat="46.532152" lon="8.345870">
        <ele>1363.157374</ele>
        <time>2026-01-16T00:05:54.338Z</time>
      </trkpt>
      <trkpt lat="46.532071" lon="8.345797">
        <ele>1363.081872</ele>
        <time>2026-01-16T00:05:55.516Z</time>
      </trkpt>
      <trkpt lat="46.531757" lon="8.345516">
        <ele>1362.789758</ele>
        <time>2026-01-16T00:06:00.119Z</time>
      </trkpt>
      <trkpt lat="46.531073" lon="8.344902">
        <ele>1362.152891</ele>
        <time>2026-01-16T00:06:10.274Z</time>
      </trkpt>
      <trkpt lat="46.530273" lon="8.344156">
        <ele>1361.512158</ele>
        <time>2026-01-16T00:06:22.506Z</time>
      </trkpt>
      <trkpt lat="46.529198" lon="8.343113">
        <ele>1360.660267</ele>
        <time>2026-01-16T00:06:39.440Z</time>
      </trkpt>
      <trkpt lat="46.528572" lon="8.342456">
        <ele>1360.045389</ele>
        <time>2026-01-16T00:06:49.262Z</time>
      </trkpt>
      <trkpt lat="46.528545" lon="8.342428">
        <ele>1360.018977</ele>
        <time>2026-01-16T00:06:49.680Z</time>
      </trkpt>
      <trkpt lat="46.527192" lon="8.341026">
        <ele>1358.727210</ele>
        <time>2026-01-16T00:07:10.254Z</time>
      </trkpt>
      <trkpt lat="46.526187" lon="8.340398">
        <ele>1357.917238</ele>
        <time>2026-01-16T00:07:24.358Z</time>
      </trkpt>
      <trkpt lat="46.525989" lon="8.340240">
        <ele>1357.775053</ele>
        <time>2026-01-16T00:07:27.336Z</time>
      </trkpt>
      <trkpt lat="46.522675" lon="8.336403">
        <ele>1355.241215</ele>
        <time>2026-01-16T00:08:22.233Z</time>
      </trkpt>
      <trkpt lat="46.521974" lon="8.335710">
        <ele>1354.823248</ele>
        <time>2026-01-16T00:08:33.797Z</time>
      </trkpt>
      <trkpt lat="46.521499" lon="8.335285">
        <ele>1354.586861</ele>
        <time>2026-01-16T00:08:41.440Z</time>
      </trkpt>
      <trkpt lat="46.520900" lon="8.334828">
        <ele>1354.300161</ele>
        <time>2026-01-16T00:08:50.517Z</time>
      </trkpt>
      <trkpt lat="46.519529" lon="8.334066">
        <ele>1353.661371</ele>
        <time>2026-01-16T00:09:09.738Z</time>
      </trkpt>
      <trkpt lat="46.518997" lon="8.333778">
        <ele>1353.411123</ele>
        <time>2026-01-16T00:09:17.455Z</time>
      </trkpt>
      <trkpt lat="46.518774" lon="8.333657">
        <ele>1353.306196</ele>
        <time>2026-01-16T00:09:20.766Z</time>
      </trkpt>
      <trkpt lat="46.518442" lon="8.333387">
        <ele>1353.252373</ele>
        <time>2026-01-16T00:09:26.170Z</time>
      </trkpt>
      <trkpt lat="46.518172" lon="8.333131">
        <ele>1353.209120</ele>
        <time>2026-01-16T00:09:30.845Z</time>
      </trkpt>
      <trkpt lat="46.517916" lon="8.332811">
        <ele>1353.163815</ele>
        <time>2026-01-16T00:09:35.802Z</time>
      </trkpt>
      <trkpt lat="46.517684" lon="8.332468">
        <ele>1353.119412</ele>
        <time>2026-01-16T00:09:40.621Z</time>
      </trkpt>
      <trkpt lat="46.517280" lon="8.331606">
        <ele>1353.036013</ele>
        <time>2026-01-16T00:09:50.836Z</time>
      </trkpt>
      <trkpt lat="46.517110" lon="8.331294">
        <ele>1353.011813</ele>
        <time>2026-01-16T00:09:54.761Z</time>
      </trkpt>
      <trkpt lat="46.516932" lon="8.331067">
        <ele>1352.990886</ele>
        <time>2026-01-16T00:09:58.160Z</time>
      </trkpt>
      <trkpt lat="46.516730" lon="8.330869">
        <ele>1352.969355</ele>
        <time>2026-01-16T00:10:01.646Z</time>
      </trkpt>
      <trkpt lat="46.516650" lon="8.330824">
        <ele>1352.961775</ele>
        <time>2026-01-16T00:10:02.871Z</time>
      </trkpt>
      <trkpt lat="46.516597" lon="8.330805">
        <ele>1352.956951</ele>
        <time>2026-01-16T00:10:03.665Z</time>
      </trkpt>
      <trkpt lat="46.515846" lon="8.330523">
        <ele>1352.885242</ele>
        <time>2026-01-16T00:10:14.993Z</time>
      </trkpt>
      <trkpt lat="46.515636" lon="8.330395">
        <ele>1352.860412</ele>
        <time>2026-01-16T00:10:18.387Z</time>
      </trkpt>
      <trkpt lat="46.515495" lon="8.330272">
        <ele>1352.842481</ele>
        <time>2026-01-16T00:10:20.874Z</time>
      </trkpt>
      <trkpt lat="46.515257" lon="8.329993">
        <ele>1352.809140</ele>
        <time>2026-01-16T00:10:25.433Z</time>
      </trkpt>
      <trkpt lat="46.513819" lon="8.328074">
        <ele>1352.460468</ele>
        <time>2026-01-16T00:10:52.948Z</time>
      </trkpt>
      <trkpt lat="46.513630" lon="8.327680">
        <ele>1352.379767</ele>
        <time>2026-01-16T00:10:57.548Z</time>
      </trkpt>
      <trkpt lat="46.513444" lon="8.326970">
        <ele>1352.226843</ele>
        <time>2026-01-16T00:11:05.004Z</time>
      </trkpt>
      <trkpt lat="46.512948" lon="8.325516">
        <ele>1351.480435</ele>
        <time>2026-01-16T00:11:19.876Z</time>
      </trkpt>
      <trkpt lat="46.512786" lon="8.325175">
        <ele>1351.289852</ele>
        <time>2026-01-16T00:11:23.407Z</time>
      </trkpt>
      <trkpt lat="46.512271" lon="8.324424">
        <ele>1350.747610</ele>
        <time>2026-01-16T00:11:32.039Z</time>
      </trkpt>
      <trkpt lat="46.511395" lon="8.323280">
        <ele>1349.796573</ele>
        <time>2026-01-16T00:11:46.216Z</time>
      </trkpt>
      <trkpt lat="46.511008" lon="8.322857">
        <ele>1349.990548</ele>
        <time>2026-01-16T00:11:53.335Z</time>
      </trkpt>
      <trkpt lat="46.510299" lon="8.322152">
        <ele>1351.260468</ele>
        <time>2026-01-16T00:12:11.407Z</time>
      </trkpt>
      <trkpt lat="46.509541" lon="8.321550">
        <ele>1352.216712</ele>
        <time>2026-01-16T00:12:33.305Z</time>
      </trkpt>
      <trkpt lat="46.509389" lon="8.321363">
        <ele>1352.156860</ele>
        <time>2026-01-16T00:12:37.764Z</time>
      </trkpt>
      <trkpt lat="46.509158" lon="8.320907">
        <ele>1352.039753</ele>
        <time>2026-01-16T00:12:45.524Z</time>
      </trkpt>
      <trkpt lat="46.508455" lon="8.318730">
        <ele>1350.345939</ele>
        <time>2026-01-16T00:13:03.780Z</time>
      </trkpt>
      <trkpt lat="46.508435" lon="8.318518">
        <ele>1350.019984</ele>
        <time>2026-01-16T00:13:05.271Z</time>
      </trkpt>
      <trkpt lat="46.508442" lon="8.318051">
        <ele>1349.308445</ele>
        <time>2026-01-16T00:13:08.565Z</time>
      </trkpt>
      <trkpt lat="46.508504" lon="8.317775">
        <ele>1348.866193</ele>
        <time>2026-01-16T00:13:10.639Z</time>
      </trkpt>
      <trkpt lat="46.508528" lon="8.317226">
        <ele>1348.028229</ele>
        <time>2026-01-16T00:13:14.644Z</time>
      </trkpt>
      <trkpt lat="46.508229" lon="8.313688">
        <ele>1345.549019</ele>
        <time>2026-01-16T00:13:44.933Z</time>
      </trkpt>
      <trkpt lat="46.508246" lon="8.313389">
        <ele>1345.444538</ele>
        <time>2026-01-16T00:13:47.756Z</time>
      </trkpt>
      <trkpt lat="46.508219" lon="8.313171">
        <ele>1345.367401</ele>
        <time>2026-01-16T00:13:49.825Z</time>
      </trkpt>
      <trkpt lat="46.508069" lon="8.312530">
        <ele>1345.131624</ele>
        <time>2026-01-16T00:13:56.183Z</time>
      </trkpt>
      <trkpt lat="46.507911" lon="8.312101">
        <ele>1344.962179</ele>
        <time>2026-01-16T00:14:00.818Z</time>
      </trkpt>
      <trkpt lat="46.507740" lon="8.311827">
        <ele>1344.857492</ele>
        <time>2026-01-16T00:14:04.341Z</time>
      </trkpt>
      <trkpt lat="46.507410" lon="8.311671">
        <ele>1344.739854</ele>
        <time>2026-01-16T00:14:09.134Z</time>
      </trkpt>
      <trkpt lat="46.506782" lon="8.311288">
        <ele>1344.508976</ele>
        <time>2026-01-16T00:14:18.394Z</time>
      </trkpt>
      <trkpt lat="46.506436" lon="8.310988">
        <ele>1344.372389</ele>
        <time>2026-01-16T00:14:23.904Z</time>
      </trkpt>
      <trkpt lat="46.506241" lon="8.310753">
        <ele>1344.281680</ele>
        <time>2026-01-16T00:14:27.379Z</time>
      </trkpt>
      <trkpt lat="46.506046" lon="8.310445">
        <ele>1344.137976</ele>
        <time>2026-01-16T00:14:31.315Z</time>
      </trkpt>
      <trkpt lat="46.505547" lon="8.309831">
        <ele>1343.811734</ele>
        <time>2026-01-16T00:14:40.047Z</time>
      </trkpt>
      <trkpt lat="46.505716" lon="8.309389">
        <ele>1343.638107</ele>
        <time>2026-01-16T00:14:44.593Z</time>
      </trkpt>
      <trkpt lat="46.505775" lon="8.309256">
        <ele>1343.583772</ele>
        <time>2026-01-16T00:14:46.012Z</time>
      </trkpt>
      <trkpt lat="46.505837" lon="8.309118">
        <ele>1343.527182</ele>
        <time>2026-01-16T00:14:47.498Z</time>
      </trkpt>
      <trkpt lat="46.505934" lon="8.308904">
        <ele>1343.439192</ele>
        <time>2026-01-16T00:14:49.792Z</time>
      </trkpt>
      <trkpt lat="46.505553" lon="8.308523">
        <ele>1343.201975</ele>
        <time>2026-01-16T00:14:55.830Z</time>
      </trkpt>
      <trkpt lat="46.505298" lon="8.308256">
        <ele>1343.039853</ele>
        <time>2026-01-16T00:14:59.948Z</time>
      </trkpt>
      <trkpt lat="46.504629" lon="8.307458">
        <ele>1342.593394</ele>
        <time>2026-01-16T00:15:11.443Z</time>
      </trkpt>
      <trkpt lat="46.504399" lon="8.307035">
        <ele>1342.405632</ele>
        <time>2026-01-16T00:15:16.402Z</time>
      </trkpt>
      <trkpt lat="46.503387" lon="8.304793">
        <ele>1341.507044</ele>
        <time>2026-01-16T00:15:40.818Z</time>
      </trkpt>
      <trkpt lat="46.501966" lon="8.301648">
        <ele>1340.368719</ele>
        <time>2026-01-16T00:16:15.450Z</time>
      </trkpt>
      <trkpt lat="46.501153" lon="8.299623">
        <ele>1339.805567</ele>
        <time>2026-01-16T00:16:37.790Z</time>
      </trkpt>
      <trkpt lat="46.500420" lon="8.297845">
        <ele>1339.301124</ele>
        <time>2026-01-16T00:16:57.479Z</time>
      </trkpt>
      <trkpt lat="46.498379" lon="8.293771">
        <ele>1337.544493</ele>
        <time>2026-01-16T00:17:42.907Z</time>
      </trkpt>
      <trkpt lat="46.498039" lon="8.293107">
        <ele>1337.316319</ele>
        <time>2026-01-16T00:17:50.399Z</time>
      </trkpt>
      <trkpt lat="46.497302" lon="8.291644">
        <ele>1336.931457</ele>
        <time>2026-01-16T00:18:07.797Z</time>
      </trkpt>
      <trkpt lat="46.496696" lon="8.290449">
        <ele>1336.906480</ele>
        <time>2026-01-16T00:18:23.216Z</time>
      </trkpt>
      <trkpt lat="46.495521" lon="8.288235">
        <ele>1336.876754</ele>
        <time>2026-01-16T00:18:51.754Z</time>
      </trkpt>
      <trkpt lat="46.494583" lon="8.286416">
        <ele>1336.852477</ele>
        <time>2026-01-16T00:19:14.498Z</time>
      </trkpt>
      <trkpt lat="46.494106" lon="8.285489">
        <ele>1336.903523</ele>
        <time>2026-01-16T00:19:26.239Z</time>
      </trkpt>
      <trkpt lat="46.492804" lon="8.282922">
        <ele>1338.059134</ele>
        <time>2026-01-16T00:20:01.779Z</time>
      </trkpt>
      <trkpt lat="46.492772" lon="8.282741">
        <ele>1338.209067</ele>
        <time>2026-01-16T00:20:04.601Z</time>
      </trkpt>
      <trkpt lat="46.492790" lon="8.282540">
        <ele>1338.371693</ele>
        <time>2026-01-16T00:20:07.826Z</time>
      </trkpt>
      <trkpt lat="46.492866" lon="8.282379">
        <ele>1338.528317</ele>
        <time>2026-01-16T00:20:11.073Z</time>
      </trkpt>
      <trkpt lat="46.492372" lon="8.280971">
        <ele>1340.153152</ele>
        <time>2026-01-16T00:20:33.275Z</time>
      </trkpt>
      <trkpt lat="46.491470" lon="8.281424">
        <ele>1342.379767</ele>
        <time>2026-01-16T00:20:51.581Z</time>
      </trkpt>
      <trkpt lat="46.491306" lon="8.281458">
        <ele>1342.766260</ele>
        <time>2026-01-16T00:20:55.491Z</time>
      </trkpt>
      <trkpt lat="46.491116" lon="8.281169">
        <ele>1343.408105</ele>
        <time>2026-01-16T00:21:03.187Z</time>
      </trkpt>
      <trkpt lat="46.491221" lon="8.280285">
        <ele>1348.123095</ele>
        <time>2026-01-16T00:21:28.233Z</time>
      </trkpt>
      <trkpt lat="46.491683" lon="8.277707">
        <ele>1363.202896</ele>
        <time>2026-01-16T00:23:11.109Z</time>
      </trkpt>
      <trkpt lat="46.491042" lon="8.276844">
        <ele>1369.564950</ele>
        <time>2026-01-16T00:23:47.881Z</time>
      </trkpt>
      <trkpt lat="46.489940" lon="8.274985">
        <ele>1377.737683</ele>
        <time>2026-01-16T00:24:41.185Z</time>
      </trkpt>
      <trkpt lat="46.489682" lon="8.274465">
        <ele>1379.571550</ele>
        <time>2026-01-16T00:24:54.596Z</time>
      </trkpt>
      <trkpt lat="46.489066" lon="8.273035">
        <ele>1383.321923</ele>
        <time>2026-01-16T00:25:28.009Z</time>
      </trkpt>
      <trkpt lat="46.488729" lon="8.272232">
        <ele>1385.392565</ele>
        <time>2026-01-16T00:25:44.991Z</time>
      </trkpt>
      <trkpt lat="46.488544" lon="8.271704">
        <ele>1386.114307</ele>
        <time>2026-01-16T00:25:54.986Z</time>
      </trkpt>
      <trkpt lat="46.488278" lon="8.270657">
        <ele>1387.393926</ele>
        <time>2026-01-16T00:26:12.290Z</time>
      </trkpt>
      <trkpt lat="46.488156" lon="8.270120">
        <ele>1388.042310</ele>
        <time>2026-01-16T00:26:20.014Z</time>
      </trkpt>
      <trkpt lat="46.487939" lon="8.269162">
        <ele>1388.101249</ele>
        <time>2026-01-16T00:26:32.004Z</time>
      </trkpt>
      <trkpt lat="46.487740" lon="8.268278">
        <ele>1387.547051</ele>
        <time>2026-01-16T00:26:40.022Z</time>
      </trkpt>
      <trkpt lat="46.487630" lon="8.267834">
        <ele>1387.265873</ele>
        <time>2026-01-16T00:26:43.634Z</time>
      </trkpt>
      <trkpt lat="46.487480" lon="8.267196">
        <ele>1386.753557</ele>
        <time>2026-01-16T00:26:48.693Z</time>
      </trkpt>
      <trkpt lat="46.487356" lon="8.266549">
        <ele>1385.559246</ele>
        <time>2026-01-16T00:26:53.734Z</time>
      </trkpt>
      <trkpt lat="46.487353" lon="8.266520">
        <ele>1385.507096</ele>
        <time>2026-01-16T00:26:53.958Z</time>
      </trkpt>
      <trkpt lat="46.487220" lon="8.265035">
        <ele>1382.844047</ele>
        <time>2026-01-16T00:27:04.930Z</time>
      </trkpt>
      <trkpt lat="46.487214" lon="8.264873">
        <ele>1382.555543</ele>
        <time>2026-01-16T00:27:06.053Z</time>
      </trkpt>
      <trkpt lat="46.487224" lon="8.264640">
        <ele>1382.018994</ele>
        <time>2026-01-16T00:27:07.641Z</time>
      </trkpt>
      <trkpt lat="46.487267" lon="8.264439">
        <ele>1381.305354</ele>
        <time>2026-01-16T00:27:09.063Z</time>
      </trkpt>
      <trkpt lat="46.487326" lon="8.264243">
        <ele>1380.580069</ele>
        <time>2026-01-16T00:27:10.494Z</time>
      </trkpt>
      <trkpt lat="46.487363" lon="8.264073">
        <ele>1379.975563</ele>
        <time>2026-01-16T00:27:11.682Z</time>
      </trkpt>
      <trkpt lat="46.487361" lon="8.263951">
        <ele>1379.561800</ele>
        <time>2026-01-16T00:27:12.484Z</time>
      </trkpt>
      <trkpt lat="46.487320" lon="8.263517">
        <ele>1378.076515</ele>
        <time>2026-01-16T00:27:15.369Z</time>
      </trkpt>
      <trkpt lat="46.487335" lon="8.263298">
        <ele>1377.330320</ele>
        <time>2026-01-16T00:27:16.812Z</time>
      </trkpt>
      <trkpt lat="46.487341" lon="8.263025">
        <ele>1376.404230</ele>
        <time>2026-01-16T00:27:18.591Z</time>
      </trkpt>
      <trkpt lat="46.487236" lon="8.262805">
        <ele>1375.496620</ele>
        <time>2026-01-16T00:27:20.294Z</time>
      </trkpt>
      <trkpt lat="46.487215" lon="8.262766">
        <ele>1375.328753</ele>
        <time>2026-01-16T00:27:20.608Z</time>
      </trkpt>
      <trkpt lat="46.487110" lon="8.262585">
        <ele>1374.526273</ele>
        <time>2026-01-16T00:27:22.088Z</time>
      </trkpt>
      <trkpt lat="46.487072" lon="8.262520">
        <ele>1374.237158</ele>
        <time>2026-01-16T00:27:22.626Z</time>
      </trkpt>
      <trkpt lat="46.486952" lon="8.262327">
        <ele>1373.318871</ele>
        <time>2026-01-16T00:27:24.254Z</time>
      </trkpt>
      <trkpt lat="46.486873" lon="8.261882">
        <ele>1370.834641</ele>
        <time>2026-01-16T00:27:27.119Z</time>
      </trkpt>
      <trkpt lat="46.486769" lon="8.261819">
        <ele>1369.949937</ele>
        <time>2026-01-16T00:27:28.139Z</time>
      </trkpt>
      <trkpt lat="46.486683" lon="8.261885">
        <ele>1369.186264</ele>
        <time>2026-01-16T00:27:29.019Z</time>
      </trkpt>
      <trkpt lat="46.486465" lon="8.262347">
        <ele>1366.158589</ele>
        <time>2026-01-16T00:27:32.448Z</time>
      </trkpt>
      <trkpt lat="46.486409" lon="8.262392">
        <ele>1365.656110</ele>
        <time>2026-01-16T00:27:33.007Z</time>
      </trkpt>
      <trkpt lat="46.486340" lon="8.262399">
        <ele>1365.113054</ele>
        <time>2026-01-16T00:27:33.619Z</time>
      </trkpt>
      <trkpt lat="46.486146" lon="8.262260">
        <ele>1363.414652</ele>
        <time>2026-01-16T00:27:35.512Z</time>
      </trkpt>
      <trkpt lat="46.486054" lon="8.262178">
        <ele>1362.567166</ele>
        <time>2026-01-16T00:27:36.450Z</time>
      </trkpt>
      <trkpt lat="46.486024" lon="8.262153">
        <ele>1362.295611</ele>
        <time>2026-01-16T00:27:36.751Z</time>
      </trkpt>
      <trkpt lat="46.485683" lon="8.261853">
        <ele>1359.158959</ele>
        <time>2026-01-16T00:27:40.208Z</time>
      </trkpt>
      <trkpt lat="46.485543" lon="8.261731">
        <ele>1357.813028</ele>
        <time>2026-01-16T00:27:41.624Z</time>
      </trkpt>
      <trkpt lat="46.485533" lon="8.261723">
        <ele>1357.718911</ele>
        <time>2026-01-16T00:27:41.723Z</time>
      </trkpt>
      <trkpt lat="46.485476" lon="8.261672">
        <ele>1357.167007</ele>
        <time>2026-01-16T00:27:42.302Z</time>
      </trkpt>
      <trkpt lat="46.485212" lon="8.261449">
        <ele>1354.649337</ele>
        <time>2026-01-16T00:27:44.958Z</time>
      </trkpt>
      <trkpt lat="46.483873" lon="8.260286">
        <ele>1342.510868</ele>
        <time>2026-01-16T00:27:58.764Z</time>
      </trkpt>
      <trkpt lat="46.483536" lon="8.259972">
        <ele>1340.100818</ele>
        <time>2026-01-16T00:28:02.376Z</time>
      </trkpt>
      <trkpt lat="46.483360" lon="8.259810">
        <ele>1338.846585</ele>
        <time>2026-01-16T00:28:04.264Z</time>
      </trkpt>
      <trkpt lat="46.482613" lon="8.259119">
        <ele>1333.579345</ele>
        <time>2026-01-16T00:28:12.545Z</time>
      </trkpt>
      <trkpt lat="46.482553" lon="8.259064">
        <ele>1333.368500</ele>
        <time>2026-01-16T00:28:13.228Z</time>
      </trkpt>
      <trkpt lat="46.479676" lon="8.256403">
        <ele>1324.651918</ele>
        <time>2026-01-16T00:28:49.062Z</time>
      </trkpt>
      <trkpt lat="46.479452" lon="8.256143">
        <ele>1324.554285</ele>
        <time>2026-01-16T00:28:52.910Z</time>
      </trkpt>
      <trkpt lat="46.478533" lon="8.254897">
        <ele>1325.236838</ele>
        <time>2026-01-16T00:29:16.496Z</time>
      </trkpt>
      <trkpt lat="46.478386" lon="8.254662">
        <ele>1325.355525</ele>
        <time>2026-01-16T00:29:21.175Z</time>
      </trkpt>
      <trkpt lat="46.477884" lon="8.253535">
        <ele>1326.011879</ele>
        <time>2026-01-16T00:29:38.440Z</time>
      </trkpt>
      <trkpt lat="46.477684" lon="8.253156">
        <ele>1326.254408</ele>
        <time>2026-01-16T00:29:43.705Z</time>
      </trkpt>
      <trkpt lat="46.477183" lon="8.252394">
        <ele>1326.872633</ele>
        <time>2026-01-16T00:29:55.310Z</time>
      </trkpt>
      <trkpt lat="46.477056" lon="8.252236">
        <ele>1327.276574</ele>
        <time>2026-01-16T00:29:58.307Z</time>
      </trkpt>
      <trkpt lat="46.476689" lon="8.251852">
        <ele>1328.369172</ele>
        <time>2026-01-16T00:30:07.692Z</time>
      </trkpt>
      <trkpt lat="46.476363" lon="8.251566">
        <ele>1329.289141</ele>
        <time>2026-01-16T00:30:17.323Z</time>
      </trkpt>
      <trkpt lat="46.475607" lon="8.250973">
        <ele>1331.423959</ele>
        <time>2026-01-16T00:30:42.521Z</time>
      </trkpt>
      <trkpt lat="46.475128" lon="8.250583">
        <ele>1333.045326</ele>
        <time>2026-01-16T00:30:59.057Z</time>
      </trkpt>
      <trkpt lat="46.474233" lon="8.249460">
        <ele>1336.425709</ele>
        <time>2026-01-16T00:31:30.114Z</time>
      </trkpt>
      <trkpt lat="46.473237" lon="8.248168">
        <ele>1336.968122</ele>
        <time>2026-01-16T00:31:54.943Z</time>
      </trkpt>
      <trkpt lat="46.472589" lon="8.247109">
        <ele>1335.347777</ele>
        <time>2026-01-16T00:32:05.677Z</time>
      </trkpt>
      <trkpt lat="46.472392" lon="8.246842">
        <ele>1334.480695</ele>
        <time>2026-01-16T00:32:08.361Z</time>
      </trkpt>
      <trkpt lat="46.471793" lon="8.246104">
        <ele>1331.953052</ele>
        <time>2026-01-16T00:32:16.019Z</time>
      </trkpt>
      <trkpt lat="46.471432" lon="8.245663">
        <ele>1330.594905</ele>
        <time>2026-01-16T00:32:20.583Z</time>
      </trkpt>
      <trkpt lat="46.471055" lon="8.245191">
        <ele>1329.272637</ele>
        <time>2026-01-16T00:32:25.527Z</time>
      </trkpt>
      <trkpt lat="46.470782" lon="8.244777">
        <ele>1328.224085</ele>
        <time>2026-01-16T00:32:29.567Z</time>
      </trkpt>
      <trkpt lat="46.470059" lon="8.243390">
        <ele>1326.802677</ele>
        <time>2026-01-16T00:32:44.147Z</time>
      </trkpt>
      <trkpt lat="46.469990" lon="8.243254">
        <ele>1326.848916</ele>
        <time>2026-01-16T00:32:46.144Z</time>
      </trkpt>
      <trkpt lat="46.469791" lon="8.242721">
        <ele>1327.014878</ele>
        <time>2026-01-16T00:32:53.690Z</time>
      </trkpt>
      <trkpt lat="46.469611" lon="8.242189">
        <ele>1327.177131</ele>
        <time>2026-01-16T00:33:01.680Z</time>
      </trkpt>
      <trkpt lat="46.469561" lon="8.242090">
        <ele>1327.210737</ele>
        <time>2026-01-16T00:33:03.461Z</time>
      </trkpt>
      <trkpt lat="46.469496" lon="8.241979">
        <ele>1327.250620</ele>
        <time>2026-01-16T00:33:05.591Z</time>
      </trkpt>
      <trkpt lat="46.469454" lon="8.241914">
        <ele>1327.275018</ele>
        <time>2026-01-16T00:33:06.902Z</time>
      </trkpt>
      <trkpt lat="46.469394" lon="8.241825">
        <ele>1327.332583</ele>
        <time>2026-01-16T00:33:08.746Z</time>
      </trkpt>
      <trkpt lat="46.469132" lon="8.241443">
        <ele>1327.647186</ele>
        <time>2026-01-16T00:33:16.705Z</time>
      </trkpt>
      <trkpt lat="46.469034" lon="8.241303">
        <ele>1327.763676</ele>
        <time>2026-01-16T00:33:19.629Z</time>
      </trkpt>
      <trkpt lat="46.468548" lon="8.240602">
        <ele>1328.344124</ele>
        <time>2026-01-16T00:33:33.657Z</time>
      </trkpt>
      <trkpt lat="46.468253" lon="8.240176">
        <ele>1328.696659</ele>
        <time>2026-01-16T00:33:40.159Z</time>
      </trkpt>
      <trkpt lat="46.467954" lon="8.239744">
        <ele>1328.159964</ele>
        <time>2026-01-16T00:33:45.534Z</time>
      </trkpt>
      <trkpt lat="46.467899" lon="8.239665">
        <ele>1327.983032</ele>
        <time>2026-01-16T00:33:46.470Z</time>
      </trkpt>
      <trkpt lat="46.467835" lon="8.239570">
        <ele>1327.773715</ele>
        <time>2026-01-16T00:33:47.558Z</time>
      </trkpt>
      <trkpt lat="46.467409" lon="8.238921">
        <ele>1326.361572</ele>
        <time>2026-01-16T00:33:54.317Z</time>
      </trkpt>
      <trkpt lat="46.467226" lon="8.238484">
        <ele>1325.555990</ele>
        <time>2026-01-16T00:33:57.874Z</time>
      </trkpt>
      <trkpt lat="46.467129" lon="8.238126">
        <ele>1324.950020</ele>
        <time>2026-01-16T00:34:00.491Z</time>
      </trkpt>
      <trkpt lat="46.466774" lon="8.236309">
        <ele>1320.061759</ele>
        <time>2026-01-16T00:34:13.070Z</time>
      </trkpt>
      <trkpt lat="46.466631" lon="8.235591">
        <ele>1318.057539</ele>
        <time>2026-01-16T00:34:18.068Z</time>
      </trkpt>
      <trkpt lat="46.466507" lon="8.235127">
        <ele>1317.762568</ele>
        <time>2026-01-16T00:34:21.555Z</time>
      </trkpt>
      <trkpt lat="46.466449" lon="8.234958">
        <ele>1317.796902</ele>
        <time>2026-01-16T00:34:22.933Z</time>
      </trkpt>
      <trkpt lat="46.466348" lon="8.234701">
        <ele>1317.850706</ele>
        <time>2026-01-16T00:34:25.205Z</time>
      </trkpt>
      <trkpt lat="46.466190" lon="8.234386">
        <ele>1317.921564</ele>
        <time>2026-01-16T00:34:28.715Z</time>
      </trkpt>
      <trkpt lat="46.466014" lon="8.234104">
        <ele>1317.990762</ele>
        <time>2026-01-16T00:34:33.659Z</time>
      </trkpt>
      <trkpt lat="46.465896" lon="8.233933">
        <ele>1318.034778</ele>
        <time>2026-01-16T00:34:37.499Z</time>
      </trkpt>
      <trkpt lat="46.465597" lon="8.233611">
        <ele>1318.133060</ele>
        <time>2026-01-16T00:34:47.721Z</time>
      </trkpt>
      <trkpt lat="46.465495" lon="8.233526">
        <ele>1318.164108</ele>
        <time>2026-01-16T00:34:51.172Z</time>
      </trkpt>
      <trkpt lat="46.465440" lon="8.233485">
        <ele>1318.252599</ele>
        <time>2026-01-16T00:34:53.001Z</time>
      </trkpt>
      <trkpt lat="46.465106" lon="8.233261">
        <ele>1319.125046</ele>
        <time>2026-01-16T00:35:04.022Z</time>
      </trkpt>
      <trkpt lat="46.464584" lon="8.233054">
        <ele>1320.408226</ele>
        <time>2026-01-16T00:35:19.889Z</time>
      </trkpt>
      <trkpt lat="46.464531" lon="8.233039">
        <ele>1320.536272</ele>
        <time>2026-01-16T00:35:21.416Z</time>
      </trkpt>
      <trkpt lat="46.463129" lon="8.232626">
        <ele>1322.133701</ele>
        <time>2026-01-16T00:35:48.137Z</time>
      </trkpt>
      <trkpt lat="46.462645" lon="8.232479">
        <ele>1321.895688</ele>
        <time>2026-01-16T00:35:54.179Z</time>
      </trkpt>
      <trkpt lat="46.462381" lon="8.232363">
        <ele>1321.762921</ele>
        <time>2026-01-16T00:35:57.396Z</time>
      </trkpt>
      <trkpt lat="46.461737" lon="8.231924">
        <ele>1321.321425</ele>
        <time>2026-01-16T00:36:05.478Z</time>
      </trkpt>
      <trkpt lat="46.461652" lon="8.231860">
        <ele>1321.244973</ele>
        <time>2026-01-16T00:36:06.585Z</time>
      </trkpt>
      <trkpt lat="46.461101" lon="8.231448">
        <ele>1320.750109</ele>
        <time>2026-01-16T00:36:14.264Z</time>
      </trkpt>
      <trkpt lat="46.460846" lon="8.231183">
        <ele>1320.499717</ele>
        <time>2026-01-16T00:36:18.496Z</time>
      </trkpt>
      <trkpt lat="46.459915" lon="8.230041">
        <ele>1319.825000</ele>
        <time>2026-01-16T00:36:35.892Z</time>
      </trkpt>
      <trkpt lat="46.459303" lon="8.229192">
        <ele>1319.480805</ele>
        <time>2026-01-16T00:36:47.170Z</time>
      </trkpt>
      <trkpt lat="46.458262" lon="8.227363">
        <ele>1318.011056</ele>
        <time>2026-01-16T00:37:07.649Z</time>
      </trkpt>
      <trkpt lat="46.458027" lon="8.226881">
        <ele>1317.578979</ele>
        <time>2026-01-16T00:37:12.387Z</time>
      </trkpt>
      <trkpt lat="46.457834" lon="8.226412">
        <ele>1316.928311</ele>
        <time>2026-01-16T00:37:16.634Z</time>
      </trkpt>
      <trkpt lat="46.457520" lon="8.225530">
        <ele>1315.745834</ele>
        <time>2026-01-16T00:37:24.203Z</time>
      </trkpt>
      <trkpt lat="46.457196" lon="8.224545">
        <ele>1314.385404</ele>
        <time>2026-01-16T00:37:32.698Z</time>
      </trkpt>
      <trkpt lat="46.457130" lon="8.224183">
        <ele>1313.702242</ele>
        <time>2026-01-16T00:37:35.606Z</time>
      </trkpt>
      <trkpt lat="46.457091" lon="8.223903">
        <ele>1313.181079</ele>
        <time>2026-01-16T00:37:37.838Z</time>
      </trkpt>
      <trkpt lat="46.457077" lon="8.223702">
        <ele>1312.812510</ele>
        <time>2026-01-16T00:37:39.404Z</time>
      </trkpt>
      <trkpt lat="46.456974" lon="8.221695">
        <ele>1309.144094</ele>
        <time>2026-01-16T00:37:53.540Z</time>
      </trkpt>
      <trkpt lat="46.456970" lon="8.221634">
        <ele>1309.032861</ele>
        <time>2026-01-16T00:37:53.948Z</time>
      </trkpt>
      <trkpt lat="46.456964" lon="8.221532">
        <ele>1308.847027</ele>
        <time>2026-01-16T00:37:54.624Z</time>
      </trkpt>
      <trkpt lat="46.456930" lon="8.220901">
        <ele>1307.698079</ele>
        <time>2026-01-16T00:37:58.800Z</time>
      </trkpt>
      <trkpt lat="46.456923" lon="8.220788">
        <ele>1307.492124</ele>
        <time>2026-01-16T00:37:59.545Z</time>
      </trkpt>
      <trkpt lat="46.456830" lon="8.219105">
        <ele>1305.806875</ele>
        <time>2026-01-16T00:38:12.341Z</time>
      </trkpt>
      <trkpt lat="46.456809" lon="8.218668">
        <ele>1306.754966</ele>
        <time>2026-01-16T00:38:19.358Z</time>
      </trkpt>
      <trkpt lat="46.456786" lon="8.218272">
        <ele>1307.615064</ele>
        <time>2026-01-16T00:38:27.815Z</time>
      </trkpt>
      <trkpt lat="46.456766" lon="8.217969">
        <ele>1308.273847</ele>
        <time>2026-01-16T00:38:35.315Z</time>
      </trkpt>
      <trkpt lat="46.456735" lon="8.217780">
        <ele>1308.694331</ele>
        <time>2026-01-16T00:38:40.488Z</time>
      </trkpt>
      <trkpt lat="46.456650" lon="8.217498">
        <ele>1309.360525</ele>
        <time>2026-01-16T00:38:49.085Z</time>
      </trkpt>
      <trkpt lat="46.456513" lon="8.217212">
        <ele>1310.114445</ele>
        <time>2026-01-16T00:38:58.152Z</time>
      </trkpt>
      <trkpt lat="46.456386" lon="8.217011">
        <ele>1310.704732</ele>
        <time>2026-01-16T00:39:04.634Z</time>
      </trkpt>
      <trkpt lat="46.456300" lon="8.216939">
        <ele>1310.798354</ele>
        <time>2026-01-16T00:39:07.741Z</time>
      </trkpt>
      <trkpt lat="46.455922" lon="8.216875">
        <ele>1311.150470</ele>
        <time>2026-01-16T00:39:17.886Z</time>
      </trkpt>
      <trkpt lat="46.455721" lon="8.216902">
        <ele>1311.337239</ele>
        <time>2026-01-16T00:39:21.771Z</time>
      </trkpt>
      <trkpt lat="46.455589" lon="8.216921">
        <ele>1311.459971</ele>
        <time>2026-01-16T00:39:24.178Z</time>
      </trkpt>
      <trkpt lat="46.455284" lon="8.216966">
        <ele>1311.743626</ele>
        <time>2026-01-16T00:39:29.333Z</time>
      </trkpt>
      <trkpt lat="46.454859" lon="8.217017">
        <ele>1312.138198</ele>
        <time>2026-01-16T00:39:34.521Z</time>
      </trkpt>
      <trkpt lat="46.454712" lon="8.216964">
        <ele>1312.278343</ele>
        <time>2026-01-16T00:39:36.190Z</time>
      </trkpt>
      <trkpt lat="46.454629" lon="8.216895">
        <ele>1312.366841</ele>
        <time>2026-01-16T00:39:37.238Z</time>
      </trkpt>
      <trkpt lat="46.454533" lon="8.216762">
        <ele>1312.251377</ele>
        <time>2026-01-16T00:39:38.695Z</time>
      </trkpt>
      <trkpt lat="46.454453" lon="8.216533">
        <ele>1312.085156</ele>
        <time>2026-01-16T00:39:40.695Z</time>
      </trkpt>
      <trkpt lat="46.454322" lon="8.216114">
        <ele>1311.787279</ele>
        <time>2026-01-16T00:39:44.524Z</time>
      </trkpt>
      <trkpt lat="46.454213" lon="8.215877">
        <ele>1311.602802</ele>
        <time>2026-01-16T00:39:47.243Z</time>
      </trkpt>
      <trkpt lat="46.454111" lon="8.215680">
        <ele>1311.443265</ele>
        <time>2026-01-16T00:39:49.914Z</time>
      </trkpt>
      <trkpt lat="46.454075" lon="8.215617">
        <ele>1311.390277</ele>
        <time>2026-01-16T00:39:50.818Z</time>
      </trkpt>
      <trkpt lat="46.453968" lon="8.215430">
        <ele>1311.232906</ele>
        <time>2026-01-16T00:39:53.618Z</time>
      </trkpt>
      <trkpt lat="46.453880" lon="8.215058">
        <ele>1310.978277</ele>
        <time>2026-01-16T00:39:57.346Z</time>
      </trkpt>
      <trkpt lat="46.453874" lon="8.214292">
        <ele>1310.013860</ele>
        <time>2026-01-16T00:40:03.241Z</time>
      </trkpt>
      <trkpt lat="46.453822" lon="8.214039">
        <ele>1309.440382</ele>
        <time>2026-01-16T00:40:05.190Z</time>
      </trkpt>
      <trkpt lat="46.453781" lon="8.213895">
        <ele>1309.101940</ele>
        <time>2026-01-16T00:40:06.361Z</time>
      </trkpt>
      <trkpt lat="46.453704" lon="8.213635">
        <ele>1308.487222</ele>
        <time>2026-01-16T00:40:08.435Z</time>
      </trkpt>
      <trkpt lat="46.453589" lon="8.213334">
        <ele>1307.739609</ele>
        <time>2026-01-16T00:40:10.866Z</time>
      </trkpt>
      <trkpt lat="46.453477" lon="8.213053">
        <ele>1307.034458</ele>
        <time>2026-01-16T00:40:13.080Z</time>
      </trkpt>
      <trkpt lat="46.453225" lon="8.212526">
        <ele>1305.641039</ele>
        <time>2026-01-16T00:40:17.308Z</time>
      </trkpt>
      <trkpt lat="46.453086" lon="8.212352">
        <ele>1305.062329</ele>
        <time>2026-01-16T00:40:19.047Z</time>
      </trkpt>
      <trkpt lat="46.452378" lon="8.211599">
        <ele>1301.216387</ele>
        <time>2026-01-16T00:40:27.545Z</time>
      </trkpt>
      <trkpt lat="46.451834" lon="8.211109">
        <ele>1298.396011</ele>
        <time>2026-01-16T00:40:33.667Z</time>
      </trkpt>
      <trkpt lat="46.451606" lon="8.210996">
        <ele>1297.334684</ele>
        <time>2026-01-16T00:40:35.965Z</time>
      </trkpt>
      <trkpt lat="46.451211" lon="8.210895">
        <ele>1295.925698</ele>
        <time>2026-01-16T00:40:39.835Z</time>
      </trkpt>
      <trkpt lat="46.450959" lon="8.210782">
        <ele>1295.037507</ele>
        <time>2026-01-16T00:40:42.396Z</time>
      </trkpt>
      <trkpt lat="46.450765" lon="8.210643">
        <ele>1294.308943</ele>
        <time>2026-01-16T00:40:44.491Z</time>
      </trkpt>
      <trkpt lat="46.450463" lon="8.210382">
        <ele>1293.125316</ele>
        <time>2026-01-16T00:40:47.930Z</time>
      </trkpt>
      <trkpt lat="46.449407" lon="8.209323">
        <ele>1290.951419</ele>
        <time>2026-01-16T00:41:02.203Z</time>
      </trkpt>
      <trkpt lat="46.449074" lon="8.208963">
        <ele>1290.902033</ele>
        <time>2026-01-16T00:41:10.262Z</time>
      </trkpt>
      <trkpt lat="46.448540" lon="8.208307">
        <ele>1290.818822</ele>
        <time>2026-01-16T00:41:24.624Z</time>
      </trkpt>
      <trkpt lat="46.448293" lon="8.208067">
        <ele>1290.379689</ele>
        <time>2026-01-16T00:41:30.478Z</time>
      </trkpt>
      <trkpt lat="46.446502" lon="8.206457">
        <ele>1285.448537</ele>
        <time>2026-01-16T00:41:53.060Z</time>
      </trkpt>
      <trkpt lat="46.445967" lon="8.205862">
        <ele>1282.545120</ele>
        <time>2026-01-16T00:41:59.267Z</time>
      </trkpt>
      <trkpt lat="46.445135" lon="8.204827">
        <ele>1279.292840</ele>
        <time>2026-01-16T00:42:09.603Z</time>
      </trkpt>
      <trkpt lat="46.445015" lon="8.204624">
        <ele>1278.987277</ele>
        <time>2026-01-16T00:42:11.593Z</time>
      </trkpt>
      <trkpt lat="46.444729" lon="8.203961">
        <ele>1278.093654</ele>
        <time>2026-01-16T00:42:18.185Z</time>
      </trkpt>
      <trkpt lat="46.444530" lon="8.203646">
        <ele>1277.605426</ele>
        <time>2026-01-16T00:42:22.345Z</time>
      </trkpt>
      <trkpt lat="46.444132" lon="8.203247">
        <ele>1277.485923</ele>
        <time>2026-01-16T00:42:33.728Z</time>
      </trkpt>
      <trkpt lat="46.443723" lon="8.202959">
        <ele>1277.939927</ele>
        <time>2026-01-16T00:42:45.838Z</time>
      </trkpt>
      <trkpt lat="46.443481" lon="8.202816">
        <ele>1278.200875</ele>
        <time>2026-01-16T00:42:52.012Z</time>
      </trkpt>
      <trkpt lat="46.443128" lon="8.202734">
        <ele>1278.557897</ele>
        <time>2026-01-16T00:42:58.761Z</time>
      </trkpt>
      <trkpt lat="46.443013" lon="8.202739">
        <ele>1278.672797</ele>
        <time>2026-01-16T00:43:00.381Z</time>
      </trkpt>
      <trkpt lat="46.442918" lon="8.202740">
        <ele>1278.767675</ele>
        <time>2026-01-16T00:43:01.726Z</time>
      </trkpt>
      <trkpt lat="46.442598" lon="8.202743">
        <ele>1278.817823</ele>
        <time>2026-01-16T00:43:05.853Z</time>
      </trkpt>
      <trkpt lat="46.442299" lon="8.202725">
        <ele>1277.810098</ele>
        <time>2026-01-16T00:43:09.308Z</time>
      </trkpt>
      <trkpt lat="46.442143" lon="8.202682">
        <ele>1277.275389</ele>
        <time>2026-01-16T00:43:10.955Z</time>
      </trkpt>
      <trkpt lat="46.442068" lon="8.202668">
        <ele>1277.020752</ele>
        <time>2026-01-16T00:43:11.720Z</time>
      </trkpt>
      <trkpt lat="46.441809" lon="8.202537">
        <ele>1276.097134</ele>
        <time>2026-01-16T00:43:14.374Z</time>
      </trkpt>
      <trkpt lat="46.441619" lon="8.202391">
        <ele>1275.373164</ele>
        <time>2026-01-16T00:43:16.407Z</time>
      </trkpt>
      <trkpt lat="46.440957" lon="8.201719">
        <ele>1272.646888</ele>
        <time>2026-01-16T00:43:24.095Z</time>
      </trkpt>
      <trkpt lat="46.440496" lon="8.201202">
        <ele>1270.649082</ele>
        <time>2026-01-16T00:43:30.004Z</time>
      </trkpt>
      <trkpt lat="46.440005" lon="8.200603">
        <ele>1268.449530</ele>
        <time>2026-01-16T00:43:36.667Z</time>
      </trkpt>
      <trkpt lat="46.439681" lon="8.200140">
        <ele>1266.890275</ele>
        <time>2026-01-16T00:43:41.328Z</time>
      </trkpt>
      <trkpt lat="46.438206" lon="8.197399">
        <ele>1254.950743</ele>
        <time>2026-01-16T00:44:04.205Z</time>
      </trkpt>
      <trkpt lat="46.438201" lon="8.197389">
        <ele>1254.894190</ele>
        <time>2026-01-16T00:44:04.280Z</time>
      </trkpt>
      <trkpt lat="46.437451" lon="8.195913">
        <ele>1246.568083</ele>
        <time>2026-01-16T00:44:15.476Z</time>
      </trkpt>
      <trkpt lat="46.437344" lon="8.195626">
        <ele>1245.411086</ele>
        <time>2026-01-16T00:44:17.463Z</time>
      </trkpt>
      <trkpt lat="46.436964" lon="8.194486">
        <ele>1240.920918</ele>
        <time>2026-01-16T00:44:25.432Z</time>
      </trkpt>
      <trkpt lat="46.436619" lon="8.193759">
        <ele>1237.791095</ele>
        <time>2026-01-16T00:44:31.438Z</time>
      </trkpt>
      <trkpt lat="46.435978" lon="8.192918">
        <ele>1238.042867</ele>
        <time>2026-01-16T00:44:43.425Z</time>
      </trkpt>
      <trkpt lat="46.435736" lon="8.192572">
        <ele>1238.248368</ele>
        <time>2026-01-16T00:44:50.425Z</time>
      </trkpt>
      <trkpt lat="46.435597" lon="8.192263">
        <ele>1238.402191</ele>
        <time>2026-01-16T00:44:56.328Z</time>
      </trkpt>
      <trkpt lat="46.435506" lon="8.191933">
        <ele>1238.550359</ele>
        <time>2026-01-16T00:45:02.644Z</time>
      </trkpt>
      <trkpt lat="46.435459" lon="8.191550">
        <ele>1238.779616</ele>
        <time>2026-01-16T00:45:09.812Z</time>
      </trkpt>
      <trkpt lat="46.435457" lon="8.191296">
        <ele>1238.979076</ele>
        <time>2026-01-16T00:45:14.346Z</time>
      </trkpt>
      <trkpt lat="46.435500" lon="8.190493">
        <ele>1239.611511</ele>
        <time>2026-01-16T00:45:25.966Z</time>
      </trkpt>
      <trkpt lat="46.435460" lon="8.190107">
        <ele>1239.918014</ele>
        <time>2026-01-16T00:45:30.738Z</time>
      </trkpt>
      <trkpt lat="46.435343" lon="8.189712">
        <ele>1240.255612</ele>
        <time>2026-01-16T00:45:35.749Z</time>
      </trkpt>
      <trkpt lat="46.435217" lon="8.189305">
        <ele>1240.605962</ele>
        <time>2026-01-16T00:45:40.611Z</time>
      </trkpt>
      <trkpt lat="46.435132" lon="8.189106">
        <ele>1240.664889</ele>
        <time>2026-01-16T00:45:42.974Z</time>
      </trkpt>
      <trkpt lat="46.434350" lon="8.187776">
        <ele>1240.386716</ele>
        <time>2026-01-16T00:45:59.828Z</time>
      </trkpt>
      <trkpt lat="46.434252" lon="8.187680">
        <ele>1240.359417</ele>
        <time>2026-01-16T00:46:01.529Z</time>
      </trkpt>
      <trkpt lat="46.434009" lon="8.187518">
        <ele>1240.297676</ele>
        <time>2026-01-16T00:46:05.412Z</time>
      </trkpt>
      <trkpt lat="46.433795" lon="8.187292">
        <ele>1240.158433</ele>
        <time>2026-01-16T00:46:08.856Z</time>
      </trkpt>
      <trkpt lat="46.433654" lon="8.187016">
        <ele>1239.978533</ele>
        <time>2026-01-16T00:46:11.751Z</time>
      </trkpt>
      <trkpt lat="46.433490" lon="8.186307">
        <ele>1239.586921</ele>
        <time>2026-01-16T00:46:18.083Z</time>
      </trkpt>
      <trkpt lat="46.433388" lon="8.185975">
        <ele>1239.396581</ele>
        <time>2026-01-16T00:46:21.159Z</time>
      </trkpt>
      <trkpt lat="46.433203" lon="8.185604">
        <ele>1239.156793</ele>
        <time>2026-01-16T00:46:25.358Z</time>
      </trkpt>
      <trkpt lat="46.432698" lon="8.184711">
        <ele>1238.687587</ele>
        <time>2026-01-16T00:46:35.272Z</time>
      </trkpt>
      <trkpt lat="46.432014" lon="8.183962">
        <ele>1238.287330</ele>
        <time>2026-01-16T00:46:46.369Z</time>
      </trkpt>
      <trkpt lat="46.431753" lon="8.183595">
        <ele>1238.117566</ele>
        <time>2026-01-16T00:46:51.211Z</time>
      </trkpt>
      <trkpt lat="46.431049" lon="8.182204">
        <ele>1238.361382</ele>
        <time>2026-01-16T00:47:11.548Z</time>
      </trkpt>
      <trkpt lat="46.430877" lon="8.181605">
        <ele>1238.485146</ele>
        <time>2026-01-16T00:47:19.580Z</time>
      </trkpt>
      <trkpt lat="46.430797" lon="8.181418">
        <ele>1238.527124</ele>
        <time>2026-01-16T00:47:22.098Z</time>
      </trkpt>
      <trkpt lat="46.429369" lon="8.179555">
        <ele>1237.142128</ele>
        <time>2026-01-16T00:47:46.325Z</time>
      </trkpt>
      <trkpt lat="46.429190" lon="8.179394">
        <ele>1236.642314</ele>
        <time>2026-01-16T00:47:48.687Z</time>
      </trkpt>
      <trkpt lat="46.428853" lon="8.179185">
        <ele>1235.763508</ele>
        <time>2026-01-16T00:47:52.756Z</time>
      </trkpt>
      <trkpt lat="46.428700" lon="8.179051">
        <ele>1235.334974</ele>
        <time>2026-01-16T00:47:54.705Z</time>
      </trkpt>
      <trkpt lat="46.427936" lon="8.178020">
        <ele>1232.833051</ele>
        <time>2026-01-16T00:48:05.244Z</time>
      </trkpt>
      <trkpt lat="46.427406" lon="8.177476">
        <ele>1232.793946</ele>
        <time>2026-01-16T00:48:12.336Z</time>
      </trkpt>
      <trkpt lat="46.427211" lon="8.177123">
        <ele>1232.778151</ele>
        <time>2026-01-16T00:48:16.511Z</time>
      </trkpt>
      <trkpt lat="46.427092" lon="8.176866">
        <ele>1232.767341</ele>
        <time>2026-01-16T00:48:20.095Z</time>
      </trkpt>
      <trkpt lat="46.426389" lon="8.175376">
        <ele>1233.037980</ele>
        <time>2026-01-16T00:48:50.764Z</time>
      </trkpt>
      <trkpt lat="46.426233" lon="8.175124">
        <ele>1233.152266</ele>
        <time>2026-01-16T00:48:55.598Z</time>
      </trkpt>
      <trkpt lat="46.426062" lon="8.174907">
        <ele>1233.263477</ele>
        <time>2026-01-16T00:48:59.494Z</time>
      </trkpt>
      <trkpt lat="46.425896" lon="8.174756">
        <ele>1233.359388</ele>
        <time>2026-01-16T00:49:02.384Z</time>
      </trkpt>
      <trkpt lat="46.425386" lon="8.174388">
        <ele>1233.476233</ele>
        <time>2026-01-16T00:49:09.088Z</time>
      </trkpt>
      <trkpt lat="46.425191" lon="8.174207">
        <ele>1232.761457</ele>
        <time>2026-01-16T00:49:11.504Z</time>
      </trkpt>
      <trkpt lat="46.424953" lon="8.173924">
        <ele>1231.811303</ele>
        <time>2026-01-16T00:49:14.619Z</time>
      </trkpt>
      <trkpt lat="46.424783" lon="8.173723">
        <ele>1231.134160</ele>
        <time>2026-01-16T00:49:16.810Z</time>
      </trkpt>
      <trkpt lat="46.423331" lon="8.171981">
        <ele>1225.741211</ele>
        <time>2026-01-16T00:49:35.593Z</time>
      </trkpt>
      <trkpt lat="46.422253" lon="8.170333">
        <ele>1220.886599</ele>
        <time>2026-01-16T00:49:53.297Z</time>
      </trkpt>
      <trkpt lat="46.422038" lon="8.170111">
        <ele>1219.889604</ele>
        <time>2026-01-16T00:49:56.012Z</time>
      </trkpt>
      <trkpt lat="46.420519" lon="8.168861">
        <ele>1211.768913</ele>
        <time>2026-01-16T00:50:12.190Z</time>
      </trkpt>
      <trkpt lat="46.419831" lon="8.167924">
        <ele>1206.584259</ele>
        <time>2026-01-16T00:50:20.800Z</time>
      </trkpt>
      <trkpt lat="46.419670" lon="8.167654">
        <ele>1205.869970</ele>
        <time>2026-01-16T00:50:23.251Z</time>
      </trkpt>
      <trkpt lat="46.419540" lon="8.167352">
        <ele>1205.157582</ele>
        <time>2026-01-16T00:50:25.825Z</time>
      </trkpt>
      <trkpt lat="46.419185" lon="8.166318">
        <ele>1202.846312</ele>
        <time>2026-01-16T00:50:34.851Z</time>
      </trkpt>
      <trkpt lat="46.418969" lon="8.165831">
        <ele>1201.687630</ele>
        <time>2026-01-16T00:50:39.458Z</time>
      </trkpt>
      <trkpt lat="46.418887" lon="8.165683">
        <ele>1201.263073</ele>
        <time>2026-01-16T00:50:40.861Z</time>
      </trkpt>
      <trkpt lat="46.417745" lon="8.164197">
        <ele>1194.725315</ele>
        <time>2026-01-16T00:50:55.169Z</time>
      </trkpt>
      <trkpt lat="46.417050" lon="8.163010">
        <ele>1193.835875</ele>
        <time>2026-01-16T00:51:06.726Z</time>
      </trkpt>
      <trkpt lat="46.416883" lon="8.162698">
        <ele>1193.867476</ele>
        <time>2026-01-16T00:51:12.713Z</time>
      </trkpt>
      <trkpt lat="46.416664" lon="8.162206">
        <ele>1193.914328</ele>
        <time>2026-01-16T00:51:23.333Z</time>
      </trkpt>
      <trkpt lat="46.416230" lon="8.161160">
        <ele>1193.864113</ele>
        <time>2026-01-16T00:51:47.275Z</time>
      </trkpt>
      <trkpt lat="46.415486" lon="8.159703">
        <ele>1193.608970</ele>
        <time>2026-01-16T00:52:02.437Z</time>
      </trkpt>
      <trkpt lat="46.415270" lon="8.159458">
        <ele>1192.006290</ele>
        <time>2026-01-16T00:52:05.029Z</time>
      </trkpt>
      <trkpt lat="46.414746" lon="8.159112">
        <ele>1188.641133</ele>
        <time>2026-01-16T00:52:10.328Z</time>
      </trkpt>
      <trkpt lat="46.414241" lon="8.158328">
        <ele>1184.317542</ele>
        <time>2026-01-16T00:52:16.935Z</time>
      </trkpt>
      <trkpt lat="46.413801" lon="8.157874">
        <ele>1181.875276</ele>
        <time>2026-01-16T00:52:21.756Z</time>
      </trkpt>
      <trkpt lat="46.413672" lon="8.157692">
        <ele>1181.197506</ele>
        <time>2026-01-16T00:52:23.374Z</time>
      </trkpt>
      <trkpt lat="46.413201" lon="8.156787">
        <ele>1178.253220</ele>
        <time>2026-01-16T00:52:30.800Z</time>
      </trkpt>
      <trkpt lat="46.412982" lon="8.156260">
        <ele>1176.655450</ele>
        <time>2026-01-16T00:52:36.246Z</time>
      </trkpt>
      <trkpt lat="46.412611" lon="8.154587">
        <ele>1177.532918</ele>
        <time>2026-01-16T00:53:08.685Z</time>
      </trkpt>
      <trkpt lat="46.412540" lon="8.154320">
        <ele>1177.729526</ele>
        <time>2026-01-16T00:53:12.544Z</time>
      </trkpt>
      <trkpt lat="46.412451" lon="8.154099">
        <ele>1177.905363</ele>
        <time>2026-01-16T00:53:15.039Z</time>
      </trkpt>
      <trkpt lat="46.412251" lon="8.153728">
        <ele>1178.123743</ele>
        <time>2026-01-16T00:53:18.881Z</time>
      </trkpt>
      <trkpt lat="46.411843" lon="8.153283">
        <ele>1177.360315</ele>
        <time>2026-01-16T00:53:24.188Z</time>
      </trkpt>
      <trkpt lat="46.411695" lon="8.153096">
        <ele>1177.066775</ele>
        <time>2026-01-16T00:53:26.124Z</time>
      </trkpt>
      <trkpt lat="46.411479" lon="8.152723">
        <ele>1176.564519</ele>
        <time>2026-01-16T00:53:29.491Z</time>
      </trkpt>
      <trkpt lat="46.410687" lon="8.151078">
        <ele>1174.857101</ele>
        <time>2026-01-16T00:53:50.621Z</time>
      </trkpt>
      <trkpt lat="46.410514" lon="8.150716">
        <ele>1174.566849</ele>
        <time>2026-01-16T00:53:56.073Z</time>
      </trkpt>
      <trkpt lat="46.410410" lon="8.150502">
        <ele>1174.394316</ele>
        <time>2026-01-16T00:53:58.560Z</time>
      </trkpt>
      <trkpt lat="46.410244" lon="8.150167">
        <ele>1174.122458</ele>
        <time>2026-01-16T00:54:01.866Z</time>
      </trkpt>
      <trkpt lat="46.409985" lon="8.149800">
        <ele>1173.771019</ele>
        <time>2026-01-16T00:54:05.591Z</time>
      </trkpt>
      <trkpt lat="46.409793" lon="8.149597">
        <ele>1172.762870</ele>
        <time>2026-01-16T00:54:07.909Z</time>
      </trkpt>
      <trkpt lat="46.409314" lon="8.149235">
        <ele>1170.471093</ele>
        <time>2026-01-16T00:54:13.017Z</time>
      </trkpt>
      <trkpt lat="46.408984" lon="8.148829">
        <ele>1168.634965</ele>
        <time>2026-01-16T00:54:17.070Z</time>
      </trkpt>
      <trkpt lat="46.408784" lon="8.148474">
        <ele>1167.293779</ele>
        <time>2026-01-16T00:54:20.113Z</time>
      </trkpt>
      <trkpt lat="46.408380" lon="8.147537">
        <ele>1163.576401</ele>
        <time>2026-01-16T00:54:27.670Z</time>
      </trkpt>
      <trkpt lat="46.408237" lon="8.147308">
        <ele>1162.462649</ele>
        <time>2026-01-16T00:54:29.841Z</time>
      </trkpt>
      <trkpt lat="46.408099" lon="8.147150">
        <ele>1161.543428</ele>
        <time>2026-01-16T00:54:31.598Z</time>
      </trkpt>
      <trkpt lat="46.407014" lon="8.146045">
        <ele>1153.076009</ele>
        <time>2026-01-16T00:54:43.621Z</time>
      </trkpt>
      <trkpt lat="46.405602" lon="8.144868">
        <ele>1138.734580</ele>
        <time>2026-01-16T00:54:57.634Z</time>
      </trkpt>
      <trkpt lat="46.405250" lon="8.144470">
        <ele>1135.303077</ele>
        <time>2026-01-16T00:55:01.535Z</time>
      </trkpt>
      <trkpt lat="46.404176" lon="8.142725">
        <ele>1122.892560</ele>
        <time>2026-01-16T00:55:16.170Z</time>
      </trkpt>
      <trkpt lat="46.404080" lon="8.142530">
        <ele>1121.618817</ele>
        <time>2026-01-16T00:55:17.614Z</time>
      </trkpt>
      <trkpt lat="46.403932" lon="8.142097">
        <ele>1119.049632</ele>
        <time>2026-01-16T00:55:20.486Z</time>
      </trkpt>
      <trkpt lat="46.403773" lon="8.141918">
        <ele>1117.497811</ele>
        <time>2026-01-16T00:55:22.215Z</time>
      </trkpt>
      <trkpt lat="46.403463" lon="8.141723">
        <ele>1114.892726</ele>
        <time>2026-01-16T00:55:25.167Z</time>
      </trkpt>
      <trkpt lat="46.403357" lon="8.141596">
        <ele>1113.832693</ele>
        <time>2026-01-16T00:55:26.381Z</time>
      </trkpt>
      <trkpt lat="46.403282" lon="8.141417">
        <ele>1112.833764</ele>
        <time>2026-01-16T00:55:27.669Z</time>
      </trkpt>
      <trkpt lat="46.403122" lon="8.140863">
        <ele>1112.130526</ele>
        <time>2026-01-16T00:55:31.591Z</time>
      </trkpt>
      <trkpt lat="46.402933" lon="8.140182">
        <ele>1111.271027</ele>
        <time>2026-01-16T00:55:38.458Z</time>
      </trkpt>
      <trkpt lat="46.402960" lon="8.139843">
        <ele>1110.871472</ele>
        <time>2026-01-16T00:55:44.254Z</time>
      </trkpt>
      <trkpt lat="46.403018" lon="8.139700">
        <ele>1110.677227</ele>
        <time>2026-01-16T00:55:47.223Z</time>
      </trkpt>
      <trkpt lat="46.403338" lon="8.139284">
        <ele>1109.947539</ele>
        <time>2026-01-16T00:55:55.591Z</time>
      </trkpt>
      <trkpt lat="46.403489" lon="8.139082">
        <ele>1109.019866</ele>
        <time>2026-01-16T00:55:58.123Z</time>
      </trkpt>
      <trkpt lat="46.403544" lon="8.138951">
        <ele>1108.353355</ele>
        <time>2026-01-16T00:55:59.282Z</time>
      </trkpt>
      <trkpt lat="46.403581" lon="8.138799">
        <ele>1107.652852</ele>
        <time>2026-01-16T00:56:00.402Z</time>
      </trkpt>
      <trkpt lat="46.403576" lon="8.138513">
        <ele>1106.409567</ele>
        <time>2026-01-16T00:56:02.295Z</time>
      </trkpt>
      <trkpt lat="46.403550" lon="8.137933">
        <ele>1103.883708</ele>
        <time>2026-01-16T00:56:05.864Z</time>
      </trkpt>
      <trkpt lat="46.403579" lon="8.137732">
        <ele>1102.991296</ele>
        <time>2026-01-16T00:56:07.101Z</time>
      </trkpt>
      <trkpt lat="46.403619" lon="8.137622">
        <ele>1102.450869</ele>
        <time>2026-01-16T00:56:07.849Z</time>
      </trkpt>
      <trkpt lat="46.403974" lon="8.137195">
        <ele>1099.544221</ele>
        <time>2026-01-16T00:56:11.823Z</time>
      </trkpt>
      <trkpt lat="46.404060" lon="8.137059">
        <ele>1098.742321</ele>
        <time>2026-01-16T00:56:12.919Z</time>
      </trkpt>
      <trkpt lat="46.404045" lon="8.136973">
        <ele>1098.308174</ele>
        <time>2026-01-16T00:56:13.455Z</time>
      </trkpt>
      <trkpt lat="46.403993" lon="8.136931">
        <ele>1097.781230</ele>
        <time>2026-01-16T00:56:13.973Z</time>
      </trkpt>
      <trkpt lat="46.403539" lon="8.137341">
        <ele>1093.046314</ele>
        <time>2026-01-16T00:56:18.726Z</time>
      </trkpt>
      <trkpt lat="46.403274" lon="8.137595">
        <ele>1090.234124</ele>
        <time>2026-01-16T00:56:21.586Z</time>
      </trkpt>
      <trkpt lat="46.402922" lon="8.137933">
        <ele>1086.496620</ele>
        <time>2026-01-16T00:56:25.282Z</time>
      </trkpt>
      <trkpt lat="46.402568" lon="8.138271">
        <ele>1082.744333</ele>
        <time>2026-01-16T00:56:28.897Z</time>
      </trkpt>
      <trkpt lat="46.402442" lon="8.138354">
        <ele>1081.348521</ele>
        <time>2026-01-16T00:56:30.078Z</time>
      </trkpt>
      <trkpt lat="46.402388" lon="8.138289">
        <ele>1080.624732</ele>
        <time>2026-01-16T00:56:30.677Z</time>
      </trkpt>
      <trkpt lat="46.402317" lon="8.138296">
        <ele>1079.890787</ele>
        <time>2026-01-16T00:56:31.279Z</time>
      </trkpt>
      <trkpt lat="46.402272" lon="8.138366">
        <ele>1079.210169</ele>
        <time>2026-01-16T00:56:31.843Z</time>
      </trkpt>
      <trkpt lat="46.402270" lon="8.138462">
        <ele>1078.527100</ele>
        <time>2026-01-16T00:56:32.409Z</time>
      </trkpt>
      <trkpt lat="46.402066" lon="8.138480">
        <ele>1076.419267</ele>
        <time>2026-01-16T00:56:34.159Z</time>
      </trkpt>
      <trkpt lat="46.401846" lon="8.138377">
        <ele>1074.034988</ele>
        <time>2026-01-16T00:56:36.160Z</time>
      </trkpt>
      <trkpt lat="46.401721" lon="8.138240">
        <ele>1072.419016</ele>
        <time>2026-01-16T00:56:37.516Z</time>
      </trkpt>
      <trkpt lat="46.401310" lon="8.137627">
        <ele>1066.338306</ele>
        <time>2026-01-16T00:56:42.555Z</time>
      </trkpt>
      <trkpt lat="46.401123" lon="8.137468">
        <ele>1064.102608</ele>
        <time>2026-01-16T00:56:44.420Z</time>
      </trkpt>
      <trkpt lat="46.400847" lon="8.137344">
        <ele>1061.331464</ele>
        <time>2026-01-16T00:56:46.899Z</time>
      </trkpt>
      <trkpt lat="46.400278" lon="8.137162">
        <ele>1055.757735</ele>
        <time>2026-01-16T00:56:51.897Z</time>
      </trkpt>
      <trkpt lat="46.399977" lon="8.136949">
        <ele>1052.553903</ele>
        <time>2026-01-16T00:56:54.779Z</time>
      </trkpt>
      <trkpt lat="46.399850" lon="8.136795">
        <ele>1050.970271</ele>
        <time>2026-01-16T00:56:56.198Z</time>
      </trkpt>
      <trkpt lat="46.399665" lon="8.136494">
        <ele>1048.310505</ele>
        <time>2026-01-16T00:56:58.598Z</time>
      </trkpt>
      <trkpt lat="46.398809" lon="8.134825">
        <ele>1038.280801</ele>
        <time>2026-01-16T00:57:11.624Z</time>
      </trkpt>
      <trkpt lat="46.398625" lon="8.134509">
        <ele>1036.377442</ele>
        <time>2026-01-16T00:57:14.231Z</time>
      </trkpt>
      <trkpt lat="46.397912" lon="8.133496">
        <ele>1031.477928</ele>
        <time>2026-01-16T00:57:23.359Z</time>
      </trkpt>
      <trkpt lat="46.397443" lon="8.132898">
        <ele>1028.756004</ele>
        <time>2026-01-16T00:57:29.540Z</time>
      </trkpt>
      <trkpt lat="46.397011" lon="8.132207">
        <ele>1026.405206</ele>
        <time>2026-01-16T00:57:36.346Z</time>
      </trkpt>
      <trkpt lat="46.397058" lon="8.132117">
        <ele>1026.218953</ele>
        <time>2026-01-16T00:57:37.228Z</time>
      </trkpt>
      <trkpt lat="46.397049" lon="8.132005">
        <ele>1026.032919</ele>
        <time>2026-01-16T00:57:38.068Z</time>
      </trkpt>
      <trkpt lat="46.396980" lon="8.131929">
        <ele>1025.825629</ele>
        <time>2026-01-16T00:57:39.086Z</time>
      </trkpt>
      <trkpt lat="46.396894" lon="8.131954">
        <ele>1025.615799</ele>
        <time>2026-01-16T00:57:40.053Z</time>
      </trkpt>
      <trkpt lat="46.396536" lon="8.131176">
        <ele>1024.072722</ele>
        <time>2026-01-16T00:57:47.611Z</time>
      </trkpt>
      <trkpt lat="46.396457" lon="8.131014">
        <ele>1023.745377</ele>
        <time>2026-01-16T00:57:49.096Z</time>
      </trkpt>
      <trkpt lat="46.396383" lon="8.130858">
        <ele>1023.432993</ele>
        <time>2026-01-16T00:57:50.455Z</time>
      </trkpt>
      <trkpt lat="46.396222" lon="8.130426">
        <ele>1022.595175</ele>
        <time>2026-01-16T00:57:53.822Z</time>
      </trkpt>
      <trkpt lat="46.396048" lon="8.129783">
        <ele>1020.410504</ele>
        <time>2026-01-16T00:57:58.445Z</time>
      </trkpt>
      <trkpt lat="46.395925" lon="8.129342">
        <ele>1018.905933</ele>
        <time>2026-01-16T00:58:01.544Z</time>
      </trkpt>
      <trkpt lat="46.395759" lon="8.128968">
        <ele>1017.499216</ele>
        <time>2026-01-16T00:58:04.422Z</time>
      </trkpt>
      <trkpt lat="46.395742" lon="8.128941">
        <ele>1017.383583</ele>
        <time>2026-01-16T00:58:04.657Z</time>
      </trkpt>
      <trkpt lat="46.395369" lon="8.128399">
        <ele>1014.961817</ele>
        <time>2026-01-16T00:58:09.568Z</time>
      </trkpt>
      <trkpt lat="46.393958" lon="8.126420">
        <ele>1007.540638</ele>
        <time>2026-01-16T00:58:28.604Z</time>
      </trkpt>
      <trkpt lat="46.393555" lon="8.126104">
        <ele>1007.966885</ele>
        <time>2026-01-16T00:58:34.619Z</time>
      </trkpt>
      <trkpt lat="46.393314" lon="8.125849">
        <ele>1008.244455</ele>
        <time>2026-01-16T00:58:40.733Z</time>
      </trkpt>
      <trkpt lat="46.393131" lon="8.125476">
        <ele>1008.538173</ele>
        <time>2026-01-16T00:58:47.938Z</time>
      </trkpt>
      <trkpt lat="46.392946" lon="8.124775">
        <ele>1009.019788</ele>
        <time>2026-01-16T00:59:00.662Z</time>
      </trkpt>
      <trkpt lat="46.392890" lon="8.124564">
        <ele>1009.164858</ele>
        <time>2026-01-16T00:59:04.499Z</time>
      </trkpt>
      <trkpt lat="46.392869" lon="8.124485">
        <ele>1009.435509</ele>
        <time>2026-01-16T00:59:05.953Z</time>
      </trkpt>
      <trkpt lat="46.392770" lon="8.124192">
        <ele>1010.648951</ele>
        <time>2026-01-16T00:59:11.246Z</time>
      </trkpt>
      <trkpt lat="46.392159" lon="8.123025">
        <ele>1016.098064</ele>
        <time>2026-01-16T00:59:44.085Z</time>
      </trkpt>
      <trkpt lat="46.392078" lon="8.122803">
        <ele>1017.032132</ele>
        <time>2026-01-16T00:59:51.851Z</time>
      </trkpt>
      <trkpt lat="46.391804" lon="8.121708">
        <ele>1021.134964</ele>
        <time>2026-01-16T01:00:35.315Z</time>
      </trkpt>
      <trkpt lat="46.391706" lon="8.121525">
        <ele>1021.917300</ele>
        <time>2026-01-16T01:00:42.830Z</time>
      </trkpt>
      <trkpt lat="46.391489" lon="8.121324">
        <ele>1023.177988</ele>
        <time>2026-01-16T01:00:54.159Z</time>
      </trkpt>
      <trkpt lat="46.391353" lon="8.121282">
        <ele>1023.858752</ele>
        <time>2026-01-16T01:00:59.364Z</time>
      </trkpt>
      <trkpt lat="46.391212" lon="8.121282">
        <ele>1024.549058</ele>
        <time>2026-01-16T01:01:03.751Z</time>
      </trkpt>
      <trkpt lat="46.391060" lon="8.121328">
        <ele>1025.309256</ele>
        <time>2026-01-16T01:01:07.596Z</time>
      </trkpt>
      <trkpt lat="46.390924" lon="8.121439">
        <ele>1026.073336</ele>
        <time>2026-01-16T01:01:10.502Z</time>
      </trkpt>
      <trkpt lat="46.390834" lon="8.121566">
        <ele>1026.688203</ele>
        <time>2026-01-16T01:01:12.155Z</time>
      </trkpt>
      <trkpt lat="46.390641" lon="8.121821">
        <ele>1027.887436</ele>
        <time>2026-01-16T01:01:15.277Z</time>
      </trkpt>
      <trkpt lat="46.390535" lon="8.121899">
        <ele>1028.309399</ele>
        <time>2026-01-16T01:01:16.675Z</time>
      </trkpt>
      <trkpt lat="46.390339" lon="8.121962">
        <ele>1029.022042</ele>
        <time>2026-01-16T01:01:19.068Z</time>
      </trkpt>
      <trkpt lat="46.390039" lon="8.121975">
        <ele>1030.087441</ele>
        <time>2026-01-16T01:01:23.050Z</time>
      </trkpt>
      <trkpt lat="46.389794" lon="8.121862">
        <ele>1031.000076</ele>
        <time>2026-01-16T01:01:29.479Z</time>
      </trkpt>
      <trkpt lat="46.389680" lon="8.121765">
        <ele>1031.469292</ele>
        <time>2026-01-16T01:01:34.022Z</time>
      </trkpt>
      <trkpt lat="46.389556" lon="8.121591">
        <ele>1032.081867</ele>
        <time>2026-01-16T01:01:40.548Z</time>
      </trkpt>
      <trkpt lat="46.389321" lon="8.121075">
        <ele>1033.595818</ele>
        <time>2026-01-16T01:01:59.302Z</time>
      </trkpt>
      <trkpt lat="46.389264" lon="8.120915">
        <ele>1034.036737</ele>
        <time>2026-01-16T01:02:05.414Z</time>
      </trkpt>
      <trkpt lat="46.389220" lon="8.120810">
        <ele>1034.483535</ele>
        <time>2026-01-16T01:02:09.757Z</time>
      </trkpt>
      <trkpt lat="46.388858" lon="8.120041">
        <ele>1037.977010</ele>
        <time>2026-01-16T01:02:41.336Z</time>
      </trkpt>
      <trkpt lat="46.388191" lon="8.118794">
        <ele>1043.868962</ele>
        <time>2026-01-16T01:03:14.192Z</time>
      </trkpt>
      <trkpt lat="46.388009" lon="8.118385">
        <ele>1044.629416</ele>
        <time>2026-01-16T01:03:22.330Z</time>
      </trkpt>
      <trkpt lat="46.387801" lon="8.117626">
        <ele>1045.905437</ele>
        <time>2026-01-16T01:03:36.177Z</time>
      </trkpt>
      <trkpt lat="46.387658" lon="8.116991">
        <ele>1046.949097</ele>
        <time>2026-01-16T01:03:47.052Z</time>
      </trkpt>
      <trkpt lat="46.387636" lon="8.116841">
        <ele>1047.188696</ele>
        <time>2026-01-16T01:03:49.443Z</time>
      </trkpt>
      <trkpt lat="46.387515" lon="8.115966">
        <ele>1048.422934</ele>
        <time>2026-01-16T01:04:02.108Z</time>
      </trkpt>
      <trkpt lat="46.387434" lon="8.115374">
        <ele>1049.137489</ele>
        <time>2026-01-16T01:04:09.407Z</time>
      </trkpt>
      <trkpt lat="46.387316" lon="8.114867">
        <ele>1049.771003</ele>
        <time>2026-01-16T01:04:16.364Z</time>
      </trkpt>
      <trkpt lat="46.387216" lon="8.114604">
        <ele>1050.126558</ele>
        <time>2026-01-16T01:04:20.606Z</time>
      </trkpt>
      <trkpt lat="46.387052" lon="8.114286">
        <ele>1050.596654</ele>
        <time>2026-01-16T01:04:26.713Z</time>
      </trkpt>
      <trkpt lat="46.386279" lon="8.113038">
        <ele>1053.215355</ele>
        <time>2026-01-16T01:05:00.700Z</time>
      </trkpt>
      <trkpt lat="46.385942" lon="8.112600">
        <ele>1054.304736</ele>
        <time>2026-01-16T01:05:13.216Z</time>
      </trkpt>
      <trkpt lat="46.385449" lon="8.112076">
        <ele>1054.944145</ele>
        <time>2026-01-16T01:05:23.354Z</time>
      </trkpt>
      <trkpt lat="46.384770" lon="8.111376">
        <ele>1053.136169</ele>
        <time>2026-01-16T01:05:33.221Z</time>
      </trkpt>
      <trkpt lat="46.384282" lon="8.110815">
        <ele>1051.784684</ele>
        <time>2026-01-16T01:05:39.137Z</time>
      </trkpt>
      <trkpt lat="46.384169" lon="8.110712">
        <ele>1051.495035</ele>
        <time>2026-01-16T01:05:40.407Z</time>
      </trkpt>
      <trkpt lat="46.383943" lon="8.110555">
        <ele>1050.588263</ele>
        <time>2026-01-16T01:05:42.882Z</time>
      </trkpt>
      <trkpt lat="46.383534" lon="8.110321">
        <ele>1048.919192</ele>
        <time>2026-01-16T01:05:47.483Z</time>
      </trkpt>
      <trkpt lat="46.383414" lon="8.110224">
        <ele>1048.397652</ele>
        <time>2026-01-16T01:05:48.930Z</time>
      </trkpt>
      <trkpt lat="46.383294" lon="8.110080">
        <ele>1047.806321</ele>
        <time>2026-01-16T01:05:50.521Z</time>
      </trkpt>
      <trkpt lat="46.382644" lon="8.109046">
        <ele>1043.849321</ele>
        <time>2026-01-16T01:05:59.932Z</time>
      </trkpt>
      <trkpt lat="46.381863" lon="8.108118">
        <ele>1037.593643</ele>
        <time>2026-01-16T01:06:09.269Z</time>
      </trkpt>
      <trkpt lat="46.381662" lon="8.107832">
        <ele>1035.848902</ele>
        <time>2026-01-16T01:06:11.756Z</time>
      </trkpt>
      <trkpt lat="46.381501" lon="8.107549">
        <ele>1034.281325</ele>
        <time>2026-01-16T01:06:13.984Z</time>
      </trkpt>
      <trkpt lat="46.381106" lon="8.106625">
        <ele>1028.837272</ele>
        <time>2026-01-16T01:06:20.688Z</time>
      </trkpt>
      <trkpt lat="46.381017" lon="8.106363">
        <ele>1027.328989</ele>
        <time>2026-01-16T01:06:22.517Z</time>
      </trkpt>
      <trkpt lat="46.380946" lon="8.106034">
        <ele>1025.548625</ele>
        <time>2026-01-16T01:06:24.675Z</time>
      </trkpt>
      <trkpt lat="46.380845" lon="8.105287">
        <ele>1021.617239</ele>
        <time>2026-01-16T01:06:29.369Z</time>
      </trkpt>
      <trkpt lat="46.380763" lon="8.104938">
        <ele>1019.582099</ele>
        <time>2026-01-16T01:06:31.606Z</time>
      </trkpt>
      <trkpt lat="46.380573" lon="8.104527">
        <ele>1015.862284</ele>
        <time>2026-01-16T01:06:34.570Z</time>
      </trkpt>
      <trkpt lat="46.380527" lon="8.104455">
        <ele>1015.124455</ele>
        <time>2026-01-16T01:06:35.154Z</time>
      </trkpt>
      <trkpt lat="46.380471" lon="8.104375">
        <ele>1014.267548</ele>
        <time>2026-01-16T01:06:35.835Z</time>
      </trkpt>
      <trkpt lat="46.380276" lon="8.104123">
        <ele>1011.420347</ele>
        <time>2026-01-16T01:06:38.060Z</time>
      </trkpt>
      <trkpt lat="46.380225" lon="8.104058">
        <ele>1010.680218</ele>
        <time>2026-01-16T01:06:38.641Z</time>
      </trkpt>
      <trkpt lat="46.379833" lon="8.103558">
        <ele>1004.989425</ele>
        <time>2026-01-16T01:06:43.034Z</time>
      </trkpt>
      <trkpt lat="46.378903" lon="8.102390">
        <ele>992.855851</ele>
        <time>2026-01-16T01:06:53.453Z</time>
      </trkpt>
      <trkpt lat="46.378571" lon="8.101956">
        <ele>988.689162</ele>
        <time>2026-01-16T01:06:57.384Z</time>
      </trkpt>
      <trkpt lat="46.378415" lon="8.101702">
        <ele>986.502587</ele>
        <time>2026-01-16T01:06:59.509Z</time>
      </trkpt>
      <trkpt lat="46.378191" lon="8.101145">
        <ele>982.322792</ele>
        <time>2026-01-16T01:07:03.614Z</time>
      </trkpt>
      <trkpt lat="46.377883" lon="8.100074">
        <ele>974.661545</ele>
        <time>2026-01-16T01:07:10.726Z</time>
      </trkpt>
      <trkpt lat="46.377792" lon="8.099871">
        <ele>973.063099</ele>
        <time>2026-01-16T01:07:12.162Z</time>
      </trkpt>
      <trkpt lat="46.377515" lon="8.099385">
        <ele>968.900746</ele>
        <time>2026-01-16T01:07:15.861Z</time>
      </trkpt>
      <trkpt lat="46.377427" lon="8.099154">
        <ele>967.158435</ele>
        <time>2026-01-16T01:07:17.396Z</time>
      </trkpt>
      <trkpt lat="46.377209" lon="8.098343">
        <ele>960.033997</ele>
        <time>2026-01-16T01:07:22.396Z</time>
      </trkpt>
      <trkpt lat="46.377157" lon="8.097997">
        <ele>957.052841</ele>
        <time>2026-01-16T01:07:24.432Z</time>
      </trkpt>
      <trkpt lat="46.377162" lon="8.097106">
        <ele>949.551595</ele>
        <time>2026-01-16T01:07:29.626Z</time>
      </trkpt>
      <trkpt lat="46.377120" lon="8.097021">
        <ele>948.671411</ele>
        <time>2026-01-16T01:07:30.239Z</time>
      </trkpt>
      <trkpt lat="46.377063" lon="8.096998">
        <ele>947.949418</ele>
        <time>2026-01-16T01:07:30.748Z</time>
      </trkpt>
      <trkpt lat="46.377017" lon="8.097018">
        <ele>947.363392</ele>
        <time>2026-01-16T01:07:31.160Z</time>
      </trkpt>
      <trkpt lat="46.376965" lon="8.097116">
        <ele>946.322574</ele>
        <time>2026-01-16T01:07:31.886Z</time>
      </trkpt>
      <trkpt lat="46.376872" lon="8.097627">
        <ele>942.562956</ele>
        <time>2026-01-16T01:07:35.017Z</time>
      </trkpt>
      <trkpt lat="46.376702" lon="8.098689">
        <ele>935.819771</ele>
        <time>2026-01-16T01:07:41.595Z</time>
      </trkpt>
      <trkpt lat="46.376694" lon="8.099907">
        <ele>928.295947</ele>
        <time>2026-01-16T01:07:48.976Z</time>
      </trkpt>
      <trkpt lat="46.376663" lon="8.100000">
        <ele>927.762463</ele>
        <time>2026-01-16T01:07:49.601Z</time>
      </trkpt>
      <trkpt lat="46.376591" lon="8.100036">
        <ele>927.192257</ele>
        <time>2026-01-16T01:07:50.267Z</time>
      </trkpt>
      <trkpt lat="46.376533" lon="8.100005">
        <ele>926.729453</ele>
        <time>2026-01-16T01:07:50.805Z</time>
      </trkpt>
      <trkpt lat="46.376491" lon="8.099927">
        <ele>926.218391</ele>
        <time>2026-01-16T01:07:51.405Z</time>
      </trkpt>
      <trkpt lat="46.376521" lon="8.099441">
        <ele>923.698108</ele>
        <time>2026-01-16T01:07:54.348Z</time>
      </trkpt>
      <trkpt lat="46.376514" lon="8.099099">
        <ele>921.930855</ele>
        <time>2026-01-16T01:07:56.396Z</time>
      </trkpt>
      <trkpt lat="46.376224" lon="8.096754">
        <ele>911.815404</ele>
        <time>2026-01-16T01:08:11.336Z</time>
      </trkpt>
      <trkpt lat="46.376276" lon="8.096556">
        <ele>911.177049</ele>
        <time>2026-01-16T01:08:12.976Z</time>
      </trkpt>
      <trkpt lat="46.376382" lon="8.096412">
        <ele>910.542569</ele>
        <time>2026-01-16T01:08:14.519Z</time>
      </trkpt>
      <trkpt lat="46.376466" lon="8.096368">
        <ele>910.152495</ele>
        <time>2026-01-16T01:08:15.432Z</time>
      </trkpt>
      <trkpt lat="46.376781" lon="8.096307">
        <ele>908.764569</ele>
        <time>2026-01-16T01:08:18.825Z</time>
      </trkpt>
      <trkpt lat="46.377027" lon="8.096234">
        <ele>907.667927</ele>
        <time>2026-01-16T01:08:21.420Z</time>
      </trkpt>
      <trkpt lat="46.377188" lon="8.096124">
        <ele>906.806107</ele>
        <time>2026-01-16T01:08:23.274Z</time>
      </trkpt>
      <trkpt lat="46.377371" lon="8.095940">
        <ele>905.227395</ele>
        <time>2026-01-16T01:08:25.501Z</time>
      </trkpt>
      <trkpt lat="46.377330" lon="8.095888">
        <ele>904.841223</ele>
        <time>2026-01-16T01:08:25.988Z</time>
      </trkpt>
      <trkpt lat="46.377120" lon="8.096042">
        <ele>903.172996</ele>
        <time>2026-01-16T01:08:28.175Z</time>
      </trkpt>
      <trkpt lat="46.376980" lon="8.096115">
        <ele>902.118364</ele>
        <time>2026-01-16T01:08:29.476Z</time>
      </trkpt>
      <trkpt lat="46.376872" lon="8.096131">
        <ele>901.348831</ele>
        <time>2026-01-16T01:08:30.412Z</time>
      </trkpt>
      <trkpt lat="46.376327" lon="8.096079">
        <ele>897.477306</ele>
        <time>2026-01-16T01:08:35.088Z</time>
      </trkpt>
      <trkpt lat="46.376238" lon="8.096114">
        <ele>896.823633</ele>
        <time>2026-01-16T01:08:35.900Z</time>
      </trkpt>
      <trkpt lat="46.376143" lon="8.096239">
        <ele>895.914154</ele>
        <time>2026-01-16T01:08:37.044Z</time>
      </trkpt>
      <trkpt lat="46.376090" lon="8.096216">
        <ele>895.521993</ele>
        <time>2026-01-16T01:08:37.552Z</time>
      </trkpt>
      <trkpt lat="46.376097" lon="8.096112">
        <ele>895.010974</ele>
        <time>2026-01-16T01:08:38.201Z</time>
      </trkpt>
      <trkpt lat="46.376201" lon="8.095974">
        <ele>894.052223</ele>
        <time>2026-01-16T01:08:39.489Z</time>
      </trkpt>
      <trkpt lat="46.376745" lon="8.095860">
        <ele>890.754025</ele>
        <time>2026-01-16T01:08:44.583Z</time>
      </trkpt>
      <trkpt lat="46.376919" lon="8.095730">
        <ele>889.579401</ele>
        <time>2026-01-16T01:08:46.376Z</time>
      </trkpt>
      <trkpt lat="46.377044" lon="8.095622">
        <ele>888.706197</ele>
        <time>2026-01-16T01:08:47.700Z</time>
      </trkpt>
      <trkpt lat="46.377311" lon="8.095482">
        <ele>887.002463</ele>
        <time>2026-01-16T01:08:50.305Z</time>
      </trkpt>
      <trkpt lat="46.377559" lon="8.095228">
        <ele>885.180337</ele>
        <time>2026-01-16T01:08:53.106Z</time>
      </trkpt>
      <trkpt lat="46.377716" lon="8.095166">
        <ele>884.203925</ele>
        <time>2026-01-16T01:08:54.627Z</time>
      </trkpt>
      <trkpt lat="46.377736" lon="8.095085">
        <ele>883.847778</ele>
        <time>2026-01-16T01:08:55.172Z</time>
      </trkpt>
      <trkpt lat="46.377704" lon="8.095030">
        <ele>883.549934</ele>
        <time>2026-01-16T01:08:55.655Z</time>
      </trkpt>
      <trkpt lat="46.377519" lon="8.095042">
        <ele>882.638606</ele>
        <time>2026-01-16T01:08:57.433Z</time>
      </trkpt>
      <trkpt lat="46.377453" lon="8.094990">
        <ele>882.274040</ele>
        <time>2026-01-16T01:08:58.131Z</time>
      </trkpt>
      <trkpt lat="46.377378" lon="8.094756">
        <ele>881.410143</ele>
        <time>2026-01-16T01:08:59.792Z</time>
      </trkpt>
      <trkpt lat="46.377328" lon="8.094561">
        <ele>880.713612</ele>
        <time>2026-01-16T01:09:01.099Z</time>
      </trkpt>
      <trkpt lat="46.377315" lon="8.094524">
        <ele>880.574589</ele>
        <time>2026-01-16T01:09:01.359Z</time>
      </trkpt>
      <trkpt lat="46.377359" lon="8.094466">
        <ele>880.285954</ele>
        <time>2026-01-16T01:09:01.892Z</time>
      </trkpt>
      <trkpt lat="46.377407" lon="8.094316">
        <ele>879.732331</ele>
        <time>2026-01-16T01:09:02.950Z</time>
      </trkpt>
      <trkpt lat="46.377401" lon="8.094212">
        <ele>879.382904</ele>
        <time>2026-01-16T01:09:03.611Z</time>
      </trkpt>
      <trkpt lat="46.377143" lon="8.093612">
        <ele>877.015731</ele>
        <time>2026-01-16T01:09:08.465Z</time>
      </trkpt>
      <trkpt lat="46.377023" lon="8.093119">
        <ele>875.265344</ele>
        <time>2026-01-16T01:09:12.047Z</time>
      </trkpt>
      <trkpt lat="46.376947" lon="8.092768">
        <ele>873.765490</ele>
        <time>2026-01-16T01:09:14.437Z</time>
      </trkpt>
      <trkpt lat="46.376883" lon="8.092476">
        <ele>872.358402</ele>
        <time>2026-01-16T01:09:16.405Z</time>
      </trkpt>
      <trkpt lat="46.376866" lon="8.092398">
        <ele>871.982729</ele>
        <time>2026-01-16T01:09:16.911Z</time>
      </trkpt>
      <trkpt lat="46.376724" lon="8.091787">
        <ele>869.021707</ele>
        <time>2026-01-16T01:09:20.915Z</time>
      </trkpt>
      <trkpt lat="46.376561" lon="8.091385">
        <ele>866.880227</ele>
        <time>2026-01-16T01:09:23.777Z</time>
      </trkpt>
      <trkpt lat="46.376359" lon="8.091075">
        <ele>864.921879</ele>
        <time>2026-01-16T01:09:26.361Z</time>
      </trkpt>
      <trkpt lat="46.375847" lon="8.090468">
        <ele>860.956463</ele>
        <time>2026-01-16T01:09:32.231Z</time>
      </trkpt>
      <trkpt lat="46.375538" lon="8.090021">
        <ele>858.612477</ele>
        <time>2026-01-16T01:09:36.356Z</time>
      </trkpt>
      <trkpt lat="46.375461" lon="8.089824">
        <ele>857.773753</ele>
        <time>2026-01-16T01:09:37.835Z</time>
      </trkpt>
      <trkpt lat="46.375266" lon="8.089706">
        <ele>856.639187</ele>
        <time>2026-01-16T01:09:39.838Z</time>
      </trkpt>
      <trkpt lat="46.375132" lon="8.089534">
        <ele>855.678152</ele>
        <time>2026-01-16T01:09:41.499Z</time>
      </trkpt>
      <trkpt lat="46.374672" lon="8.088506">
        <ele>852.046679</ele>
        <time>2026-01-16T01:09:49.710Z</time>
      </trkpt>
      <trkpt lat="46.374476" lon="8.088158">
        <ele>851.143156</ele>
        <time>2026-01-16T01:09:52.940Z</time>
      </trkpt>
      <trkpt lat="46.373712" lon="8.087075">
        <ele>848.027877</ele>
        <time>2026-01-16T01:10:03.977Z</time>
      </trkpt>
      <trkpt lat="46.373418" lon="8.086507">
        <ele>846.912702</ele>
        <time>2026-01-16T01:10:10.665Z</time>
      </trkpt>
      <trkpt lat="46.372898" lon="8.085169">
        <ele>844.578314</ele>
        <time>2026-01-16T01:10:21.727Z</time>
      </trkpt>
      <trkpt lat="46.372610" lon="8.084607">
        <ele>843.511039</ele>
        <time>2026-01-16T01:10:26.830Z</time>
      </trkpt>
      <trkpt lat="46.372283" lon="8.084069">
        <ele>842.412777</ele>
        <time>2026-01-16T01:10:32.602Z</time>
      </trkpt>
      <trkpt lat="46.372054" lon="8.083599">
        <ele>841.531417</ele>
        <time>2026-01-16T01:10:36.779Z</time>
      </trkpt>
      <trkpt lat="46.371753" lon="8.082879">
        <ele>840.241865</ele>
        <time>2026-01-16T01:10:42.798Z</time>
      </trkpt>
      <trkpt lat="46.371711" lon="8.082780">
        <ele>840.063842</ele>
        <time>2026-01-16T01:10:43.598Z</time>
      </trkpt>
      <trkpt lat="46.371552" lon="8.082363">
        <ele>840.609876</ele>
        <time>2026-01-16T01:10:47.049Z</time>
      </trkpt>
      <trkpt lat="46.371457" lon="8.081807">
        <ele>841.625477</ele>
        <time>2026-01-16T01:10:53.261Z</time>
      </trkpt>
      <trkpt lat="46.371437" lon="8.081590">
        <ele>842.013650</ele>
        <time>2026-01-16T01:10:56.414Z</time>
      </trkpt>
      <trkpt lat="46.371420" lon="8.081429">
        <ele>842.302437</ele>
        <time>2026-01-16T01:10:59.086Z</time>
      </trkpt>
      <trkpt lat="46.371410" lon="8.081369">
        <ele>842.411881</ele>
        <time>2026-01-16T01:11:00.004Z</time>
      </trkpt>
      <trkpt lat="46.371305" lon="8.081041">
        <ele>843.052992</ele>
        <time>2026-01-16T01:11:07.249Z</time>
      </trkpt>
      <trkpt lat="46.370870" lon="8.080181">
        <ele>844.192414</ele>
        <time>2026-01-16T01:11:39.948Z</time>
      </trkpt>
      <trkpt lat="46.370792" lon="8.079910">
        <ele>843.725980</ele>
        <time>2026-01-16T01:11:48.994Z</time>
      </trkpt>
      <trkpt lat="46.370772" lon="8.079623">
        <ele>843.267762</ele>
        <time>2026-01-16T01:11:56.777Z</time>
      </trkpt>
      <trkpt lat="46.370795" lon="8.079396">
        <ele>842.903307</ele>
        <time>2026-01-16T01:12:01.211Z</time>
      </trkpt>
      <trkpt lat="46.370861" lon="8.079170">
        <ele>842.513476</ele>
        <time>2026-01-16T01:12:03.756Z</time>
      </trkpt>
      <trkpt lat="46.371152" lon="8.078373">
        <ele>841.081120</ele>
        <time>2026-01-16T01:12:09.392Z</time>
      </trkpt>
      <trkpt lat="46.371474" lon="8.077627">
        <ele>837.747018</ele>
        <time>2026-01-16T01:12:14.478Z</time>
      </trkpt>
      <trkpt lat="46.371629" lon="8.077199">
        <ele>834.923482</ele>
        <time>2026-01-16T01:12:17.271Z</time>
      </trkpt>
      <trkpt lat="46.371681" lon="8.076810">
        <ele>832.608959</ele>
        <time>2026-01-16T01:12:19.603Z</time>
      </trkpt>
      <trkpt lat="46.371643" lon="8.076389">
        <ele>830.128814</ele>
        <time>2026-01-16T01:12:22.233Z</time>
      </trkpt>
      <trkpt lat="46.371584" lon="8.076176">
        <ele>828.788096</ele>
        <time>2026-01-16T01:12:23.705Z</time>
      </trkpt>
      <trkpt lat="46.371467" lon="8.075923">
        <ele>827.009002</ele>
        <time>2026-01-16T01:12:25.744Z</time>
      </trkpt>
      <trkpt lat="46.371136" lon="8.075323">
        <ele>824.133986</ele>
        <time>2026-01-16T01:12:31.075Z</time>
      </trkpt>
      <trkpt lat="46.371086" lon="8.075186">
        <ele>823.777886</ele>
        <time>2026-01-16T01:12:32.167Z</time>
      </trkpt>
      <trkpt lat="46.370861" lon="8.074276">
        <ele>821.556832</ele>
        <time>2026-01-16T01:12:39.318Z</time>
      </trkpt>
      <trkpt lat="46.370783" lon="8.074036">
        <ele>820.947284</ele>
        <time>2026-01-16T01:12:41.152Z</time>
      </trkpt>
      <trkpt lat="46.370753" lon="8.073960">
        <ele>820.746105</ele>
        <time>2026-01-16T01:12:41.739Z</time>
      </trkpt>
      <trkpt lat="46.370539" lon="8.073578">
        <ele>819.615531</ele>
        <time>2026-01-16T01:12:44.953Z</time>
      </trkpt>
      <trkpt lat="46.370015" lon="8.072911">
        <ele>817.493099</ele>
        <time>2026-01-16T01:12:51.899Z</time>
      </trkpt>
      <trkpt lat="46.369618" lon="8.072379">
        <ele>815.882376</ele>
        <time>2026-01-16T01:12:57.608Z</time>
      </trkpt>
      <trkpt lat="46.369485" lon="8.072093">
        <ele>815.173456</ele>
        <time>2026-01-16T01:13:00.076Z</time>
      </trkpt>
      <trkpt lat="46.369410" lon="8.071836">
        <ele>814.599890</ele>
        <time>2026-01-16T01:13:02.086Z</time>
      </trkpt>
      <trkpt lat="46.369365" lon="8.071575">
        <ele>814.046910</ele>
        <time>2026-01-16T01:13:04.073Z</time>
      </trkpt>
      <trkpt lat="46.369351" lon="8.071194">
        <ele>813.307380</ele>
        <time>2026-01-16T01:13:06.892Z</time>
      </trkpt>
      <trkpt lat="46.369370" lon="8.070968">
        <ele>812.876176</ele>
        <time>2026-01-16T01:13:08.563Z</time>
      </trkpt>
      <trkpt lat="46.369481" lon="8.070385">
        <ele>811.730726</ele>
        <time>2026-01-16T01:13:12.937Z</time>
      </trkpt>
      <trkpt lat="46.369557" lon="8.069926">
        <ele>810.836714</ele>
        <time>2026-01-16T01:13:16.300Z</time>
      </trkpt>
      <trkpt lat="46.369551" lon="8.069653">
        <ele>810.319399</ele>
        <time>2026-01-16T01:13:18.220Z</time>
      </trkpt>
      <trkpt lat="46.369496" lon="8.069332">
        <ele>809.692971</ele>
        <time>2026-01-16T01:13:20.591Z</time>
      </trkpt>
      <trkpt lat="46.369364" lon="8.068981">
        <ele>808.935861</ele>
        <time>2026-01-16T01:13:23.471Z</time>
      </trkpt>
      <trkpt lat="46.369260" lon="8.068822">
        <ele>808.542097</ele>
        <time>2026-01-16T01:13:25.034Z</time>
      </trkpt>
      <trkpt lat="46.369109" lon="8.068683">
        <ele>808.078898</ele>
        <time>2026-01-16T01:13:26.856Z</time>
      </trkpt>
      <trkpt lat="46.368888" lon="8.068556">
        <ele>807.463302</ele>
        <time>2026-01-16T01:13:29.249Z</time>
      </trkpt>
      <trkpt lat="46.367998" lon="8.068178">
        <ele>805.061840</ele>
        <time>2026-01-16T01:13:38.856Z</time>
      </trkpt>
      <trkpt lat="46.367841" lon="8.068049">
        <ele>804.594516</ele>
        <time>2026-01-16T01:13:40.861Z</time>
      </trkpt>
      <trkpt lat="46.367732" lon="8.067892">
        <ele>804.220988</ele>
        <time>2026-01-16T01:13:42.606Z</time>
      </trkpt>
      <trkpt lat="46.367468" lon="8.067258">
        <ele>803.688326</ele>
        <time>2026-01-16T01:13:48.555Z</time>
      </trkpt>
      <trkpt lat="46.367303" lon="8.066091">
        <ele>802.831421</ele>
        <time>2026-01-16T01:13:58.726Z</time>
      </trkpt>
      <trkpt lat="46.367059" lon="8.065373">
        <ele>802.092334</ele>
        <time>2026-01-16T01:14:06.129Z</time>
      </trkpt>
      <trkpt lat="46.366933" lon="8.065048">
        <ele>801.413645</ele>
        <time>2026-01-16T01:14:09.741Z</time>
      </trkpt>
      <trkpt lat="46.366799" lon="8.064782">
        <ele>800.814043</ele>
        <time>2026-01-16T01:14:12.677Z</time>
      </trkpt>
      <trkpt lat="46.366334" lon="8.064043">
        <ele>798.993225</ele>
        <time>2026-01-16T01:14:20.101Z</time>
      </trkpt>
      <trkpt lat="46.366162" lon="8.063698">
        <ele>798.218325</ele>
        <time>2026-01-16T01:14:22.955Z</time>
      </trkpt>
      <trkpt lat="46.365602" lon="8.062079">
        <ele>791.758705</ele>
        <time>2026-01-16T01:14:34.387Z</time>
      </trkpt>
      <trkpt lat="46.365031" lon="8.060589">
        <ele>785.351599</ele>
        <time>2026-01-16T01:14:45.262Z</time>
      </trkpt>
      <trkpt lat="46.364764" lon="8.060128">
        <ele>783.320119</ele>
        <time>2026-01-16T01:14:49.131Z</time>
      </trkpt>
      <trkpt lat="46.364115" lon="8.059521">
        <ele>779.541843</ele>
        <time>2026-01-16T01:14:56.455Z</time>
      </trkpt>
      <trkpt lat="46.363998" lon="8.059306">
        <ele>778.617624</ele>
        <time>2026-01-16T01:14:58.282Z</time>
      </trkpt>
      <trkpt lat="46.363549" lon="8.057962">
        <ele>776.239122</ele>
        <time>2026-01-16T01:15:08.915Z</time>
      </trkpt>
      <trkpt lat="46.363123" lon="8.056855">
        <ele>774.361289</ele>
        <time>2026-01-16T01:15:19.570Z</time>
      </trkpt>
      <trkpt lat="46.362113" lon="8.054327">
        <ele>771.304128</ele>
        <time>2026-01-16T01:15:44.223Z</time>
      </trkpt>
      <trkpt lat="46.361587" lon="8.053485">
        <ele>768.582918</ele>
        <time>2026-01-16T01:15:51.963Z</time>
      </trkpt>
      <trkpt lat="46.361485" lon="8.053367">
        <ele>768.129769</ele>
        <time>2026-01-16T01:15:53.211Z</time>
      </trkpt>
      <trkpt lat="46.361285" lon="8.053263">
        <ele>767.392032</ele>
        <time>2026-01-16T01:15:55.257Z</time>
      </trkpt>
      <trkpt lat="46.360791" lon="8.053217">
        <ele>765.750830</ele>
        <time>2026-01-16T01:15:59.951Z</time>
      </trkpt>
      <trkpt lat="46.360730" lon="8.053207">
        <ele>765.576026</ele>
        <time>2026-01-16T01:16:00.534Z</time>
      </trkpt>
      <trkpt lat="46.360510" lon="8.053117">
        <ele>764.925094</ele>
        <time>2026-01-16T01:16:02.713Z</time>
      </trkpt>
      <trkpt lat="46.360304" lon="8.052900">
        <ele>764.199894</ele>
        <time>2026-01-16T01:16:05.167Z</time>
      </trkpt>
      <trkpt lat="46.360202" lon="8.052708">
        <ele>763.723751</ele>
        <time>2026-01-16T01:16:06.810Z</time>
      </trkpt>
      <trkpt lat="46.359997" lon="8.052123">
        <ele>762.434448</ele>
        <time>2026-01-16T01:16:11.731Z</time>
      </trkpt>
      <trkpt lat="46.359694" lon="8.051252">
        <ele>760.800574</ele>
        <time>2026-01-16T01:16:20.220Z</time>
      </trkpt>
      <trkpt lat="46.359577" lon="8.051020">
        <ele>760.579621</ele>
        <time>2026-01-16T01:16:22.479Z</time>
      </trkpt>
      <trkpt lat="46.359443" lon="8.050845">
        <ele>760.378622</ele>
        <time>2026-01-16T01:16:24.618Z</time>
      </trkpt>
      <trkpt lat="46.359332" lon="8.050746">
        <ele>760.233392</ele>
        <time>2026-01-16T01:16:26.215Z</time>
      </trkpt>
      <trkpt lat="46.359071" lon="8.050593">
        <ele>759.919683</ele>
        <time>2026-01-16T01:16:29.659Z</time>
      </trkpt>
      <trkpt lat="46.358763" lon="8.050404">
        <ele>759.546997</ele>
        <time>2026-01-16T01:16:33.621Z</time>
      </trkpt>
      <trkpt lat="46.358526" lon="8.050193">
        <ele>759.237063</ele>
        <time>2026-01-16T01:16:36.826Z</time>
      </trkpt>
      <trkpt lat="46.357700" lon="8.049127">
        <ele>759.526835</ele>
        <time>2026-01-16T01:16:50.690Z</time>
      </trkpt>
      <trkpt lat="46.357609" lon="8.048931">
        <ele>759.629152</ele>
        <time>2026-01-16T01:16:54.093Z</time>
      </trkpt>
      <trkpt lat="46.357443" lon="8.048334">
        <ele>759.907933</ele>
        <time>2026-01-16T01:17:03.879Z</time>
      </trkpt>
      <trkpt lat="46.357176" lon="8.047501">
        <ele>760.610173</ele>
        <time>2026-01-16T01:17:19.575Z</time>
      </trkpt>
      <trkpt lat="46.357127" lon="8.047364">
        <ele>760.779466</ele>
        <time>2026-01-16T01:17:22.494Z</time>
      </trkpt>
      <trkpt lat="46.356998" lon="8.047044">
        <ele>761.186056</ele>
        <time>2026-01-16T01:17:29.231Z</time>
      </trkpt>
      <trkpt lat="46.356912" lon="8.046889">
        <ele>761.404253</ele>
        <time>2026-01-16T01:17:32.698Z</time>
      </trkpt>
      <trkpt lat="46.356722" lon="8.046638">
        <ele>761.812990</ele>
        <time>2026-01-16T01:17:38.871Z</time>
      </trkpt>
      <trkpt lat="46.356359" lon="8.046204">
        <ele>762.561140</ele>
        <time>2026-01-16T01:17:47.955Z</time>
      </trkpt>
      <trkpt lat="46.355938" lon="8.045727">
        <ele>762.116777</ele>
        <time>2026-01-16T01:17:56.251Z</time>
      </trkpt>
      <trkpt lat="46.355686" lon="8.045519">
        <ele>761.235020</ele>
        <time>2026-01-16T01:17:59.422Z</time>
      </trkpt>
      <trkpt lat="46.355449" lon="8.045293">
        <ele>760.372412</ele>
        <time>2026-01-16T01:18:02.254Z</time>
      </trkpt>
      <trkpt lat="46.355380" lon="8.045205">
        <ele>760.092937</ele>
        <time>2026-01-16T01:18:03.132Z</time>
      </trkpt>
      <trkpt lat="46.355216" lon="8.044979">
        <ele>759.404816</ele>
        <time>2026-01-16T01:18:05.290Z</time>
      </trkpt>
      <trkpt lat="46.355193" lon="8.044947">
        <ele>759.307869</ele>
        <time>2026-01-16T01:18:05.598Z</time>
      </trkpt>
      <trkpt lat="46.355139" lon="8.044871">
        <ele>759.078987</ele>
        <time>2026-01-16T01:18:06.305Z</time>
      </trkpt>
      <trkpt lat="46.355050" lon="8.044747">
        <ele>758.703592</ele>
        <time>2026-01-16T01:18:07.483Z</time>
      </trkpt>
      <trkpt lat="46.355033" lon="8.044723">
        <ele>758.631428</ele>
        <time>2026-01-16T01:18:07.703Z</time>
      </trkpt>
      <trkpt lat="46.354622" lon="8.044048">
        <ele>756.831198</ele>
        <time>2026-01-16T01:18:13.629Z</time>
      </trkpt>
      <trkpt lat="46.354348" lon="8.043363">
        <ele>755.364682</ele>
        <time>2026-01-16T01:18:18.874Z</time>
      </trkpt>
      <trkpt lat="46.353997" lon="8.042220">
        <ele>753.047379</ele>
        <time>2026-01-16T01:18:29.297Z</time>
      </trkpt>
      <trkpt lat="46.353867" lon="8.041846">
        <ele>752.235941</ele>
        <time>2026-01-16T01:18:33.121Z</time>
      </trkpt>
      <trkpt lat="46.353645" lon="8.041381">
        <ele>751.094770</ele>
        <time>2026-01-16T01:18:37.453Z</time>
      </trkpt>
      <trkpt lat="46.353321" lon="8.040908">
        <ele>749.749746</ele>
        <time>2026-01-16T01:18:42.073Z</time>
      </trkpt>
      <trkpt lat="46.352639" lon="8.040187">
        <ele>747.311072</ele>
        <time>2026-01-16T01:18:50.379Z</time>
      </trkpt>
      <trkpt lat="46.352352" lon="8.039849">
        <ele>746.479842</ele>
        <time>2026-01-16T01:18:53.935Z</time>
      </trkpt>
      <trkpt lat="46.352024" lon="8.039316">
        <ele>745.372138</ele>
        <time>2026-01-16T01:18:59.144Z</time>
      </trkpt>
      <trkpt lat="46.351726" lon="8.038719">
        <ele>744.229254</ele>
        <time>2026-01-16T01:19:05.496Z</time>
      </trkpt>
      <trkpt lat="46.351648" lon="8.038561">
        <ele>743.927920</ele>
        <time>2026-01-16T01:19:07.257Z</time>
      </trkpt>
      <trkpt lat="46.351348" lon="8.038034">
        <ele>742.742614</ele>
        <time>2026-01-16T01:19:12.840Z</time>
      </trkpt>
      <trkpt lat="46.350996" lon="8.037592">
        <ele>741.433026</ele>
        <time>2026-01-16T01:19:17.854Z</time>
      </trkpt>
      <trkpt lat="46.350509" lon="8.037115">
        <ele>739.780329</ele>
        <time>2026-01-16T01:19:23.652Z</time>
      </trkpt>
      <trkpt lat="46.350006" lon="8.036556">
        <ele>738.081064</ele>
        <time>2026-01-16T01:19:29.894Z</time>
      </trkpt>
      <trkpt lat="46.349713" lon="8.036066">
        <ele>737.155491</ele>
        <time>2026-01-16T01:19:34.713Z</time>
      </trkpt>
      <trkpt lat="46.349339" lon="8.035156">
        <ele>735.643409</ele>
        <time>2026-01-16T01:19:43.086Z</time>
      </trkpt>
      <trkpt lat="46.349296" lon="8.035043">
        <ele>735.459184</ele>
        <time>2026-01-16T01:19:44.149Z</time>
      </trkpt>
      <trkpt lat="46.348990" lon="8.034306">
        <ele>734.010012</ele>
        <time>2026-01-16T01:19:51.030Z</time>
      </trkpt>
      <trkpt lat="46.348696" lon="8.033804">
        <ele>732.493396</ele>
        <time>2026-01-16T01:19:55.871Z</time>
      </trkpt>
      <trkpt lat="46.348427" lon="8.033471">
        <ele>731.312521</ele>
        <time>2026-01-16T01:19:59.330Z</time>
      </trkpt>
      <trkpt lat="46.348102" lon="8.033162">
        <ele>730.015139</ele>
        <time>2026-01-16T01:20:03.099Z</time>
      </trkpt>
      <trkpt lat="46.347656" lon="8.032818">
        <ele>728.327307</ele>
        <time>2026-01-16T01:20:07.966Z</time>
      </trkpt>
      <trkpt lat="46.347129" lon="8.032357">
        <ele>726.260612</ele>
        <time>2026-01-16T01:20:13.981Z</time>
      </trkpt>
      <trkpt lat="46.346888" lon="8.032077">
        <ele>725.223507</ele>
        <time>2026-01-16T01:20:17.073Z</time>
      </trkpt>
      <trkpt lat="46.346643" lon="8.031721">
        <ele>724.058574</ele>
        <time>2026-01-16T01:20:20.708Z</time>
      </trkpt>
      <trkpt lat="46.346348" lon="8.031173">
        <ele>722.468611</ele>
        <time>2026-01-16T01:20:25.716Z</time>
      </trkpt>
      <trkpt lat="46.346174" lon="8.030781">
        <ele>721.603595</ele>
        <time>2026-01-16T01:20:29.065Z</time>
      </trkpt>
      <trkpt lat="46.345943" lon="8.030169">
        <ele>720.308960</ele>
        <time>2026-01-16T01:20:34.017Z</time>
      </trkpt>
      <trkpt lat="46.345531" lon="8.028936">
        <ele>717.766395</ele>
        <time>2026-01-16T01:20:43.874Z</time>
      </trkpt>
      <trkpt lat="46.345259" lon="8.028199">
        <ele>716.708196</ele>
        <time>2026-01-16T01:20:50.149Z</time>
      </trkpt>
      <trkpt lat="46.345007" lon="8.027648">
        <ele>715.884704</ele>
        <time>2026-01-16T01:20:55.259Z</time>
      </trkpt>
      <trkpt lat="46.344813" lon="8.027292">
        <ele>715.319611</ele>
        <time>2026-01-16T01:20:59.065Z</time>
      </trkpt>
      <trkpt lat="46.344402" lon="8.026720">
        <ele>714.308114</ele>
        <time>2026-01-16T01:21:05.555Z</time>
      </trkpt>
      <trkpt lat="46.344091" lon="8.026397">
        <ele>713.684233</ele>
        <time>2026-01-16T01:21:09.843Z</time>
      </trkpt>
      <trkpt lat="46.343757" lon="8.026126">
        <ele>713.060105</ele>
        <time>2026-01-16T01:21:14.239Z</time>
      </trkpt>
      <trkpt lat="46.343453" lon="8.025944">
        <ele>712.523826</ele>
        <time>2026-01-16T01:21:18.450Z</time>
      </trkpt>
      <trkpt lat="46.342850" lon="8.025655">
        <ele>711.475892</ele>
        <time>2026-01-16T01:21:25.463Z</time>
      </trkpt>
      <trkpt lat="46.342430" lon="8.025365">
        <ele>710.519918</ele>
        <time>2026-01-16T01:21:30.400Z</time>
      </trkpt>
      <trkpt lat="46.342402" lon="8.025439">
        <ele>710.400222</ele>
        <time>2026-01-16T01:21:31.007Z</time>
      </trkpt>
      <trkpt lat="46.342291" lon="8.025348">
        <ele>710.138163</ele>
        <time>2026-01-16T01:21:32.435Z</time>
      </trkpt>
      <trkpt lat="46.342267" lon="8.025371">
        <ele>710.079037</ele>
        <time>2026-01-16T01:21:32.729Z</time>
      </trkpt>
      <trkpt lat="46.342238" lon="8.025675">
        <ele>709.643739</ele>
        <time>2026-01-16T01:21:35.047Z</time>
      </trkpt>
      <trkpt lat="46.342232" lon="8.025745">
        <ele>709.543686</ele>
        <time>2026-01-16T01:21:35.591Z</time>
      </trkpt>
      <trkpt lat="46.342219" lon="8.025861">
        <ele>709.376995</ele>
        <time>2026-01-16T01:21:36.433Z</time>
      </trkpt>
      <trkpt lat="46.341994" lon="8.025837">
        <ele>708.913448</ele>
        <time>2026-01-16T01:21:38.887Z</time>
      </trkpt>
      <trkpt lat="46.341822" lon="8.025745">
        <ele>708.536724</ele>
        <time>2026-01-16T01:21:40.795Z</time>
      </trkpt>
      <trkpt lat="46.340834" lon="8.025546">
        <ele>707.138305</ele>
        <time>2026-01-16T01:21:52.146Z</time>
      </trkpt>
      <trkpt lat="46.340574" lon="8.025463">
        <ele>706.854459</ele>
        <time>2026-01-16T01:21:55.626Z</time>
      </trkpt>
      <trkpt lat="46.340216" lon="8.025242">
        <ele>706.439568</ele>
        <time>2026-01-16T01:22:00.693Z</time>
      </trkpt>
      <trkpt lat="46.340085" lon="8.025131">
        <ele>706.277763</ele>
        <time>2026-01-16T01:22:02.677Z</time>
      </trkpt>
      <trkpt lat="46.339798" lon="8.024780">
        <ele>705.864214</ele>
        <time>2026-01-16T01:22:07.504Z</time>
      </trkpt>
      <trkpt lat="46.339666" lon="8.024559">
        <ele>705.587427</ele>
        <time>2026-01-16T01:22:10.065Z</time>
      </trkpt>
      <trkpt lat="46.339420" lon="8.023993">
        <ele>704.953947</ele>
        <time>2026-01-16T01:22:15.777Z</time>
      </trkpt>
      <trkpt lat="46.338476" lon="8.021311">
        <ele>701.440497</ele>
        <time>2026-01-16T01:22:39.101Z</time>
      </trkpt>
      <trkpt lat="46.338124" lon="8.020409">
        <ele>699.978802</ele>
        <time>2026-01-16T01:22:46.726Z</time>
      </trkpt>
      <trkpt lat="46.338068" lon="8.020328">
        <ele>699.817088</ele>
        <time>2026-01-16T01:22:47.558Z</time>
      </trkpt>
      <trkpt lat="46.337923" lon="8.020225">
        <ele>699.478822</ele>
        <time>2026-01-16T01:22:49.267Z</time>
      </trkpt>
      <trkpt lat="46.337068" lon="8.019055">
        <ele>697.007530</ele>
        <time>2026-01-16T01:23:02.001Z</time>
      </trkpt>
      <trkpt lat="46.337007" lon="8.018944">
        <ele>696.801737</ele>
        <time>2026-01-16T01:23:03.114Z</time>
      </trkpt>
      <trkpt lat="46.336933" lon="8.018703">
        <ele>696.419134</ele>
        <time>2026-01-16T01:23:05.211Z</time>
      </trkpt>
      <trkpt lat="46.336863" lon="8.018555">
        <ele>696.158904</ele>
        <time>2026-01-16T01:23:06.624Z</time>
      </trkpt>
      <trkpt lat="46.336137" lon="8.017635">
        <ele>694.437724</ele>
        <time>2026-01-16T01:23:17.233Z</time>
      </trkpt>
      <trkpt lat="46.335495" lon="8.016829">
        <ele>692.944520</ele>
        <time>2026-01-16T01:23:26.841Z</time>
      </trkpt>
      <trkpt lat="46.335381" lon="8.016672">
        <ele>692.743433</ele>
        <time>2026-01-16T01:23:28.627Z</time>
      </trkpt>
      <trkpt lat="46.335368" lon="8.016614">
        <ele>692.701891</ele>
        <time>2026-01-16T01:23:29.109Z</time>
      </trkpt>
      <trkpt lat="46.335383" lon="8.016554">
        <ele>692.658420</ele>
        <time>2026-01-16T01:23:29.616Z</time>
      </trkpt>
      <trkpt lat="46.335416" lon="8.016500">
        <ele>692.609292</ele>
        <time>2026-01-16T01:23:30.182Z</time>
      </trkpt>
      <trkpt lat="46.335454" lon="8.016445">
        <ele>692.556286</ele>
        <time>2026-01-16T01:23:30.785Z</time>
      </trkpt>
      <trkpt lat="46.335534" lon="8.016361">
        <ele>692.458790</ele>
        <time>2026-01-16T01:23:31.930Z</time>
      </trkpt>
      <trkpt lat="46.335677" lon="8.016281">
        <ele>692.307534</ele>
        <time>2026-01-16T01:23:33.749Z</time>
      </trkpt>
      <trkpt lat="46.335604" lon="8.016265">
        <ele>692.234686</ele>
        <time>2026-01-16T01:23:34.637Z</time>
      </trkpt>
      <trkpt lat="46.335526" lon="8.016292">
        <ele>692.155556</ele>
        <time>2026-01-16T01:23:35.629Z</time>
      </trkpt>
      <trkpt lat="46.335440" lon="8.016358">
        <ele>692.059525</ele>
        <time>2026-01-16T01:23:36.843Z</time>
      </trkpt>
      <trkpt lat="46.335420" lon="8.016378">
        <ele>692.035545</ele>
        <time>2026-01-16T01:23:37.162Z</time>
      </trkpt>
      <trkpt lat="46.334243" lon="8.014857">
        <ele>690.533580</ele>
        <time>2026-01-16T01:23:57.509Z</time>
      </trkpt>
      <trkpt lat="46.333780" lon="8.014398">
        <ele>690.031389</ele>
        <time>2026-01-16T01:24:04.323Z</time>
      </trkpt>
      <trkpt lat="46.333319" lon="8.014042">
        <ele>689.563781</ele>
        <time>2026-01-16T01:24:10.649Z</time>
      </trkpt>
      <trkpt lat="46.332921" lon="8.013851">
        <ele>689.201275</ele>
        <time>2026-01-16T01:24:15.733Z</time>
      </trkpt>
      <trkpt lat="46.331159" lon="8.013135">
        <ele>687.672940</ele>
        <time>2026-01-16T01:24:38.739Z</time>
      </trkpt>
      <trkpt lat="46.330991" lon="8.013052">
        <ele>687.538502</ele>
        <time>2026-01-16T01:24:41.259Z</time>
      </trkpt>
      <trkpt lat="46.330272" lon="8.012559">
        <ele>686.936003</ele>
        <time>2026-01-16T01:24:51.683Z</time>
      </trkpt>
      <trkpt lat="46.330070" lon="8.012416">
        <ele>686.765714</ele>
        <time>2026-01-16T01:24:55.637Z</time>
      </trkpt>
      <trkpt lat="46.330210" lon="8.012413">
        <ele>686.659671</ele>
        <time>2026-01-16T01:24:57.356Z</time>
      </trkpt>
      <trkpt lat="46.330315" lon="8.012461">
        <ele>686.576279</ele>
        <time>2026-01-16T01:24:58.721Z</time>
      </trkpt>
      <trkpt lat="46.330283" lon="8.012489">
        <ele>686.532266</ele>
        <time>2026-01-16T01:24:59.142Z</time>
      </trkpt>
      <trkpt lat="46.330267" lon="8.012512">
        <ele>686.493439</ele>
        <time>2026-01-16T01:24:59.504Z</time>
      </trkpt>
      <trkpt lat="46.330240" lon="8.012567">
        <ele>686.413185</ele>
        <time>2026-01-16T01:25:00.335Z</time>
      </trkpt>
      <trkpt lat="46.330207" lon="8.012608">
        <ele>686.338301</ele>
        <time>2026-01-16T01:25:01.108Z</time>
      </trkpt>
      <trkpt lat="46.330044" lon="8.012666">
        <ele>686.049219</ele>
        <time>2026-01-16T01:25:03.073Z</time>
      </trkpt>
      <trkpt lat="46.329885" lon="8.012620">
        <ele>685.769964</ele>
        <time>2026-01-16T01:25:04.938Z</time>
      </trkpt>
      <trkpt lat="46.329668" lon="8.012630">
        <ele>685.396039</ele>
        <time>2026-01-16T01:25:07.391Z</time>
      </trkpt>
      <trkpt lat="46.329398" lon="8.012592">
        <ele>684.928831</ele>
        <time>2026-01-16T01:25:10.341Z</time>
      </trkpt>
      <trkpt lat="46.329044" lon="8.012443">
        <ele>684.293913</ele>
        <time>2026-01-16T01:25:14.335Z</time>
      </trkpt>
      <trkpt lat="46.328626" lon="8.012161">
        <ele>683.499712</ele>
        <time>2026-01-16T01:25:19.507Z</time>
      </trkpt>
      <trkpt lat="46.327985" lon="8.011738">
        <ele>682.415120</ele>
        <time>2026-01-16T01:25:27.343Z</time>
      </trkpt>
      <trkpt lat="46.327694" lon="8.011473">
        <ele>681.887826</ele>
        <time>2026-01-16T01:25:31.252Z</time>
      </trkpt>
      <trkpt lat="46.327220" lon="8.011004">
        <ele>681.007233</ele>
        <time>2026-01-16T01:25:37.976Z</time>
      </trkpt>
      <trkpt lat="46.326746" lon="8.010350">
        <ele>680.334006</ele>
        <time>2026-01-16T01:25:45.756Z</time>
      </trkpt>
      <trkpt lat="46.326324" lon="8.009716">
        <ele>679.842024</ele>
        <time>2026-01-16T01:25:53.516Z</time>
      </trkpt>
      <trkpt lat="46.326006" lon="8.008969">
        <ele>679.351734</ele>
        <time>2026-01-16T01:26:01.573Z</time>
      </trkpt>
      <trkpt lat="46.325868" lon="8.008573">
        <ele>679.099366</ele>
        <time>2026-01-16T01:26:05.606Z</time>
      </trkpt>
      <trkpt lat="46.325788" lon="8.008211">
        <ele>678.880325</ele>
        <time>2026-01-16T01:26:08.994Z</time>
      </trkpt>
      <trkpt lat="46.325723" lon="8.007867">
        <ele>678.674793</ele>
        <time>2026-01-16T01:26:12.101Z</time>
      </trkpt>
      <trkpt lat="46.325663" lon="8.007330">
        <ele>678.361299</ele>
        <time>2026-01-16T01:26:16.716Z</time>
      </trkpt>
      <trkpt lat="46.325490" lon="8.005681">
        <ele>677.373710</ele>
        <time>2026-01-16T01:26:30.782Z</time>
      </trkpt>
      <trkpt lat="46.325265" lon="8.004085">
        <ele>676.363652</ele>
        <time>2026-01-16T01:26:44.856Z</time>
      </trkpt>
      <trkpt lat="46.325085" lon="8.003084">
        <ele>675.750031</ele>
        <time>2026-01-16T01:26:53.687Z</time>
      </trkpt>
      <trkpt lat="46.324823" lon="8.001824">
        <ele>674.989371</ele>
        <time>2026-01-16T01:27:04.899Z</time>
      </trkpt>
      <trkpt lat="46.324709" lon="8.001309">
        <ele>674.676747</ele>
        <time>2026-01-16T01:27:09.669Z</time>
      </trkpt>
      <trkpt lat="46.324596" lon="8.000926">
        <ele>674.529895</ele>
        <time>2026-01-16T01:27:13.407Z</time>
      </trkpt>
      <trkpt lat="46.324132" lon="7.999446">
        <ele>674.053302</ele>
        <time>2026-01-16T01:27:28.596Z</time>
      </trkpt>
      <trkpt lat="46.322877" lon="7.995675">
        <ele>672.981090</ele>
        <time>2026-01-16T01:28:08.442Z</time>
      </trkpt>
      <trkpt lat="46.321942" lon="7.992792">
        <ele>671.827526</ele>
        <time>2026-01-16T01:28:37.060Z</time>
      </trkpt>
      <trkpt lat="46.321485" lon="7.991395">
        <ele>671.290775</ele>
        <time>2026-01-16T01:28:51.118Z</time>
      </trkpt>
      <trkpt lat="46.321408" lon="7.991083">
        <ele>671.209751</ele>
        <time>2026-01-16T01:28:54.287Z</time>
      </trkpt>
      <trkpt lat="46.321369" lon="7.990892">
        <ele>671.161044</ele>
        <time>2026-01-16T01:28:56.182Z</time>
      </trkpt>
      <trkpt lat="46.321342" lon="7.990759">
        <ele>671.127143</ele>
        <time>2026-01-16T01:28:57.468Z</time>
      </trkpt>
      <trkpt lat="46.321218" lon="7.990152">
        <ele>670.972345</ele>
        <time>2026-01-16T01:29:03.563Z</time>
      </trkpt>
      <trkpt lat="46.321127" lon="7.989568">
        <ele>670.825939</ele>
        <time>2026-01-16T01:29:09.312Z</time>
      </trkpt>
      <trkpt lat="46.320953" lon="7.987772">
        <ele>670.545906</ele>
        <time>2026-01-16T01:29:26.601Z</time>
      </trkpt>
      <trkpt lat="46.320863" lon="7.986827">
        <ele>670.412334</ele>
        <time>2026-01-16T01:29:36.027Z</time>
      </trkpt>
      <trkpt lat="46.320856" lon="7.986775">
        <ele>670.404916</ele>
        <time>2026-01-16T01:29:36.542Z</time>
      </trkpt>
      <trkpt lat="46.320841" lon="7.986640">
        <ele>670.368250</ele>
        <time>2026-01-16T01:29:37.932Z</time>
      </trkpt>
      <trkpt lat="46.320829" lon="7.986534">
        <ele>670.334975</ele>
        <time>2026-01-16T01:29:39.019Z</time>
      </trkpt>
      <trkpt lat="46.320806" lon="7.986273">
        <ele>670.253468</ele>
        <time>2026-01-16T01:29:41.690Z</time>
      </trkpt>
      <trkpt lat="46.320771" lon="7.985840">
        <ele>670.118419</ele>
        <time>2026-01-16T01:29:46.093Z</time>
      </trkpt>
      <trkpt lat="46.320770" lon="7.985815">
        <ele>670.110662</ele>
        <time>2026-01-16T01:29:46.330Z</time>
      </trkpt>
      <trkpt lat="46.320820" lon="7.985776">
        <ele>670.085187</ele>
        <time>2026-01-16T01:29:47.173Z</time>
      </trkpt>
      <trkpt lat="46.320719" lon="7.984873">
        <ele>669.801814</ele>
        <time>2026-01-16T01:29:55.203Z</time>
      </trkpt>
      <trkpt lat="46.320641" lon="7.984400">
        <ele>669.651171</ele>
        <time>2026-01-16T01:29:59.588Z</time>
      </trkpt>
      <trkpt lat="46.320546" lon="7.984009">
        <ele>669.498094</ele>
        <time>2026-01-16T01:30:03.318Z</time>
      </trkpt>
      <trkpt lat="46.320428" lon="7.983454">
        <ele>669.255394</ele>
        <time>2026-01-16T01:30:08.504Z</time>
      </trkpt>
      <trkpt lat="46.320349" lon="7.983253">
        <ele>669.158736</ele>
        <time>2026-01-16T01:30:10.586Z</time>
      </trkpt>
      <trkpt lat="46.320213" lon="7.982947">
        <ele>669.006652</ele>
        <time>2026-01-16T01:30:13.843Z</time>
      </trkpt>
      <trkpt lat="46.320158" lon="7.982816">
        <ele>668.942578</ele>
        <time>2026-01-16T01:30:15.142Z</time>
      </trkpt>
      <trkpt lat="46.319966" lon="7.982495">
        <ele>668.765097</ele>
        <time>2026-01-16T01:30:18.940Z</time>
      </trkpt>
      <trkpt lat="46.319784" lon="7.982117">
        <ele>668.572511</ele>
        <time>2026-01-16T01:30:23.211Z</time>
      </trkpt>
      <trkpt lat="46.319731" lon="7.981877">
        <ele>668.465480</ele>
        <time>2026-01-16T01:30:25.535Z</time>
      </trkpt>
      <trkpt lat="46.319684" lon="7.981743">
        <ele>668.399805</ele>
        <time>2026-01-16T01:30:26.856Z</time>
      </trkpt>
      <trkpt lat="46.319573" lon="7.981593">
        <ele>668.303736</ele>
        <time>2026-01-16T01:30:28.800Z</time>
      </trkpt>
      <trkpt lat="46.319380" lon="7.981333">
        <ele>668.136938</ele>
        <time>2026-01-16T01:30:32.246Z</time>
      </trkpt>
      <trkpt lat="46.319202" lon="7.980920">
        <ele>667.924202</ele>
        <time>2026-01-16T01:30:36.675Z</time>
      </trkpt>
      <trkpt lat="46.318795" lon="7.979603">
        <ele>667.302651</ele>
        <time>2026-01-16T01:30:49.445Z</time>
      </trkpt>
      <trkpt lat="46.318591" lon="7.978992">
        <ele>667.042359</ele>
        <time>2026-01-16T01:30:55.412Z</time>
      </trkpt>
      <trkpt lat="46.317085" lon="7.974174">
        <ele>665.376390</ele>
        <time>2026-01-16T01:31:44.213Z</time>
      </trkpt>
      <trkpt lat="46.316742" lon="7.973145">
        <ele>665.123669</ele>
        <time>2026-01-16T01:31:55.068Z</time>
      </trkpt>
      <trkpt lat="46.316449" lon="7.972340">
        <ele>665.055069</ele>
        <time>2026-01-16T01:32:04.042Z</time>
      </trkpt>
      <trkpt lat="46.315522" lon="7.969798">
        <ele>665.616269</ele>
        <time>2026-01-16T01:32:35.422Z</time>
      </trkpt>
      <trkpt lat="46.315372" lon="7.969480">
        <ele>665.774146</ele>
        <time>2026-01-16T01:32:40.673Z</time>
      </trkpt>
      <trkpt lat="46.315172" lon="7.968959">
        <ele>666.018522</ele>
        <time>2026-01-16T01:32:48.246Z</time>
      </trkpt>
      <trkpt lat="46.314951" lon="7.968176">
        <ele>666.365311</ele>
        <time>2026-01-16T01:32:58.292Z</time>
      </trkpt>
      <trkpt lat="46.314811" lon="7.967661">
        <ele>666.463123</ele>
        <time>2026-01-16T01:33:04.540Z</time>
      </trkpt>
      <trkpt lat="46.313902" lon="7.965131">
        <ele>667.129595</ele>
        <time>2026-01-16T01:33:33.751Z</time>
      </trkpt>
      <trkpt lat="46.313162" lon="7.963057">
        <ele>668.031234</ele>
        <time>2026-01-16T01:34:08.498Z</time>
      </trkpt>
      <trkpt lat="46.312274" lon="7.961014">
        <ele>665.872718</ele>
        <time>2026-01-16T01:34:26.279Z</time>
      </trkpt>
      <trkpt lat="46.311842" lon="7.959652">
        <ele>665.171276</ele>
        <time>2026-01-16T01:34:39.155Z</time>
      </trkpt>
      <trkpt lat="46.311326" lon="7.957782">
        <ele>665.280153</ele>
        <time>2026-01-16T01:35:01.930Z</time>
      </trkpt>
      <trkpt lat="46.310798" lon="7.956052">
        <ele>665.943290</ele>
        <time>2026-01-16T01:35:25.963Z</time>
      </trkpt>
      <trkpt lat="46.310403" lon="7.954960">
        <ele>665.822727</ele>
        <time>2026-01-16T01:35:43.241Z</time>
      </trkpt>
      <trkpt lat="46.310062" lon="7.954135">
        <ele>665.728692</ele>
        <time>2026-01-16T01:35:50.479Z</time>
      </trkpt>
      <trkpt lat="46.309777" lon="7.953552">
        <ele>664.497916</ele>
        <time>2026-01-16T01:35:55.705Z</time>
      </trkpt>
      <trkpt lat="46.309522" lon="7.953007">
        <ele>663.356196</ele>
        <time>2026-01-16T01:36:00.282Z</time>
      </trkpt>
      <trkpt lat="46.308871" lon="7.951963">
        <ele>661.111989</ele>
        <time>2026-01-16T01:36:10.366Z</time>
      </trkpt>
      <trkpt lat="46.308356" lon="7.951116">
        <ele>660.449363</ele>
        <time>2026-01-16T01:36:20.744Z</time>
      </trkpt>
      <trkpt lat="46.308149" lon="7.950676">
        <ele>660.136746</ele>
        <time>2026-01-16T01:36:25.601Z</time>
      </trkpt>
      <trkpt lat="46.307690" lon="7.949471">
        <ele>659.575266</ele>
        <time>2026-01-16T01:36:38.264Z</time>
      </trkpt>
      <trkpt lat="46.307260" lon="7.948054">
        <ele>659.299143</ele>
        <time>2026-01-16T01:36:52.751Z</time>
      </trkpt>
      <trkpt lat="46.306507" lon="7.945407">
        <ele>659.753088</ele>
        <time>2026-01-16T01:37:23.624Z</time>
      </trkpt>
      <trkpt lat="46.305813" lon="7.942997">
        <ele>660.942157</ele>
        <time>2026-01-16T01:37:58.422Z</time>
      </trkpt>
      <trkpt lat="46.305774" lon="7.942859">
        <ele>661.012853</ele>
        <time>2026-01-16T01:37:59.774Z</time>
      </trkpt>
      <trkpt lat="46.305447" lon="7.941755">
        <ele>659.981055</ele>
        <time>2026-01-16T01:38:09.912Z</time>
      </trkpt>
      <trkpt lat="46.304944" lon="7.940589">
        <ele>658.741147</ele>
        <time>2026-01-16T01:38:20.364Z</time>
      </trkpt>
      <trkpt lat="46.304848" lon="7.940393">
        <ele>658.518028</ele>
        <time>2026-01-16T01:38:22.213Z</time>
      </trkpt>
      <trkpt lat="46.304323" lon="7.939553">
        <ele>657.454831</ele>
        <time>2026-01-16T01:38:31.109Z</time>
      </trkpt>
      <trkpt lat="46.303854" lon="7.938820">
        <ele>656.517083</ele>
        <time>2026-01-16T01:38:39.126Z</time>
      </trkpt>
      <trkpt lat="46.301665" lon="7.935369">
        <ele>655.027619</ele>
        <time>2026-01-16T01:39:22.935Z</time>
      </trkpt>
      <trkpt lat="46.300856" lon="7.934056">
        <ele>654.655104</ele>
        <time>2026-01-16T01:39:40.430Z</time>
      </trkpt>
      <trkpt lat="46.300680" lon="7.933701">
        <ele>654.560384</ele>
        <time>2026-01-16T01:39:44.565Z</time>
      </trkpt>
      <trkpt lat="46.300386" lon="7.932939">
        <ele>654.371185</ele>
        <time>2026-01-16T01:39:52.596Z</time>
      </trkpt>
      <trkpt lat="46.300196" lon="7.932482">
        <ele>654.262464</ele>
        <time>2026-01-16T01:39:57.433Z</time>
      </trkpt>
      <trkpt lat="46.299751" lon="7.931410">
        <ele>654.039274</ele>
        <time>2026-01-16T01:40:09.371Z</time>
      </trkpt>
      <trkpt lat="46.299369" lon="7.930355">
        <ele>653.825136</ele>
        <time>2026-01-16T01:40:21.486Z</time>
      </trkpt>
      <trkpt lat="46.299379" lon="7.930192">
        <ele>653.782053</ele>
        <time>2026-01-16T01:40:23.047Z</time>
      </trkpt>
      <trkpt lat="46.299327" lon="7.930006">
        <ele>653.729227</ele>
        <time>2026-01-16T01:40:24.976Z</time>
      </trkpt>
      <trkpt lat="46.299090" lon="7.929541">
        <ele>653.577097</ele>
        <time>2026-01-16T01:40:30.466Z</time>
      </trkpt>
      <trkpt lat="46.299000" lon="7.929266">
        <ele>653.496984</ele>
        <time>2026-01-16T01:40:33.290Z</time>
      </trkpt>
      <trkpt lat="46.298903" lon="7.928822">
        <ele>653.374385</ele>
        <time>2026-01-16T01:40:37.537Z</time>
      </trkpt>
      <trkpt lat="46.298680" lon="7.927670">
        <ele>653.076324</ele>
        <time>2026-01-16T01:40:48.389Z</time>
      </trkpt>
      <trkpt lat="46.298594" lon="7.927075">
        <ele>652.948057</ele>
        <time>2026-01-16T01:40:54.259Z</time>
      </trkpt>
      <trkpt lat="46.298484" lon="7.926006">
        <ele>652.720002</ele>
        <time>2026-01-16T01:41:04.882Z</time>
      </trkpt>
      <trkpt lat="46.297883" lon="7.919299">
        <ele>650.818484</ele>
        <time>2026-01-16T01:42:07.603Z</time>
      </trkpt>
      <trkpt lat="46.297873" lon="7.919175">
        <ele>650.794176</ele>
        <time>2026-01-16T01:42:08.807Z</time>
      </trkpt>
      <trkpt lat="46.297908" lon="7.919070">
        <ele>650.771476</ele>
        <time>2026-01-16T01:42:09.927Z</time>
      </trkpt>
      <trkpt lat="46.297960" lon="7.919020">
        <ele>650.753882</ele>
        <time>2026-01-16T01:42:10.807Z</time>
      </trkpt>
      <trkpt lat="46.298169" lon="7.918947">
        <ele>650.693291</ele>
        <time>2026-01-16T01:42:13.797Z</time>
      </trkpt>
      <trkpt lat="46.298231" lon="7.918882">
        <ele>650.671715</ele>
        <time>2026-01-16T01:42:14.887Z</time>
      </trkpt>
      <trkpt lat="46.298255" lon="7.918679">
        <ele>650.631614</ele>
        <time>2026-01-16T01:42:16.891Z</time>
      </trkpt>
      <trkpt lat="46.298065" lon="7.916570">
        <ele>650.237202</ele>
        <time>2026-01-16T01:42:37.790Z</time>
      </trkpt>
      <trkpt lat="46.297936" lon="7.914787">
        <ele>649.908960</ele>
        <time>2026-01-16T01:42:54.557Z</time>
      </trkpt>
      <trkpt lat="46.297818" lon="7.913769">
        <ele>649.716253</ele>
        <time>2026-01-16T01:43:04.078Z</time>
      </trkpt>
      <trkpt lat="46.297286" lon="7.907828">
        <ele>649.705316</ele>
        <time>2026-01-16T01:44:06.001Z</time>
      </trkpt>
      <trkpt lat="46.297064" lon="7.905746">
        <ele>649.591233</ele>
        <time>2026-01-16T01:44:27.986Z</time>
      </trkpt>
      <trkpt lat="46.297035" lon="7.905454">
        <ele>649.573246</ele>
        <time>2026-01-16T01:44:30.874Z</time>
      </trkpt>
      <trkpt lat="46.296688" lon="7.901593">
        <ele>648.542818</ele>
        <time>2026-01-16T01:45:06.596Z</time>
      </trkpt>
      <trkpt lat="46.296665" lon="7.900621">
        <ele>648.359913</ele>
        <time>2026-01-16T01:45:16.085Z</time>
      </trkpt>
      <trkpt lat="46.296669" lon="7.900441">
        <ele>648.326045</ele>
        <time>2026-01-16T01:45:17.881Z</time>
      </trkpt>
      <trkpt lat="46.296702" lon="7.899645">
        <ele>648.157127</ele>
        <time>2026-01-16T01:45:25.891Z</time>
      </trkpt>
      <trkpt lat="46.296796" lon="7.898770">
        <ele>647.932071</ele>
        <time>2026-01-16T01:45:34.483Z</time>
      </trkpt>
      <trkpt lat="46.296945" lon="7.897867">
        <ele>647.696118</ele>
        <time>2026-01-16T01:45:42.991Z</time>
      </trkpt>
      <trkpt lat="46.297143" lon="7.897044">
        <ele>647.471164</ele>
        <time>2026-01-16T01:45:50.757Z</time>
      </trkpt>
      <trkpt lat="46.297377" lon="7.896296">
        <ele>647.254756</ele>
        <time>2026-01-16T01:45:58.134Z</time>
      </trkpt>
      <trkpt lat="46.297703" lon="7.895446">
        <ele>646.998531</ele>
        <time>2026-01-16T01:46:07.376Z</time>
      </trkpt>
      <trkpt lat="46.298020" lon="7.894781">
        <ele>646.898848</ele>
        <time>2026-01-16T01:46:15.642Z</time>
      </trkpt>
      <trkpt lat="46.298200" lon="7.894534">
        <ele>646.915077</ele>
        <time>2026-01-16T01:46:19.474Z</time>
      </trkpt>
      <trkpt lat="46.298289" lon="7.894455">
        <ele>646.921908</ele>
        <time>2026-01-16T01:46:21.114Z</time>
      </trkpt>
      <trkpt lat="46.298521" lon="7.894327">
        <ele>646.938153</ele>
        <time>2026-01-16T01:46:25.012Z</time>
      </trkpt>
      <trkpt lat="46.299033" lon="7.894268">
        <ele>646.971759</ele>
        <time>2026-01-16T01:46:32.675Z</time>
      </trkpt>
      <trkpt lat="46.299393" lon="7.894100">
        <ele>646.996507</ele>
        <time>2026-01-16T01:46:38.277Z</time>
      </trkpt>
      <trkpt lat="46.299950" lon="7.893642">
        <ele>647.094821</ele>
        <time>2026-01-16T01:46:47.762Z</time>
      </trkpt>
      <trkpt lat="46.300399" lon="7.893257">
        <ele>647.179026</ele>
        <time>2026-01-16T01:46:55.478Z</time>
      </trkpt>
      <trkpt lat="46.300456" lon="7.893207">
        <ele>647.189780</ele>
        <time>2026-01-16T01:46:56.438Z</time>
      </trkpt>
      <trkpt lat="46.301403" lon="7.892381">
        <ele>647.412892</ele>
        <time>2026-01-16T01:47:14.902Z</time>
      </trkpt>
      <trkpt lat="46.301548" lon="7.892215">
        <ele>647.459818</ele>
        <time>2026-01-16T01:47:18.019Z</time>
      </trkpt>
      <trkpt lat="46.301597" lon="7.892140">
        <ele>647.477919</ele>
        <time>2026-01-16T01:47:19.224Z</time>
      </trkpt>
      <trkpt lat="46.301636" lon="7.892047">
        <ele>647.496997</ele>
        <time>2026-01-16T01:47:20.458Z</time>
      </trkpt>
      <trkpt lat="46.301655" lon="7.891961">
        <ele>647.512831</ele>
        <time>2026-01-16T01:47:21.537Z</time>
      </trkpt>
      <trkpt lat="46.301668" lon="7.891888">
        <ele>647.526051</ele>
        <time>2026-01-16T01:47:22.366Z</time>
      </trkpt>
      <trkpt lat="46.302133" lon="7.886547">
        <ele>647.851087</ele>
        <time>2026-01-16T01:48:18.527Z</time>
      </trkpt>
      <trkpt lat="46.302334" lon="7.884030">
        <ele>647.262423</ele>
        <time>2026-01-16T01:48:44.116Z</time>
      </trkpt>
      <trkpt lat="46.302387" lon="7.881744">
        <ele>645.980923</ele>
        <time>2026-01-16T01:49:02.767Z</time>
      </trkpt>
      <trkpt lat="46.302366" lon="7.881557">
        <ele>645.845755</ele>
        <time>2026-01-16T01:49:04.320Z</time>
      </trkpt>
      <trkpt lat="46.302433" lon="7.881523">
        <ele>645.772433</ele>
        <time>2026-01-16T01:49:05.557Z</time>
      </trkpt>
      <trkpt lat="46.302563" lon="7.880647">
        <ele>645.133184</ele>
        <time>2026-01-16T01:49:13.180Z</time>
      </trkpt>
      <trkpt lat="46.302615" lon="7.880462">
        <ele>644.990688</ele>
        <time>2026-01-16T01:49:14.950Z</time>
      </trkpt>
      <trkpt lat="46.302811" lon="7.878968">
        <ele>644.506757</ele>
        <time>2026-01-16T01:49:28.613Z</time>
      </trkpt>
      <trkpt lat="46.302899" lon="7.877817">
        <ele>644.163699</ele>
        <time>2026-01-16T01:49:39.739Z</time>
      </trkpt>
      <trkpt lat="46.302902" lon="7.876975">
        <ele>644.213505</ele>
        <time>2026-01-16T01:49:48.351Z</time>
      </trkpt>
      <trkpt lat="46.302967" lon="7.874788">
        <ele>644.327745</ele>
        <time>2026-01-16T01:50:12.027Z</time>
      </trkpt>
      <trkpt lat="46.303026" lon="7.872817">
        <ele>644.355989</ele>
        <time>2026-01-16T01:50:32.267Z</time>
      </trkpt>
      <trkpt lat="46.303052" lon="7.871932">
        <ele>644.456008</ele>
        <time>2026-01-16T01:50:41.019Z</time>
      </trkpt>
      <trkpt lat="46.303313" lon="7.870885">
        <ele>644.615397</ele>
        <time>2026-01-16T01:50:52.474Z</time>
      </trkpt>
      <trkpt lat="46.303393" lon="7.870741">
        <ele>644.641857</ele>
        <time>2026-01-16T01:50:54.631Z</time>
      </trkpt>
      <trkpt lat="46.303363" lon="7.870583">
        <ele>644.665321</ele>
        <time>2026-01-16T01:50:57.180Z</time>
      </trkpt>
      <trkpt lat="46.303318" lon="7.870528">
        <ele>644.677529</ele>
        <time>2026-01-16T01:50:58.509Z</time>
      </trkpt>
      <trkpt lat="46.303382" lon="7.870316">
        <ele>644.710658</ele>
        <time>2026-01-16T01:51:01.341Z</time>
      </trkpt>
      <trkpt lat="46.303459" lon="7.869845">
        <ele>644.935116</ele>
        <time>2026-01-16T01:51:07.333Z</time>
      </trkpt>
      <trkpt lat="46.303551" lon="7.869534">
        <ele>645.139566</ele>
        <time>2026-01-16T01:51:11.522Z</time>
      </trkpt>
      <trkpt lat="46.303968" lon="7.868577">
        <ele>645.823333</ele>
        <time>2026-01-16T01:51:26.292Z</time>
      </trkpt>
      <trkpt lat="46.304101" lon="7.868170">
        <ele>646.095419</ele>
        <time>2026-01-16T01:51:32.414Z</time>
      </trkpt>
      <trkpt lat="46.304226" lon="7.867789">
        <ele>646.317444</ele>
        <time>2026-01-16T01:51:37.575Z</time>
      </trkpt>
      <trkpt lat="46.304451" lon="7.867083">
        <ele>646.445077</ele>
        <time>2026-01-16T01:51:46.912Z</time>
      </trkpt>
      <trkpt lat="46.304648" lon="7.866537">
        <ele>646.546195</ele>
        <time>2026-01-16T01:51:54.262Z</time>
      </trkpt>
      <trkpt lat="46.304853" lon="7.866075">
        <ele>646.636331</ele>
        <time>2026-01-16T01:52:00.267Z</time>
      </trkpt>
      <trkpt lat="46.305110" lon="7.865644">
        <ele>646.729794</ele>
        <time>2026-01-16T01:52:05.461Z</time>
      </trkpt>
      <trkpt lat="46.305145" lon="7.865588">
        <ele>646.675993</ele>
        <time>2026-01-16T01:52:06.118Z</time>
      </trkpt>
      <trkpt lat="46.305193" lon="7.865512">
        <ele>646.576374</ele>
        <time>2026-01-16T01:52:07.001Z</time>
      </trkpt>
      <trkpt lat="46.305202" lon="7.865497">
        <ele>646.557154</ele>
        <time>2026-01-16T01:52:07.185Z</time>
      </trkpt>
      <trkpt lat="46.305427" lon="7.865188">
        <ele>646.122829</ele>
        <time>2026-01-16T01:52:10.989Z</time>
      </trkpt>
      <trkpt lat="46.305637" lon="7.864953">
        <ele>645.751121</ele>
        <time>2026-01-16T01:52:14.116Z</time>
      </trkpt>
      <trkpt lat="46.305765" lon="7.864827">
        <ele>645.534354</ele>
        <time>2026-01-16T01:52:15.896Z</time>
      </trkpt>
      <trkpt lat="46.305684" lon="7.864747">
        <ele>645.397037</ele>
        <time>2026-01-16T01:52:16.999Z</time>
      </trkpt>
      <trkpt lat="46.305560" lon="7.864839">
        <ele>645.201909</ele>
        <time>2026-01-16T01:52:18.524Z</time>
      </trkpt>
      <trkpt lat="46.305276" lon="7.864325">
        <ele>644.565178</ele>
        <time>2026-01-16T01:52:23.507Z</time>
      </trkpt>
      <trkpt lat="46.305135" lon="7.864055">
        <ele>644.237743</ele>
        <time>2026-01-16T01:52:26.116Z</time>
      </trkpt>
      <trkpt lat="46.304937" lon="7.863596">
        <ele>643.909375</ele>
        <time>2026-01-16T01:52:30.377Z</time>
      </trkpt>
      <trkpt lat="46.304556" lon="7.862744">
        <ele>643.311047</ele>
        <time>2026-01-16T01:52:38.979Z</time>
      </trkpt>
      <trkpt lat="46.304256" lon="7.862132">
        <ele>642.868652</ele>
        <time>2026-01-16T01:52:46.088Z</time>
      </trkpt>
      <trkpt lat="46.304038" lon="7.861648">
        <ele>642.659218</ele>
        <time>2026-01-16T01:52:51.859Z</time>
      </trkpt>
      <trkpt lat="46.304021" lon="7.861570">
        <ele>642.652931</ele>
        <time>2026-01-16T01:52:52.642Z</time>
      </trkpt>
      <trkpt lat="46.303842" lon="7.861219">
        <ele>642.619400</ele>
        <time>2026-01-16T01:52:57.001Z</time>
      </trkpt>
      <trkpt lat="46.303735" lon="7.860876">
        <ele>642.590474</ele>
        <time>2026-01-16T01:53:00.808Z</time>
      </trkpt>
      <trkpt lat="46.303682" lon="7.860437">
        <ele>642.556221</ele>
        <time>2026-01-16T01:53:05.251Z</time>
      </trkpt>
      <trkpt lat="46.303591" lon="7.858979">
        <ele>642.432316</ele>
        <time>2026-01-16T01:53:19.539Z</time>
      </trkpt>
      <trkpt lat="46.303564" lon="7.858704">
        <ele>642.404035</ele>
        <time>2026-01-16T01:53:22.517Z</time>
      </trkpt>
      <trkpt lat="46.303536" lon="7.858620">
        <ele>642.394539</ele>
        <time>2026-01-16T01:53:23.516Z</time>
      </trkpt>
      <trkpt lat="46.303462" lon="7.858551">
        <ele>642.381565</ele>
        <time>2026-01-16T01:53:24.881Z</time>
      </trkpt>
      <trkpt lat="46.302954" lon="7.858199">
        <ele>642.298560</ele>
        <time>2026-01-16T01:53:33.356Z</time>
      </trkpt>
      <trkpt lat="46.302896" lon="7.858166">
        <ele>642.289375</ele>
        <time>2026-01-16T01:53:34.310Z</time>
      </trkpt>
      <trkpt lat="46.302873" lon="7.858207">
        <ele>642.283997</ele>
        <time>2026-01-16T01:53:34.826Z</time>
      </trkpt>
      <trkpt lat="46.302817" lon="7.858294">
        <ele>642.271890</ele>
        <time>2026-01-16T01:53:35.989Z</time>
      </trkpt>
      <trkpt lat="46.302645" lon="7.858816">
        <ele>642.210911</ele>
        <time>2026-01-16T01:53:41.542Z</time>
      </trkpt>
      <trkpt lat="46.302563" lon="7.858847">
        <ele>642.160198</ele>
        <time>2026-01-16T01:53:42.688Z</time>
      </trkpt>
      <trkpt lat="46.302319" lon="7.858655">
        <ele>641.994015</ele>
        <time>2026-01-16T01:53:46.285Z</time>
      </trkpt>
      <trkpt lat="46.302241" lon="7.858583">
        <ele>641.938659</ele>
        <time>2026-01-16T01:53:47.494Z</time>
      </trkpt>
      <trkpt lat="46.302115" lon="7.858407">
        <ele>641.833883</ele>
        <time>2026-01-16T01:53:49.741Z</time>
      </trkpt>
      <trkpt lat="46.302060" lon="7.858234">
        <ele>641.755158</ele>
        <time>2026-01-16T01:53:51.404Z</time>
      </trkpt>
      <trkpt lat="46.302041" lon="7.858022">
        <ele>641.666784</ele>
        <time>2026-01-16T01:53:53.269Z</time>
      </trkpt>
      <trkpt lat="46.302055" lon="7.857753">
        <ele>641.555267</ele>
        <time>2026-01-16T01:53:55.596Z</time>
      </trkpt>
      <trkpt lat="46.302008" lon="7.857473">
        <ele>641.436150</ele>
        <time>2026-01-16T01:53:58.063Z</time>
      </trkpt>
      <trkpt lat="46.302002" lon="7.857442">
        <ele>641.422841</ele>
        <time>2026-01-16T01:53:58.348Z</time>
      </trkpt>
      <trkpt lat="46.302207" lon="7.857261">
        <ele>641.279155</ele>
        <time>2026-01-16T01:54:01.438Z</time>
      </trkpt>
      <trkpt lat="46.302347" lon="7.856985">
        <ele>641.137607</ele>
        <time>2026-01-16T01:54:04.534Z</time>
      </trkpt>
      <trkpt lat="46.302598" lon="7.856281">
        <ele>641.005997</ele>
        <time>2026-01-16T01:54:11.892Z</time>
      </trkpt>
      <trkpt lat="46.302661" lon="7.855989">
        <ele>640.955220</ele>
        <time>2026-01-16T01:54:14.840Z</time>
      </trkpt>
      <trkpt lat="46.302848" lon="7.855434">
        <ele>640.852723</ele>
        <time>2026-01-16T01:54:20.851Z</time>
      </trkpt>
      <trkpt lat="46.302887" lon="7.855170">
        <ele>640.807911</ele>
        <time>2026-01-16T01:54:23.555Z</time>
      </trkpt>
      <trkpt lat="46.302836" lon="7.854226">
        <ele>640.657579</ele>
        <time>2026-01-16T01:54:33.394Z</time>
      </trkpt>
      <trkpt lat="46.302820" lon="7.854069">
        <ele>640.634542</ele>
        <time>2026-01-16T01:54:35.058Z</time>
      </trkpt>
      <trkpt lat="46.302790" lon="7.854044">
        <ele>640.627268</ele>
        <time>2026-01-16T01:54:35.591Z</time>
      </trkpt>
      <trkpt lat="46.301983" lon="7.854121">
        <ele>640.457328</ele>
        <time>2026-01-16T01:54:47.275Z</time>
      </trkpt>
      <trkpt lat="46.301856" lon="7.853586">
        <ele>640.375207</ele>
        <time>2026-01-16T01:54:52.499Z</time>
      </trkpt>
      <trkpt lat="46.301699" lon="7.853285">
        <ele>640.310767</ele>
        <time>2026-01-16T01:54:55.919Z</time>
      </trkpt>
      <trkpt lat="46.301582" lon="7.852930">
        <ele>640.173126</ele>
        <time>2026-01-16T01:54:59.438Z</time>
      </trkpt>
      <trkpt lat="46.301499" lon="7.852762">
        <ele>640.100850</ele>
        <time>2026-01-16T01:55:01.262Z</time>
      </trkpt>
      <trkpt lat="46.301307" lon="7.852563">
        <ele>639.981235</ele>
        <time>2026-01-16T01:55:04.256Z</time>
      </trkpt>
      <trkpt lat="46.300593" lon="7.851950">
        <ele>639.560738</ele>
        <time>2026-01-16T01:55:15.029Z</time>
      </trkpt>
      <trkpt lat="46.300021" lon="7.851415">
        <ele>639.429050</ele>
        <time>2026-01-16T01:55:24.843Z</time>
      </trkpt>
      <trkpt lat="46.299648" lon="7.851034">
        <ele>639.443803</ele>
        <time>2026-01-16T01:55:31.632Z</time>
      </trkpt>
      <trkpt lat="46.298644" lon="7.849860">
        <ele>639.549988</ele>
        <time>2026-01-16T01:55:51.672Z</time>
      </trkpt>
      <trkpt lat="46.298322" lon="7.849531">
        <ele>639.636516</ele>
        <time>2026-01-16T01:55:58.050Z</time>
      </trkpt>
      <trkpt lat="46.298491" lon="7.847086">
        <ele>639.598451</ele>
        <time>2026-01-16T01:56:24.504Z</time>
      </trkpt>
      <trkpt lat="46.298889" lon="7.841858">
        <ele>637.550501</ele>
        <time>2026-01-16T01:57:10.532Z</time>
      </trkpt>
      <trkpt lat="46.299065" lon="7.839464">
        <ele>637.052013</ele>
        <time>2026-01-16T01:57:35.534Z</time>
      </trkpt>
      <trkpt lat="46.299645" lon="7.832065">
        <ele>635.148940</ele>
        <time>2026-01-16T01:58:44.481Z</time>
      </trkpt>
      <trkpt lat="46.299678" lon="7.831940">
        <ele>635.143029</ele>
        <time>2026-01-16T01:58:45.751Z</time>
      </trkpt>
      <trkpt lat="46.299754" lon="7.831894">
        <ele>635.137762</ele>
        <time>2026-01-16T01:58:46.896Z</time>
      </trkpt>
      <trkpt lat="46.300436" lon="7.832025">
        <ele>635.093774</ele>
        <time>2026-01-16T01:58:56.994Z</time>
      </trkpt>
      <trkpt lat="46.301196" lon="7.832111">
        <ele>635.061581</ele>
        <time>2026-01-16T01:59:08.854Z</time>
      </trkpt>
      <trkpt lat="46.301332" lon="7.829655">
        <ele>635.193542</ele>
        <time>2026-01-16T01:59:34.826Z</time>
      </trkpt>
      <trkpt lat="46.301476" lon="7.827140">
        <ele>634.741702</ele>
        <time>2026-01-16T01:59:58.808Z</time>
      </trkpt>
      <trkpt lat="46.301514" lon="7.826462">
        <ele>634.712565</ele>
        <time>2026-01-16T02:00:05.400Z</time>
      </trkpt>
      <trkpt lat="46.301730" lon="7.824280">
        <ele>634.696430</ele>
        <time>2026-01-16T02:00:27.970Z</time>
      </trkpt>
      <trkpt lat="46.300260" lon="7.823880">
        <ele>635.128200</ele>
        <time>2026-01-16T02:00:52.006Z</time>
      </trkpt>
      <trkpt lat="46.300160" lon="7.823853">
        <ele>635.157565</ele>
        <time>2026-01-16T02:00:53.639Z</time>
      </trkpt>
      <trkpt lat="46.300082" lon="7.823831">
        <ele>635.179413</ele>
        <time>2026-01-16T02:00:55.004Z</time>
      </trkpt>
      <trkpt lat="46.300210" lon="7.822608">
        <ele>635.399444</ele>
        <time>2026-01-16T02:01:09.045Z</time>
      </trkpt>
      <trkpt lat="46.300342" lon="7.821507">
        <ele>635.598219</ele>
        <time>2026-01-16T02:01:20.613Z</time>
      </trkpt>
      <trkpt lat="46.300372" lon="7.821301">
        <ele>635.635610</ele>
        <time>2026-01-16T02:01:22.966Z</time>
      </trkpt>
      <trkpt lat="46.300483" lon="7.820485">
        <ele>635.779582</ele>
        <time>2026-01-16T02:01:32.484Z</time>
      </trkpt>
      <trkpt lat="46.300572" lon="7.819872">
        <ele>635.888018</ele>
        <time>2026-01-16T02:01:39.499Z</time>
      </trkpt>
      <trkpt lat="46.300740" lon="7.818781">
        <ele>636.081519</ele>
        <time>2026-01-16T02:01:51.779Z</time>
      </trkpt>
      <trkpt lat="46.300919" lon="7.817655">
        <ele>635.813318</ele>
        <time>2026-01-16T02:02:03.048Z</time>
      </trkpt>
      <trkpt lat="46.302192" lon="7.809579">
        <ele>634.103615</ele>
        <time>2026-01-16T02:03:20.619Z</time>
      </trkpt>
      <trkpt lat="46.302254" lon="7.809197">
        <ele>634.073266</ele>
        <time>2026-01-16T02:03:24.945Z</time>
      </trkpt>
      <trkpt lat="46.302376" lon="7.808427">
        <ele>634.029534</ele>
        <time>2026-01-16T02:03:33.591Z</time>
      </trkpt>
      <trkpt lat="46.302485" lon="7.807715">
        <ele>634.039084</ele>
        <time>2026-01-16T02:03:41.455Z</time>
      </trkpt>
      <trkpt lat="46.302652" lon="7.806670">
        <ele>634.053130</ele>
        <time>2026-01-16T02:03:52.322Z</time>
      </trkpt>
      <trkpt lat="46.303105" lon="7.803784">
        <ele>634.177300</ele>
        <time>2026-01-16T02:04:21.820Z</time>
      </trkpt>
      <trkpt lat="46.303135" lon="7.803593">
        <ele>634.186984</ele>
        <time>2026-01-16T02:04:24.091Z</time>
      </trkpt>
      <trkpt lat="46.303286" lon="7.802617">
        <ele>634.710391</ele>
        <time>2026-01-16T02:04:36.669Z</time>
      </trkpt>
      <trkpt lat="46.303406" lon="7.801832">
        <ele>635.154473</ele>
        <time>2026-01-16T02:04:48.035Z</time>
      </trkpt>
      <trkpt lat="46.303468" lon="7.801437">
        <ele>635.378210</ele>
        <time>2026-01-16T02:04:53.473Z</time>
      </trkpt>
      <trkpt lat="46.303542" lon="7.801005">
        <ele>635.624050</ele>
        <time>2026-01-16T02:04:58.718Z</time>
      </trkpt>
      <trkpt lat="46.303573" lon="7.801007">
        <ele>635.612169</ele>
        <time>2026-01-16T02:04:59.165Z</time>
      </trkpt>
      <trkpt lat="46.303612" lon="7.800986">
        <ele>635.587173</ele>
        <time>2026-01-16T02:04:59.823Z</time>
      </trkpt>
      <trkpt lat="46.303648" lon="7.800910">
        <ele>635.548932</ele>
        <time>2026-01-16T02:05:00.825Z</time>
      </trkpt>
      <trkpt lat="46.303634" lon="7.800806">
        <ele>635.504962</ele>
        <time>2026-01-16T02:05:01.914Z</time>
      </trkpt>
      <trkpt lat="46.303583" lon="7.800757">
        <ele>635.468191</ele>
        <time>2026-01-16T02:05:02.849Z</time>
      </trkpt>
      <trkpt lat="46.303659" lon="7.800261">
        <ele>635.257355</ele>
        <time>2026-01-16T02:05:07.853Z</time>
      </trkpt>
      <trkpt lat="46.303692" lon="7.800049">
        <ele>635.167172</ele>
        <time>2026-01-16T02:05:09.851Z</time>
      </trkpt>
      <trkpt lat="46.303887" lon="7.798752">
        <ele>634.616335</ele>
        <time>2026-01-16T02:05:20.739Z</time>
      </trkpt>
      <trkpt lat="46.303971" lon="7.798021">
        <ele>634.272553</ele>
        <time>2026-01-16T02:05:26.919Z</time>
      </trkpt>
      <trkpt lat="46.304069" lon="7.796520">
        <ele>633.551825</ele>
        <time>2026-01-16T02:05:40.415Z</time>
      </trkpt>
      <trkpt lat="46.304105" lon="7.795926">
        <ele>633.307174</ele>
        <time>2026-01-16T02:05:46.088Z</time>
      </trkpt>
      <trkpt lat="46.304118" lon="7.795716">
        <ele>633.319264</ele>
        <time>2026-01-16T02:05:48.065Z</time>
      </trkpt>
      <trkpt lat="46.304156" lon="7.795089">
        <ele>633.355357</ele>
        <time>2026-01-16T02:05:53.945Z</time>
      </trkpt>
      <trkpt lat="46.304199" lon="7.794368">
        <ele>633.396855</ele>
        <time>2026-01-16T02:06:01.400Z</time>
      </trkpt>
      <trkpt lat="46.304233" lon="7.793774">
        <ele>633.431034</ele>
        <time>2026-01-16T02:06:08.320Z</time>
      </trkpt>
      <trkpt lat="46.304258" lon="7.793344">
        <ele>633.445125</ele>
        <time>2026-01-16T02:06:13.493Z</time>
      </trkpt>
      <trkpt lat="46.304274" lon="7.793073">
        <ele>633.414972</ele>
        <time>2026-01-16T02:06:16.812Z</time>
      </trkpt>
      <trkpt lat="46.304300" lon="7.792689">
        <ele>633.372197</ele>
        <time>2026-01-16T02:06:21.412Z</time>
      </trkpt>
      <trkpt lat="46.304305" lon="7.792584">
        <ele>633.360529</ele>
        <time>2026-01-16T02:06:22.652Z</time>
      </trkpt>
      <trkpt lat="46.304343" lon="7.791920">
        <ele>633.286665</ele>
        <time>2026-01-16T02:06:29.363Z</time>
      </trkpt>
      <trkpt lat="46.304363" lon="7.791583">
        <ele>633.249167</ele>
        <time>2026-01-16T02:06:32.443Z</time>
      </trkpt>
      <trkpt lat="46.304367" lon="7.791534">
        <ele>633.243697</ele>
        <time>2026-01-16T02:06:32.894Z</time>
      </trkpt>
      <trkpt lat="46.304377" lon="7.791386">
        <ele>633.227211</ele>
        <time>2026-01-16T02:06:34.198Z</time>
      </trkpt>
      <trkpt lat="46.304407" lon="7.790884">
        <ele>633.171351</ele>
        <time>2026-01-16T02:06:38.557Z</time>
      </trkpt>
      <trkpt lat="46.304487" lon="7.790537">
        <ele>633.135532</ele>
        <time>2026-01-16T02:06:41.678Z</time>
      </trkpt>
      <trkpt lat="46.304531" lon="7.790494">
        <ele>633.128245</ele>
        <time>2026-01-16T02:06:42.320Z</time>
      </trkpt>
      <trkpt lat="46.304567" lon="7.790350">
        <ele>633.113726</ele>
        <time>2026-01-16T02:06:43.616Z</time>
      </trkpt>
      <trkpt lat="46.304543" lon="7.790252">
        <ele>633.103868</ele>
        <time>2026-01-16T02:06:44.481Z</time>
      </trkpt>
      <trkpt lat="46.304507" lon="7.790202">
        <ele>633.097020</ele>
        <time>2026-01-16T02:06:45.108Z</time>
      </trkpt>
      <trkpt lat="46.304472" lon="7.789741">
        <ele>633.053048</ele>
        <time>2026-01-16T02:06:49.001Z</time>
      </trkpt>
      <trkpt lat="46.304919" lon="7.782279">
        <ele>634.124594</ele>
        <time>2026-01-16T02:08:07.733Z</time>
      </trkpt>
      <trkpt lat="46.305033" lon="7.780300">
        <ele>637.228200</ele>
        <time>2026-01-16T02:08:44.257Z</time>
      </trkpt>
      <trkpt lat="46.305135" lon="7.778662">
        <ele>641.564454</ele>
        <time>2026-01-16T02:09:19.858Z</time>
      </trkpt>
      <trkpt lat="46.305177" lon="7.778109">
        <ele>643.031274</ele>
        <time>2026-01-16T02:09:31.427Z</time>
      </trkpt>
      <trkpt lat="46.305216" lon="7.777747">
        <ele>643.861854</ele>
        <time>2026-01-16T02:09:38.794Z</time>
      </trkpt>
      <trkpt lat="46.305386" lon="7.776457">
        <ele>646.388955</ele>
        <time>2026-01-16T02:10:05.983Z</time>
      </trkpt>
      <trkpt lat="46.305712" lon="7.774631">
        <ele>647.112645</ele>
        <time>2026-01-16T02:10:34.241Z</time>
      </trkpt>
      <trkpt lat="46.305982" lon="7.773171">
        <ele>644.431848</ele>
        <time>2026-01-16T02:10:44.236Z</time>
      </trkpt>
      <trkpt lat="46.306275" lon="7.771566">
        <ele>640.982325</ele>
        <time>2026-01-16T02:10:55.131Z</time>
      </trkpt>
      <trkpt lat="46.306482" lon="7.770292">
        <ele>638.246907</ele>
        <time>2026-01-16T02:11:05.690Z</time>
      </trkpt>
      <trkpt lat="46.307004" lon="7.765828">
        <ele>634.708952</ele>
        <time>2026-01-16T02:11:42.624Z</time>
      </trkpt>
      <trkpt lat="46.307071" lon="7.765152">
        <ele>634.330686</ele>
        <time>2026-01-16T02:11:48.682Z</time>
      </trkpt>
      <trkpt lat="46.307176" lon="7.763404">
        <ele>635.150294</ele>
        <time>2026-01-16T02:12:10.353Z</time>
      </trkpt>
      <trkpt lat="46.307254" lon="7.761636">
        <ele>636.022272</ele>
        <time>2026-01-16T02:12:34.185Z</time>
      </trkpt>
      <trkpt lat="46.307240" lon="7.761258">
        <ele>636.216187</ele>
        <time>2026-01-16T02:12:37.950Z</time>
      </trkpt>
      <trkpt lat="46.307186" lon="7.760717">
        <ele>636.496203</ele>
        <time>2026-01-16T02:12:43.494Z</time>
      </trkpt>
      <trkpt lat="46.307054" lon="7.760003">
        <ele>636.933105</ele>
        <time>2026-01-16T02:12:50.933Z</time>
      </trkpt>
      <trkpt lat="46.305955" lon="7.755579">
        <ele>645.333011</ele>
        <time>2026-01-16T02:14:18.738Z</time>
      </trkpt>
      <trkpt lat="46.305837" lon="7.754975">
        <ele>645.658786</ele>
        <time>2026-01-16T02:14:29.501Z</time>
      </trkpt>
      <trkpt lat="46.305800" lon="7.754259">
        <ele>643.581971</ele>
        <time>2026-01-16T02:14:35.458Z</time>
      </trkpt>
      <trkpt lat="46.305847" lon="7.753706">
        <ele>641.970359</ele>
        <time>2026-01-16T02:14:39.119Z</time>
      </trkpt>
      <trkpt lat="46.305973" lon="7.753110">
        <ele>640.167512</ele>
        <time>2026-01-16T02:14:42.963Z</time>
      </trkpt>
      <trkpt lat="46.306238" lon="7.752322">
        <ele>637.659335</ele>
        <time>2026-01-16T02:14:48.272Z</time>
      </trkpt>
      <trkpt lat="46.306386" lon="7.752020">
        <ele>636.617771</ele>
        <time>2026-01-16T02:14:50.545Z</time>
      </trkpt>
      <trkpt lat="46.306492" lon="7.751911">
        <ele>636.088324</ele>
        <time>2026-01-16T02:14:51.736Z</time>
      </trkpt>
      <trkpt lat="46.306535" lon="7.751919">
        <ele>635.911788</ele>
        <time>2026-01-16T02:14:52.131Z</time>
      </trkpt>
      <trkpt lat="46.306597" lon="7.751892">
        <ele>635.648148</ele>
        <time>2026-01-16T02:14:52.733Z</time>
      </trkpt>
      <trkpt lat="46.306648" lon="7.751811">
        <ele>635.339860</ele>
        <time>2026-01-16T02:14:53.453Z</time>
      </trkpt>
      <trkpt lat="46.306654" lon="7.751660">
        <ele>634.914407</ele>
        <time>2026-01-16T02:14:54.466Z</time>
      </trkpt>
      <trkpt lat="46.306626" lon="7.751595">
        <ele>634.698930</ele>
        <time>2026-01-16T02:14:54.983Z</time>
      </trkpt>
      <trkpt lat="46.306587" lon="7.750950">
        <ele>632.877657</ele>
        <time>2026-01-16T02:14:59.843Z</time>
      </trkpt>
      <trkpt lat="46.306502" lon="7.750137">
        <ele>631.253179</ele>
        <time>2026-01-16T02:15:07.672Z</time>
      </trkpt>
      <trkpt lat="46.306403" lon="7.749181">
        <ele>631.135276</ele>
        <time>2026-01-16T02:15:17.496Z</time>
      </trkpt>
      <trkpt lat="46.306354" lon="7.748722">
        <ele>631.078629</ele>
        <time>2026-01-16T02:15:21.983Z</time>
      </trkpt>
      <trkpt lat="46.306344" lon="7.748627">
        <ele>631.066909</ele>
        <time>2026-01-16T02:15:22.923Z</time>
      </trkpt>
      <trkpt lat="46.306257" lon="7.747769">
        <ele>631.050684</ele>
        <time>2026-01-16T02:15:31.333Z</time>
      </trkpt>
      <trkpt lat="46.306276" lon="7.747544">
        <ele>631.458938</ele>
        <time>2026-01-16T02:15:33.772Z</time>
      </trkpt>
      <trkpt lat="46.306274" lon="7.747414">
        <ele>631.693133</ele>
        <time>2026-01-16T02:15:35.164Z</time>
      </trkpt>
      <trkpt lat="46.306266" lon="7.747398">
        <ele>631.728706</ele>
        <time>2026-01-16T02:15:35.384Z</time>
      </trkpt>
      <trkpt lat="46.306195" lon="7.747185">
        <ele>632.154657</ele>
        <time>2026-01-16T02:15:38.088Z</time>
      </trkpt>
      <trkpt lat="46.306103" lon="7.746588">
        <ele>633.256319</ele>
        <time>2026-01-16T02:15:46.493Z</time>
      </trkpt>
      <trkpt lat="46.305977" lon="7.745414">
        <ele>635.396133</ele>
        <time>2026-01-16T02:16:13.197Z</time>
      </trkpt>
      <trkpt lat="46.305936" lon="7.745024">
        <ele>636.187290</ele>
        <time>2026-01-16T02:16:22.636Z</time>
      </trkpt>
      <trkpt lat="46.305875" lon="7.744421">
        <ele>637.481464</ele>
        <time>2026-01-16T02:16:36.968Z</time>
      </trkpt>
      <trkpt lat="46.305794" lon="7.743607">
        <ele>639.227900</ele>
        <time>2026-01-16T02:16:55.081Z</time>
      </trkpt>
      <trkpt lat="46.305613" lon="7.741823">
        <ele>640.701021</ele>
        <time>2026-01-16T02:17:16.647Z</time>
      </trkpt>
      <trkpt lat="46.305544" lon="7.741409">
        <ele>640.466997</ele>
        <time>2026-01-16T02:17:20.034Z</time>
      </trkpt>
      <trkpt lat="46.305393" lon="7.740802">
        <ele>640.112478</ele>
        <time>2026-01-16T02:17:25.131Z</time>
      </trkpt>
      <trkpt lat="46.305246" lon="7.740309">
        <ele>639.817411</ele>
        <time>2026-01-16T02:17:29.308Z</time>
      </trkpt>
      <trkpt lat="46.305222" lon="7.740230">
        <ele>639.769987</ele>
        <time>2026-01-16T02:17:29.989Z</time>
      </trkpt>
      <trkpt lat="46.304712" lon="7.738476">
        <ele>637.619742</ele>
        <time>2026-01-16T02:17:44.864Z</time>
      </trkpt>
      <trkpt lat="46.304669" lon="7.738270">
        <ele>637.374723</ele>
        <time>2026-01-16T02:17:46.596Z</time>
      </trkpt>
      <trkpt lat="46.304721" lon="7.738226">
        <ele>637.275452</ele>
        <time>2026-01-16T02:17:47.246Z</time>
      </trkpt>
      <trkpt lat="46.304750" lon="7.738149">
        <ele>637.175599</ele>
        <time>2026-01-16T02:17:47.943Z</time>
      </trkpt>
      <trkpt lat="46.304728" lon="7.738010">
        <ele>637.013237</ele>
        <time>2026-01-16T02:17:49.034Z</time>
      </trkpt>
      <trkpt lat="46.304681" lon="7.737959">
        <ele>636.916427</ele>
        <time>2026-01-16T02:17:49.729Z</time>
      </trkpt>
      <trkpt lat="46.304622" lon="7.737950">
        <ele>636.818648</ele>
        <time>2026-01-16T02:17:50.420Z</time>
      </trkpt>
      <trkpt lat="46.304625" lon="7.737262">
        <ele>636.377465</ele>
        <time>2026-01-16T02:17:55.823Z</time>
      </trkpt>
      <trkpt lat="46.304746" lon="7.736626">
        <ele>635.966819</ele>
        <time>2026-01-16T02:18:01.149Z</time>
      </trkpt>
      <trkpt lat="46.305131" lon="7.735332">
        <ele>635.056699</ele>
        <time>2026-01-16T02:18:14.457Z</time>
      </trkpt>
      <trkpt lat="46.305199" lon="7.734946">
        <ele>634.705747</ele>
        <time>2026-01-16T02:18:18.774Z</time>
      </trkpt>
      <trkpt lat="46.305225" lon="7.734564">
        <ele>634.367573</ele>
        <time>2026-01-16T02:18:22.610Z</time>
      </trkpt>
      <trkpt lat="46.305196" lon="7.733941">
        <ele>633.817462</ele>
        <time>2026-01-16T02:18:28.146Z</time>
      </trkpt>
      <trkpt lat="46.304753" lon="7.729964">
        <ele>627.923347</ele>
        <time>2026-01-16T02:18:57.410Z</time>
      </trkpt>
      <trkpt lat="46.304721" lon="7.729680">
        <ele>627.588084</ele>
        <time>2026-01-16T02:18:59.547Z</time>
      </trkpt>
      <trkpt lat="46.304409" lon="7.726871">
        <ele>625.163268</ele>
        <time>2026-01-16T02:19:22.381Z</time>
      </trkpt>
      <trkpt lat="46.303765" lon="7.721157">
        <ele>624.276321</ele>
        <time>2026-01-16T02:20:22.180Z</time>
      </trkpt>
      <trkpt lat="46.303542" lon="7.719124">
        <ele>624.048838</ele>
        <time>2026-01-16T02:20:41.053Z</time>
      </trkpt>
      <trkpt lat="46.303374" lon="7.717503">
        <ele>623.917452</ele>
        <time>2026-01-16T02:20:58.119Z</time>
      </trkpt>
      <trkpt lat="46.302914" lon="7.713311">
        <ele>624.039353</ele>
        <time>2026-01-16T02:21:43.336Z</time>
      </trkpt>
      <trkpt lat="46.302683" lon="7.711174">
        <ele>624.014201</ele>
        <time>2026-01-16T02:22:03.045Z</time>
      </trkpt>
      <trkpt lat="46.302349" lon="7.708131">
        <ele>624.832456</ele>
        <time>2026-01-16T02:22:38.675Z</time>
      </trkpt>
      <trkpt lat="46.302254" lon="7.707228">
        <ele>625.258736</ele>
        <time>2026-01-16T02:22:50.473Z</time>
      </trkpt>
      <trkpt lat="46.302155" lon="7.706329">
        <ele>625.929779</ele>
        <time>2026-01-16T02:23:02.611Z</time>
      </trkpt>
      <trkpt lat="46.302025" lon="7.705241">
        <ele>626.762625</ele>
        <time>2026-01-16T02:23:17.608Z</time>
      </trkpt>
      <trkpt lat="46.301935" lon="7.704434">
        <ele>627.326797</ele>
        <time>2026-01-16T02:23:28.504Z</time>
      </trkpt>
      <trkpt lat="46.301886" lon="7.703959">
        <ele>627.544493</ele>
        <time>2026-01-16T02:23:34.731Z</time>
      </trkpt>
      <trkpt lat="46.301879" lon="7.703894">
        <ele>627.574312</ele>
        <time>2026-01-16T02:23:35.575Z</time>
      </trkpt>
      <trkpt lat="46.301720" lon="7.702375">
        <ele>628.270706</ele>
        <time>2026-01-16T02:23:53.657Z</time>
      </trkpt>
      <trkpt lat="46.301635" lon="7.701597">
        <ele>628.373212</ele>
        <time>2026-01-16T02:24:02.356Z</time>
      </trkpt>
      <trkpt lat="46.301504" lon="7.700393">
        <ele>628.221754</ele>
        <time>2026-01-16T02:24:14.976Z</time>
      </trkpt>
      <trkpt lat="46.301489" lon="7.700258">
        <ele>628.204763</ele>
        <time>2026-01-16T02:24:16.308Z</time>
      </trkpt>
      <trkpt lat="46.301432" lon="7.699724">
        <ele>628.137618</ele>
        <time>2026-01-16T02:24:21.371Z</time>
      </trkpt>
      <trkpt lat="46.301385" lon="7.699271">
        <ele>627.906143</ele>
        <time>2026-01-16T02:24:25.325Z</time>
      </trkpt>
      <trkpt lat="46.301238" lon="7.697969">
        <ele>626.537982</ele>
        <time>2026-01-16T02:24:35.846Z</time>
      </trkpt>
      <trkpt lat="46.301224" lon="7.697843">
        <ele>626.405633</ele>
        <time>2026-01-16T02:24:36.836Z</time>
      </trkpt>
      <trkpt lat="46.301217" lon="7.697776">
        <ele>626.335360</ele>
        <time>2026-01-16T02:24:37.353Z</time>
      </trkpt>
      <trkpt lat="46.301202" lon="7.697637">
        <ele>626.189461</ele>
        <time>2026-01-16T02:24:38.438Z</time>
      </trkpt>
      <trkpt lat="46.301196" lon="7.697574">
        <ele>626.123508</ele>
        <time>2026-01-16T02:24:38.925Z</time>
      </trkpt>
      <trkpt lat="46.301145" lon="7.697109">
        <ele>625.635236</ele>
        <time>2026-01-16T02:24:42.529Z</time>
      </trkpt>
      <trkpt lat="46.301028" lon="7.696064">
        <ele>624.468610</ele>
        <time>2026-01-16T02:24:50.641Z</time>
      </trkpt>
      <trkpt lat="46.300884" lon="7.694844">
        <ele>623.083286</ele>
        <time>2026-01-16T02:25:00.302Z</time>
      </trkpt>
      <trkpt lat="46.300916" lon="7.694825">
        <ele>623.027250</ele>
        <time>2026-01-16T02:25:00.706Z</time>
      </trkpt>
      <trkpt lat="46.300972" lon="7.694701">
        <ele>622.861434</ele>
        <time>2026-01-16T02:25:01.879Z</time>
      </trkpt>
      <trkpt lat="46.300938" lon="7.694561">
        <ele>622.695334</ele>
        <time>2026-01-16T02:25:03.078Z</time>
      </trkpt>
      <trkpt lat="46.300840" lon="7.694515">
        <ele>622.528422</ele>
        <time>2026-01-16T02:25:04.289Z</time>
      </trkpt>
      <trkpt lat="46.300735" lon="7.693528">
        <ele>622.207384</ele>
        <time>2026-01-16T02:25:12.659Z</time>
      </trkpt>
      <trkpt lat="46.299331" lon="7.680759">
        <ele>618.715164</ele>
        <time>2026-01-16T02:27:14.738Z</time>
      </trkpt>
      <trkpt lat="46.298890" lon="7.676745">
        <ele>618.588277</ele>
        <time>2026-01-16T02:27:55.675Z</time>
      </trkpt>
      <trkpt lat="46.298610" lon="7.674250">
        <ele>619.465861</ele>
        <time>2026-01-16T02:28:25.425Z</time>
      </trkpt>
      <trkpt lat="46.298591" lon="7.674076">
        <ele>619.533534</ele>
        <time>2026-01-16T02:28:27.655Z</time>
      </trkpt>
      <trkpt lat="46.298378" lon="7.672108">
        <ele>620.042541</ele>
        <time>2026-01-16T02:28:51.917Z</time>
      </trkpt>
      <trkpt lat="46.298194" lon="7.670066">
        <ele>619.780016</ele>
        <time>2026-01-16T02:29:11.029Z</time>
      </trkpt>
      <trkpt lat="46.298136" lon="7.669110">
        <ele>619.442268</ele>
        <time>2026-01-16T02:29:19.425Z</time>
      </trkpt>
      <trkpt lat="46.298106" lon="7.668153">
        <ele>619.371143</ele>
        <time>2026-01-16T02:29:28.498Z</time>
      </trkpt>
      <trkpt lat="46.298158" lon="7.667725">
        <ele>619.411533</ele>
        <time>2026-01-16T02:29:32.866Z</time>
      </trkpt>
      <trkpt lat="46.298212" lon="7.667643">
        <ele>619.422062</ele>
        <time>2026-01-16T02:29:34.045Z</time>
      </trkpt>
      <trkpt lat="46.298223" lon="7.667571">
        <ele>619.428915</ele>
        <time>2026-01-16T02:29:34.807Z</time>
      </trkpt>
      <trkpt lat="46.298170" lon="7.667432">
        <ele>619.443671</ele>
        <time>2026-01-16T02:29:36.479Z</time>
      </trkpt>
      <trkpt lat="46.298125" lon="7.667031">
        <ele>619.481430</ele>
        <time>2026-01-16T02:29:40.894Z</time>
      </trkpt>
      <trkpt lat="46.298189" lon="7.665901">
        <ele>619.811346</ele>
        <time>2026-01-16T02:29:54.312Z</time>
      </trkpt>
      <trkpt lat="46.298307" lon="7.664906">
        <ele>620.624672</ele>
        <time>2026-01-16T02:30:07.244Z</time>
      </trkpt>
      <trkpt lat="46.298540" lon="7.663681">
        <ele>621.648281</ele>
        <time>2026-01-16T02:30:25.498Z</time>
      </trkpt>
      <trkpt lat="46.298768" lon="7.662847">
        <ele>622.188561</ele>
        <time>2026-01-16T02:30:38.963Z</time>
      </trkpt>
      <trkpt lat="46.298804" lon="7.662732">
        <ele>622.264378</ele>
        <time>2026-01-16T02:30:40.634Z</time>
      </trkpt>
      <trkpt lat="46.299039" lon="7.662058">
        <ele>622.717742</ele>
        <time>2026-01-16T02:30:49.780Z</time>
      </trkpt>
      <trkpt lat="46.299353" lon="7.661318">
        <ele>623.246108</ele>
        <time>2026-01-16T02:30:59.075Z</time>
      </trkpt>
      <trkpt lat="46.299771" lon="7.660515">
        <ele>624.046876</ele>
        <time>2026-01-16T02:31:10.157Z</time>
      </trkpt>
      <trkpt lat="46.300095" lon="7.659971">
        <ele>624.618917</ele>
        <time>2026-01-16T02:31:20.078Z</time>
      </trkpt>
      <trkpt lat="46.300167" lon="7.659874">
        <ele>624.732309</ele>
        <time>2026-01-16T02:31:22.173Z</time>
      </trkpt>
      <trkpt lat="46.300575" lon="7.659317">
        <ele>625.443150</ele>
        <time>2026-01-16T02:31:35.103Z</time>
      </trkpt>
      <trkpt lat="46.301104" lon="7.658649">
        <ele>626.849162</ele>
        <time>2026-01-16T02:31:52.104Z</time>
      </trkpt>
      <trkpt lat="46.301192" lon="7.658600">
        <ele>627.038002</ele>
        <time>2026-01-16T02:31:54.325Z</time>
      </trkpt>
      <trkpt lat="46.301293" lon="7.658601">
        <ele>627.240292</ele>
        <time>2026-01-16T02:31:56.642Z</time>
      </trkpt>
      <trkpt lat="46.301359" lon="7.658491">
        <ele>627.441884</ele>
        <time>2026-01-16T02:31:58.866Z</time>
      </trkpt>
      <trkpt lat="46.301363" lon="7.658418">
        <ele>627.543210</ele>
        <time>2026-01-16T02:31:59.994Z</time>
      </trkpt>
      <trkpt lat="46.301502" lon="7.658206">
        <ele>627.947624</ele>
        <time>2026-01-16T02:32:04.290Z</time>
      </trkpt>
      <trkpt lat="46.301710" lon="7.657925">
        <ele>628.517466</ele>
        <time>2026-01-16T02:32:10.461Z</time>
      </trkpt>
      <trkpt lat="46.302324" lon="7.657316">
        <ele>629.468534</ele>
        <time>2026-01-16T02:32:27.266Z</time>
      </trkpt>
      <trkpt lat="46.303122" lon="7.656581">
        <ele>630.445342</ele>
        <time>2026-01-16T02:32:46.088Z</time>
      </trkpt>
      <trkpt lat="46.305048" lon="7.654932">
        <ele>629.644807</ele>
        <time>2026-01-16T02:33:15.241Z</time>
      </trkpt>
      <trkpt lat="46.307310" lon="7.652981">
        <ele>626.724857</ele>
        <time>2026-01-16T02:33:46.813Z</time>
      </trkpt>
      <trkpt lat="46.307387" lon="7.652899">
        <ele>626.608598</ele>
        <time>2026-01-16T02:33:47.940Z</time>
      </trkpt>
      <trkpt lat="46.307797" lon="7.652444">
        <ele>625.980286</ele>
        <time>2026-01-16T02:33:54.014Z</time>
      </trkpt>
      <trkpt lat="46.308186" lon="7.651984">
        <ele>625.449116</ele>
        <time>2026-01-16T02:33:59.930Z</time>
      </trkpt>
      <trkpt lat="46.308383" lon="7.651696">
        <ele>625.184821</ele>
        <time>2026-01-16T02:34:03.239Z</time>
      </trkpt>
      <trkpt lat="46.308702" lon="7.651240">
        <ele>624.761623</ele>
        <time>2026-01-16T02:34:08.499Z</time>
      </trkpt>
      <trkpt lat="46.308768" lon="7.651130">
        <ele>624.666614</ele>
        <time>2026-01-16T02:34:09.693Z</time>
      </trkpt>
      <trkpt lat="46.308859" lon="7.651172">
        <ele>624.576452</ele>
        <time>2026-01-16T02:34:10.868Z</time>
      </trkpt>
      <trkpt lat="46.308932" lon="7.651117">
        <ele>624.498767</ele>
        <time>2026-01-16T02:34:11.892Z</time>
      </trkpt>
      <trkpt lat="46.308961" lon="7.650970">
        <ele>624.399079</ele>
        <time>2026-01-16T02:34:13.236Z</time>
      </trkpt>
      <trkpt lat="46.308915" lon="7.650865">
        <ele>624.318002</ele>
        <time>2026-01-16T02:34:14.358Z</time>
      </trkpt>
      <trkpt lat="46.309173" lon="7.650426">
        <ele>624.087521</ele>
        <time>2026-01-16T02:34:19.826Z</time>
      </trkpt>
      <trkpt lat="46.309418" lon="7.649933">
        <ele>624.364793</ele>
        <time>2026-01-16T02:34:25.930Z</time>
      </trkpt>
      <trkpt lat="46.310131" lon="7.648341">
        <ele>625.251971</ele>
        <time>2026-01-16T02:34:50.489Z</time>
      </trkpt>
      <trkpt lat="46.310348" lon="7.647796">
        <ele>625.952182</ele>
        <time>2026-01-16T02:34:59.639Z</time>
      </trkpt>
      <trkpt lat="46.310495" lon="7.647336">
        <ele>626.516351</ele>
        <time>2026-01-16T02:35:07.298Z</time>
      </trkpt>
      <trkpt lat="46.310599" lon="7.646890">
        <ele>627.040320</ele>
        <time>2026-01-16T02:35:14.713Z</time>
      </trkpt>
      <trkpt lat="46.310676" lon="7.646429">
        <ele>627.568248</ele>
        <time>2026-01-16T02:35:22.206Z</time>
      </trkpt>
      <trkpt lat="46.310730" lon="7.645887">
        <ele>628.136643</ele>
        <time>2026-01-16T02:35:30.527Z</time>
      </trkpt>
      <trkpt lat="46.310789" lon="7.644309">
        <ele>628.745923</ele>
        <time>2026-01-16T02:35:50.876Z</time>
      </trkpt>
      <trkpt lat="46.310827" lon="7.644019">
        <ele>628.859725</ele>
        <time>2026-01-16T02:35:53.981Z</time>
      </trkpt>
      <trkpt lat="46.310957" lon="7.643608">
        <ele>629.034006</ele>
        <time>2026-01-16T02:35:58.246Z</time>
      </trkpt>
      <trkpt lat="46.311044" lon="7.643436">
        <ele>629.116198</ele>
        <time>2026-01-16T02:36:00.131Z</time>
      </trkpt>
      <trkpt lat="46.311108" lon="7.643324">
        <ele>629.004550</ele>
        <time>2026-01-16T02:36:01.396Z</time>
      </trkpt>
      <trkpt lat="46.311087" lon="7.643214">
        <ele>628.910581</ele>
        <time>2026-01-16T02:36:02.405Z</time>
      </trkpt>
      <trkpt lat="46.311115" lon="7.643035">
        <ele>628.759462</ele>
        <time>2026-01-16T02:36:04.004Z</time>
      </trkpt>
      <trkpt lat="46.311477" lon="7.642095">
        <ele>627.873309</ele>
        <time>2026-01-16T02:36:13.580Z</time>
      </trkpt>
      <trkpt lat="46.311523" lon="7.641967">
        <ele>627.754504</ele>
        <time>2026-01-16T02:36:14.769Z</time>
      </trkpt>
      <trkpt lat="46.311698" lon="7.641475">
        <ele>627.298841</ele>
        <time>2026-01-16T02:36:19.014Z</time>
      </trkpt>
      <trkpt lat="46.311821" lon="7.640908">
        <ele>626.689682</ele>
        <time>2026-01-16T02:36:23.366Z</time>
      </trkpt>
      <trkpt lat="46.311955" lon="7.640210">
        <ele>625.660540</ele>
        <time>2026-01-16T02:36:28.777Z</time>
      </trkpt>
      <trkpt lat="46.312048" lon="7.639876">
        <ele>625.148971</ele>
        <time>2026-01-16T02:36:31.330Z</time>
      </trkpt>
      <trkpt lat="46.312137" lon="7.639763">
        <ele>624.905515</ele>
        <time>2026-01-16T02:36:32.578Z</time>
      </trkpt>
      <trkpt lat="46.312139" lon="7.639633">
        <ele>624.720796</ele>
        <time>2026-01-16T02:36:33.524Z</time>
      </trkpt>
      <trkpt lat="46.312115" lon="7.639575">
        <ele>624.624750</ele>
        <time>2026-01-16T02:36:34.004Z</time>
      </trkpt>
      <trkpt lat="46.312061" lon="7.639521">
        <ele>624.489775</ele>
        <time>2026-01-16T02:36:34.693Z</time>
      </trkpt>
      <trkpt lat="46.311994" lon="7.639515">
        <ele>624.351719</ele>
        <time>2026-01-16T02:36:35.392Z</time>
      </trkpt>
      <trkpt lat="46.311945" lon="7.639444">
        <ele>624.209142</ele>
        <time>2026-01-16T02:36:36.108Z</time>
      </trkpt>
      <trkpt lat="46.311890" lon="7.639240">
        <ele>623.898053</ele>
        <time>2026-01-16T02:36:37.736Z</time>
      </trkpt>
      <trkpt lat="46.311907" lon="7.638879">
        <ele>623.384038</ele>
        <time>2026-01-16T02:36:40.626Z</time>
      </trkpt>
      <trkpt lat="46.311931" lon="7.638763">
        <ele>623.290463</ele>
        <time>2026-01-16T02:36:41.631Z</time>
      </trkpt>
      <trkpt lat="46.311909" lon="7.638687">
        <ele>623.317848</ele>
        <time>2026-01-16T02:36:42.433Z</time>
      </trkpt>
      <trkpt lat="46.311830" lon="7.638632">
        <ele>623.360023</ele>
        <time>2026-01-16T02:36:43.542Z</time>
      </trkpt>
      <trkpt lat="46.311773" lon="7.638657">
        <ele>623.388678</ele>
        <time>2026-01-16T02:36:44.478Z</time>
      </trkpt>
      <trkpt lat="46.311717" lon="7.638549">
        <ele>623.433557</ele>
        <time>2026-01-16T02:36:45.744Z</time>
      </trkpt>
      <trkpt lat="46.311249" lon="7.636600">
        <ele>624.119289</ele>
        <time>2026-01-16T02:37:11.318Z</time>
      </trkpt>
      <trkpt lat="46.311113" lon="7.636009">
        <ele>624.970028</ele>
        <time>2026-01-16T02:37:20.820Z</time>
      </trkpt>
      <trkpt lat="46.311007" lon="7.635412">
        <ele>625.886328</ele>
        <time>2026-01-16T02:37:31.136Z</time>
      </trkpt>
      <trkpt lat="46.310968" lon="7.634982">
        <ele>626.531018</ele>
        <time>2026-01-16T02:37:38.764Z</time>
      </trkpt>
      <trkpt lat="46.310919" lon="7.634150">
        <ele>627.772289</ele>
        <time>2026-01-16T02:37:53.341Z</time>
      </trkpt>
      <trkpt lat="46.310917" lon="7.634109">
        <ele>627.833388</ele>
        <time>2026-01-16T02:37:54.034Z</time>
      </trkpt>
      <trkpt lat="46.310859" lon="7.633404">
        <ele>628.559833</ele>
        <time>2026-01-16T02:38:05.557Z</time>
      </trkpt>
      <trkpt lat="46.310716" lon="7.632520">
        <ele>629.403259</ele>
        <time>2026-01-16T02:38:18.494Z</time>
      </trkpt>
      <trkpt lat="46.310652" lon="7.632230">
        <ele>629.686076</ele>
        <time>2026-01-16T02:38:22.381Z</time>
      </trkpt>
      <trkpt lat="46.310525" lon="7.631753">
        <ele>630.160973</ele>
        <time>2026-01-16T02:38:28.675Z</time>
      </trkpt>
      <trkpt lat="46.310064" lon="7.630296">
        <ele>630.672574</ele>
        <time>2026-01-16T02:38:46.927Z</time>
      </trkpt>
      <trkpt lat="46.309908" lon="7.629525">
        <ele>630.820664</ele>
        <time>2026-01-16T02:38:55.646Z</time>
      </trkpt>
      <trkpt lat="46.309844" lon="7.629164">
        <ele>630.889364</ele>
        <time>2026-01-16T02:38:59.650Z</time>
      </trkpt>
      <trkpt lat="46.309778" lon="7.628531">
        <ele>630.377651</ele>
        <time>2026-01-16T02:39:06.073Z</time>
      </trkpt>
      <trkpt lat="46.309742" lon="7.628036">
        <ele>629.871958</ele>
        <time>2026-01-16T02:39:10.430Z</time>
      </trkpt>
      <trkpt lat="46.309743" lon="7.627320">
        <ele>629.144511</ele>
        <time>2026-01-16T02:39:16.257Z</time>
      </trkpt>
      <trkpt lat="46.309863" lon="7.625199">
        <ele>624.922242</ele>
        <time>2026-01-16T02:39:31.351Z</time>
      </trkpt>
      <trkpt lat="46.309902" lon="7.623928">
        <ele>621.553756</ele>
        <time>2026-01-16T02:39:39.754Z</time>
      </trkpt>
      <trkpt lat="46.309914" lon="7.622861">
        <ele>618.121122</ele>
        <time>2026-01-16T02:39:46.705Z</time>
      </trkpt>
      <trkpt lat="46.309872" lon="7.620582">
        <ele>611.168661</ele>
        <time>2026-01-16T02:40:01.720Z</time>
      </trkpt>
      <trkpt lat="46.309824" lon="7.620004">
        <ele>609.679592</ele>
        <time>2026-01-16T02:40:05.657Z</time>
      </trkpt>
      <trkpt lat="46.309726" lon="7.619311">
        <ele>607.870251</ele>
        <time>2026-01-16T02:40:10.522Z</time>
      </trkpt>
      <trkpt lat="46.309536" lon="7.618446">
        <ele>605.865298</ele>
        <time>2026-01-16T02:40:16.971Z</time>
      </trkpt>
      <trkpt lat="46.309279" lon="7.617625">
        <ele>604.627372</ele>
        <time>2026-01-16T02:40:23.614Z</time>
      </trkpt>
      <trkpt lat="46.306718" lon="7.611311">
        <ele>594.628917</ele>
        <time>2026-01-16T02:41:20.149Z</time>
      </trkpt>
      <trkpt lat="46.306419" lon="7.610694">
        <ele>593.320367</ele>
        <time>2026-01-16T02:41:25.690Z</time>
      </trkpt>
      <trkpt lat="46.306141" lon="7.610186">
        <ele>592.195146</ele>
        <time>2026-01-16T02:41:30.330Z</time>
      </trkpt>
      <trkpt lat="46.305899" lon="7.609821">
        <ele>591.316767</ele>
        <time>2026-01-16T02:41:33.896Z</time>
      </trkpt>
      <trkpt lat="46.305298" lon="7.609024">
        <ele>588.687525</ele>
        <time>2026-01-16T02:41:42.121Z</time>
      </trkpt>
      <trkpt lat="46.304194" lon="7.607571">
        <ele>583.432291</ele>
        <time>2026-01-16T02:41:57.226Z</time>
      </trkpt>
      <trkpt lat="46.303874" lon="7.607093">
        <ele>581.549410</ele>
        <time>2026-01-16T02:42:01.744Z</time>
      </trkpt>
      <trkpt lat="46.303625" lon="7.606638">
        <ele>579.907406</ele>
        <time>2026-01-16T02:42:05.583Z</time>
      </trkpt>
      <trkpt lat="46.302995" lon="7.605305">
        <ele>575.194673</ele>
        <time>2026-01-16T02:42:16.108Z</time>
      </trkpt>
      <trkpt lat="46.302693" lon="7.604769">
        <ele>573.136175</ele>
        <time>2026-01-16T02:42:20.647Z</time>
      </trkpt>
      <trkpt lat="46.302344" lon="7.604238">
        <ele>570.954883</ele>
        <time>2026-01-16T02:42:25.627Z</time>
      </trkpt>
      <trkpt lat="46.302076" lon="7.603887">
        <ele>569.785888</ele>
        <time>2026-01-16T02:42:29.335Z</time>
      </trkpt>
      <trkpt lat="46.301699" lon="7.603465">
        <ele>568.566052</ele>
        <time>2026-01-16T02:42:34.326Z</time>
      </trkpt>
      <trkpt lat="46.300595" lon="7.602359">
        <ele>565.402257</ele>
        <time>2026-01-16T02:42:48.754Z</time>
      </trkpt>
      <trkpt lat="46.300236" lon="7.601956">
        <ele>564.750469</ele>
        <time>2026-01-16T02:42:53.715Z</time>
      </trkpt>
      <trkpt lat="46.299873" lon="7.601468">
        <ele>564.039710</ele>
        <time>2026-01-16T02:42:59.188Z</time>
      </trkpt>
      <trkpt lat="46.298849" lon="7.600022">
        <ele>564.132464</ele>
        <time>2026-01-16T02:43:19.004Z</time>
      </trkpt>
      <trkpt lat="46.298649" lon="7.599729">
        <ele>564.464883</ele>
        <time>2026-01-16T02:43:24.996Z</time>
      </trkpt>
      <trkpt lat="46.298247" lon="7.598960">
        <ele>565.243163</ele>
        <time>2026-01-16T02:43:41.915Z</time>
      </trkpt>
      <trkpt lat="46.298053" lon="7.598504">
        <ele>566.306192</ele>
        <time>2026-01-16T02:43:52.348Z</time>
      </trkpt>
      <trkpt lat="46.297880" lon="7.597987">
        <ele>567.492691</ele>
        <time>2026-01-16T02:44:02.631Z</time>
      </trkpt>
      <trkpt lat="46.297728" lon="7.597396">
        <ele>568.795221</ele>
        <time>2026-01-16T02:44:14.585Z</time>
      </trkpt>
      <trkpt lat="46.297576" lon="7.596566">
        <ele>570.568773</ele>
        <time>2026-01-16T02:44:32.070Z</time>
      </trkpt>
      <trkpt lat="46.297380" lon="7.595208">
        <ele>570.822638</ele>
        <time>2026-01-16T02:44:53.246Z</time>
      </trkpt>
      <trkpt lat="46.297052" lon="7.592765">
        <ele>569.702345</ele>
        <time>2026-01-16T02:45:12.180Z</time>
      </trkpt>
      <trkpt lat="46.297004" lon="7.592191">
        <ele>569.101506</ele>
        <time>2026-01-16T02:45:16.438Z</time>
      </trkpt>
      <trkpt lat="46.296996" lon="7.591600">
        <ele>568.487237</ele>
        <time>2026-01-16T02:45:21.188Z</time>
      </trkpt>
      <trkpt lat="46.297035" lon="7.590428">
        <ele>569.709504</ele>
        <time>2026-01-16T02:45:35.331Z</time>
      </trkpt>
      <trkpt lat="46.297022" lon="7.589866">
        <ele>570.534957</ele>
        <time>2026-01-16T02:45:45.501Z</time>
      </trkpt>
      <trkpt lat="46.296941" lon="7.589127">
        <ele>571.633342</ele>
        <time>2026-01-16T02:46:01.032Z</time>
      </trkpt>
      <trkpt lat="46.296754" lon="7.588309">
        <ele>572.760643</ele>
        <time>2026-01-16T02:46:18.501Z</time>
      </trkpt>
      <trkpt lat="46.296551" lon="7.587727">
        <ele>573.552518</ele>
        <time>2026-01-16T02:46:29.618Z</time>
      </trkpt>
      <trkpt lat="46.296256" lon="7.587093">
        <ele>574.480929</ele>
        <time>2026-01-16T02:46:39.685Z</time>
      </trkpt>
      <trkpt lat="46.295832" lon="7.586451">
        <ele>575.717212</ele>
        <time>2026-01-16T02:46:48.119Z</time>
      </trkpt>
      <trkpt lat="46.295099" lon="7.585564">
        <ele>578.289874</ele>
        <time>2026-01-16T02:47:08.146Z</time>
      </trkpt>
      <trkpt lat="46.294767" lon="7.585061">
        <ele>579.584043</ele>
        <time>2026-01-16T02:47:24.782Z</time>
      </trkpt>
      <trkpt lat="46.294551" lon="7.584651">
        <ele>580.664120</ele>
        <time>2026-01-16T02:47:38.090Z</time>
      </trkpt>
      <trkpt lat="46.294355" lon="7.584184">
        <ele>581.961880</ele>
        <time>2026-01-16T02:47:52.405Z</time>
      </trkpt>
      <trkpt lat="46.294187" lon="7.583667">
        <ele>583.318828</ele>
        <time>2026-01-16T02:48:06.373Z</time>
      </trkpt>
      <trkpt lat="46.294064" lon="7.583135">
        <ele>584.651250</ele>
        <time>2026-01-16T02:48:17.169Z</time>
      </trkpt>
      <trkpt lat="46.293953" lon="7.582355">
        <ele>586.234249</ele>
        <time>2026-01-16T02:48:26.826Z</time>
      </trkpt>
      <trkpt lat="46.293844" lon="7.581007">
        <ele>585.537574</ele>
        <time>2026-01-16T02:48:39.290Z</time>
      </trkpt>
      <trkpt lat="46.293744" lon="7.580302">
        <ele>585.168137</ele>
        <time>2026-01-16T02:48:45.180Z</time>
      </trkpt>
      <trkpt lat="46.293284" lon="7.578186">
        <ele>582.320638</ele>
        <time>2026-01-16T02:49:02.063Z</time>
      </trkpt>
      <trkpt lat="46.292871" lon="7.576560">
        <ele>579.659522</ele>
        <time>2026-01-16T02:49:14.591Z</time>
      </trkpt>
      <trkpt lat="46.292307" lon="7.574733">
        <ele>577.100279</ele>
        <time>2026-01-16T02:49:29.364Z</time>
      </trkpt>
      <trkpt lat="46.292015" lon="7.573899">
        <ele>577.442324</ele>
        <time>2026-01-16T02:49:38.083Z</time>
      </trkpt>
      <trkpt lat="46.291784" lon="7.573158">
        <ele>577.739726</ele>
        <time>2026-01-16T02:49:49.723Z</time>
      </trkpt>
      <trkpt lat="46.291652" lon="7.572631">
        <ele>577.962450</ele>
        <time>2026-01-16T02:49:59.698Z</time>
      </trkpt>
      <trkpt lat="46.291529" lon="7.572010">
        <ele>578.560311</ele>
        <time>2026-01-16T02:50:12.203Z</time>
      </trkpt>
      <trkpt lat="46.291388" lon="7.570961">
        <ele>579.549328</ele>
        <time>2026-01-16T02:50:29.873Z</time>
      </trkpt>
      <trkpt lat="46.291138" lon="7.568440">
        <ele>578.172775</ele>
        <time>2026-01-16T02:50:51.548Z</time>
      </trkpt>
      <trkpt lat="46.291059" lon="7.567869">
        <ele>577.425239</ele>
        <time>2026-01-16T02:50:55.673Z</time>
      </trkpt>
      <trkpt lat="46.290920" lon="7.567196">
        <ele>575.690115</ele>
        <time>2026-01-16T02:51:00.463Z</time>
      </trkpt>
      <trkpt lat="46.290693" lon="7.566441">
        <ele>572.787538</ele>
        <time>2026-01-16T02:51:05.871Z</time>
      </trkpt>
      <trkpt lat="46.290293" lon="7.565321">
        <ele>568.343086</ele>
        <time>2026-01-16T02:51:13.894Z</time>
      </trkpt>
      <trkpt lat="46.290098" lon="7.564663">
        <ele>566.024396</ele>
        <time>2026-01-16T02:51:18.419Z</time>
      </trkpt>
      <trkpt lat="46.290022" lon="7.564304">
        <ele>564.836222</ele>
        <time>2026-01-16T02:51:20.792Z</time>
      </trkpt>
      <trkpt lat="46.289964" lon="7.563837">
        <ele>563.334718</ele>
        <time>2026-01-16T02:51:23.830Z</time>
      </trkpt>
      <trkpt lat="46.289963" lon="7.562858">
        <ele>560.236664</ele>
        <time>2026-01-16T02:51:30.532Z</time>
      </trkpt>
      <trkpt lat="46.290046" lon="7.562778">
        <ele>559.779971</ele>
        <time>2026-01-16T02:51:31.606Z</time>
      </trkpt>
      <trkpt lat="46.290123" lon="7.562578">
        <ele>559.567828</ele>
        <time>2026-01-16T02:51:33.318Z</time>
      </trkpt>
      <trkpt lat="46.290130" lon="7.562461">
        <ele>559.553851</ele>
        <time>2026-01-16T02:51:34.211Z</time>
      </trkpt>
      <trkpt lat="46.290145" lon="7.562236">
        <ele>559.526949</ele>
        <time>2026-01-16T02:51:35.976Z</time>
      </trkpt>
      <trkpt lat="46.290181" lon="7.562091">
        <ele>559.508612</ele>
        <time>2026-01-16T02:51:37.213Z</time>
      </trkpt>
      <trkpt lat="46.290185" lon="7.561915">
        <ele>559.487654</ele>
        <time>2026-01-16T02:51:38.677Z</time>
      </trkpt>
      <trkpt lat="46.290157" lon="7.561747">
        <ele>559.467087</ele>
        <time>2026-01-16T02:51:40.172Z</time>
      </trkpt>
      <trkpt lat="46.289941" lon="7.561123">
        <ele>559.384026</ele>
        <time>2026-01-16T02:51:47.150Z</time>
      </trkpt>
      <trkpt lat="46.289967" lon="7.560790">
        <ele>559.344143</ele>
        <time>2026-01-16T02:51:51.387Z</time>
      </trkpt>
      <trkpt lat="46.290026" lon="7.560704">
        <ele>559.329720</ele>
        <time>2026-01-16T02:51:53.149Z</time>
      </trkpt>
      <trkpt lat="46.290079" lon="7.560686">
        <ele>559.320344</ele>
        <time>2026-01-16T02:51:54.335Z</time>
      </trkpt>
      <trkpt lat="46.290259" lon="7.560708">
        <ele>559.289232</ele>
        <time>2026-01-16T02:51:58.460Z</time>
      </trkpt>
      <trkpt lat="46.290617" lon="7.560677">
        <ele>559.622169</ele>
        <time>2026-01-16T02:52:07.351Z</time>
      </trkpt>
      <trkpt lat="46.290826" lon="7.560614">
        <ele>559.872184</ele>
        <time>2026-01-16T02:52:12.743Z</time>
      </trkpt>
      <trkpt lat="46.291161" lon="7.560416">
        <ele>560.295965</ele>
        <time>2026-01-16T02:52:22.073Z</time>
      </trkpt>
      <trkpt lat="46.291463" lon="7.560129">
        <ele>560.719080</ele>
        <time>2026-01-16T02:52:30.514Z</time>
      </trkpt>
      <trkpt lat="46.291922" lon="7.559555">
        <ele>561.136933</ele>
        <time>2026-01-16T02:52:41.335Z</time>
      </trkpt>
      <trkpt lat="46.292368" lon="7.558984">
        <ele>557.302732</ele>
        <time>2026-01-16T02:52:47.076Z</time>
      </trkpt>
      <trkpt lat="46.292475" lon="7.558886">
        <ele>556.487388</ele>
        <time>2026-01-16T02:52:48.201Z</time>
      </trkpt>
      <trkpt lat="46.292776" lon="7.558449">
        <ele>553.742116</ele>
        <time>2026-01-16T02:52:51.932Z</time>
      </trkpt>
      <trkpt lat="46.293139" lon="7.557931">
        <ele>550.459662</ele>
        <time>2026-01-16T02:52:56.351Z</time>
      </trkpt>
      <trkpt lat="46.293259" lon="7.557870">
        <ele>549.653149</ele>
        <time>2026-01-16T02:52:57.455Z</time>
      </trkpt>
      <trkpt lat="46.293298" lon="7.557818">
        <ele>549.337848</ele>
        <time>2026-01-16T02:52:57.909Z</time>
      </trkpt>
      <trkpt lat="46.293335" lon="7.557768">
        <ele>549.036854</ele>
        <time>2026-01-16T02:52:58.530Z</time>
      </trkpt>
      <trkpt lat="46.293351" lon="7.557646">
        <ele>548.526678</ele>
        <time>2026-01-16T02:52:59.277Z</time>
      </trkpt>
      <trkpt lat="46.293419" lon="7.557487">
        <ele>547.758434</ele>
        <time>2026-01-16T02:53:00.402Z</time>
      </trkpt>
      <trkpt lat="46.293872" lon="7.556755">
        <ele>543.721220</ele>
        <time>2026-01-16T02:53:06.463Z</time>
      </trkpt>
      <trkpt lat="46.295070" lon="7.554742">
        <ele>537.357069</ele>
        <time>2026-01-16T02:53:25.190Z</time>
      </trkpt>
      <trkpt lat="46.295984" lon="7.553341">
        <ele>536.857374</ele>
        <time>2026-01-16T02:53:47.022Z</time>
      </trkpt>
      <trkpt lat="46.297404" lon="7.551494">
        <ele>539.760852</ele>
        <time>2026-01-16T02:54:27.825Z</time>
      </trkpt>
      <trkpt lat="46.297628" lon="7.551201">
        <ele>540.377511</ele>
        <time>2026-01-16T02:54:34.803Z</time>
      </trkpt>
      <trkpt lat="46.297763" lon="7.550977">
        <ele>540.796968</ele>
        <time>2026-01-16T02:54:39.665Z</time>
      </trkpt>
      <trkpt lat="46.297786" lon="7.550899">
        <ele>540.916643</ele>
        <time>2026-01-16T02:54:41.047Z</time>
      </trkpt>
      <trkpt lat="46.297864" lon="7.550825">
        <ele>541.107127</ele>
        <time>2026-01-16T02:54:43.343Z</time>
      </trkpt>
      <trkpt lat="46.297951" lon="7.550761">
        <ele>541.306454</ele>
        <time>2026-01-16T02:54:45.726Z</time>
      </trkpt>
      <trkpt lat="46.297989" lon="7.550646">
        <ele>541.486339</ele>
        <time>2026-01-16T02:54:47.915Z</time>
      </trkpt>
      <trkpt lat="46.298289" lon="7.549974">
        <ele>542.654840</ele>
        <time>2026-01-16T02:55:02.053Z</time>
      </trkpt>
      <trkpt lat="46.298455" lon="7.549340">
        <ele>543.672808</ele>
        <time>2026-01-16T02:55:13.188Z</time>
      </trkpt>
      <trkpt lat="46.298504" lon="7.549039">
        <ele>544.137113</ele>
        <time>2026-01-16T02:55:17.866Z</time>
      </trkpt>
      <trkpt lat="46.298542" lon="7.548580">
        <ele>544.831197</ele>
        <time>2026-01-16T02:55:25.088Z</time>
      </trkpt>
      <trkpt lat="46.298506" lon="7.548081">
        <ele>545.584482</ele>
        <time>2026-01-16T02:55:33.338Z</time>
      </trkpt>
      <trkpt lat="46.298467" lon="7.547667">
        <ele>546.143887</ele>
        <time>2026-01-16T02:55:40.050Z</time>
      </trkpt>
      <trkpt lat="46.298400" lon="7.547291">
        <ele>546.596927</ele>
        <time>2026-01-16T02:55:46.006Z</time>
      </trkpt>
      <trkpt lat="46.298260" lon="7.546689">
        <ele>547.338011</ele>
        <time>2026-01-16T02:55:55.262Z</time>
      </trkpt>
      <trkpt lat="46.298090" lon="7.546282">
        <ele>547.892898</ele>
        <time>2026-01-16T02:56:02.262Z</time>
      </trkpt>
      <trkpt lat="46.297874" lon="7.545880">
        <ele>548.487061</ele>
        <time>2026-01-16T02:56:09.896Z</time>
      </trkpt>
      <trkpt lat="46.297696" lon="7.545588">
        <ele>548.941393</ele>
        <time>2026-01-16T02:56:15.871Z</time>
      </trkpt>
      <trkpt lat="46.297392" lon="7.545031">
        <ele>549.731645</ele>
        <time>2026-01-16T02:56:25.400Z</time>
      </trkpt>
      <trkpt lat="46.297287" lon="7.544754">
        <ele>550.083335</ele>
        <time>2026-01-16T02:56:29.673Z</time>
      </trkpt>
      <trkpt lat="46.297257" lon="7.544623">
        <ele>550.236955</ele>
        <time>2026-01-16T02:56:31.586Z</time>
      </trkpt>
      <trkpt lat="46.297272" lon="7.544568">
        <ele>550.302774</ele>
        <time>2026-01-16T02:56:32.433Z</time>
      </trkpt>
      <trkpt lat="46.297266" lon="7.544481">
        <ele>550.400097</ele>
        <time>2026-01-16T02:56:33.700Z</time>
      </trkpt>
      <trkpt lat="46.297233" lon="7.544419">
        <ele>550.487214</ele>
        <time>2026-01-16T02:56:34.810Z</time>
      </trkpt>
      <trkpt lat="46.297201" lon="7.544395">
        <ele>550.545279</ele>
        <time>2026-01-16T02:56:35.570Z</time>
      </trkpt>
      <trkpt lat="46.297128" lon="7.544274">
        <ele>550.724088</ele>
        <time>2026-01-16T02:56:37.841Z</time>
      </trkpt>
      <trkpt lat="46.297064" lon="7.544059">
        <ele>550.984677</ele>
        <time>2026-01-16T02:56:41.231Z</time>
      </trkpt>
      <trkpt lat="46.297033" lon="7.543869">
        <ele>551.201988</ele>
        <time>2026-01-16T02:56:44.169Z</time>
      </trkpt>
      <trkpt lat="46.296807" lon="7.542475">
        <ele>551.416362</ele>
        <time>2026-01-16T02:57:07.802Z</time>
      </trkpt>
      <trkpt lat="46.296772" lon="7.542266">
        <ele>551.309481</ele>
        <time>2026-01-16T02:57:10.670Z</time>
      </trkpt>
      <trkpt lat="46.296746" lon="7.542096">
        <ele>551.222945</ele>
        <time>2026-01-16T02:57:12.692Z</time>
      </trkpt>
      <trkpt lat="46.296608" lon="7.541023">
        <ele>550.680497</ele>
        <time>2026-01-16T02:57:21.103Z</time>
      </trkpt>
      <trkpt lat="46.296571" lon="7.540817">
        <ele>550.574711</ele>
        <time>2026-01-16T02:57:22.524Z</time>
      </trkpt>
      <trkpt lat="46.296499" lon="7.540406">
        <ele>549.473295</ele>
        <time>2026-01-16T02:57:25.266Z</time>
      </trkpt>
      <trkpt lat="46.296481" lon="7.540332">
        <ele>549.245933</ele>
        <time>2026-01-16T02:57:25.767Z</time>
      </trkpt>
      <trkpt lat="46.296441" lon="7.540182">
        <ele>548.779963</ele>
        <time>2026-01-16T02:57:26.784Z</time>
      </trkpt>
      <trkpt lat="46.296393" lon="7.540018">
        <ele>548.263788</ele>
        <time>2026-01-16T02:57:27.904Z</time>
      </trkpt>
      <trkpt lat="46.296194" lon="7.539510">
        <ele>546.571382</ele>
        <time>2026-01-16T02:57:31.567Z</time>
      </trkpt>
      <trkpt lat="46.296056" lon="7.539183">
        <ele>545.460901</ele>
        <time>2026-01-16T02:57:34.037Z</time>
      </trkpt>
      <trkpt lat="46.295766" lon="7.538499">
        <ele>543.135118</ele>
        <time>2026-01-16T02:57:39.669Z</time>
      </trkpt>
      <trkpt lat="46.295685" lon="7.538303">
        <ele>542.993342</ele>
        <time>2026-01-16T02:57:41.511Z</time>
      </trkpt>
      <trkpt lat="46.295644" lon="7.538204">
        <ele>542.986686</ele>
        <time>2026-01-16T02:57:42.568Z</time>
      </trkpt>
      <trkpt lat="46.295294" lon="7.537414">
        <ele>542.932572</ele>
        <time>2026-01-16T02:57:53.493Z</time>
      </trkpt>
      <trkpt lat="46.295204" lon="7.537178">
        <ele>542.917029</ele>
        <time>2026-01-16T02:57:56.973Z</time>
      </trkpt>
      <trkpt lat="46.295189" lon="7.537099">
        <ele>542.912304</ele>
        <time>2026-01-16T02:57:58.119Z</time>
      </trkpt>
      <trkpt lat="46.295167" lon="7.536788">
        <ele>542.894278</ele>
        <time>2026-01-16T02:58:02.239Z</time>
      </trkpt>
      <trkpt lat="46.295133" lon="7.536622">
        <ele>542.884294</ele>
        <time>2026-01-16T02:58:04.354Z</time>
      </trkpt>
      <trkpt lat="46.294612" lon="7.534954">
        <ele>542.882340</ele>
        <time>2026-01-16T02:58:22.409Z</time>
      </trkpt>
      <trkpt lat="46.294534" lon="7.534721">
        <ele>542.888019</ele>
        <time>2026-01-16T02:58:24.874Z</time>
      </trkpt>
      <trkpt lat="46.294263" lon="7.533907">
        <ele>542.907836</ele>
        <time>2026-01-16T02:58:35.048Z</time>
      </trkpt>
      <trkpt lat="46.294220" lon="7.533716">
        <ele>542.903622</ele>
        <time>2026-01-16T02:58:37.295Z</time>
      </trkpt>
      <trkpt lat="46.294207" lon="7.533539">
        <ele>542.882693</ele>
        <time>2026-01-16T02:58:39.220Z</time>
      </trkpt>
      <trkpt lat="46.294228" lon="7.533472">
        <ele>542.874043</ele>
        <time>2026-01-16T02:58:39.963Z</time>
      </trkpt>
      <trkpt lat="46.294210" lon="7.533375">
        <ele>542.862233</ele>
        <time>2026-01-16T02:58:41.012Z</time>
      </trkpt>
      <trkpt lat="46.294160" lon="7.533329">
        <ele>542.852151</ele>
        <time>2026-01-16T02:58:41.889Z</time>
      </trkpt>
      <trkpt lat="46.294130" lon="7.533326">
        <ele>542.847034</ele>
        <time>2026-01-16T02:58:42.315Z</time>
      </trkpt>
      <trkpt lat="46.294066" lon="7.533225">
        <ele>542.830921</ele>
        <time>2026-01-16T02:58:43.715Z</time>
      </trkpt>
      <trkpt lat="46.294014" lon="7.533130">
        <ele>542.816670</ele>
        <time>2026-01-16T02:58:44.879Z</time>
      </trkpt>
      <trkpt lat="46.293912" lon="7.532792">
        <ele>542.773304</ele>
        <time>2026-01-16T02:58:48.425Z</time>
      </trkpt>
      <trkpt lat="46.293852" lon="7.532604">
        <ele>542.748954</ele>
        <time>2026-01-16T02:58:50.412Z</time>
      </trkpt>
      <trkpt lat="46.293809" lon="7.532538">
        <ele>542.738288</ele>
        <time>2026-01-16T02:58:51.272Z</time>
      </trkpt>
      <trkpt lat="46.293542" lon="7.531733">
        <ele>542.633296</ele>
        <time>2026-01-16T02:58:59.994Z</time>
      </trkpt>
      <trkpt lat="46.293423" lon="7.531341">
        <ele>542.674998</ele>
        <time>2026-01-16T02:59:03.779Z</time>
      </trkpt>
      <trkpt lat="46.293386" lon="7.530951">
        <ele>542.823596</ele>
        <time>2026-01-16T02:59:07.190Z</time>
      </trkpt>
      <trkpt lat="46.293384" lon="7.530773">
        <ele>542.890797</ele>
        <time>2026-01-16T02:59:08.810Z</time>
      </trkpt>
      <trkpt lat="46.293382" lon="7.530414">
        <ele>543.026316</ele>
        <time>2026-01-16T02:59:12.397Z</time>
      </trkpt>
      <trkpt lat="46.293366" lon="7.530025">
        <ele>543.173416</ele>
        <time>2026-01-16T02:59:16.950Z</time>
      </trkpt>
      <trkpt lat="46.293306" lon="7.529552">
        <ele>543.354948</ele>
        <time>2026-01-16T02:59:23.104Z</time>
      </trkpt>
      <trkpt lat="46.293272" lon="7.529356">
        <ele>543.431230</ele>
        <time>2026-01-16T02:59:25.835Z</time>
      </trkpt>
      <trkpt lat="46.293136" lon="7.528646">
        <ele>544.153561</ele>
        <time>2026-01-16T02:59:37.162Z</time>
      </trkpt>
      <trkpt lat="46.292971" lon="7.528005">
        <ele>545.352532</ele>
        <time>2026-01-16T02:59:49.307Z</time>
      </trkpt>
      <trkpt lat="46.292949" lon="7.527923">
        <ele>545.506716</ele>
        <time>2026-01-16T02:59:51.027Z</time>
      </trkpt>
      <trkpt lat="46.292798" lon="7.527345">
        <ele>546.589826</ele>
        <time>2026-01-16T03:00:03.063Z</time>
      </trkpt>
      <trkpt lat="46.292772" lon="7.527249">
        <ele>546.770559</ele>
        <time>2026-01-16T03:00:04.973Z</time>
      </trkpt>
      <trkpt lat="46.292543" lon="7.526378">
        <ele>548.179810</ele>
        <time>2026-01-16T03:00:21.654Z</time>
      </trkpt>
      <trkpt lat="46.292470" lon="7.526139">
        <ele>548.233454</ele>
        <time>2026-01-16T03:00:25.882Z</time>
      </trkpt>
      <trkpt lat="46.292426" lon="7.526058">
        <ele>548.254605</ele>
        <time>2026-01-16T03:00:27.422Z</time>
      </trkpt>
      <trkpt lat="46.292328" lon="7.525929">
        <ele>548.293963</ele>
        <time>2026-01-16T03:00:30.068Z</time>
      </trkpt>
      <trkpt lat="46.291714" lon="7.525271">
        <ele>548.520952</ele>
        <time>2026-01-16T03:00:41.262Z</time>
      </trkpt>
      <trkpt lat="46.291627" lon="7.525171">
        <ele>548.553960</ele>
        <time>2026-01-16T03:00:42.619Z</time>
      </trkpt>
      <trkpt lat="46.291519" lon="7.525049">
        <ele>548.594665</ele>
        <time>2026-01-16T03:00:44.292Z</time>
      </trkpt>
      <trkpt lat="46.291474" lon="7.525001">
        <ele>548.611273</ele>
        <time>2026-01-16T03:00:44.955Z</time>
      </trkpt>
      <trkpt lat="46.291149" lon="7.524658">
        <ele>548.645724</ele>
        <time>2026-01-16T03:00:49.718Z</time>
      </trkpt>
      <trkpt lat="46.290546" lon="7.524021">
        <ele>548.460397</ele>
        <time>2026-01-16T03:00:58.981Z</time>
      </trkpt>
      <trkpt lat="46.290444" lon="7.523912">
        <ele>548.428921</ele>
        <time>2026-01-16T03:01:00.701Z</time>
      </trkpt>
      <trkpt lat="46.290387" lon="7.523853">
        <ele>548.411524</ele>
        <time>2026-01-16T03:01:01.695Z</time>
      </trkpt>
      <trkpt lat="46.289647" lon="7.523062">
        <ele>548.325369</ele>
        <time>2026-01-16T03:01:17.177Z</time>
      </trkpt>
      <trkpt lat="46.289233" lon="7.522606">
        <ele>548.531429</ele>
        <time>2026-01-16T03:01:27.075Z</time>
      </trkpt>
      <trkpt lat="46.288910" lon="7.522252">
        <ele>548.691903</ele>
        <time>2026-01-16T03:01:34.458Z</time>
      </trkpt>
      <trkpt lat="46.288672" lon="7.522007">
        <ele>548.807581</ele>
        <time>2026-01-16T03:01:39.512Z</time>
      </trkpt>
      <trkpt lat="46.288108" lon="7.521418">
        <ele>548.157519</ele>
        <time>2026-01-16T03:01:48.757Z</time>
      </trkpt>
      <trkpt lat="46.288017" lon="7.521315">
        <ele>547.884232</ele>
        <time>2026-01-16T03:01:50.124Z</time>
      </trkpt>
      <trkpt lat="46.287923" lon="7.521252">
        <ele>547.639184</ele>
        <time>2026-01-16T03:01:51.310Z</time>
      </trkpt>
      <trkpt lat="46.287922" lon="7.521237">
        <ele>547.614550</ele>
        <time>2026-01-16T03:01:51.432Z</time>
      </trkpt>
      <trkpt lat="46.287897" lon="7.521165">
        <ele>547.482833</ele>
        <time>2026-01-16T03:01:52.062Z</time>
      </trkpt>
      <trkpt lat="46.287850" lon="7.521122">
        <ele>547.351298</ele>
        <time>2026-01-16T03:01:52.677Z</time>
      </trkpt>
      <trkpt lat="46.287779" lon="7.521128">
        <ele>547.183060</ele>
        <time>2026-01-16T03:01:53.463Z</time>
      </trkpt>
      <trkpt lat="46.287750" lon="7.521156">
        <ele>547.100593</ele>
        <time>2026-01-16T03:01:53.848Z</time>
      </trkpt>
      <trkpt lat="46.287650" lon="7.521115">
        <ele>546.854731</ele>
        <time>2026-01-16T03:01:54.955Z</time>
      </trkpt>
      <trkpt lat="46.287608" lon="7.521100">
        <ele>546.752398</ele>
        <time>2026-01-16T03:01:55.412Z</time>
      </trkpt>
      <trkpt lat="46.287397" lon="7.520896">
        <ele>546.152125</ele>
        <time>2026-01-16T03:01:58.025Z</time>
      </trkpt>
      <trkpt lat="46.287259" lon="7.520651">
        <ele>545.635444</ele>
        <time>2026-01-16T03:02:00.205Z</time>
      </trkpt>
      <trkpt lat="46.286937" lon="7.520106">
        <ele>544.294209</ele>
        <time>2026-01-16T03:02:05.004Z</time>
      </trkpt>
      <trkpt lat="46.286643" lon="7.519587">
        <ele>542.398521</ele>
        <time>2026-01-16T03:02:09.524Z</time>
      </trkpt>
      <trkpt lat="46.286598" lon="7.519504">
        <ele>542.100516</ele>
        <time>2026-01-16T03:02:10.249Z</time>
      </trkpt>
      <trkpt lat="46.286433" lon="7.519207">
        <ele>541.024052</ele>
        <time>2026-01-16T03:02:12.802Z</time>
      </trkpt>
      <trkpt lat="46.286337" lon="7.519031">
        <ele>540.390674</ele>
        <time>2026-01-16T03:02:14.285Z</time>
      </trkpt>
      <trkpt lat="46.286192" lon="7.518764">
        <ele>539.431420</ele>
        <time>2026-01-16T03:02:16.532Z</time>
      </trkpt>
      <trkpt lat="46.286175" lon="7.518734">
        <ele>539.321827</ele>
        <time>2026-01-16T03:02:16.785Z</time>
      </trkpt>
      <trkpt lat="46.286143" lon="7.518672">
        <ele>539.103231</ele>
        <time>2026-01-16T03:02:17.298Z</time>
      </trkpt>
      <trkpt lat="46.285922" lon="7.518255">
        <ele>537.618754</ele>
        <time>2026-01-16T03:02:20.813Z</time>
      </trkpt>
      <trkpt lat="46.285888" lon="7.518190">
        <ele>537.388471</ele>
        <time>2026-01-16T03:02:21.364Z</time>
      </trkpt>
      <trkpt lat="46.285537" lon="7.517535">
        <ele>535.726481</ele>
        <time>2026-01-16T03:02:27.106Z</time>
      </trkpt>
      <trkpt lat="46.285438" lon="7.517353">
        <ele>535.265783</ele>
        <time>2026-01-16T03:02:28.728Z</time>
      </trkpt>
      <trkpt lat="46.284565" lon="7.515795">
        <ele>531.298960</ele>
        <time>2026-01-16T03:02:43.491Z</time>
      </trkpt>
      <trkpt lat="46.284460" lon="7.515608">
        <ele>530.831989</ele>
        <time>2026-01-16T03:02:45.402Z</time>
      </trkpt>
      <trkpt lat="46.284423" lon="7.515544">
        <ele>530.670271</ele>
        <time>2026-01-16T03:02:46.050Z</time>
      </trkpt>
      <trkpt lat="46.283938" lon="7.514710">
        <ele>528.557752</ele>
        <time>2026-01-16T03:02:53.999Z</time>
      </trkpt>
      <trkpt lat="46.283858" lon="7.514485">
        <ele>528.067345</ele>
        <time>2026-01-16T03:02:55.746Z</time>
      </trkpt>
      <trkpt lat="46.283476" lon="7.513777">
        <ele>526.092468</ele>
        <time>2026-01-16T03:03:01.871Z</time>
      </trkpt>
      <trkpt lat="46.283427" lon="7.513637">
        <ele>525.698864</ele>
        <time>2026-01-16T03:03:02.919Z</time>
      </trkpt>
      <trkpt lat="46.283428" lon="7.513615">
        <ele>525.643566</ele>
        <time>2026-01-16T03:03:03.068Z</time>
      </trkpt>
      <trkpt lat="46.283397" lon="7.513501">
        <ele>525.336299</ele>
        <time>2026-01-16T03:03:03.881Z</time>
      </trkpt>
      <trkpt lat="46.283349" lon="7.513458">
        <ele>525.131412</ele>
        <time>2026-01-16T03:03:04.430Z</time>
      </trkpt>
      <trkpt lat="46.283322" lon="7.513451">
        <ele>525.031862</ele>
        <time>2026-01-16T03:03:04.687Z</time>
      </trkpt>
      <trkpt lat="46.283215" lon="7.513329">
        <ele>524.537461</ele>
        <time>2026-01-16T03:03:05.986Z</time>
      </trkpt>
      <trkpt lat="46.282175" lon="7.511749">
        <ele>519.835132</ele>
        <time>2026-01-16T03:03:21.050Z</time>
      </trkpt>
      <trkpt lat="46.281658" lon="7.510963">
        <ele>518.484204</ele>
        <time>2026-01-16T03:03:29.443Z</time>
      </trkpt>
      <trkpt lat="46.281579" lon="7.510725">
        <ele>518.155489</ele>
        <time>2026-01-16T03:03:31.813Z</time>
      </trkpt>
      <trkpt lat="46.281610" lon="7.510584">
        <ele>517.971274</ele>
        <time>2026-01-16T03:03:33.169Z</time>
      </trkpt>
      <trkpt lat="46.281591" lon="7.510399">
        <ele>517.738419</ele>
        <time>2026-01-16T03:03:34.864Z</time>
      </trkpt>
      <trkpt lat="46.281533" lon="7.510276">
        <ele>517.553034</ele>
        <time>2026-01-16T03:03:36.215Z</time>
      </trkpt>
      <trkpt lat="46.281429" lon="7.510187">
        <ele>517.348693</ele>
        <time>2026-01-16T03:03:37.795Z</time>
      </trkpt>
      <trkpt lat="46.281309" lon="7.510177">
        <ele>517.284700</ele>
        <time>2026-01-16T03:03:39.371Z</time>
      </trkpt>
      <trkpt lat="46.281128" lon="7.510101">
        <ele>517.184360</ele>
        <time>2026-01-16T03:03:41.808Z</time>
      </trkpt>
      <trkpt lat="46.281051" lon="7.510028">
        <ele>517.135349</ele>
        <time>2026-01-16T03:03:43.027Z</time>
      </trkpt>
      <trkpt lat="46.280891" lon="7.509847">
        <ele>517.027220</ele>
        <time>2026-01-16T03:03:45.769Z</time>
      </trkpt>
      <trkpt lat="46.280401" lon="7.509107">
        <ele>516.650131</ele>
        <time>2026-01-16T03:03:55.649Z</time>
      </trkpt>
      <trkpt lat="46.280320" lon="7.508978">
        <ele>516.586000</ele>
        <time>2026-01-16T03:03:57.213Z</time>
      </trkpt>
      <trkpt lat="46.279879" lon="7.508256">
        <ele>516.279109</ele>
        <time>2026-01-16T03:04:05.310Z</time>
      </trkpt>
      <trkpt lat="46.279411" lon="7.507337">
        <ele>515.980219</ele>
        <time>2026-01-16T03:04:16.119Z</time>
      </trkpt>
      <trkpt lat="46.279120" lon="7.506654">
        <ele>515.770135</ele>
        <time>2026-01-16T03:04:24.134Z</time>
      </trkpt>
      <trkpt lat="46.278916" lon="7.506103">
        <ele>515.674171</ele>
        <time>2026-01-16T03:04:30.483Z</time>
      </trkpt>
      <trkpt lat="46.276396" lon="7.498107">
        <ele>515.379068</ele>
        <time>2026-01-16T03:05:57.047Z</time>
      </trkpt>
      <trkpt lat="46.276116" lon="7.496912">
        <ele>515.776687</ele>
        <time>2026-01-16T03:06:14.377Z</time>
      </trkpt>
      <trkpt lat="46.276079" lon="7.496781">
        <ele>515.829982</ele>
        <time>2026-01-16T03:06:16.312Z</time>
      </trkpt>
      <trkpt lat="46.275744" lon="7.495687">
        <ele>516.280612</ele>
        <time>2026-01-16T03:06:30.966Z</time>
      </trkpt>
      <trkpt lat="46.275607" lon="7.495326">
        <ele>516.435711</ele>
        <time>2026-01-16T03:06:35.359Z</time>
      </trkpt>
      <trkpt lat="46.274810" lon="7.492452">
        <ele>517.194220</ele>
        <time>2026-01-16T03:07:08.958Z</time>
      </trkpt>
      <trkpt lat="46.274890" lon="7.492385">
        <ele>517.220883</ele>
        <time>2026-01-16T03:07:11.170Z</time>
      </trkpt>
      <trkpt lat="46.274915" lon="7.492198">
        <ele>517.252355</ele>
        <time>2026-01-16T03:07:14.139Z</time>
      </trkpt>
      <trkpt lat="46.274664" lon="7.491445">
        <ele>517.176487</ele>
        <time>2026-01-16T03:07:26.782Z</time>
      </trkpt>
      <trkpt lat="46.274591" lon="7.490950">
        <ele>517.130553</ele>
        <time>2026-01-16T03:07:34.172Z</time>
      </trkpt>
      <trkpt lat="46.274539" lon="7.490820">
        <ele>517.116922</ele>
        <time>2026-01-16T03:07:36.177Z</time>
      </trkpt>
      <trkpt lat="46.274284" lon="7.490422">
        <ele>517.067672</ele>
        <time>2026-01-16T03:07:43.047Z</time>
      </trkpt>
      <trkpt lat="46.274218" lon="7.490247">
        <ele>517.049580</ele>
        <time>2026-01-16T03:07:45.506Z</time>
      </trkpt>
      <trkpt lat="46.273576" lon="7.487921">
        <ele>516.136134</ele>
        <time>2026-01-16T03:08:16.478Z</time>
      </trkpt>
      <trkpt lat="46.272796" lon="7.484920">
        <ele>515.897763</ele>
        <time>2026-01-16T03:09:00.677Z</time>
      </trkpt>
      <trkpt lat="46.272292" lon="7.482874">
        <ele>516.268858</ele>
        <time>2026-01-16T03:09:32.961Z</time>
      </trkpt>
      <trkpt lat="46.272274" lon="7.482764">
        <ele>516.288171</ele>
        <time>2026-01-16T03:09:34.695Z</time>
      </trkpt>
      <trkpt lat="46.272271" lon="7.482062">
        <ele>516.196027</ele>
        <time>2026-01-16T03:09:45.126Z</time>
      </trkpt>
      <trkpt lat="46.272253" lon="7.481930">
        <ele>516.166756</ele>
        <time>2026-01-16T03:09:47.113Z</time>
      </trkpt>
      <trkpt lat="46.271683" lon="7.480188">
        <ele>515.744494</ele>
        <time>2026-01-16T03:10:11.935Z</time>
      </trkpt>
      <trkpt lat="46.270212" lon="7.475011">
        <ele>511.733995</ele>
        <time>2026-01-16T03:11:18.121Z</time>
      </trkpt>
      <trkpt lat="46.269777" lon="7.473467">
        <ele>511.083589</ele>
        <time>2026-01-16T03:11:39.688Z</time>
      </trkpt>
      <trkpt lat="46.269723" lon="7.472962">
        <ele>510.884248</ele>
        <time>2026-01-16T03:11:46.381Z</time>
      </trkpt>
      <trkpt lat="46.269681" lon="7.472894">
        <ele>510.856922</ele>
        <time>2026-01-16T03:11:47.562Z</time>
      </trkpt>
      <trkpt lat="46.269613" lon="7.472864">
        <ele>510.829533</ele>
        <time>2026-01-16T03:11:48.884Z</time>
      </trkpt>
      <trkpt lat="46.269505" lon="7.472911">
        <ele>510.786082</ele>
        <time>2026-01-16T03:11:50.986Z</time>
      </trkpt>
      <trkpt lat="46.268580" lon="7.469493">
        <ele>509.862300</ele>
        <time>2026-01-16T03:12:25.481Z</time>
      </trkpt>
      <trkpt lat="46.267666" lon="7.465746">
        <ele>509.084912</ele>
        <time>2026-01-16T03:13:03.669Z</time>
      </trkpt>
      <trkpt lat="46.267535" lon="7.465197">
        <ele>508.955450</ele>
        <time>2026-01-16T03:13:09.211Z</time>
      </trkpt>
      <trkpt lat="46.267251" lon="7.463977">
        <ele>508.668497</ele>
        <time>2026-01-16T03:13:21.170Z</time>
      </trkpt>
      <trkpt lat="46.267018" lon="7.462974">
        <ele>508.534755</ele>
        <time>2026-01-16T03:13:31.300Z</time>
      </trkpt>
      <trkpt lat="46.266799" lon="7.462080">
        <ele>508.518898</ele>
        <time>2026-01-16T03:13:41.402Z</time>
      </trkpt>
      <trkpt lat="46.266578" lon="7.461248">
        <ele>508.503998</ele>
        <time>2026-01-16T03:13:50.659Z</time>
      </trkpt>
      <trkpt lat="46.266417" lon="7.460672">
        <ele>508.455614</ele>
        <time>2026-01-16T03:13:57.078Z</time>
      </trkpt>
      <trkpt lat="46.266145" lon="7.459725">
        <ele>508.328563</ele>
        <time>2026-01-16T03:14:07.499Z</time>
      </trkpt>
      <trkpt lat="46.266073" lon="7.459473">
        <ele>508.294780</ele>
        <time>2026-01-16T03:14:10.078Z</time>
      </trkpt>
      <trkpt lat="46.265903" lon="7.458981">
        <ele>508.226634</ele>
        <time>2026-01-16T03:14:15.045Z</time>
      </trkpt>
      <trkpt lat="46.265700" lon="7.458524">
        <ele>508.141000</ele>
        <time>2026-01-16T03:14:20.142Z</time>
      </trkpt>
      <trkpt lat="46.265210" lon="7.457716">
        <ele>507.871124</ele>
        <time>2026-01-16T03:14:30.771Z</time>
      </trkpt>
      <trkpt lat="46.264808" lon="7.456913">
        <ele>507.622184</ele>
        <time>2026-01-16T03:14:39.812Z</time>
      </trkpt>
      <trkpt lat="46.264201" lon="7.455609">
        <ele>507.235065</ele>
        <time>2026-01-16T03:14:54.632Z</time>
      </trkpt>
      <trkpt lat="46.263825" lon="7.454795">
        <ele>506.995559</ele>
        <time>2026-01-16T03:15:03.586Z</time>
      </trkpt>
      <trkpt lat="46.263568" lon="7.454175">
        <ele>506.775449</ele>
        <time>2026-01-16T03:15:11.002Z</time>
      </trkpt>
      <trkpt lat="46.262793" lon="7.451940">
        <ele>505.639229</ele>
        <time>2026-01-16T03:15:34.289Z</time>
      </trkpt>
      <trkpt lat="46.262336" lon="7.450653">
        <ele>503.938805</ele>
        <time>2026-01-16T03:15:44.677Z</time>
      </trkpt>
      <trkpt lat="46.261161" lon="7.447200">
        <ele>501.270415</ele>
        <time>2026-01-16T03:16:17.476Z</time>
      </trkpt>
      <trkpt lat="46.260774" lon="7.446070">
        <ele>501.332108</ele>
        <time>2026-01-16T03:16:31.726Z</time>
      </trkpt>
      <trkpt lat="46.260723" lon="7.445919">
        <ele>501.340330</ele>
        <time>2026-01-16T03:16:33.616Z</time>
      </trkpt>
      <trkpt lat="46.260683" lon="7.445795">
        <ele>501.347024</ele>
        <time>2026-01-16T03:16:35.127Z</time>
      </trkpt>
      <trkpt lat="46.260526" lon="7.445349">
        <ele>501.371509</ele>
        <time>2026-01-16T03:16:40.591Z</time>
      </trkpt>
      <trkpt lat="46.260485" lon="7.445231">
        <ele>501.377970</ele>
        <time>2026-01-16T03:16:42.037Z</time>
      </trkpt>
      <trkpt lat="46.260092" lon="7.444093">
        <ele>501.116960</ele>
        <time>2026-01-16T03:16:55.435Z</time>
      </trkpt>
      <trkpt lat="46.255001" lon="7.429348">
        <ele>497.335036</ele>
        <time>2026-01-16T03:19:30.045Z</time>
      </trkpt>
      <trkpt lat="46.254849" lon="7.428850">
        <ele>497.229523</ele>
        <time>2026-01-16T03:19:35.553Z</time>
      </trkpt>
      <trkpt lat="46.254678" lon="7.428160">
        <ele>497.393579</ele>
        <time>2026-01-16T03:19:43.470Z</time>
      </trkpt>
      <trkpt lat="46.254617" lon="7.427869">
        <ele>497.469612</ele>
        <time>2026-01-16T03:19:46.798Z</time>
      </trkpt>
      <trkpt lat="46.254612" lon="7.427844">
        <ele>497.476119</ele>
        <time>2026-01-16T03:19:47.073Z</time>
      </trkpt>
      <trkpt lat="46.254515" lon="7.427277">
        <ele>497.622170</ele>
        <time>2026-01-16T03:19:53.596Z</time>
      </trkpt>
      <trkpt lat="46.254477" lon="7.426982">
        <ele>497.697203</ele>
        <time>2026-01-16T03:19:57.012Z</time>
      </trkpt>
      <trkpt lat="46.254402" lon="7.426403">
        <ele>497.844498</ele>
        <time>2026-01-16T03:20:04.014Z</time>
      </trkpt>
      <trkpt lat="46.254371" lon="7.426138">
        <ele>497.966354</ele>
        <time>2026-01-16T03:20:07.384Z</time>
      </trkpt>
      <trkpt lat="46.254305" lon="7.425595">
        <ele>498.291893</ele>
        <time>2026-01-16T03:20:14.396Z</time>
      </trkpt>
      <trkpt lat="46.254291" lon="7.425484">
        <ele>498.358516</ele>
        <time>2026-01-16T03:20:15.813Z</time>
      </trkpt>
      <trkpt lat="46.254150" lon="7.424518">
        <ele>498.941478</ele>
        <time>2026-01-16T03:20:28.231Z</time>
      </trkpt>
      <trkpt lat="46.254127" lon="7.424395">
        <ele>499.016715</ele>
        <time>2026-01-16T03:20:29.861Z</time>
      </trkpt>
      <trkpt lat="46.254026" lon="7.423930">
        <ele>499.304511</ele>
        <time>2026-01-16T03:20:36.040Z</time>
      </trkpt>
      <trkpt lat="46.253915" lon="7.423472">
        <ele>499.659807</ele>
        <time>2026-01-16T03:20:42.267Z</time>
      </trkpt>
      <trkpt lat="46.253879" lon="7.423328">
        <ele>499.784073</ele>
        <time>2026-01-16T03:20:44.257Z</time>
      </trkpt>
      <trkpt lat="46.253845" lon="7.423188">
        <ele>499.904493</ele>
        <time>2026-01-16T03:20:46.104Z</time>
      </trkpt>
      <trkpt lat="46.253797" lon="7.423000">
        <ele>500.067131</ele>
        <time>2026-01-16T03:20:48.644Z</time>
      </trkpt>
      <trkpt lat="46.253673" lon="7.422327">
        <ele>500.632356</ele>
        <time>2026-01-16T03:20:57.777Z</time>
      </trkpt>
      <trkpt lat="46.253642" lon="7.422050">
        <ele>500.860079</ele>
        <time>2026-01-16T03:21:01.626Z</time>
      </trkpt>
      <trkpt lat="46.253625" lon="7.421873">
        <ele>501.005102</ele>
        <time>2026-01-16T03:21:04.103Z</time>
      </trkpt>
      <trkpt lat="46.253614" lon="7.421688">
        <ele>501.155792</ele>
        <time>2026-01-16T03:21:06.698Z</time>
      </trkpt>
      <trkpt lat="46.253603" lon="7.421378">
        <ele>501.407701</ele>
        <time>2026-01-16T03:21:11.177Z</time>
      </trkpt>
      <trkpt lat="46.253595" lon="7.421095">
        <ele>501.684994</ele>
        <time>2026-01-16T03:21:15.346Z</time>
      </trkpt>
      <trkpt lat="46.253588" lon="7.420853">
        <ele>501.959861</ele>
        <time>2026-01-16T03:21:18.986Z</time>
      </trkpt>
      <trkpt lat="46.253579" lon="7.420533">
        <ele>502.323305</ele>
        <time>2026-01-16T03:21:23.988Z</time>
      </trkpt>
      <trkpt lat="46.253546" lon="7.419370">
        <ele>503.644216</ele>
        <time>2026-01-16T03:21:41.930Z</time>
      </trkpt>
      <trkpt lat="46.253535" lon="7.419116">
        <ele>503.933026</ele>
        <time>2026-01-16T03:21:45.580Z</time>
      </trkpt>
      <trkpt lat="46.253526" lon="7.418949">
        <ele>504.123116</ele>
        <time>2026-01-16T03:21:47.978Z</time>
      </trkpt>
      <trkpt lat="46.253468" lon="7.418359">
        <ele>504.578262</ele>
        <time>2026-01-16T03:21:56.124Z</time>
      </trkpt>
      <trkpt lat="46.253380" lon="7.417764">
        <ele>504.804666</ele>
        <time>2026-01-16T03:22:04.389Z</time>
      </trkpt>
      <trkpt lat="46.253320" lon="7.417360">
        <ele>504.958420</ele>
        <time>2026-01-16T03:22:09.710Z</time>
      </trkpt>
      <trkpt lat="46.253276" lon="7.417080">
        <ele>505.065263</ele>
        <time>2026-01-16T03:22:13.009Z</time>
      </trkpt>
      <trkpt lat="46.253271" lon="7.417040">
        <ele>505.080389</ele>
        <time>2026-01-16T03:22:13.473Z</time>
      </trkpt>
      <trkpt lat="46.253248" lon="7.416888">
        <ele>505.138285</ele>
        <time>2026-01-16T03:22:15.131Z</time>
      </trkpt>
      <trkpt lat="46.253375" lon="7.416813">
        <ele>505.212105</ele>
        <time>2026-01-16T03:22:17.935Z</time>
      </trkpt>
      <trkpt lat="46.253398" lon="7.416802">
        <ele>505.225141</ele>
        <time>2026-01-16T03:22:18.292Z</time>
      </trkpt>
      <trkpt lat="46.253761" lon="7.416617">
        <ele>505.432253</ele>
        <time>2026-01-16T03:22:23.810Z</time>
      </trkpt>
      <trkpt lat="46.253653" lon="7.416194">
        <ele>504.974679</ele>
        <time>2026-01-16T03:22:27.853Z</time>
      </trkpt>
      <trkpt lat="46.253515" lon="7.415727">
        <ele>504.433120</ele>
        <time>2026-01-16T03:22:32.178Z</time>
      </trkpt>
      <trkpt lat="46.253431" lon="7.415442">
        <ele>504.102750</ele>
        <time>2026-01-16T03:22:34.659Z</time>
      </trkpt>
      <trkpt lat="46.253384" lon="7.415380">
        <ele>504.004644</ele>
        <time>2026-01-16T03:22:35.374Z</time>
      </trkpt>
      <trkpt lat="46.253386" lon="7.415287">
        <ele>503.905424</ele>
        <time>2026-01-16T03:22:36.088Z</time>
      </trkpt>
      <trkpt lat="46.252977" lon="7.413963">
        <ele>502.260134</ele>
        <time>2026-01-16T03:22:46.838Z</time>
      </trkpt>
      <trkpt lat="46.252870" lon="7.413763">
        <ele>501.903120</ele>
        <time>2026-01-16T03:22:48.718Z</time>
      </trkpt>
      <trkpt lat="46.252786" lon="7.413770">
        <ele>501.731328</ele>
        <time>2026-01-16T03:22:49.614Z</time>
      </trkpt>
      <trkpt lat="46.252652" lon="7.412899">
        <ele>500.471551</ele>
        <time>2026-01-16T03:22:56.295Z</time>
      </trkpt>
      <trkpt lat="46.252524" lon="7.412235">
        <ele>499.498344</ele>
        <time>2026-01-16T03:23:01.509Z</time>
      </trkpt>
      <trkpt lat="46.252379" lon="7.411697">
        <ele>498.809069</ele>
        <time>2026-01-16T03:23:06.006Z</time>
      </trkpt>
      <trkpt lat="46.252238" lon="7.411285">
        <ele>498.424645</ele>
        <time>2026-01-16T03:23:09.713Z</time>
      </trkpt>
      <trkpt lat="46.251959" lon="7.410591">
        <ele>497.753328</ele>
        <time>2026-01-16T03:23:16.363Z</time>
      </trkpt>
      <trkpt lat="46.251791" lon="7.410107">
        <ele>497.300447</ele>
        <time>2026-01-16T03:23:20.889Z</time>
      </trkpt>
      <trkpt lat="46.251739" lon="7.409888">
        <ele>497.106810</ele>
        <time>2026-01-16T03:23:22.861Z</time>
      </trkpt>
      <trkpt lat="46.251742" lon="7.409770">
        <ele>497.008064</ele>
        <time>2026-01-16T03:23:23.864Z</time>
      </trkpt>
      <trkpt lat="46.251725" lon="7.409724">
        <ele>496.964447</ele>
        <time>2026-01-16T03:23:24.322Z</time>
      </trkpt>
      <trkpt lat="46.251665" lon="7.409666">
        <ele>496.877167</ele>
        <time>2026-01-16T03:23:25.216Z</time>
      </trkpt>
      <trkpt lat="46.251605" lon="7.409667">
        <ele>496.806195</ele>
        <time>2026-01-16T03:23:25.966Z</time>
      </trkpt>
      <trkpt lat="46.251491" lon="7.409492">
        <ele>496.631292</ele>
        <time>2026-01-16T03:23:28.057Z</time>
      </trkpt>
      <trkpt lat="46.251267" lon="7.408973">
        <ele>496.186222</ele>
        <time>2026-01-16T03:23:33.376Z</time>
      </trkpt>
      <trkpt lat="46.251033" lon="7.408100">
        <ele>495.505087</ele>
        <time>2026-01-16T03:23:41.109Z</time>
      </trkpt>
      <trkpt lat="46.250878" lon="7.407334">
        <ele>494.924524</ele>
        <time>2026-01-16T03:23:47.721Z</time>
      </trkpt>
      <trkpt lat="46.250790" lon="7.406831">
        <ele>494.695630</ele>
        <time>2026-01-16T03:23:52.073Z</time>
      </trkpt>
      <trkpt lat="46.250744" lon="7.406560">
        <ele>494.572527</ele>
        <time>2026-01-16T03:23:54.433Z</time>
      </trkpt>
      <trkpt lat="46.250362" lon="7.404423">
        <ele>493.730907</ele>
        <time>2026-01-16T03:24:14.708Z</time>
      </trkpt>
      <trkpt lat="46.249976" lon="7.402863">
        <ele>493.541454</ele>
        <time>2026-01-16T03:24:31.943Z</time>
      </trkpt>
      <trkpt lat="46.249668" lon="7.401750">
        <ele>493.305270</ele>
        <time>2026-01-16T03:24:43.305Z</time>
      </trkpt>
      <trkpt lat="46.248776" lon="7.398487">
        <ele>492.515812</ele>
        <time>2026-01-16T03:25:15.943Z</time>
      </trkpt>
      <trkpt lat="46.247877" lon="7.395224">
        <ele>492.608605</ele>
        <time>2026-01-16T03:25:52.236Z</time>
      </trkpt>
      <trkpt lat="46.247313" lon="7.393178">
        <ele>493.963542</ele>
        <time>2026-01-16T03:26:20.090Z</time>
      </trkpt>
      <trkpt lat="46.246612" lon="7.390914">
        <ele>495.356527</ele>
        <time>2026-01-16T03:26:55.948Z</time>
      </trkpt>
      <trkpt lat="46.246413" lon="7.390173">
        <ele>495.645670</ele>
        <time>2026-01-16T03:27:02.843Z</time>
      </trkpt>
      <trkpt lat="46.246224" lon="7.389330">
        <ele>495.317164</ele>
        <time>2026-01-16T03:27:09.835Z</time>
      </trkpt>
      <trkpt lat="46.245853" lon="7.387142">
        <ele>494.988744</ele>
        <time>2026-01-16T03:27:31.823Z</time>
      </trkpt>
      <trkpt lat="46.245699" lon="7.386202">
        <ele>495.338409</ele>
        <time>2026-01-16T03:27:43.840Z</time>
      </trkpt>
      <trkpt lat="46.245448" lon="7.384875">
        <ele>495.713322</ele>
        <time>2026-01-16T03:28:01.272Z</time>
      </trkpt>
      <trkpt lat="46.245263" lon="7.384127">
        <ele>495.774835</ele>
        <time>2026-01-16T03:28:10.930Z</time>
      </trkpt>
      <trkpt lat="46.244932" lon="7.383102">
        <ele>495.862433</ele>
        <time>2026-01-16T03:28:22.045Z</time>
      </trkpt>
      <trkpt lat="46.244348" lon="7.381712">
        <ele>494.899754</ele>
        <time>2026-01-16T03:28:35.603Z</time>
      </trkpt>
      <trkpt lat="46.243522" lon="7.379958">
        <ele>493.676890</ele>
        <time>2026-01-16T03:28:53.262Z</time>
      </trkpt>
      <trkpt lat="46.242999" lon="7.379016">
        <ele>493.196853</ele>
        <time>2026-01-16T03:29:04.088Z</time>
      </trkpt>
      <trkpt lat="46.242426" lon="7.378161">
        <ele>493.453765</ele>
        <time>2026-01-16T03:29:17.203Z</time>
      </trkpt>
      <trkpt lat="46.242527" lon="7.378110">
        <ele>493.552964</ele>
        <time>2026-01-16T03:29:19.915Z</time>
      </trkpt>
      <trkpt lat="46.242583" lon="7.378082">
        <ele>493.607907</ele>
        <time>2026-01-16T03:29:21.126Z</time>
      </trkpt>
      <trkpt lat="46.242677" lon="7.378123">
        <ele>493.698948</ele>
        <time>2026-01-16T03:29:23.698Z</time>
      </trkpt>
      <trkpt lat="46.243146" lon="7.379040">
        <ele>494.430342</ele>
        <time>2026-01-16T03:29:43.550Z</time>
      </trkpt>
      <trkpt lat="46.243115" lon="7.378865">
        <ele>494.546190</ele>
        <time>2026-01-16T03:29:46.348Z</time>
      </trkpt>
      <trkpt lat="46.242143" lon="7.376273">
        <ele>498.182495</ele>
        <time>2026-01-16T03:30:27.272Z</time>
      </trkpt>
      <trkpt lat="46.242025" lon="7.375812">
        <ele>499.993359</ele>
        <time>2026-01-16T03:30:37.632Z</time>
      </trkpt>
      <trkpt lat="46.241839" lon="7.374549">
        <ele>504.750471</ele>
        <time>2026-01-16T03:31:11.986Z</time>
      </trkpt>
      <trkpt lat="46.241654" lon="7.374028">
        <ele>506.907988</ele>
        <time>2026-01-16T03:31:29.894Z</time>
      </trkpt>
      <trkpt lat="46.240769" lon="7.372056">
        <ele>518.611308</ele>
        <time>2026-01-16T03:32:40.294Z</time>
      </trkpt>
      <trkpt lat="46.240670" lon="7.371837">
        <ele>519.925563</ele>
        <time>2026-01-16T03:32:48.764Z</time>
      </trkpt>
      <trkpt lat="46.240196" lon="7.370469">
        <ele>527.630278</ele>
        <time>2026-01-16T03:33:39.389Z</time>
      </trkpt>
      <trkpt lat="46.240103" lon="7.370136">
        <ele>529.438866</ele>
        <time>2026-01-16T03:33:50.938Z</time>
      </trkpt>
      <trkpt lat="46.240055" lon="7.369699">
        <ele>531.667234</ele>
        <time>2026-01-16T03:34:04.090Z</time>
      </trkpt>
      <trkpt lat="46.240018" lon="7.369529">
        <ele>532.564766</ele>
        <time>2026-01-16T03:34:08.950Z</time>
      </trkpt>
      <trkpt lat="46.239984" lon="7.369473">
        <ele>532.940036</ele>
        <time>2026-01-16T03:34:10.958Z</time>
      </trkpt>
      <trkpt lat="46.239882" lon="7.369483">
        <ele>533.479483</ele>
        <time>2026-01-16T03:34:14.746Z</time>
      </trkpt>
      <trkpt lat="46.239844" lon="7.369456">
        <ele>533.594176</ele>
        <time>2026-01-16T03:34:16.287Z</time>
      </trkpt>
      <trkpt lat="46.239771" lon="7.369309">
        <ele>533.933225</ele>
        <time>2026-01-16T03:34:20.581Z</time>
      </trkpt>
      <trkpt lat="46.239744" lon="7.369222">
        <ele>534.111881</ele>
        <time>2026-01-16T03:34:22.764Z</time>
      </trkpt>
      <trkpt lat="46.239639" lon="7.368862">
        <ele>534.843877</ele>
        <time>2026-01-16T03:34:30.798Z</time>
      </trkpt>
      <trkpt lat="46.239502" lon="7.368390">
        <ele>535.802906</ele>
        <time>2026-01-16T03:34:39.466Z</time>
      </trkpt>
      <trkpt lat="46.239419" lon="7.368050">
        <ele>536.478428</ele>
        <time>2026-01-16T03:34:44.896Z</time>
      </trkpt>
      <trkpt lat="46.239227" lon="7.367190">
        <ele>538.171550</ele>
        <time>2026-01-16T03:34:56.779Z</time>
      </trkpt>
      <trkpt lat="46.239162" lon="7.366879">
        <ele>538.492909</ele>
        <time>2026-01-16T03:35:00.701Z</time>
      </trkpt>
      <trkpt lat="46.239133" lon="7.366751">
        <ele>538.613415</ele>
        <time>2026-01-16T03:35:02.415Z</time>
      </trkpt>
      <trkpt lat="46.239030" lon="7.366264">
        <ele>539.069038</ele>
        <time>2026-01-16T03:35:09.042Z</time>
      </trkpt>
      <trkpt lat="46.238954" lon="7.365897">
        <ele>539.411787</ele>
        <time>2026-01-16T03:35:14.535Z</time>
      </trkpt>
      <trkpt lat="46.238912" lon="7.365688">
        <ele>539.606508</ele>
        <time>2026-01-16T03:35:17.634Z</time>
      </trkpt>
      <trkpt lat="46.238881" lon="7.365545">
        <ele>539.740584</ele>
        <time>2026-01-16T03:35:19.767Z</time>
      </trkpt>
      <trkpt lat="46.238875" lon="7.365515">
        <ele>539.768524</ele>
        <time>2026-01-16T03:35:20.198Z</time>
      </trkpt>
      <trkpt lat="46.238746" lon="7.364908">
        <ele>540.336654</ele>
        <time>2026-01-16T03:35:29.772Z</time>
      </trkpt>
      <trkpt lat="46.238643" lon="7.364538">
        <ele>540.495070</ele>
        <time>2026-01-16T03:35:35.410Z</time>
      </trkpt>
      <trkpt lat="46.238608" lon="7.364438">
        <ele>540.449678</ele>
        <time>2026-01-16T03:35:36.966Z</time>
      </trkpt>
      <trkpt lat="46.238577" lon="7.364345">
        <ele>540.407866</ele>
        <time>2026-01-16T03:35:38.474Z</time>
      </trkpt>
      <trkpt lat="46.238444" lon="7.364022">
        <ele>540.255619</ele>
        <time>2026-01-16T03:35:45.205Z</time>
      </trkpt>
      <trkpt lat="46.238421" lon="7.363972">
        <ele>540.231298</ele>
        <time>2026-01-16T03:35:46.246Z</time>
      </trkpt>
      <trkpt lat="46.238372" lon="7.363869">
        <ele>540.180667</ele>
        <time>2026-01-16T03:35:48.154Z</time>
      </trkpt>
      <trkpt lat="46.238094" lon="7.363300">
        <ele>539.898516</ele>
        <time>2026-01-16T03:35:57.325Z</time>
      </trkpt>
      <trkpt lat="46.238076" lon="7.363262">
        <ele>539.879862</ele>
        <time>2026-01-16T03:35:57.873Z</time>
      </trkpt>
      <trkpt lat="46.237963" lon="7.363027">
        <ele>539.763942</ele>
        <time>2026-01-16T03:36:01.050Z</time>
      </trkpt>
      <trkpt lat="46.237885" lon="7.362867">
        <ele>539.684660</ele>
        <time>2026-01-16T03:36:03.139Z</time>
      </trkpt>
      <trkpt lat="46.237735" lon="7.362555">
        <ele>539.530766</ele>
        <time>2026-01-16T03:36:07.093Z</time>
      </trkpt>
      <trkpt lat="46.237635" lon="7.362346">
        <ele>538.966716</ele>
        <time>2026-01-16T03:36:09.718Z</time>
      </trkpt>
      <trkpt lat="46.237417" lon="7.361905">
        <ele>537.412223</ele>
        <time>2026-01-16T03:36:15.126Z</time>
      </trkpt>
      <trkpt lat="46.237313" lon="7.361692">
        <ele>536.664515</ele>
        <time>2026-01-16T03:36:17.613Z</time>
      </trkpt>
      <trkpt lat="46.237294" lon="7.361653">
        <ele>536.527711</ele>
        <time>2026-01-16T03:36:18.065Z</time>
      </trkpt>
      <trkpt lat="46.237008" lon="7.361057">
        <ele>534.447425</ele>
        <time>2026-01-16T03:36:24.756Z</time>
      </trkpt>
      <trkpt lat="46.236873" lon="7.360853">
        <ele>533.637750</ele>
        <time>2026-01-16T03:36:27.366Z</time>
      </trkpt>
      <trkpt lat="46.236736" lon="7.360769">
        <ele>533.020750</ele>
        <time>2026-01-16T03:36:29.377Z</time>
      </trkpt>
      <trkpt lat="46.236382" lon="7.360717">
        <ele>531.665908</ele>
        <time>2026-01-16T03:36:34.368Z</time>
      </trkpt>
      <trkpt lat="46.236002" lon="7.360654">
        <ele>530.461587</ele>
        <time>2026-01-16T03:36:38.239Z</time>
      </trkpt>
      <trkpt lat="46.235882" lon="7.360627">
        <ele>530.079203</ele>
        <time>2026-01-16T03:36:39.483Z</time>
      </trkpt>
      <trkpt lat="46.235872" lon="7.360515">
        <ele>529.833257</ele>
        <time>2026-01-16T03:36:40.282Z</time>
      </trkpt>
      <trkpt lat="46.235794" lon="7.360457">
        <ele>529.557083</ele>
        <time>2026-01-16T03:36:41.182Z</time>
      </trkpt>
      <trkpt lat="46.235739" lon="7.360490">
        <ele>529.369587</ele>
        <time>2026-01-16T03:36:41.790Z</time>
      </trkpt>
      <trkpt lat="46.235686" lon="7.360290">
        <ele>528.903138</ele>
        <time>2026-01-16T03:36:43.308Z</time>
      </trkpt>
      <trkpt lat="46.235680" lon="7.360252">
        <ele>528.818249</ele>
        <time>2026-01-16T03:36:43.580Z</time>
      </trkpt>
      <trkpt lat="46.235661" lon="7.360111">
        <ele>528.505394</ele>
        <time>2026-01-16T03:36:44.611Z</time>
      </trkpt>
      <trkpt lat="46.235599" lon="7.359801">
        <ele>527.802592</ele>
        <time>2026-01-16T03:36:46.951Z</time>
      </trkpt>
      <trkpt lat="46.235524" lon="7.359528">
        <ele>527.162848</ele>
        <time>2026-01-16T03:36:49.104Z</time>
      </trkpt>
      <trkpt lat="46.235510" lon="7.359486">
        <ele>527.061310</ele>
        <time>2026-01-16T03:36:49.443Z</time>
      </trkpt>
      <trkpt lat="46.235497" lon="7.359442">
        <ele>526.957106</ele>
        <time>2026-01-16T03:36:49.785Z</time>
      </trkpt>
      <trkpt lat="46.235470" lon="7.359346">
        <ele>526.731406</ele>
        <time>2026-01-16T03:36:50.560Z</time>
      </trkpt>
      <trkpt lat="46.235445" lon="7.359249">
        <ele>526.505961</ele>
        <time>2026-01-16T03:36:51.307Z</time>
      </trkpt>
      <trkpt lat="46.235292" lon="7.358687">
        <ele>525.264592</ele>
        <time>2026-01-16T03:36:55.682Z</time>
      </trkpt>
      <trkpt lat="46.235288" lon="7.358636">
        <ele>525.159746</ele>
        <time>2026-01-16T03:36:56.048Z</time>
      </trkpt>
      <trkpt lat="46.235251" lon="7.358454">
        <ele>524.772244</ele>
        <time>2026-01-16T03:36:57.374Z</time>
      </trkpt>
      <trkpt lat="46.235191" lon="7.358261">
        <ele>524.340008</ele>
        <time>2026-01-16T03:36:58.846Z</time>
      </trkpt>
      <trkpt lat="46.235164" lon="7.358165">
        <ele>524.128315</ele>
        <time>2026-01-16T03:36:59.560Z</time>
      </trkpt>
      <trkpt lat="46.235044" lon="7.357739">
        <ele>523.188717</ele>
        <time>2026-01-16T03:37:02.744Z</time>
      </trkpt>
      <trkpt lat="46.234889" lon="7.357139">
        <ele>521.880384</ele>
        <time>2026-01-16T03:37:07.297Z</time>
      </trkpt>
      <trkpt lat="46.234801" lon="7.356800">
        <ele>521.140735</ele>
        <time>2026-01-16T03:37:09.942Z</time>
      </trkpt>
      <trkpt lat="46.234777" lon="7.356706">
        <ele>520.924955</ele>
        <time>2026-01-16T03:37:10.659Z</time>
      </trkpt>
      <trkpt lat="46.234669" lon="7.356299">
        <ele>519.961309</ele>
        <time>2026-01-16T03:37:13.818Z</time>
      </trkpt>
      <trkpt lat="46.234574" lon="7.356163">
        <ele>519.534036</ele>
        <time>2026-01-16T03:37:15.198Z</time>
      </trkpt>
      <trkpt lat="46.234590" lon="7.356008">
        <ele>519.187598</ele>
        <time>2026-01-16T03:37:16.317Z</time>
      </trkpt>
      <trkpt lat="46.234574" lon="7.355921">
        <ele>518.988594</ele>
        <time>2026-01-16T03:37:16.958Z</time>
      </trkpt>
      <trkpt lat="46.234467" lon="7.355508">
        <ele>518.013675</ele>
        <time>2026-01-16T03:37:20.073Z</time>
      </trkpt>
      <trkpt lat="46.234295" lon="7.355043">
        <ele>516.847997</ele>
        <time>2026-01-16T03:37:23.820Z</time>
      </trkpt>
      <trkpt lat="46.234091" lon="7.354610">
        <ele>515.689863</ele>
        <time>2026-01-16T03:37:27.496Z</time>
      </trkpt>
      <trkpt lat="46.234014" lon="7.354441">
        <ele>515.203761</ele>
        <time>2026-01-16T03:37:28.866Z</time>
      </trkpt>
      <trkpt lat="46.233998" lon="7.354405">
        <ele>515.063582</ele>
        <time>2026-01-16T03:37:29.150Z</time>
      </trkpt>
      <trkpt lat="46.233829" lon="7.354038">
        <ele>513.619260</ele>
        <time>2026-01-16T03:37:32.058Z</time>
      </trkpt>
      <trkpt lat="46.233624" lon="7.353596">
        <ele>511.875924</ele>
        <time>2026-01-16T03:37:35.525Z</time>
      </trkpt>
      <trkpt lat="46.233448" lon="7.353217">
        <ele>510.380489</ele>
        <time>2026-01-16T03:37:38.504Z</time>
      </trkpt>
      <trkpt lat="46.233383" lon="7.353074">
        <ele>509.819933</ele>
        <time>2026-01-16T03:37:39.616Z</time>
      </trkpt>
      <trkpt lat="46.233371" lon="7.353047">
        <ele>509.714797</ele>
        <time>2026-01-16T03:37:39.828Z</time>
      </trkpt>
      <trkpt lat="46.233124" lon="7.352515">
        <ele>507.615790</ele>
        <time>2026-01-16T03:37:43.991Z</time>
      </trkpt>
      <trkpt lat="46.232734" lon="7.351672">
        <ele>504.885894</ele>
        <time>2026-01-16T03:37:50.601Z</time>
      </trkpt>
      <trkpt lat="46.232652" lon="7.351494">
        <ele>504.350589</ele>
        <time>2026-01-16T03:37:52.034Z</time>
      </trkpt>
      <trkpt lat="46.232543" lon="7.351253">
        <ele>503.629851</ele>
        <time>2026-01-16T03:37:54.009Z</time>
      </trkpt>
      <trkpt lat="46.232514" lon="7.351194">
        <ele>503.448684</ele>
        <time>2026-01-16T03:37:54.506Z</time>
      </trkpt>
      <trkpt lat="46.232497" lon="7.351155">
        <ele>503.333299</ele>
        <time>2026-01-16T03:37:54.838Z</time>
      </trkpt>
      <trkpt lat="46.232471" lon="7.351099">
        <ele>503.164481</ele>
        <time>2026-01-16T03:37:55.313Z</time>
      </trkpt>
      <trkpt lat="46.232203" lon="7.350519">
        <ele>501.418594</ele>
        <time>2026-01-16T03:38:00.420Z</time>
      </trkpt>
      <trkpt lat="46.232186" lon="7.350483">
        <ele>501.309489</ele>
        <time>2026-01-16T03:38:00.733Z</time>
      </trkpt>
      <trkpt lat="46.232085" lon="7.350260">
        <ele>500.642298</ele>
        <time>2026-01-16T03:38:02.703Z</time>
      </trkpt>
      <trkpt lat="46.231984" lon="7.350045">
        <ele>500.030368</ele>
        <time>2026-01-16T03:38:04.623Z</time>
      </trkpt>
      <trkpt lat="46.231879" lon="7.349834">
        <ele>499.462264</ele>
        <time>2026-01-16T03:38:06.496Z</time>
      </trkpt>
      <trkpt lat="46.231785" lon="7.349639">
        <ele>498.942786</ele>
        <time>2026-01-16T03:38:08.195Z</time>
      </trkpt>
      <trkpt lat="46.231772" lon="7.349614">
        <ele>498.874428</ele>
        <time>2026-01-16T03:38:08.422Z</time>
      </trkpt>
      <trkpt lat="46.231413" lon="7.348842">
        <ele>496.841278</ele>
        <time>2026-01-16T03:38:14.943Z</time>
      </trkpt>
      <trkpt lat="46.231201" lon="7.348379">
        <ele>495.627709</ele>
        <time>2026-01-16T03:38:18.933Z</time>
      </trkpt>
      <trkpt lat="46.231194" lon="7.348362">
        <ele>495.584469</ele>
        <time>2026-01-16T03:38:19.070Z</time>
      </trkpt>
      <trkpt lat="46.231094" lon="7.348147">
        <ele>495.018204</ele>
        <time>2026-01-16T03:38:20.874Z</time>
      </trkpt>
      <trkpt lat="46.230995" lon="7.347935">
        <ele>494.408458</ele>
        <time>2026-01-16T03:38:22.632Z</time>
      </trkpt>
      <trkpt lat="46.230694" lon="7.347303">
        <ele>492.179247</ele>
        <time>2026-01-16T03:38:27.713Z</time>
      </trkpt>
      <trkpt lat="46.230478" lon="7.346944">
        <ele>490.796943</ele>
        <time>2026-01-16T03:38:30.823Z</time>
      </trkpt>
      <trkpt lat="46.230200" lon="7.346634">
        <ele>489.322387</ele>
        <time>2026-01-16T03:38:34.188Z</time>
      </trkpt>
      <trkpt lat="46.230049" lon="7.346512">
        <ele>488.595885</ele>
        <time>2026-01-16T03:38:35.861Z</time>
      </trkpt>
      <trkpt lat="46.229851" lon="7.346370">
        <ele>487.667608</ele>
        <time>2026-01-16T03:38:37.991Z</time>
      </trkpt>
      <trkpt lat="46.229776" lon="7.346334">
        <ele>487.335711</ele>
        <time>2026-01-16T03:38:38.754Z</time>
      </trkpt>
      <trkpt lat="46.229723" lon="7.346313">
        <ele>487.104910</ele>
        <time>2026-01-16T03:38:39.284Z</time>
      </trkpt>
      <trkpt lat="46.229396" lon="7.346204">
        <ele>486.522227</ele>
        <time>2026-01-16T03:38:42.570Z</time>
      </trkpt>
      <trkpt lat="46.229215" lon="7.346160">
        <ele>486.218720</ele>
        <time>2026-01-16T03:38:44.433Z</time>
      </trkpt>
      <trkpt lat="46.229146" lon="7.346116">
        <ele>486.094012</ele>
        <time>2026-01-16T03:38:45.198Z</time>
      </trkpt>
      <trkpt lat="46.228743" lon="7.345143">
        <ele>484.796715</ele>
        <time>2026-01-16T03:38:54.547Z</time>
      </trkpt>
      <trkpt lat="46.228658" lon="7.344935">
        <ele>484.520360</ele>
        <time>2026-01-16T03:38:57.275Z</time>
      </trkpt>
      <trkpt lat="46.228337" lon="7.344048">
        <ele>484.165647</ele>
        <time>2026-01-16T03:39:12.611Z</time>
      </trkpt>
      <trkpt lat="46.228279" lon="7.343878">
        <ele>484.190335</ele>
        <time>2026-01-16T03:39:15.298Z</time>
      </trkpt>
      <trkpt lat="46.228150" lon="7.343420">
        <ele>484.254740</ele>
        <time>2026-01-16T03:39:20.545Z</time>
      </trkpt>
      <trkpt lat="46.228056" lon="7.342990">
        <ele>484.313474</ele>
        <time>2026-01-16T03:39:25.751Z</time>
      </trkpt>
      <trkpt lat="46.227862" lon="7.342116">
        <ele>484.428240</ele>
        <time>2026-01-16T03:39:35.989Z</time>
      </trkpt>
      <trkpt lat="46.227768" lon="7.341690">
        <ele>484.457278</ele>
        <time>2026-01-16T03:39:39.928Z</time>
      </trkpt>
      <trkpt lat="46.227662" lon="7.341210">
        <ele>484.489999</ele>
        <time>2026-01-16T03:39:44.766Z</time>
      </trkpt>
      <trkpt lat="46.227619" lon="7.341018">
        <ele>484.503104</ele>
        <time>2026-01-16T03:39:46.856Z</time>
      </trkpt>
      <trkpt lat="46.227485" lon="7.340420">
        <ele>484.543926</ele>
        <time>2026-01-16T03:39:53.879Z</time>
      </trkpt>
      <trkpt lat="46.226809" lon="7.337384">
        <ele>484.916913</ele>
        <time>2026-01-16T03:40:29.713Z</time>
      </trkpt>
      <trkpt lat="46.226776" lon="7.337237">
        <ele>484.937438</ele>
        <time>2026-01-16T03:40:31.164Z</time>
      </trkpt>
      <trkpt lat="46.226719" lon="7.336973">
        <ele>484.914083</ele>
        <time>2026-01-16T03:40:33.800Z</time>
      </trkpt>
      <trkpt lat="46.226651" lon="7.336670">
        <ele>484.886849</ele>
        <time>2026-01-16T03:40:36.481Z</time>
      </trkpt>
      <trkpt lat="46.226510" lon="7.336047">
        <ele>484.830809</ele>
        <time>2026-01-16T03:40:41.825Z</time>
      </trkpt>
      <trkpt lat="46.226491" lon="7.335962">
        <ele>484.823172</ele>
        <time>2026-01-16T03:40:42.560Z</time>
      </trkpt>
      <trkpt lat="46.226323" lon="7.335204">
        <ele>484.755122</ele>
        <time>2026-01-16T03:40:49.603Z</time>
      </trkpt>
      <trkpt lat="46.226261" lon="7.334922">
        <ele>484.729825</ele>
        <time>2026-01-16T03:40:53.218Z</time>
      </trkpt>
      <trkpt lat="46.226133" lon="7.334342">
        <ele>486.077917</ele>
        <time>2026-01-16T03:41:02.491Z</time>
      </trkpt>
      <trkpt lat="46.226087" lon="7.334127">
        <ele>486.775904</ele>
        <time>2026-01-16T03:41:06.741Z</time>
      </trkpt>
      <trkpt lat="46.226047" lon="7.333937">
        <ele>487.391875</ele>
        <time>2026-01-16T03:41:10.961Z</time>
      </trkpt>
      <trkpt lat="46.225693" lon="7.332338">
        <ele>492.598970</ele>
        <time>2026-01-16T03:41:54.377Z</time>
      </trkpt>
      <trkpt lat="46.225567" lon="7.331778">
        <ele>494.867960</ele>
        <time>2026-01-16T03:42:11.264Z</time>
      </trkpt>
      <trkpt lat="46.225428" lon="7.331159">
        <ele>497.429006</ele>
        <time>2026-01-16T03:42:29.808Z</time>
      </trkpt>
      <trkpt lat="46.225305" lon="7.330467">
        <ele>500.240668</ele>
        <time>2026-01-16T03:42:48.912Z</time>
      </trkpt>
      <trkpt lat="46.225234" lon="7.329754">
        <ele>503.015278</ele>
        <time>2026-01-16T03:43:07.124Z</time>
      </trkpt>
      <trkpt lat="46.225218" lon="7.329049">
        <ele>503.233548</ele>
        <time>2026-01-16T03:43:21.713Z</time>
      </trkpt>
      <trkpt lat="46.225255" lon="7.328347">
        <ele>503.451400</ele>
        <time>2026-01-16T03:43:30.251Z</time>
      </trkpt>
      <trkpt lat="46.225424" lon="7.326461">
        <ele>502.628675</ele>
        <time>2026-01-16T03:43:44.284Z</time>
      </trkpt>
      <trkpt lat="46.225430" lon="7.326396">
        <ele>502.521835</ele>
        <time>2026-01-16T03:43:44.743Z</time>
      </trkpt>
      <trkpt lat="46.225454" lon="7.326066">
        <ele>501.981217</ele>
        <time>2026-01-16T03:43:47.149Z</time>
      </trkpt>
      <trkpt lat="46.225472" lon="7.325529">
        <ele>501.105280</ele>
        <time>2026-01-16T03:43:51.081Z</time>
      </trkpt>
      <trkpt lat="46.225453" lon="7.324941">
        <ele>500.146232</ele>
        <time>2026-01-16T03:43:55.621Z</time>
      </trkpt>
      <trkpt lat="46.225364" lon="7.324174">
        <ele>498.983679</ele>
        <time>2026-01-16T03:44:01.297Z</time>
      </trkpt>
      <trkpt lat="46.225087" lon="7.322684">
        <ele>496.845565</ele>
        <time>2026-01-16T03:44:12.738Z</time>
      </trkpt>
      <trkpt lat="46.224991" lon="7.321982">
        <ele>495.918110</ele>
        <time>2026-01-16T03:44:18.586Z</time>
      </trkpt>
      <trkpt lat="46.224958" lon="7.321452">
        <ele>495.568881</ele>
        <time>2026-01-16T03:44:23.040Z</time>
      </trkpt>
      <trkpt lat="46.224935" lon="7.320520">
        <ele>494.956848</ele>
        <time>2026-01-16T03:44:31.080Z</time>
      </trkpt>
      <trkpt lat="46.224917" lon="7.319757">
        <ele>494.455823</ele>
        <time>2026-01-16T03:44:37.647Z</time>
      </trkpt>
      <trkpt lat="46.224916" lon="7.319695">
        <ele>494.415123</ele>
        <time>2026-01-16T03:44:38.180Z</time>
      </trkpt>
      <trkpt lat="46.224900" lon="7.319194">
        <ele>494.431499</ele>
        <time>2026-01-16T03:44:42.595Z</time>
      </trkpt>
      <trkpt lat="46.224895" lon="7.319063">
        <ele>494.507348</ele>
        <time>2026-01-16T03:44:43.759Z</time>
      </trkpt>
      <trkpt lat="46.224884" lon="7.318733">
        <ele>494.698350</ele>
        <time>2026-01-16T03:44:46.813Z</time>
      </trkpt>
      <trkpt lat="46.224867" lon="7.318319">
        <ele>494.938115</ele>
        <time>2026-01-16T03:44:51.068Z</time>
      </trkpt>
      <trkpt lat="46.224851" lon="7.317938">
        <ele>495.158786</ele>
        <time>2026-01-16T03:44:55.892Z</time>
      </trkpt>
      <trkpt lat="46.224842" lon="7.317775">
        <ele>495.253320</ele>
        <time>2026-01-16T03:44:58.178Z</time>
      </trkpt>
      <trkpt lat="46.224840" lon="7.317726">
        <ele>495.281697</ele>
        <time>2026-01-16T03:44:58.881Z</time>
      </trkpt>
      <trkpt lat="46.224817" lon="7.317170">
        <ele>495.603709</ele>
        <time>2026-01-16T03:45:07.708Z</time>
      </trkpt>
      <trkpt lat="46.224808" lon="7.316973">
        <ele>495.717847</ele>
        <time>2026-01-16T03:45:11.211Z</time>
      </trkpt>
      <trkpt lat="46.224802" lon="7.316857">
        <ele>495.804260</ele>
        <time>2026-01-16T03:45:13.335Z</time>
      </trkpt>
      <trkpt lat="46.224794" lon="7.316681">
        <ele>496.063915</ele>
        <time>2026-01-16T03:45:16.548Z</time>
      </trkpt>
      <trkpt lat="46.224769" lon="7.316179">
        <ele>496.804839</ele>
        <time>2026-01-16T03:45:25.616Z</time>
      </trkpt>
      <trkpt lat="46.224761" lon="7.315995">
        <ele>497.076246</ele>
        <time>2026-01-16T03:45:28.841Z</time>
      </trkpt>
      <trkpt lat="46.224745" lon="7.315617">
        <ele>497.633754</ele>
        <time>2026-01-16T03:45:35.373Z</time>
      </trkpt>
      <trkpt lat="46.224732" lon="7.315339">
        <ele>498.043942</ele>
        <time>2026-01-16T03:45:40.116Z</time>
      </trkpt>
      <trkpt lat="46.224712" lon="7.314882">
        <ele>498.718053</ele>
        <time>2026-01-16T03:45:47.764Z</time>
      </trkpt>
      <trkpt lat="46.224699" lon="7.314596">
        <ele>499.139992</ele>
        <time>2026-01-16T03:45:52.228Z</time>
      </trkpt>
      <trkpt lat="46.224698" lon="7.314573">
        <ele>499.173918</ele>
        <time>2026-01-16T03:45:52.580Z</time>
      </trkpt>
      <trkpt lat="46.224687" lon="7.313980">
        <ele>499.592841</ele>
        <time>2026-01-16T03:46:00.715Z</time>
      </trkpt>
      <trkpt lat="46.224709" lon="7.313482">
        <ele>499.581069</ele>
        <time>2026-01-16T03:46:06.137Z</time>
      </trkpt>
      <trkpt lat="46.224772" lon="7.312948">
        <ele>499.568291</ele>
        <time>2026-01-16T03:46:11.711Z</time>
      </trkpt>
      <trkpt lat="46.224779" lon="7.312894">
        <ele>499.566995</ele>
        <time>2026-01-16T03:46:12.256Z</time>
      </trkpt>
      <trkpt lat="46.224788" lon="7.312829">
        <ele>499.565431</ele>
        <time>2026-01-16T03:46:12.915Z</time>
      </trkpt>
      <trkpt lat="46.224795" lon="7.312789">
        <ele>499.564458</ele>
        <time>2026-01-16T03:46:13.313Z</time>
      </trkpt>
      <trkpt lat="46.224820" lon="7.312793">
        <ele>499.563600</ele>
        <time>2026-01-16T03:46:13.672Z</time>
      </trkpt>
      <trkpt lat="46.224866" lon="7.312763">
        <ele>499.561879</ele>
        <time>2026-01-16T03:46:14.384Z</time>
      </trkpt>
      <trkpt lat="46.224888" lon="7.312698">
        <ele>499.560172</ele>
        <time>2026-01-16T03:46:15.081Z</time>
      </trkpt>
      <trkpt lat="46.224864" lon="7.312606">
        <ele>499.557853</ele>
        <time>2026-01-16T03:46:15.994Z</time>
      </trkpt>
      <trkpt lat="46.224799" lon="7.312581">
        <ele>499.555559</ele>
        <time>2026-01-16T03:46:16.902Z</time>
      </trkpt>
      <trkpt lat="46.224798" lon="7.312180">
        <ele>499.546100</ele>
        <time>2026-01-16T03:46:20.389Z</time>
      </trkpt>
      <trkpt lat="46.224790" lon="7.311692">
        <ele>499.357851</ele>
        <time>2026-01-16T03:46:24.447Z</time>
      </trkpt>
      <trkpt lat="46.224770" lon="7.311368">
        <ele>499.018843</ele>
        <time>2026-01-16T03:46:27.103Z</time>
      </trkpt>
      <trkpt lat="46.224767" lon="7.311319">
        <ele>498.967577</ele>
        <time>2026-01-16T03:46:27.501Z</time>
      </trkpt>
      <trkpt lat="46.224764" lon="7.311281">
        <ele>498.927717</ele>
        <time>2026-01-16T03:46:27.818Z</time>
      </trkpt>
      <trkpt lat="46.224724" lon="7.310631">
        <ele>498.247624</ele>
        <time>2026-01-16T03:46:32.945Z</time>
      </trkpt>
      <trkpt lat="46.224710" lon="7.310411">
        <ele>498.017377</ele>
        <time>2026-01-16T03:46:34.636Z</time>
      </trkpt>
      <trkpt lat="46.224700" lon="7.310260">
        <ele>497.859288</ele>
        <time>2026-01-16T03:46:35.784Z</time>
      </trkpt>
      <trkpt lat="46.224687" lon="7.310077">
        <ele>497.667566</ele>
        <time>2026-01-16T03:46:37.160Z</time>
      </trkpt>
      <trkpt lat="46.224667" lon="7.309776">
        <ele>497.352425</ele>
        <time>2026-01-16T03:46:39.432Z</time>
      </trkpt>
      <trkpt lat="46.224659" lon="7.309664">
        <ele>497.235081</ele>
        <time>2026-01-16T03:46:40.290Z</time>
      </trkpt>
      <trkpt lat="46.224647" lon="7.309492">
        <ele>497.054916</ele>
        <time>2026-01-16T03:46:41.624Z</time>
      </trkpt>
      <trkpt lat="46.224643" lon="7.309425">
        <ele>496.984830</ele>
        <time>2026-01-16T03:46:42.150Z</time>
      </trkpt>
      <trkpt lat="46.224616" lon="7.309034">
        <ele>496.731727</ele>
        <time>2026-01-16T03:46:45.409Z</time>
      </trkpt>
      <trkpt lat="46.224614" lon="7.309003">
        <ele>496.719271</ele>
        <time>2026-01-16T03:46:45.693Z</time>
      </trkpt>
      <trkpt lat="46.224591" lon="7.308665">
        <ele>496.583391</ele>
        <time>2026-01-16T03:46:48.708Z</time>
      </trkpt>
      <trkpt lat="46.224579" lon="7.308497">
        <ele>496.515820</ele>
        <time>2026-01-16T03:46:50.228Z</time>
      </trkpt>
      <trkpt lat="46.224566" lon="7.308313">
        <ele>496.441823</ele>
        <time>2026-01-16T03:46:51.876Z</time>
      </trkpt>
      <trkpt lat="46.224554" lon="7.308136">
        <ele>496.370669</ele>
        <time>2026-01-16T03:46:53.438Z</time>
      </trkpt>
      <trkpt lat="46.224550" lon="7.308067">
        <ele>496.342967</ele>
        <time>2026-01-16T03:46:54.040Z</time>
      </trkpt>
      <trkpt lat="46.224539" lon="7.307881">
        <ele>496.268280</ele>
        <time>2026-01-16T03:46:55.695Z</time>
      </trkpt>
      <trkpt lat="46.224535" lon="7.307825">
        <ele>496.245757</ele>
        <time>2026-01-16T03:46:56.198Z</time>
      </trkpt>
      <trkpt lat="46.224506" lon="7.307439">
        <ele>496.090418</ele>
        <time>2026-01-16T03:46:59.820Z</time>
      </trkpt>
      <trkpt lat="46.224499" lon="7.307331">
        <ele>496.047020</ele>
        <time>2026-01-16T03:47:00.887Z</time>
      </trkpt>
      <trkpt lat="46.224485" lon="7.307124">
        <ele>495.963808</ele>
        <time>2026-01-16T03:47:03.004Z</time>
      </trkpt>
      <trkpt lat="46.224480" lon="7.307057">
        <ele>495.936847</ele>
        <time>2026-01-16T03:47:03.726Z</time>
      </trkpt>
      <trkpt lat="46.224466" lon="7.306842">
        <ele>495.850449</ele>
        <time>2026-01-16T03:47:06.099Z</time>
      </trkpt>
      <trkpt lat="46.224458" lon="7.306720">
        <ele>495.801421</ele>
        <time>2026-01-16T03:47:07.456Z</time>
      </trkpt>
      <trkpt lat="46.224449" lon="7.306584">
        <ele>495.728373</ele>
        <time>2026-01-16T03:47:09.017Z</time>
      </trkpt>
      <trkpt lat="46.224425" lon="7.306217">
        <ele>495.516753</ele>
        <time>2026-01-16T03:47:13.154Z</time>
      </trkpt>
      <trkpt lat="46.224401" lon="7.305837">
        <ele>495.297703</ele>
        <time>2026-01-16T03:47:16.974Z</time>
      </trkpt>
      <trkpt lat="46.224326" lon="7.304554">
        <ele>494.558559</ele>
        <time>2026-01-16T03:47:27.629Z</time>
      </trkpt>
      <trkpt lat="46.224344" lon="7.303926">
        <ele>494.122942</ele>
        <time>2026-01-16T03:47:32.578Z</time>
      </trkpt>
      <trkpt lat="46.224346" lon="7.303686">
        <ele>493.880911</ele>
        <time>2026-01-16T03:47:34.423Z</time>
      </trkpt>
      <trkpt lat="46.224387" lon="7.303593">
        <ele>493.769708</ele>
        <time>2026-01-16T03:47:35.266Z</time>
      </trkpt>
      <trkpt lat="46.224359" lon="7.303438">
        <ele>493.608167</ele>
        <time>2026-01-16T03:47:36.489Z</time>
      </trkpt>
      <trkpt lat="46.224316" lon="7.303395">
        <ele>493.531955</ele>
        <time>2026-01-16T03:47:37.065Z</time>
      </trkpt>
      <trkpt lat="46.224266" lon="7.303147">
        <ele>493.271471</ele>
        <time>2026-01-16T03:47:39.047Z</time>
      </trkpt>
      <trkpt lat="46.224173" lon="7.302546">
        <ele>492.650451</ele>
        <time>2026-01-16T03:47:43.882Z</time>
      </trkpt>
      <trkpt lat="46.224140" lon="7.302183">
        <ele>492.281256</ele>
        <time>2026-01-16T03:47:46.853Z</time>
      </trkpt>
      <trkpt lat="46.224133" lon="7.302042">
        <ele>492.138707</ele>
        <time>2026-01-16T03:47:48.040Z</time>
      </trkpt>
      <trkpt lat="46.224119" lon="7.301807">
        <ele>491.900857</ele>
        <time>2026-01-16T03:47:50.045Z</time>
      </trkpt>
      <trkpt lat="46.224099" lon="7.301454">
        <ele>491.580031</ele>
        <time>2026-01-16T03:47:53.134Z</time>
      </trkpt>
      <trkpt lat="46.224094" lon="7.301371">
        <ele>491.519269</ele>
        <time>2026-01-16T03:47:53.854Z</time>
      </trkpt>
      <trkpt lat="46.224083" lon="7.301256">
        <ele>491.434600</ele>
        <time>2026-01-16T03:47:54.835Z</time>
      </trkpt>
      <trkpt lat="46.224074" lon="7.301141">
        <ele>491.350194</ele>
        <time>2026-01-16T03:47:55.815Z</time>
      </trkpt>
      <trkpt lat="46.224031" lon="7.300106">
        <ele>490.593995</ele>
        <time>2026-01-16T03:48:04.486Z</time>
      </trkpt>
      <trkpt lat="46.224041" lon="7.299825">
        <ele>490.388787</ele>
        <time>2026-01-16T03:48:06.858Z</time>
      </trkpt>
      <trkpt lat="46.224065" lon="7.299565">
        <ele>490.197485</ele>
        <time>2026-01-16T03:48:09.009Z</time>
      </trkpt>
      <trkpt lat="46.224099" lon="7.299231">
        <ele>489.951271</ele>
        <time>2026-01-16T03:48:11.779Z</time>
      </trkpt>
      <trkpt lat="46.224235" lon="7.298525">
        <ele>489.713158</ele>
        <time>2026-01-16T03:48:17.950Z</time>
      </trkpt>
      <trkpt lat="46.224280" lon="7.298413">
        <ele>489.696008</ele>
        <time>2026-01-16T03:48:19.060Z</time>
      </trkpt>
      <trkpt lat="46.224437" lon="7.297922">
        <ele>489.624384</ele>
        <time>2026-01-16T03:48:24.154Z</time>
      </trkpt>
      <trkpt lat="46.224532" lon="7.297669">
        <ele>489.586267</ele>
        <time>2026-01-16T03:48:27.377Z</time>
      </trkpt>
      <trkpt lat="46.224570" lon="7.297628">
        <ele>489.577191</ele>
        <time>2026-01-16T03:48:28.187Z</time>
      </trkpt>
      <trkpt lat="46.224596" lon="7.297504">
        <ele>489.560034</ele>
        <time>2026-01-16T03:48:29.624Z</time>
      </trkpt>
      <trkpt lat="46.224589" lon="7.297468">
        <ele>489.555083</ele>
        <time>2026-01-16T03:48:30.048Z</time>
      </trkpt>
      <trkpt lat="46.224638" lon="7.297235">
        <ele>489.522836</ele>
        <time>2026-01-16T03:48:32.795Z</time>
      </trkpt>
      <trkpt lat="46.224698" lon="7.297020">
        <ele>489.492139</ele>
        <time>2026-01-16T03:48:35.417Z</time>
      </trkpt>
      <trkpt lat="46.224743" lon="7.296878">
        <ele>489.471457</ele>
        <time>2026-01-16T03:48:37.147Z</time>
      </trkpt>
      <trkpt lat="46.224916" lon="7.296340">
        <ele>489.417943</ele>
        <time>2026-01-16T03:48:43.751Z</time>
      </trkpt>
      <trkpt lat="46.225071" lon="7.295826">
        <ele>489.388232</ele>
        <time>2026-01-16T03:48:49.733Z</time>
      </trkpt>
      <trkpt lat="46.225141" lon="7.295568">
        <ele>489.373547</ele>
        <time>2026-01-16T03:48:52.751Z</time>
      </trkpt>
      <trkpt lat="46.225174" lon="7.295443">
        <ele>489.366457</ele>
        <time>2026-01-16T03:48:54.195Z</time>
      </trkpt>
      <trkpt lat="46.225191" lon="7.295369">
        <ele>489.362325</ele>
        <time>2026-01-16T03:48:55.037Z</time>
      </trkpt>
      <trkpt lat="46.225319" lon="7.294579">
        <ele>489.319331</ele>
        <time>2026-01-16T03:49:02.826Z</time>
      </trkpt>
      <trkpt lat="46.225363" lon="7.294267">
        <ele>489.302459</ele>
        <time>2026-01-16T03:49:05.744Z</time>
      </trkpt>
      <trkpt lat="46.225413" lon="7.294111">
        <ele>489.259412</ele>
        <time>2026-01-16T03:49:07.302Z</time>
      </trkpt>
      <trkpt lat="46.225460" lon="7.294035">
        <ele>489.202213</ele>
        <time>2026-01-16T03:49:08.221Z</time>
      </trkpt>
      <trkpt lat="46.225456" lon="7.293888">
        <ele>489.119665</ele>
        <time>2026-01-16T03:49:09.527Z</time>
      </trkpt>
      <trkpt lat="46.225450" lon="7.293873">
        <ele>489.109942</ele>
        <time>2026-01-16T03:49:09.683Z</time>
      </trkpt>
      <trkpt lat="46.225430" lon="7.293841">
        <ele>489.085744</ele>
        <time>2026-01-16T03:49:10.068Z</time>
      </trkpt>
      <trkpt lat="46.225411" lon="7.293683">
        <ele>488.995758</ele>
        <time>2026-01-16T03:49:11.494Z</time>
      </trkpt>
      <trkpt lat="46.225435" lon="7.293068">
        <ele>488.650122</ele>
        <time>2026-01-16T03:49:16.968Z</time>
      </trkpt>
      <trkpt lat="46.225491" lon="7.292457">
        <ele>488.304284</ele>
        <time>2026-01-16T03:49:22.246Z</time>
      </trkpt>
      <trkpt lat="46.225497" lon="7.292397">
        <ele>488.270267</ele>
        <time>2026-01-16T03:49:22.746Z</time>
      </trkpt>
      <trkpt lat="46.225534" lon="7.292052">
        <ele>488.074369</ele>
        <time>2026-01-16T03:49:25.693Z</time>
      </trkpt>
      <trkpt lat="46.225562" lon="7.291797">
        <ele>487.929493</ele>
        <time>2026-01-16T03:49:27.871Z</time>
      </trkpt>
      <trkpt lat="46.225581" lon="7.291595">
        <ele>487.811585</ele>
        <time>2026-01-16T03:49:29.593Z</time>
      </trkpt>
      <trkpt lat="46.225584" lon="7.291570">
        <ele>487.795164</ele>
        <time>2026-01-16T03:49:29.810Z</time>
      </trkpt>
      <trkpt lat="46.225628" lon="7.291169">
        <ele>487.532409</ele>
        <time>2026-01-16T03:49:33.205Z</time>
      </trkpt>
      <trkpt lat="46.225643" lon="7.291017">
        <ele>487.433045</ele>
        <time>2026-01-16T03:49:34.496Z</time>
      </trkpt>
      <trkpt lat="46.225681" lon="7.290659">
        <ele>487.198650</ele>
        <time>2026-01-16T03:49:37.553Z</time>
      </trkpt>
      <trkpt lat="46.225696" lon="7.290513">
        <ele>487.103129</ele>
        <time>2026-01-16T03:49:38.790Z</time>
      </trkpt>
      <trkpt lat="46.225715" lon="7.290308">
        <ele>486.969276</ele>
        <time>2026-01-16T03:49:40.522Z</time>
      </trkpt>
      <trkpt lat="46.225731" lon="7.290150">
        <ele>486.865935</ele>
        <time>2026-01-16T03:49:41.861Z</time>
      </trkpt>
      <trkpt lat="46.225752" lon="7.289902">
        <ele>486.704242</ele>
        <time>2026-01-16T03:49:43.958Z</time>
      </trkpt>
      <trkpt lat="46.225806" lon="7.288792">
        <ele>486.182339</ele>
        <time>2026-01-16T03:49:53.550Z</time>
      </trkpt>
      <trkpt lat="46.225809" lon="7.288413">
        <ele>486.220711</ele>
        <time>2026-01-16T03:49:57.009Z</time>
      </trkpt>
      <trkpt lat="46.225803" lon="7.287907">
        <ele>486.271946</ele>
        <time>2026-01-16T03:50:02.024Z</time>
      </trkpt>
      <trkpt lat="46.225796" lon="7.287696">
        <ele>486.293333</ele>
        <time>2026-01-16T03:50:04.425Z</time>
      </trkpt>
      <trkpt lat="46.225771" lon="7.286713">
        <ele>486.392919</ele>
        <time>2026-01-16T03:50:16.021Z</time>
      </trkpt>
      <trkpt lat="46.225758" lon="7.286261">
        <ele>486.567057</ele>
        <time>2026-01-16T03:50:21.565Z</time>
      </trkpt>
      <trkpt lat="46.225755" lon="7.286163">
        <ele>486.640774</ele>
        <time>2026-01-16T03:50:22.843Z</time>
      </trkpt>
      <trkpt lat="46.225754" lon="7.286091">
        <ele>486.694891</ele>
        <time>2026-01-16T03:50:23.838Z</time>
      </trkpt>
      <trkpt lat="46.225746" lon="7.285861">
        <ele>486.867948</ele>
        <time>2026-01-16T03:50:27.019Z</time>
      </trkpt>
      <trkpt lat="46.225719" lon="7.284838">
        <ele>487.637265</ele>
        <time>2026-01-16T03:50:41.678Z</time>
      </trkpt>
      <trkpt lat="46.225712" lon="7.284648">
        <ele>487.780247</ele>
        <time>2026-01-16T03:50:44.266Z</time>
      </trkpt>
      <trkpt lat="46.225710" lon="7.284583">
        <ele>487.829141</ele>
        <time>2026-01-16T03:50:45.119Z</time>
      </trkpt>
      <trkpt lat="46.225697" lon="7.284071">
        <ele>488.214155</ele>
        <time>2026-01-16T03:50:51.647Z</time>
      </trkpt>
      <trkpt lat="46.225692" lon="7.283892">
        <ele>488.348778</ele>
        <time>2026-01-16T03:50:53.917Z</time>
      </trkpt>
      <trkpt lat="46.225685" lon="7.283372">
        <ele>488.365925</ele>
        <time>2026-01-16T03:51:00.641Z</time>
      </trkpt>
      <trkpt lat="46.225686" lon="7.283308">
        <ele>488.365067</ele>
        <time>2026-01-16T03:51:01.486Z</time>
      </trkpt>
      <trkpt lat="46.225747" lon="7.282164">
        <ele>488.349684</ele>
        <time>2026-01-16T03:51:14.044Z</time>
      </trkpt>
      <trkpt lat="46.225751" lon="7.282072">
        <ele>488.348449</ele>
        <time>2026-01-16T03:51:14.879Z</time>
      </trkpt>
      <trkpt lat="46.225756" lon="7.281962">
        <ele>488.346971</ele>
        <time>2026-01-16T03:51:15.873Z</time>
      </trkpt>
      <trkpt lat="46.225756" lon="7.281852">
        <ele>488.345496</ele>
        <time>2026-01-16T03:51:16.823Z</time>
      </trkpt>
      <trkpt lat="46.225743" lon="7.281688">
        <ele>488.343283</ele>
        <time>2026-01-16T03:51:18.249Z</time>
      </trkpt>
      <trkpt lat="46.225706" lon="7.281380">
        <ele>488.339092</ele>
        <time>2026-01-16T03:51:20.894Z</time>
      </trkpt>
      <trkpt lat="46.225688" lon="7.281242">
        <ele>488.299634</ele>
        <time>2026-01-16T03:51:22.099Z</time>
      </trkpt>
      <trkpt lat="46.225679" lon="7.281173">
        <ele>488.212558</ele>
        <time>2026-01-16T03:51:22.680Z</time>
      </trkpt>
      <trkpt lat="46.225613" lon="7.280706">
        <ele>487.621463</ele>
        <time>2026-01-16T03:51:26.611Z</time>
      </trkpt>
      <trkpt lat="46.225579" lon="7.280319">
        <ele>487.137682</ele>
        <time>2026-01-16T03:51:29.723Z</time>
      </trkpt>
      <trkpt lat="46.225575" lon="7.280024">
        <ele>486.771777</ele>
        <time>2026-01-16T03:51:31.955Z</time>
      </trkpt>
      <trkpt lat="46.225575" lon="7.279936">
        <ele>486.662646</ele>
        <time>2026-01-16T03:51:32.590Z</time>
      </trkpt>
      <trkpt lat="46.225582" lon="7.279685">
        <ele>486.351124</ele>
        <time>2026-01-16T03:51:34.433Z</time>
      </trkpt>
      <trkpt lat="46.225630" lon="7.279016">
        <ele>485.517035</ele>
        <time>2026-01-16T03:51:39.471Z</time>
      </trkpt>
      <trkpt lat="46.225638" lon="7.278904">
        <ele>485.377403</ele>
        <time>2026-01-16T03:51:40.331Z</time>
      </trkpt>
      <trkpt lat="46.225668" lon="7.278476">
        <ele>484.889401</ele>
        <time>2026-01-16T03:51:43.572Z</time>
      </trkpt>
      <trkpt lat="46.225675" lon="7.278376">
        <ele>484.785789</ele>
        <time>2026-01-16T03:51:44.322Z</time>
      </trkpt>
      <trkpt lat="46.225678" lon="7.278248">
        <ele>484.653763</ele>
        <time>2026-01-16T03:51:45.290Z</time>
      </trkpt>
      <trkpt lat="46.225660" lon="7.277663">
        <ele>484.050114</ele>
        <time>2026-01-16T03:51:49.700Z</time>
      </trkpt>
      <trkpt lat="46.225583" lon="7.277114">
        <ele>483.472658</ele>
        <time>2026-01-16T03:51:54.055Z</time>
      </trkpt>
      <trkpt lat="46.225473" lon="7.276660">
        <ele>482.976775</ele>
        <time>2026-01-16T03:51:58.024Z</time>
      </trkpt>
      <trkpt lat="46.225370" lon="7.276351">
        <ele>482.623192</ele>
        <time>2026-01-16T03:52:01.004Z</time>
      </trkpt>
      <trkpt lat="46.225083" lon="7.275691">
        <ele>482.423024</ele>
        <time>2026-01-16T03:52:08.461Z</time>
      </trkpt>
      <trkpt lat="46.224833" lon="7.275227">
        <ele>482.412805</ele>
        <time>2026-01-16T03:52:14.741Z</time>
      </trkpt>
      <trkpt lat="46.224400" lon="7.274437">
        <ele>482.395292</ele>
        <time>2026-01-16T03:52:25.690Z</time>
      </trkpt>
      <trkpt lat="46.224036" lon="7.273710">
        <ele>482.209598</ele>
        <time>2026-01-16T03:52:35.392Z</time>
      </trkpt>
      <trkpt lat="46.223959" lon="7.273549">
        <ele>482.138110</ele>
        <time>2026-01-16T03:52:37.318Z</time>
      </trkpt>
      <trkpt lat="46.223911" lon="7.273446">
        <ele>482.092751</ele>
        <time>2026-01-16T03:52:38.512Z</time>
      </trkpt>
      <trkpt lat="46.223850" lon="7.273311">
        <ele>482.033859</ele>
        <time>2026-01-16T03:52:39.963Z</time>
      </trkpt>
      <trkpt lat="46.223570" lon="7.272689">
        <ele>481.762817</ele>
        <time>2026-01-16T03:52:46.267Z</time>
      </trkpt>
      <trkpt lat="46.223478" lon="7.272482">
        <ele>481.672955</ele>
        <time>2026-01-16T03:52:48.348Z</time>
      </trkpt>
      <trkpt lat="46.223312" lon="7.272117">
        <ele>481.513414</ele>
        <time>2026-01-16T03:52:52.103Z</time>
      </trkpt>
      <trkpt lat="46.223169" lon="7.271823">
        <ele>481.449395</ele>
        <time>2026-01-16T03:52:55.257Z</time>
      </trkpt>
      <trkpt lat="46.223151" lon="7.271789">
        <ele>481.452374</ele>
        <time>2026-01-16T03:52:55.649Z</time>
      </trkpt>
      <trkpt lat="46.223122" lon="7.271731">
        <ele>481.457352</ele>
        <time>2026-01-16T03:52:56.282Z</time>
      </trkpt>
      <trkpt lat="46.223075" lon="7.271640">
        <ele>481.465253</ele>
        <time>2026-01-16T03:52:57.313Z</time>
      </trkpt>
      <trkpt lat="46.223005" lon="7.271511">
        <ele>481.476660</ele>
        <time>2026-01-16T03:52:58.802Z</time>
      </trkpt>
      <trkpt lat="46.222995" lon="7.271495">
        <ele>481.478160</ele>
        <time>2026-01-16T03:52:58.999Z</time>
      </trkpt>
      <trkpt lat="46.222887" lon="7.271299">
        <ele>481.495593</ele>
        <time>2026-01-16T03:53:01.315Z</time>
      </trkpt>
      <trkpt lat="46.222572" lon="7.270778">
        <ele>481.543732</ele>
        <time>2026-01-16T03:53:08.486Z</time>
      </trkpt>
      <trkpt lat="46.222191" lon="7.270174">
        <ele>481.600599</ele>
        <time>2026-01-16T03:53:18.277Z</time>
      </trkpt>
      <trkpt lat="46.222136" lon="7.270081">
        <ele>481.609112</ele>
        <time>2026-01-16T03:53:19.817Z</time>
      </trkpt>
      <trkpt lat="46.222071" lon="7.269970">
        <ele>481.619229</ele>
        <time>2026-01-16T03:53:21.649Z</time>
      </trkpt>
      <trkpt lat="46.221950" lon="7.269745">
        <ele>481.807660</ele>
        <time>2026-01-16T03:53:25.216Z</time>
      </trkpt>
      <trkpt lat="46.221895" lon="7.269637">
        <ele>481.897471</ele>
        <time>2026-01-16T03:53:26.899Z</time>
      </trkpt>
      <trkpt lat="46.221883" lon="7.269613">
        <ele>481.917302</ele>
        <time>2026-01-16T03:53:27.282Z</time>
      </trkpt>
      <trkpt lat="46.221796" lon="7.269429">
        <ele>482.066558</ele>
        <time>2026-01-16T03:53:30.139Z</time>
      </trkpt>
      <trkpt lat="46.221684" lon="7.269178">
        <ele>482.266587</ele>
        <time>2026-01-16T03:53:33.976Z</time>
      </trkpt>
      <trkpt lat="46.221646" lon="7.269092">
        <ele>482.334927</ele>
        <time>2026-01-16T03:53:35.292Z</time>
      </trkpt>
      <trkpt lat="46.221635" lon="7.269065">
        <ele>482.355911</ele>
        <time>2026-01-16T03:53:35.693Z</time>
      </trkpt>
      <trkpt lat="46.221335" lon="7.268352">
        <ele>482.914794</ele>
        <time>2026-01-16T03:53:46.634Z</time>
      </trkpt>
      <trkpt lat="46.221302" lon="7.268282">
        <ele>482.971523</ele>
        <time>2026-01-16T03:53:47.780Z</time>
      </trkpt>
      <trkpt lat="46.221253" lon="7.268178">
        <ele>483.055791</ele>
        <time>2026-01-16T03:53:49.471Z</time>
      </trkpt>
      <trkpt lat="46.221124" lon="7.267932">
        <ele>483.262518</ele>
        <time>2026-01-16T03:53:53.637Z</time>
      </trkpt>
      <trkpt lat="46.221110" lon="7.267905">
        <ele>483.285116</ele>
        <time>2026-01-16T03:53:54.088Z</time>
      </trkpt>
      <trkpt lat="46.220936" lon="7.267618">
        <ele>483.575737</ele>
        <time>2026-01-16T03:53:59.218Z</time>
      </trkpt>
      <trkpt lat="46.220708" lon="7.267276">
        <ele>483.955722</ele>
        <time>2026-01-16T03:54:05.534Z</time>
      </trkpt>
      <trkpt lat="46.220650" lon="7.267193">
        <ele>484.050106</ele>
        <time>2026-01-16T03:54:07.111Z</time>
      </trkpt>
      <trkpt lat="46.220454" lon="7.266897">
        <ele>484.377915</ele>
        <time>2026-01-16T03:54:12.639Z</time>
      </trkpt>
      <trkpt lat="46.220253" lon="7.266557">
        <ele>484.735724</ele>
        <time>2026-01-16T03:54:18.637Z</time>
      </trkpt>
      <trkpt lat="46.220102" lon="7.266263">
        <ele>485.028679</ele>
        <time>2026-01-16T03:54:23.623Z</time>
      </trkpt>
      <trkpt lat="46.219950" lon="7.265911">
        <ele>485.360663</ele>
        <time>2026-01-16T03:54:29.275Z</time>
      </trkpt>
      <trkpt lat="46.219835" lon="7.265606">
        <ele>485.687036</ele>
        <time>2026-01-16T03:54:33.961Z</time>
      </trkpt>
      <trkpt lat="46.219799" lon="7.265503">
        <ele>485.801954</ele>
        <time>2026-01-16T03:54:35.493Z</time>
      </trkpt>
      <trkpt lat="46.219725" lon="7.265297">
        <ele>486.033103</ele>
        <time>2026-01-16T03:54:38.547Z</time>
      </trkpt>
      <trkpt lat="46.219601" lon="7.264948">
        <ele>486.423806</ele>
        <time>2026-01-16T03:54:43.596Z</time>
      </trkpt>
      <trkpt lat="46.219485" lon="7.264623">
        <ele>486.787989</ele>
        <time>2026-01-16T03:54:48.652Z</time>
      </trkpt>
      <trkpt lat="46.219446" lon="7.264520">
        <ele>486.904919</ele>
        <time>2026-01-16T03:54:50.377Z</time>
      </trkpt>
      <trkpt lat="46.219255" lon="7.264016">
        <ele>487.477193</ele>
        <time>2026-01-16T03:54:59.080Z</time>
      </trkpt>
      <trkpt lat="46.219082" lon="7.263624">
        <ele>487.940226</ele>
        <time>2026-01-16T03:55:06.236Z</time>
      </trkpt>
      <trkpt lat="46.218913" lon="7.263296">
        <ele>488.506709</ele>
        <time>2026-01-16T03:55:12.489Z</time>
      </trkpt>
      <trkpt lat="46.218774" lon="7.263053">
        <ele>488.977834</ele>
        <time>2026-01-16T03:55:17.392Z</time>
      </trkpt>
      <trkpt lat="46.218612" lon="7.262796">
        <ele>489.497332</ele>
        <time>2026-01-16T03:55:22.662Z</time>
      </trkpt>
      <trkpt lat="46.218434" lon="7.262543">
        <ele>490.036494</ele>
        <time>2026-01-16T03:55:28.152Z</time>
      </trkpt>
      <trkpt lat="46.218004" lon="7.262001">
        <ele>491.268691</ele>
        <time>2026-01-16T03:55:41.897Z</time>
      </trkpt>
      <trkpt lat="46.217930" lon="7.261910">
        <ele>491.478526</ele>
        <time>2026-01-16T03:55:44.198Z</time>
      </trkpt>
      <trkpt lat="46.217626" lon="7.261534">
        <ele>492.502233</ele>
        <time>2026-01-16T03:55:54.106Z</time>
      </trkpt>
      <trkpt lat="46.216786" lon="7.260489">
        <ele>495.786455</ele>
        <time>2026-01-16T03:56:24.716Z</time>
      </trkpt>
      <trkpt lat="46.216529" lon="7.260171">
        <ele>496.788977</ele>
        <time>2026-01-16T03:56:35.047Z</time>
      </trkpt>
      <trkpt lat="46.216194" lon="7.259757">
        <ele>497.248601</ele>
        <time>2026-01-16T03:56:46.665Z</time>
      </trkpt>
      <trkpt lat="46.215981" lon="7.259489">
        <ele>497.253647</ele>
        <time>2026-01-16T03:56:52.284Z</time>
      </trkpt>
      <trkpt lat="46.215923" lon="7.259417">
        <ele>497.255013</ele>
        <time>2026-01-16T03:56:53.560Z</time>
      </trkpt>
      <trkpt lat="46.215625" lon="7.259079">
        <ele>497.261781</ele>
        <time>2026-01-16T03:56:59.284Z</time>
      </trkpt>
      <trkpt lat="46.215586" lon="7.259041">
        <ele>497.262621</ele>
        <time>2026-01-16T03:56:59.919Z</time>
      </trkpt>
      <trkpt lat="46.215547" lon="7.259004">
        <ele>497.263455</ele>
        <time>2026-01-16T03:57:00.534Z</time>
      </trkpt>
      <trkpt lat="46.215434" lon="7.258900">
        <ele>497.265848</ele>
        <time>2026-01-16T03:57:02.249Z</time>
      </trkpt>
      <trkpt lat="46.215381" lon="7.258855">
        <ele>497.266947</ele>
        <time>2026-01-16T03:57:02.986Z</time>
      </trkpt>
      <trkpt lat="46.215318" lon="7.258802">
        <ele>497.268249</ele>
        <time>2026-01-16T03:57:03.846Z</time>
      </trkpt>
      <trkpt lat="46.215274" lon="7.258766">
        <ele>497.269152</ele>
        <time>2026-01-16T03:57:04.422Z</time>
      </trkpt>
      <trkpt lat="46.214996" lon="7.258554">
        <ele>497.274768</ele>
        <time>2026-01-16T03:57:07.808Z</time>
      </trkpt>
      <trkpt lat="46.214945" lon="7.258514">
        <ele>497.243587</ele>
        <time>2026-01-16T03:57:08.410Z</time>
      </trkpt>
      <trkpt lat="46.214717" lon="7.258371">
        <ele>496.544869</ele>
        <time>2026-01-16T03:57:10.932Z</time>
      </trkpt>
      <trkpt lat="46.214668" lon="7.258352">
        <ele>496.402247</ele>
        <time>2026-01-16T03:57:11.445Z</time>
      </trkpt>
      <trkpt lat="46.214656" lon="7.258347">
        <ele>496.367138</ele>
        <time>2026-01-16T03:57:11.573Z</time>
      </trkpt>
      <trkpt lat="46.214461" lon="7.258325">
        <ele>495.817281</ele>
        <time>2026-01-16T03:57:13.527Z</time>
      </trkpt>
      <trkpt lat="46.214240" lon="7.258343">
        <ele>495.195015</ele>
        <time>2026-01-16T03:57:15.731Z</time>
      </trkpt>
      <trkpt lat="46.213698" lon="7.258331">
        <ele>493.671153</ele>
        <time>2026-01-16T03:57:21.289Z</time>
      </trkpt>
      <trkpt lat="46.213366" lon="7.258305">
        <ele>492.736457</ele>
        <time>2026-01-16T03:57:24.733Z</time>
      </trkpt>
      <trkpt lat="46.213169" lon="7.258307">
        <ele>492.194972</ele>
        <time>2026-01-16T03:57:26.805Z</time>
      </trkpt>
      <trkpt lat="46.213133" lon="7.258313">
        <ele>492.127464</ele>
        <time>2026-01-16T03:57:27.193Z</time>
      </trkpt>
      <trkpt lat="46.212698" lon="7.258358">
        <ele>491.315034</ele>
        <time>2026-01-16T03:57:31.874Z</time>
      </trkpt>
      <trkpt lat="46.212637" lon="7.258360">
        <ele>491.201369</ele>
        <time>2026-01-16T03:57:32.550Z</time>
      </trkpt>
      <trkpt lat="46.212568" lon="7.258354">
        <ele>491.072597</ele>
        <time>2026-01-16T03:57:33.297Z</time>
      </trkpt>
      <trkpt lat="46.212479" lon="7.258339">
        <ele>490.905676</ele>
        <time>2026-01-16T03:57:34.284Z</time>
      </trkpt>
      <trkpt lat="46.212208" lon="7.258268">
        <ele>490.392605</ele>
        <time>2026-01-16T03:57:37.318Z</time>
      </trkpt>
      <trkpt lat="46.212185" lon="7.258260">
        <ele>490.348535</ele>
        <time>2026-01-16T03:57:37.586Z</time>
      </trkpt>
      <trkpt lat="46.212153" lon="7.258248">
        <ele>490.286948</ele>
        <time>2026-01-16T03:57:37.943Z</time>
      </trkpt>
      <trkpt lat="46.211964" lon="7.258181">
        <ele>489.924423</ele>
        <time>2026-01-16T03:57:40.144Z</time>
      </trkpt>
      <trkpt lat="46.211942" lon="7.258172">
        <ele>489.881829</ele>
        <time>2026-01-16T03:57:40.404Z</time>
      </trkpt>
      <trkpt lat="46.211920" lon="7.258164">
        <ele>489.839568</ele>
        <time>2026-01-16T03:57:40.665Z</time>
      </trkpt>
      <trkpt lat="46.211821" lon="7.258130">
        <ele>489.650006</ele>
        <time>2026-01-16T03:57:41.848Z</time>
      </trkpt>
      <trkpt lat="46.211273" lon="7.257945">
        <ele>488.672244</ele>
        <time>2026-01-16T03:57:48.573Z</time>
      </trkpt>
      <trkpt lat="46.211028" lon="7.257841">
        <ele>488.322365</ele>
        <time>2026-01-16T03:57:51.598Z</time>
      </trkpt>
      <trkpt lat="46.210905" lon="7.257779">
        <ele>488.143874</ele>
        <time>2026-01-16T03:57:53.147Z</time>
      </trkpt>
      <trkpt lat="46.210549" lon="7.257605">
        <ele>487.628942</ele>
        <time>2026-01-16T03:57:57.654Z</time>
      </trkpt>
      <trkpt lat="46.210106" lon="7.257388">
        <ele>486.988025</ele>
        <time>2026-01-16T03:58:03.080Z</time>
      </trkpt>
      <trkpt lat="46.209544" lon="7.257108">
        <ele>486.156083</ele>
        <time>2026-01-16T03:58:09.907Z</time>
      </trkpt>
      <trkpt lat="46.209251" lon="7.256888">
        <ele>485.669487</ele>
        <time>2026-01-16T03:58:13.596Z</time>
      </trkpt>
      <trkpt lat="46.209069" lon="7.256731">
        <ele>485.357122</ele>
        <time>2026-01-16T03:58:15.945Z</time>
      </trkpt>
      <trkpt lat="46.208903" lon="7.256577">
        <ele>485.066418</ele>
        <time>2026-01-16T03:58:18.147Z</time>
      </trkpt>
      <trkpt lat="46.208765" lon="7.256432">
        <ele>484.814972</ele>
        <time>2026-01-16T03:58:20.078Z</time>
      </trkpt>
      <trkpt lat="46.208616" lon="7.256245">
        <ele>484.524140</ele>
        <time>2026-01-16T03:58:22.323Z</time>
      </trkpt>
      <trkpt lat="46.208539" lon="7.256124">
        <ele>484.356498</ele>
        <time>2026-01-16T03:58:23.626Z</time>
      </trkpt>
      <trkpt lat="46.208421" lon="7.255910">
        <ele>484.077448</ele>
        <time>2026-01-16T03:58:25.843Z</time>
      </trkpt>
      <trkpt lat="46.208347" lon="7.255751">
        <ele>483.882035</ele>
        <time>2026-01-16T03:58:27.458Z</time>
      </trkpt>
      <trkpt lat="46.208188" lon="7.255312">
        <ele>483.755177</ele>
        <time>2026-01-16T03:58:31.754Z</time>
      </trkpt>
      <trkpt lat="46.208094" lon="7.255005">
        <ele>483.756736</ele>
        <time>2026-01-16T03:58:34.843Z</time>
      </trkpt>
      <trkpt lat="46.207996" lon="7.254706">
        <ele>483.758272</ele>
        <time>2026-01-16T03:58:37.978Z</time>
      </trkpt>
      <trkpt lat="46.207888" lon="7.254398">
        <ele>483.759875</ele>
        <time>2026-01-16T03:58:41.519Z</time>
      </trkpt>
      <trkpt lat="46.207712" lon="7.253931">
        <ele>483.762344</ele>
        <time>2026-01-16T03:58:47.573Z</time>
      </trkpt>
      <trkpt lat="46.207533" lon="7.253535">
        <ele>483.764540</ele>
        <time>2026-01-16T03:58:53.193Z</time>
      </trkpt>
      <trkpt lat="46.207102" lon="7.252749">
        <ele>484.773714</ele>
        <time>2026-01-16T03:59:06.343Z</time>
      </trkpt>
      <trkpt lat="46.206478" lon="7.251787">
        <ele>486.456837</ele>
        <time>2026-01-16T03:59:27.318Z</time>
      </trkpt>
      <trkpt lat="46.206337" lon="7.251534">
        <ele>486.871509</ele>
        <time>2026-01-16T03:59:32.853Z</time>
      </trkpt>
      <trkpt lat="46.206008" lon="7.251105">
        <ele>488.042483</ele>
        <time>2026-01-16T03:59:44.220Z</time>
      </trkpt>
      <trkpt lat="46.205954" lon="7.250961">
        <ele>488.373598</ele>
        <time>2026-01-16T03:59:47.249Z</time>
      </trkpt>
      <trkpt lat="46.205959" lon="7.250888">
        <ele>488.521903</ele>
        <time>2026-01-16T03:59:48.613Z</time>
      </trkpt>
      <trkpt lat="46.205932" lon="7.250803">
        <ele>488.710983</ele>
        <time>2026-01-16T03:59:50.384Z</time>
      </trkpt>
      <trkpt lat="46.205881" lon="7.250753">
        <ele>488.891022</ele>
        <time>2026-01-16T03:59:52.034Z</time>
      </trkpt>
      <trkpt lat="46.205819" lon="7.250749">
        <ele>489.072319</ele>
        <time>2026-01-16T03:59:53.743Z</time>
      </trkpt>
      <trkpt lat="46.205770" lon="7.250784">
        <ele>489.231994</ele>
        <time>2026-01-16T03:59:55.223Z</time>
      </trkpt>
      <trkpt lat="46.205693" lon="7.250795">
        <ele>489.458025</ele>
        <time>2026-01-16T03:59:57.359Z</time>
      </trkpt>
      <trkpt lat="46.205588" lon="7.250754">
        <ele>489.775758</ele>
        <time>2026-01-16T04:00:00.356Z</time>
      </trkpt>
      <trkpt lat="46.204895" lon="7.250176">
        <ele>492.113230</ele>
        <time>2026-01-16T04:00:22.080Z</time>
      </trkpt>
      <trkpt lat="46.204684" lon="7.250066">
        <ele>492.750866</ele>
        <time>2026-01-16T04:00:27.833Z</time>
      </trkpt>
      <trkpt lat="46.203445" lon="7.249235">
        <ele>496.577918</ele>
        <time>2026-01-16T04:01:03.550Z</time>
      </trkpt>
      <trkpt lat="46.202315" lon="7.248494">
        <ele>499.732144</ele>
        <time>2026-01-16T04:01:35.389Z</time>
      </trkpt>
      <trkpt lat="46.201745" lon="7.248180">
        <ele>501.235423</ele>
        <time>2026-01-16T04:01:50.108Z</time>
      </trkpt>
      <trkpt lat="46.201373" lon="7.248031">
        <ele>502.116461</ele>
        <time>2026-01-16T04:01:58.925Z</time>
      </trkpt>
      <trkpt lat="46.200566" lon="7.247678">
        <ele>503.807679</ele>
        <time>2026-01-16T04:02:17.379Z</time>
      </trkpt>
      <trkpt lat="46.199962" lon="7.247285">
        <ele>505.136354</ele>
        <time>2026-01-16T04:02:32.351Z</time>
      </trkpt>
      <trkpt lat="46.199421" lon="7.246781">
        <ele>506.800584</ele>
        <time>2026-01-16T04:02:48.208Z</time>
      </trkpt>
      <trkpt lat="46.199070" lon="7.246356">
        <ele>508.058239</ele>
        <time>2026-01-16T04:03:00.330Z</time>
      </trkpt>
      <trkpt lat="46.197862" lon="7.244552">
        <ele>511.999210</ele>
        <time>2026-01-16T04:03:46.764Z</time>
      </trkpt>
      <trkpt lat="46.197517" lon="7.244122">
        <ele>512.830491</ele>
        <time>2026-01-16T04:03:56.517Z</time>
      </trkpt>
      <trkpt lat="46.197159" lon="7.243747">
        <ele>513.637240</ele>
        <time>2026-01-16T04:04:04.093Z</time>
      </trkpt>
      <trkpt lat="46.197038" lon="7.243629">
        <ele>513.421950</ele>
        <time>2026-01-16T04:04:06.088Z</time>
      </trkpt>
      <trkpt lat="46.196697" lon="7.243344">
        <ele>512.838948</ele>
        <time>2026-01-16T04:04:10.925Z</time>
      </trkpt>
      <trkpt lat="46.196323" lon="7.243098">
        <ele>512.230806</ele>
        <time>2026-01-16T04:04:15.616Z</time>
      </trkpt>
      <trkpt lat="46.196002" lon="7.242919">
        <ele>511.721604</ele>
        <time>2026-01-16T04:04:19.376Z</time>
      </trkpt>
      <trkpt lat="46.195730" lon="7.242785">
        <ele>511.296315</ele>
        <time>2026-01-16T04:04:22.474Z</time>
      </trkpt>
      <trkpt lat="46.195497" lon="7.242664">
        <ele>510.887141</ele>
        <time>2026-01-16T04:04:25.088Z</time>
      </trkpt>
      <trkpt lat="46.194788" lon="7.242318">
        <ele>508.749562</ele>
        <time>2026-01-16T04:04:32.963Z</time>
      </trkpt>
      <trkpt lat="46.190587" lon="7.240207">
        <ele>495.895658</ele>
        <time>2026-01-16T04:05:18.680Z</time>
      </trkpt>
      <trkpt lat="46.189896" lon="7.239795">
        <ele>493.958961</ele>
        <time>2026-01-16T04:05:26.318Z</time>
      </trkpt>
      <trkpt lat="46.189761" lon="7.239696">
        <ele>493.582469</ele>
        <time>2026-01-16T04:05:27.873Z</time>
      </trkpt>
      <trkpt lat="46.189380" lon="7.239364">
        <ele>492.475984</ele>
        <time>2026-01-16T04:05:32.501Z</time>
      </trkpt>
      <trkpt lat="46.189123" lon="7.239095">
        <ele>491.686753</ele>
        <time>2026-01-16T04:05:35.928Z</time>
      </trkpt>
      <trkpt lat="46.188694" lon="7.238561">
        <ele>490.763113</ele>
        <time>2026-01-16T04:05:42.338Z</time>
      </trkpt>
      <trkpt lat="46.188351" lon="7.238046">
        <ele>490.453774</ele>
        <time>2026-01-16T04:05:48.535Z</time>
      </trkpt>
      <trkpt lat="46.186234" lon="7.234633">
        <ele>489.569099</ele>
        <time>2026-01-16T04:06:34.164Z</time>
      </trkpt>
      <trkpt lat="46.185966" lon="7.234194">
        <ele>489.436057</ele>
        <time>2026-01-16T04:06:41.106Z</time>
      </trkpt>
      <trkpt lat="46.185618" lon="7.233648">
        <ele>489.267360</ele>
        <time>2026-01-16T04:06:48.183Z</time>
      </trkpt>
      <trkpt lat="46.185535" lon="7.233515">
        <ele>489.226658</ele>
        <time>2026-01-16T04:06:49.695Z</time>
      </trkpt>
      <trkpt lat="46.185424" lon="7.233192">
        <ele>489.144689</ele>
        <time>2026-01-16T04:06:52.780Z</time>
      </trkpt>
      <trkpt lat="46.185397" lon="7.233062">
        <ele>489.113838</ele>
        <time>2026-01-16T04:06:53.973Z</time>
      </trkpt>
      <trkpt lat="46.185312" lon="7.233006">
        <ele>489.069965</ele>
        <time>2026-01-16T04:06:55.154Z</time>
      </trkpt>
      <trkpt lat="46.185243" lon="7.233040">
        <ele>488.963457</ele>
        <time>2026-01-16T04:06:56.111Z</time>
      </trkpt>
      <trkpt lat="46.185208" lon="7.233106">
        <ele>488.879370</ele>
        <time>2026-01-16T04:06:56.846Z</time>
      </trkpt>
      <trkpt lat="46.185200" lon="7.233147">
        <ele>488.836285</ele>
        <time>2026-01-16T04:06:57.208Z</time>
      </trkpt>
      <trkpt lat="46.185201" lon="7.233196">
        <ele>488.786703</ele>
        <time>2026-01-16T04:06:57.657Z</time>
      </trkpt>
      <trkpt lat="46.185090" lon="7.233414">
        <ele>488.512998</ele>
        <time>2026-01-16T04:06:59.943Z</time>
      </trkpt>
      <trkpt lat="46.184861" lon="7.233509">
        <ele>488.164921</ele>
        <time>2026-01-16T04:07:02.738Z</time>
      </trkpt>
      <trkpt lat="46.184627" lon="7.233460">
        <ele>487.819492</ele>
        <time>2026-01-16T04:07:05.369Z</time>
      </trkpt>
      <trkpt lat="46.184401" lon="7.233265">
        <ele>487.434898</ele>
        <time>2026-01-16T04:07:08.182Z</time>
      </trkpt>
      <trkpt lat="46.184385" lon="7.233247">
        <ele>487.405270</ele>
        <time>2026-01-16T04:07:08.399Z</time>
      </trkpt>
      <trkpt lat="46.184245" lon="7.233101">
        <ele>487.153001</ele>
        <time>2026-01-16T04:07:10.298Z</time>
      </trkpt>
      <trkpt lat="46.183709" lon="7.232533">
        <ele>486.180420</ele>
        <time>2026-01-16T04:07:18.019Z</time>
      </trkpt>
      <trkpt lat="46.183461" lon="7.232176">
        <ele>485.666358</ele>
        <time>2026-01-16T04:07:22.142Z</time>
      </trkpt>
      <trkpt lat="46.182952" lon="7.231193">
        <ele>484.418606</ele>
        <time>2026-01-16T04:07:32.136Z</time>
      </trkpt>
      <trkpt lat="46.182533" lon="7.230342">
        <ele>483.075719</ele>
        <time>2026-01-16T04:07:40.223Z</time>
      </trkpt>
      <trkpt lat="46.182445" lon="7.230254">
        <ele>482.822745</ele>
        <time>2026-01-16T04:07:41.451Z</time>
      </trkpt>
      <trkpt lat="46.182179" lon="7.230483">
        <ele>482.090844</ele>
        <time>2026-01-16T04:07:44.868Z</time>
      </trkpt>
      <trkpt lat="46.182082" lon="7.230482">
        <ele>481.861579</ele>
        <time>2026-01-16T04:07:45.902Z</time>
      </trkpt>
      <trkpt lat="46.181995" lon="7.230371">
        <ele>481.587215</ele>
        <time>2026-01-16T04:07:47.134Z</time>
      </trkpt>
      <trkpt lat="46.181743" lon="7.229866">
        <ele>480.568557</ele>
        <time>2026-01-16T04:07:51.611Z</time>
      </trkpt>
      <trkpt lat="46.181637" lon="7.229777">
        <ele>480.278769</ele>
        <time>2026-01-16T04:07:52.874Z</time>
      </trkpt>
      <trkpt lat="46.181559" lon="7.229762">
        <ele>480.092789</ele>
        <time>2026-01-16T04:07:53.670Z</time>
      </trkpt>
      <trkpt lat="46.181455" lon="7.229793">
        <ele>479.841805</ele>
        <time>2026-01-16T04:07:54.752Z</time>
      </trkpt>
      <trkpt lat="46.181368" lon="7.229869">
        <ele>479.601495</ele>
        <time>2026-01-16T04:07:55.807Z</time>
      </trkpt>
      <trkpt lat="46.181314" lon="7.229962">
        <ele>479.382373</ele>
        <time>2026-01-16T04:07:56.692Z</time>
      </trkpt>
      <trkpt lat="46.181217" lon="7.230160">
        <ele>478.936025</ele>
        <time>2026-01-16T04:07:58.440Z</time>
      </trkpt>
      <trkpt lat="46.181120" lon="7.230207">
        <ele>478.664095</ele>
        <time>2026-01-16T04:07:59.506Z</time>
      </trkpt>
      <trkpt lat="46.180983" lon="7.230169">
        <ele>478.293320</ele>
        <time>2026-01-16T04:08:00.938Z</time>
      </trkpt>
      <trkpt lat="46.179825" lon="7.229475">
        <ele>474.961107</ele>
        <time>2026-01-16T04:08:13.973Z</time>
      </trkpt>
      <trkpt lat="46.179583" lon="7.229328">
        <ele>474.613104</ele>
        <time>2026-01-16T04:08:16.858Z</time>
      </trkpt>
      <trkpt lat="46.179211" lon="7.229103">
        <ele>474.257097</ele>
        <time>2026-01-16T04:08:21.354Z</time>
      </trkpt>
      <trkpt lat="46.178416" lon="7.228619">
        <ele>473.495526</ele>
        <time>2026-01-16T04:08:31.845Z</time>
      </trkpt>
      <trkpt lat="46.178384" lon="7.228599">
        <ele>473.464747</ele>
        <time>2026-01-16T04:08:32.389Z</time>
      </trkpt>
      <trkpt lat="46.178206" lon="7.228492">
        <ele>473.294555</ele>
        <time>2026-01-16T04:08:35.473Z</time>
      </trkpt>
      <trkpt lat="46.178143" lon="7.228455">
        <ele>473.234521</ele>
        <time>2026-01-16T04:08:36.639Z</time>
      </trkpt>
      <trkpt lat="46.177676" lon="7.228168">
        <ele>474.444034</ele>
        <time>2026-01-16T04:08:47.608Z</time>
      </trkpt>
      <trkpt lat="46.177574" lon="7.228111">
        <ele>474.735132</ele>
        <time>2026-01-16T04:08:50.236Z</time>
      </trkpt>
      <trkpt lat="46.176983" lon="7.227746">
        <ele>476.445932</ele>
        <time>2026-01-16T04:09:07.448Z</time>
      </trkpt>
      <trkpt lat="46.176949" lon="7.227726">
        <ele>476.543645</ele>
        <time>2026-01-16T04:09:08.530Z</time>
      </trkpt>
      <trkpt lat="46.176737" lon="7.227581">
        <ele>477.167985</ele>
        <time>2026-01-16T04:09:15.392Z</time>
      </trkpt>
      <trkpt lat="46.176566" lon="7.227351">
        <ele>477.789938</ele>
        <time>2026-01-16T04:09:22.530Z</time>
      </trkpt>
      <trkpt lat="46.176498" lon="7.227218">
        <ele>478.122221</ele>
        <time>2026-01-16T04:09:26.264Z</time>
      </trkpt>
      <trkpt lat="46.176116" lon="7.226478">
        <ele>480.257654</ele>
        <time>2026-01-16T04:09:46.201Z</time>
      </trkpt>
      <trkpt lat="46.176055" lon="7.226211">
        <ele>480.908131</ele>
        <time>2026-01-16T04:09:51.616Z</time>
      </trkpt>
      <trkpt lat="46.176057" lon="7.226199">
        <ele>480.936687</ele>
        <time>2026-01-16T04:09:51.833Z</time>
      </trkpt>
      <trkpt lat="46.176045" lon="7.226120">
        <ele>481.123805</ele>
        <time>2026-01-16T04:09:53.349Z</time>
      </trkpt>
      <trkpt lat="46.176002" lon="7.226067">
        <ele>481.312688</ele>
        <time>2026-01-16T04:09:54.881Z</time>
      </trkpt>
      <trkpt lat="46.175980" lon="7.226059">
        <ele>481.388488</ele>
        <time>2026-01-16T04:09:55.488Z</time>
      </trkpt>
      <trkpt lat="46.175864" lon="7.225964">
        <ele>481.834046</ele>
        <time>2026-01-16T04:09:59.032Z</time>
      </trkpt>
      <trkpt lat="46.175859" lon="7.225954">
        <ele>481.862583</ele>
        <time>2026-01-16T04:09:59.256Z</time>
      </trkpt>
      <trkpt lat="46.175792" lon="7.225815">
        <ele>482.254413</ele>
        <time>2026-01-16T04:10:02.280Z</time>
      </trkpt>
      <trkpt lat="46.175423" lon="7.225180">
        <ele>484.155362</ele>
        <time>2026-01-16T04:10:17.119Z</time>
      </trkpt>
      <trkpt lat="46.175039" lon="7.224676">
        <ele>485.722204</ele>
        <time>2026-01-16T04:10:30.991Z</time>
      </trkpt>
      <trkpt lat="46.174995" lon="7.224626">
        <ele>485.891265</ele>
        <time>2026-01-16T04:10:32.336Z</time>
      </trkpt>
      <trkpt lat="46.174530" lon="7.224077">
        <ele>487.704879</ele>
        <time>2026-01-16T04:10:47.675Z</time>
      </trkpt>
      <trkpt lat="46.173829" lon="7.223256">
        <ele>489.965037</ele>
        <time>2026-01-16T04:11:14.285Z</time>
      </trkpt>
      <trkpt lat="46.173210" lon="7.222556">
        <ele>491.237977</ele>
        <time>2026-01-16T04:11:34.542Z</time>
      </trkpt>
      <trkpt lat="46.173088" lon="7.222460">
        <ele>491.462926</ele>
        <time>2026-01-16T04:11:37.221Z</time>
      </trkpt>
      <trkpt lat="46.172881" lon="7.222309">
        <ele>491.838410</ele>
        <time>2026-01-16T04:11:41.108Z</time>
      </trkpt>
      <trkpt lat="46.172643" lon="7.222110">
        <ele>492.283684</ele>
        <time>2026-01-16T04:11:44.948Z</time>
      </trkpt>
      <trkpt lat="46.172500" lon="7.221992">
        <ele>491.758998</ele>
        <time>2026-01-16T04:11:46.894Z</time>
      </trkpt>
      <trkpt lat="46.172345" lon="7.221853">
        <ele>490.946166</ele>
        <time>2026-01-16T04:11:48.838Z</time>
      </trkpt>
      <trkpt lat="46.172338" lon="7.221848">
        <ele>490.911375</ele>
        <time>2026-01-16T04:11:48.917Z</time>
      </trkpt>
      <trkpt lat="46.172060" lon="7.221584">
        <ele>489.429098</ele>
        <time>2026-01-16T04:11:52.224Z</time>
      </trkpt>
      <trkpt lat="46.171757" lon="7.221329">
        <ele>487.866739</ele>
        <time>2026-01-16T04:11:55.532Z</time>
      </trkpt>
      <trkpt lat="46.171586" lon="7.221184">
        <ele>486.983314</ele>
        <time>2026-01-16T04:11:57.358Z</time>
      </trkpt>
      <trkpt lat="46.171551" lon="7.221093">
        <ele>486.662180</ele>
        <time>2026-01-16T04:11:58.021Z</time>
      </trkpt>
      <trkpt lat="46.171511" lon="7.220930">
        <ele>486.128676</ele>
        <time>2026-01-16T04:11:59.585Z</time>
      </trkpt>
      <trkpt lat="46.171471" lon="7.220851">
        <ele>485.826759</ele>
        <time>2026-01-16T04:12:00.473Z</time>
      </trkpt>
      <trkpt lat="46.171340" lon="7.220597">
        <ele>484.849709</ele>
        <time>2026-01-16T04:12:02.465Z</time>
      </trkpt>
      <trkpt lat="46.170735" lon="7.219351">
        <ele>478.501969</ele>
        <time>2026-01-16T04:12:11.922Z</time>
      </trkpt>
      <trkpt lat="46.170604" lon="7.219080">
        <ele>477.078353</ele>
        <time>2026-01-16T04:12:14.002Z</time>
      </trkpt>
      <trkpt lat="46.170503" lon="7.218872">
        <ele>475.984069</ele>
        <time>2026-01-16T04:12:15.609Z</time>
      </trkpt>
      <trkpt lat="46.170419" lon="7.218702">
        <ele>475.084486</ele>
        <time>2026-01-16T04:12:16.947Z</time>
      </trkpt>
      <trkpt lat="46.170399" lon="7.218658">
        <ele>474.857772</ele>
        <time>2026-01-16T04:12:17.284Z</time>
      </trkpt>
      <trkpt lat="46.170163" lon="7.218165">
        <ele>472.730202</ele>
        <time>2026-01-16T04:12:21.180Z</time>
      </trkpt>
      <trkpt lat="46.170135" lon="7.218111">
        <ele>472.592595</ele>
        <time>2026-01-16T04:12:21.629Z</time>
      </trkpt>
      <trkpt lat="46.169993" lon="7.217837">
        <ele>471.894498</ele>
        <time>2026-01-16T04:12:23.923Z</time>
      </trkpt>
      <trkpt lat="46.169941" lon="7.217731">
        <ele>471.629519</ele>
        <time>2026-01-16T04:12:24.818Z</time>
      </trkpt>
      <trkpt lat="46.169874" lon="7.217594">
        <ele>471.287399</ele>
        <time>2026-01-16T04:12:25.991Z</time>
      </trkpt>
      <trkpt lat="46.169838" lon="7.217523">
        <ele>471.107899</ele>
        <time>2026-01-16T04:12:26.606Z</time>
      </trkpt>
      <trkpt lat="46.169787" lon="7.217420">
        <ele>470.849614</ele>
        <time>2026-01-16T04:12:27.507Z</time>
      </trkpt>
      <trkpt lat="46.169761" lon="7.217367">
        <ele>470.717124</ele>
        <time>2026-01-16T04:12:27.971Z</time>
      </trkpt>
      <trkpt lat="46.169623" lon="7.217068">
        <ele>469.984162</ele>
        <time>2026-01-16T04:12:30.611Z</time>
      </trkpt>
      <trkpt lat="46.169592" lon="7.217000">
        <ele>469.818094</ele>
        <time>2026-01-16T04:12:31.216Z</time>
      </trkpt>
      <trkpt lat="46.169523" lon="7.216850">
        <ele>469.450763</ele>
        <time>2026-01-16T04:12:32.568Z</time>
      </trkpt>
      <trkpt lat="46.169379" lon="7.216573">
        <ele>468.744231</ele>
        <time>2026-01-16T04:12:35.218Z</time>
      </trkpt>
      <trkpt lat="46.169359" lon="7.216534">
        <ele>468.645238</ele>
        <time>2026-01-16T04:12:35.598Z</time>
      </trkpt>
      <trkpt lat="46.169094" lon="7.215992">
        <ele>467.730778</ele>
        <time>2026-01-16T04:12:40.915Z</time>
      </trkpt>
      <trkpt lat="46.169030" lon="7.215863">
        <ele>467.665980</ele>
        <time>2026-01-16T04:12:42.244Z</time>
      </trkpt>
      <trkpt lat="46.168884" lon="7.215570">
        <ele>467.518586</ele>
        <time>2026-01-16T04:12:45.371Z</time>
      </trkpt>
      <trkpt lat="46.168707" lon="7.215168">
        <ele>467.324067</ele>
        <time>2026-01-16T04:12:49.713Z</time>
      </trkpt>
      <trkpt lat="46.168557" lon="7.214813">
        <ele>467.154256</ele>
        <time>2026-01-16T04:12:53.688Z</time>
      </trkpt>
      <trkpt lat="46.168210" lon="7.214435">
        <ele>466.897963</ele>
        <time>2026-01-16T04:12:59.836Z</time>
      </trkpt>
      <trkpt lat="46.167828" lon="7.213925">
        <ele>466.738963</ele>
        <time>2026-01-16T04:13:07.175Z</time>
      </trkpt>
      <trkpt lat="46.167591" lon="7.213550">
        <ele>466.693813</ele>
        <time>2026-01-16T04:13:12.348Z</time>
      </trkpt>
      <trkpt lat="46.167384" lon="7.213023">
        <ele>466.639931</ele>
        <time>2026-01-16T04:13:18.731Z</time>
      </trkpt>
      <trkpt lat="46.167233" lon="7.212554">
        <ele>466.593933</ele>
        <time>2026-01-16T04:13:23.871Z</time>
      </trkpt>
      <trkpt lat="46.167220" lon="7.212499">
        <ele>466.588765</ele>
        <time>2026-01-16T04:13:26.682Z</time>
      </trkpt>
      <trkpt lat="46.167275" lon="7.212461">
        <ele>466.580935</ele>
        <time>2026-01-16T04:13:27.572Z</time>
      </trkpt>
      <trkpt lat="46.167369" lon="7.212501">
        <ele>466.568351</ele>
        <time>2026-01-16T04:13:28.919Z</time>
      </trkpt>
      <trkpt lat="46.167440" lon="7.212475">
        <ele>466.558944</ele>
        <time>2026-01-16T04:13:29.940Z</time>
      </trkpt>
      <trkpt lat="46.167496" lon="7.212408">
        <ele>466.549605</ele>
        <time>2026-01-16T04:13:30.925Z</time>
      </trkpt>
      <trkpt lat="46.167526" lon="7.212312">
        <ele>466.523448</ele>
        <time>2026-01-16T04:13:31.945Z</time>
      </trkpt>
      <trkpt lat="46.167524" lon="7.212212">
        <ele>466.497749</ele>
        <time>2026-01-16T04:13:32.889Z</time>
      </trkpt>
      <trkpt lat="46.167483" lon="7.212104">
        <ele>466.466111</ele>
        <time>2026-01-16T04:13:34.076Z</time>
      </trkpt>
      <trkpt lat="46.167410" lon="7.212041">
        <ele>466.434565</ele>
        <time>2026-01-16T04:13:35.236Z</time>
      </trkpt>
      <trkpt lat="46.167375" lon="7.212032">
        <ele>466.421379</ele>
        <time>2026-01-16T04:13:35.741Z</time>
      </trkpt>
      <trkpt lat="46.167152" lon="7.211822">
        <ele>466.322625</ele>
        <time>2026-01-16T04:13:39.407Z</time>
      </trkpt>
      <trkpt lat="46.166542" lon="7.210568">
        <ele>465.928965</ele>
        <time>2026-01-16T04:13:53.585Z</time>
      </trkpt>
      <trkpt lat="46.165508" lon="7.208395">
        <ele>465.335966</ele>
        <time>2026-01-16T04:14:18.494Z</time>
      </trkpt>
      <trkpt lat="46.165455" lon="7.208274">
        <ele>465.304106</ele>
        <time>2026-01-16T04:14:19.935Z</time>
      </trkpt>
      <trkpt lat="46.165434" lon="7.208095">
        <ele>465.291768</ele>
        <time>2026-01-16T04:14:21.764Z</time>
      </trkpt>
      <trkpt lat="46.165409" lon="7.207977">
        <ele>465.283421</ele>
        <time>2026-01-16T04:14:23.009Z</time>
      </trkpt>
      <trkpt lat="46.165356" lon="7.207928">
        <ele>465.277275</ele>
        <time>2026-01-16T04:14:23.938Z</time>
      </trkpt>
      <trkpt lat="46.165218" lon="7.207774">
        <ele>465.260240</ele>
        <time>2026-01-16T04:14:26.496Z</time>
      </trkpt>
      <trkpt lat="46.165129" lon="7.207621">
        <ele>465.246724</ele>
        <time>2026-01-16T04:14:28.537Z</time>
      </trkpt>
      <trkpt lat="46.163201" lon="7.203603">
        <ele>465.156550</ele>
        <time>2026-01-16T04:15:17.948Z</time>
      </trkpt>
      <trkpt lat="46.161412" lon="7.199835">
        <ele>466.076318</ele>
        <time>2026-01-16T04:16:09.782Z</time>
      </trkpt>
      <trkpt lat="46.161339" lon="7.199681">
        <ele>466.080462</ele>
        <time>2026-01-16T04:16:11.659Z</time>
      </trkpt>
      <trkpt lat="46.161156" lon="7.199291">
        <ele>466.016809</ele>
        <time>2026-01-16T04:16:16.292Z</time>
      </trkpt>
      <trkpt lat="46.161051" lon="7.199074">
        <ele>465.981041</ele>
        <time>2026-01-16T04:16:18.830Z</time>
      </trkpt>
      <trkpt lat="46.159294" lon="7.195431">
        <ele>465.273672</ele>
        <time>2026-01-16T04:17:01.192Z</time>
      </trkpt>
      <trkpt lat="46.158792" lon="7.194385">
        <ele>465.260728</ele>
        <time>2026-01-16T04:17:14.124Z</time>
      </trkpt>
      <trkpt lat="46.158519" lon="7.193822">
        <ele>465.253737</ele>
        <time>2026-01-16T04:17:21.473Z</time>
      </trkpt>
      <trkpt lat="46.158214" lon="7.193187">
        <ele>465.226164</ele>
        <time>2026-01-16T04:17:29.591Z</time>
      </trkpt>
      <trkpt lat="46.157998" lon="7.192738">
        <ele>465.171523</ele>
        <time>2026-01-16T04:17:35.211Z</time>
      </trkpt>
      <trkpt lat="46.157477" lon="7.191654">
        <ele>465.039644</ele>
        <time>2026-01-16T04:17:48.221Z</time>
      </trkpt>
      <trkpt lat="46.156705" lon="7.190057">
        <ele>464.857273</ele>
        <time>2026-01-16T04:18:06.649Z</time>
      </trkpt>
      <trkpt lat="46.156408" lon="7.189436">
        <ele>464.788298</ele>
        <time>2026-01-16T04:18:14.325Z</time>
      </trkpt>
      <trkpt lat="46.156207" lon="7.189012">
        <ele>464.771873</ele>
        <time>2026-01-16T04:18:19.802Z</time>
      </trkpt>
      <trkpt lat="46.155349" lon="7.187214">
        <ele>465.188472</ele>
        <time>2026-01-16T04:18:44.474Z</time>
      </trkpt>
      <trkpt lat="46.155145" lon="7.186785">
        <ele>465.239187</ele>
        <time>2026-01-16T04:18:50.126Z</time>
      </trkpt>
      <trkpt lat="46.154899" lon="7.186267">
        <ele>465.217363</ele>
        <time>2026-01-16T04:18:56.614Z</time>
      </trkpt>
      <trkpt lat="46.154790" lon="7.186050">
        <ele>465.208048</ele>
        <time>2026-01-16T04:18:59.290Z</time>
      </trkpt>
      <trkpt lat="46.154540" lon="7.185538">
        <ele>465.186280</ele>
        <time>2026-01-16T04:19:05.442Z</time>
      </trkpt>
      <trkpt lat="46.154233" lon="7.184880">
        <ele>465.158712</ele>
        <time>2026-01-16T04:19:13.565Z</time>
      </trkpt>
      <trkpt lat="46.154126" lon="7.184648">
        <ele>465.134934</ele>
        <time>2026-01-16T04:19:16.254Z</time>
      </trkpt>
      <trkpt lat="46.153932" lon="7.184237">
        <ele>465.084803</ele>
        <time>2026-01-16T04:19:20.979Z</time>
      </trkpt>
      <trkpt lat="46.153820" lon="7.184009">
        <ele>465.056629</ele>
        <time>2026-01-16T04:19:23.724Z</time>
      </trkpt>
      <trkpt lat="46.153733" lon="7.183835">
        <ele>465.034998</ele>
        <time>2026-01-16T04:19:25.874Z</time>
      </trkpt>
      <trkpt lat="46.153535" lon="7.183440">
        <ele>464.985853</ele>
        <time>2026-01-16T04:19:30.764Z</time>
      </trkpt>
      <trkpt lat="46.153396" lon="7.183167">
        <ele>464.951701</ele>
        <time>2026-01-16T04:19:34.152Z</time>
      </trkpt>
      <trkpt lat="46.153278" lon="7.182894">
        <ele>464.919266</ele>
        <time>2026-01-16T04:19:37.364Z</time>
      </trkpt>
      <trkpt lat="46.153265" lon="7.182861">
        <ele>464.915439</ele>
        <time>2026-01-16T04:19:37.741Z</time>
      </trkpt>
      <trkpt lat="46.153147" lon="7.182574">
        <ele>464.892892</ele>
        <time>2026-01-16T04:19:40.953Z</time>
      </trkpt>
      <trkpt lat="46.153038" lon="7.182343">
        <ele>464.888903</ele>
        <time>2026-01-16T04:19:43.598Z</time>
      </trkpt>
      <trkpt lat="46.152841" lon="7.181953">
        <ele>464.882014</ele>
        <time>2026-01-16T04:19:48.404Z</time>
      </trkpt>
      <trkpt lat="46.152697" lon="7.181666">
        <ele>464.876956</ele>
        <time>2026-01-16T04:19:52.188Z</time>
      </trkpt>
      <trkpt lat="46.151824" lon="7.179854">
        <ele>464.847144</ele>
        <time>2026-01-16T04:20:15.261Z</time>
      </trkpt>
      <trkpt lat="46.151784" lon="7.179768">
        <ele>464.845871</ele>
        <time>2026-01-16T04:20:16.310Z</time>
      </trkpt>
      <trkpt lat="46.151303" lon="7.178767">
        <ele>464.830891</ele>
        <time>2026-01-16T04:20:28.346Z</time>
      </trkpt>
      <trkpt lat="46.151193" lon="7.178540">
        <ele>464.827485</ele>
        <time>2026-01-16T04:20:31.029Z</time>
      </trkpt>
      <trkpt lat="46.151168" lon="7.178489">
        <ele>464.826717</ele>
        <time>2026-01-16T04:20:31.639Z</time>
      </trkpt>
      <trkpt lat="46.151107" lon="7.178363">
        <ele>464.870659</ele>
        <time>2026-01-16T04:20:33.155Z</time>
      </trkpt>
      <trkpt lat="46.150873" lon="7.177879">
        <ele>465.228281</ele>
        <time>2026-01-16T04:20:39.461Z</time>
      </trkpt>
      <trkpt lat="46.150635" lon="7.177384">
        <ele>465.593373</ele>
        <time>2026-01-16T04:20:46.846Z</time>
      </trkpt>
      <trkpt lat="46.150201" lon="7.176493">
        <ele>466.253347</ele>
        <time>2026-01-16T04:21:01.981Z</time>
      </trkpt>
      <trkpt lat="46.150131" lon="7.176347">
        <ele>466.360933</ele>
        <time>2026-01-16T04:21:04.580Z</time>
      </trkpt>
      <trkpt lat="46.150085" lon="7.176248">
        <ele>466.436560</ele>
        <time>2026-01-16T04:21:06.374Z</time>
      </trkpt>
      <trkpt lat="46.149976" lon="7.176021">
        <ele>466.620517</ele>
        <time>2026-01-16T04:21:10.522Z</time>
      </trkpt>
      <trkpt lat="46.149922" lon="7.175910">
        <ele>466.710854</ele>
        <time>2026-01-16T04:21:12.580Z</time>
      </trkpt>
      <trkpt lat="46.149621" lon="7.175278">
        <ele>467.221668</ele>
        <time>2026-01-16T04:21:23.772Z</time>
      </trkpt>
      <trkpt lat="46.149482" lon="7.174995">
        <ele>467.452723</ele>
        <time>2026-01-16T04:21:28.688Z</time>
      </trkpt>
      <trkpt lat="46.149055" lon="7.174101">
        <ele>468.085050</ele>
        <time>2026-01-16T04:21:40.983Z</time>
      </trkpt>
      <trkpt lat="46.148989" lon="7.173963">
        <ele>467.984415</ele>
        <time>2026-01-16T04:21:42.591Z</time>
      </trkpt>
      <trkpt lat="46.148929" lon="7.173838">
        <ele>467.893152</ele>
        <time>2026-01-16T04:21:44.055Z</time>
      </trkpt>
      <trkpt lat="46.148857" lon="7.173686">
        <ele>467.782649</ele>
        <time>2026-01-16T04:21:45.805Z</time>
      </trkpt>
      <trkpt lat="46.148751" lon="7.173464">
        <ele>467.620842</ele>
        <time>2026-01-16T04:21:48.180Z</time>
      </trkpt>
      <trkpt lat="46.148194" lon="7.172295">
        <ele>466.769378</ele>
        <time>2026-01-16T04:21:59.789Z</time>
      </trkpt>
      <trkpt lat="46.148125" lon="7.172156">
        <ele>466.666755</ele>
        <time>2026-01-16T04:22:01.157Z</time>
      </trkpt>
      <trkpt lat="46.147984" lon="7.171852">
        <ele>466.407254</ele>
        <time>2026-01-16T04:22:04.183Z</time>
      </trkpt>
      <trkpt lat="46.147743" lon="7.171346">
        <ele>465.918922</ele>
        <time>2026-01-16T04:22:09.308Z</time>
      </trkpt>
      <trkpt lat="46.147598" lon="7.171040">
        <ele>465.624089</ele>
        <time>2026-01-16T04:22:12.361Z</time>
      </trkpt>
      <trkpt lat="46.147515" lon="7.170867">
        <ele>465.456736</ele>
        <time>2026-01-16T04:22:14.070Z</time>
      </trkpt>
      <trkpt lat="46.147323" lon="7.170471">
        <ele>465.072342</ele>
        <time>2026-01-16T04:22:18.045Z</time>
      </trkpt>
      <trkpt lat="46.147178" lon="7.170172">
        <ele>464.782085</ele>
        <time>2026-01-16T04:22:21.058Z</time>
      </trkpt>
      <trkpt lat="46.146448" lon="7.168649">
        <ele>463.736278</ele>
        <time>2026-01-16T04:22:36.881Z</time>
      </trkpt>
      <trkpt lat="46.146134" lon="7.168019">
        <ele>463.339418</ele>
        <time>2026-01-16T04:22:43.891Z</time>
      </trkpt>
      <trkpt lat="46.146007" lon="7.167707">
        <ele>463.183749</ele>
        <time>2026-01-16T04:22:47.220Z</time>
      </trkpt>
      <trkpt lat="46.145960" lon="7.167519">
        <ele>463.209650</ele>
        <time>2026-01-16T04:22:49.134Z</time>
      </trkpt>
      <trkpt lat="46.145938" lon="7.167380">
        <ele>463.228127</ele>
        <time>2026-01-16T04:22:50.578Z</time>
      </trkpt>
      <trkpt lat="46.145856" lon="7.167324">
        <ele>463.245096</ele>
        <time>2026-01-16T04:22:51.960Z</time>
      </trkpt>
      <trkpt lat="46.145774" lon="7.167198">
        <ele>463.267499</ele>
        <time>2026-01-16T04:22:53.810Z</time>
      </trkpt>
      <trkpt lat="46.145552" lon="7.166813">
        <ele>463.332412</ele>
        <time>2026-01-16T04:22:59.354Z</time>
      </trkpt>
      <trkpt lat="46.145419" lon="7.166542">
        <ele>463.375451</ele>
        <time>2026-01-16T04:23:03.108Z</time>
      </trkpt>
      <trkpt lat="46.144685" lon="7.165015">
        <ele>463.416504</ele>
        <time>2026-01-16T04:23:24.479Z</time>
      </trkpt>
      <trkpt lat="46.143920" lon="7.163412">
        <ele>463.135378</ele>
        <time>2026-01-16T04:23:42.647Z</time>
      </trkpt>
      <trkpt lat="46.143812" lon="7.163194">
        <ele>463.025315</ele>
        <time>2026-01-16T04:23:44.978Z</time>
      </trkpt>
      <trkpt lat="46.143696" lon="7.162957">
        <ele>462.906144</ele>
        <time>2026-01-16T04:23:47.522Z</time>
      </trkpt>
      <trkpt lat="46.143202" lon="7.161920">
        <ele>462.389302</ele>
        <time>2026-01-16T04:23:58.604Z</time>
      </trkpt>
      <trkpt lat="46.142547" lon="7.160557">
        <ele>462.075454</ele>
        <time>2026-01-16T04:24:14.248Z</time>
      </trkpt>
      <trkpt lat="46.142467" lon="7.160380">
        <ele>462.064979</ele>
        <time>2026-01-16T04:24:16.376Z</time>
      </trkpt>
      <trkpt lat="46.141921" lon="7.159254">
        <ele>461.997510</ele>
        <time>2026-01-16T04:24:30.994Z</time>
      </trkpt>
      <trkpt lat="46.141723" lon="7.158830">
        <ele>462.018990</ele>
        <time>2026-01-16T04:24:36.685Z</time>
      </trkpt>
      <trkpt lat="46.140812" lon="7.156960">
        <ele>462.041585</ele>
        <time>2026-01-16T04:25:00.583Z</time>
      </trkpt>
      <trkpt lat="46.140322" lon="7.155958">
        <ele>461.661060</ele>
        <time>2026-01-16T04:25:11.960Z</time>
      </trkpt>
      <trkpt lat="46.140258" lon="7.155845">
        <ele>461.615777</ele>
        <time>2026-01-16T04:25:13.262Z</time>
      </trkpt>
      <trkpt lat="46.139718" lon="7.154681">
        <ele>461.207343</ele>
        <time>2026-01-16T04:25:25.772Z</time>
      </trkpt>
      <trkpt lat="46.138831" lon="7.152834">
        <ele>460.669287</ele>
        <time>2026-01-16T04:25:47.218Z</time>
      </trkpt>
      <trkpt lat="46.138587" lon="7.152320">
        <ele>460.628545</ele>
        <time>2026-01-16T04:25:53.445Z</time>
      </trkpt>
      <trkpt lat="46.135912" lon="7.146758">
        <ele>460.073566</ele>
        <time>2026-01-16T04:27:01.565Z</time>
      </trkpt>
      <trkpt lat="46.134858" lon="7.144563">
        <ele>459.435383</ele>
        <time>2026-01-16T04:27:26.252Z</time>
      </trkpt>
      <trkpt lat="46.130396" lon="7.135256">
        <ele>459.296678</ele>
        <time>2026-01-16T04:29:22.052Z</time>
      </trkpt>
      <trkpt lat="46.129877" lon="7.134201">
        <ele>459.450836</ele>
        <time>2026-01-16T04:29:36.295Z</time>
      </trkpt>
      <trkpt lat="46.129269" lon="7.132937">
        <ele>459.673169</ele>
        <time>2026-01-16T04:29:53.238Z</time>
      </trkpt>
      <trkpt lat="46.127938" lon="7.130136">
        <ele>460.054465</ele>
        <time>2026-01-16T04:30:29.973Z</time>
      </trkpt>
      <trkpt lat="46.127832" lon="7.129915">
        <ele>460.070920</ele>
        <time>2026-01-16T04:30:32.795Z</time>
      </trkpt>
      <trkpt lat="46.127741" lon="7.129725">
        <ele>460.085060</ele>
        <time>2026-01-16T04:30:35.182Z</time>
      </trkpt>
      <trkpt lat="46.126973" lon="7.128119">
        <ele>459.926265</ele>
        <time>2026-01-16T04:30:53.971Z</time>
      </trkpt>
      <trkpt lat="46.126795" lon="7.127739">
        <ele>459.871864</ele>
        <time>2026-01-16T04:30:58.389Z</time>
      </trkpt>
      <trkpt lat="46.126386" lon="7.126819">
        <ele>459.729456</ele>
        <time>2026-01-16T04:31:09.682Z</time>
      </trkpt>
      <trkpt lat="46.126372" lon="7.126789">
        <ele>459.724249</ele>
        <time>2026-01-16T04:31:10.055Z</time>
      </trkpt>
      <trkpt lat="46.126345" lon="7.126736">
        <ele>459.714780</ele>
        <time>2026-01-16T04:31:10.721Z</time>
      </trkpt>
      <trkpt lat="46.126169" lon="7.126383">
        <ele>459.652180</ele>
        <time>2026-01-16T04:31:14.976Z</time>
      </trkpt>
      <trkpt lat="46.125994" lon="7.126074">
        <ele>459.594735</ele>
        <time>2026-01-16T04:31:18.907Z</time>
      </trkpt>
      <trkpt lat="46.125881" lon="7.125927">
        <ele>459.563132</ele>
        <time>2026-01-16T04:31:21.080Z</time>
      </trkpt>
      <trkpt lat="46.125774" lon="7.125712">
        <ele>459.525028</ele>
        <time>2026-01-16T04:31:23.711Z</time>
      </trkpt>
      <trkpt lat="46.125587" lon="7.125325">
        <ele>459.457113</ele>
        <time>2026-01-16T04:31:28.400Z</time>
      </trkpt>
      <trkpt lat="46.125148" lon="7.124408">
        <ele>459.151415</ele>
        <time>2026-01-16T04:31:38.440Z</time>
      </trkpt>
      <trkpt lat="46.124914" lon="7.123920">
        <ele>458.971773</ele>
        <time>2026-01-16T04:31:43.833Z</time>
      </trkpt>
      <trkpt lat="46.124615" lon="7.123297">
        <ele>458.742368</ele>
        <time>2026-01-16T04:31:51.034Z</time>
      </trkpt>
      <trkpt lat="46.124052" lon="7.122123">
        <ele>458.487685</ele>
        <time>2026-01-16T04:32:04.700Z</time>
      </trkpt>
      <trkpt lat="46.124035" lon="7.122088">
        <ele>458.481652</ele>
        <time>2026-01-16T04:32:05.127Z</time>
      </trkpt>
      <trkpt lat="46.123868" lon="7.121764">
        <ele>458.424657</ele>
        <time>2026-01-16T04:32:09.197Z</time>
      </trkpt>
      <trkpt lat="46.122852" lon="7.119642">
        <ele>458.045618</ele>
        <time>2026-01-16T04:32:34.660Z</time>
      </trkpt>
      <trkpt lat="46.121865" lon="7.117604">
        <ele>457.653806</ele>
        <time>2026-01-16T04:32:58.371Z</time>
      </trkpt>
      <trkpt lat="46.121329" lon="7.116472">
        <ele>457.465525</ele>
        <time>2026-01-16T04:33:11.794Z</time>
      </trkpt>
      <trkpt lat="46.120446" lon="7.114640">
        <ele>457.496176</ele>
        <time>2026-01-16T04:33:34.836Z</time>
      </trkpt>
      <trkpt lat="46.118620" lon="7.110850">
        <ele>458.172517</ele>
        <time>2026-01-16T04:34:26.642Z</time>
      </trkpt>
      <trkpt lat="46.117436" lon="7.108391">
        <ele>457.645649</ele>
        <time>2026-01-16T04:34:54.131Z</time>
      </trkpt>
      <trkpt lat="46.116225" lon="7.105886">
        <ele>457.536493</ele>
        <time>2026-01-16T04:35:25.572Z</time>
      </trkpt>
      <trkpt lat="46.115998" lon="7.105417">
        <ele>457.630989</ele>
        <time>2026-01-16T04:35:31.649Z</time>
      </trkpt>
      <trkpt lat="46.115670" lon="7.104736">
        <ele>457.767981</ele>
        <time>2026-01-16T04:35:40.744Z</time>
      </trkpt>
      <trkpt lat="46.115517" lon="7.104420">
        <ele>457.831657</ele>
        <time>2026-01-16T04:35:45.127Z</time>
      </trkpt>
      <trkpt lat="46.115283" lon="7.103937">
        <ele>457.929005</ele>
        <time>2026-01-16T04:35:51.774Z</time>
      </trkpt>
      <trkpt lat="46.115230" lon="7.103828">
        <ele>457.951679</ele>
        <time>2026-01-16T04:35:53.262Z</time>
      </trkpt>
      <trkpt lat="46.114714" lon="7.102760">
        <ele>458.194731</ele>
        <time>2026-01-16T04:36:07.633Z</time>
      </trkpt>
      <trkpt lat="46.114169" lon="7.101619">
        <ele>458.435555</ele>
        <time>2026-01-16T04:36:22.979Z</time>
      </trkpt>
      <trkpt lat="46.113454" lon="7.100121">
        <ele>458.513614</ele>
        <time>2026-01-16T04:36:42.229Z</time>
      </trkpt>
      <trkpt lat="46.113342" lon="7.099886">
        <ele>458.525854</ele>
        <time>2026-01-16T04:36:45.147Z</time>
      </trkpt>
      <trkpt lat="46.112970" lon="7.099100">
        <ele>458.580209</ele>
        <time>2026-01-16T04:36:54.606Z</time>
      </trkpt>
      <trkpt lat="46.112839" lon="7.098823">
        <ele>458.602339</ele>
        <time>2026-01-16T04:36:57.789Z</time>
      </trkpt>
      <trkpt lat="46.112733" lon="7.098532">
        <ele>458.624034</ele>
        <time>2026-01-16T04:37:00.951Z</time>
      </trkpt>
      <trkpt lat="46.112693" lon="7.098352">
        <ele>458.636508</ele>
        <time>2026-01-16T04:37:02.909Z</time>
      </trkpt>
      <trkpt lat="46.112701" lon="7.098298">
        <ele>458.640153</ele>
        <time>2026-01-16T04:37:03.494Z</time>
      </trkpt>
      <trkpt lat="46.112686" lon="7.098204">
        <ele>458.646518</ele>
        <time>2026-01-16T04:37:04.522Z</time>
      </trkpt>
      <trkpt lat="46.112636" lon="7.098138">
        <ele>458.652971</ele>
        <time>2026-01-16T04:37:05.544Z</time>
      </trkpt>
      <trkpt lat="46.112620" lon="7.098129">
        <ele>458.654606</ele>
        <time>2026-01-16T04:37:05.818Z</time>
      </trkpt>
      <trkpt lat="46.112494" lon="7.097995">
        <ele>458.669508</ele>
        <time>2026-01-16T04:37:08.272Z</time>
      </trkpt>
      <trkpt lat="46.112254" lon="7.097598">
        <ele>458.704272</ele>
        <time>2026-01-16T04:37:14.205Z</time>
      </trkpt>
      <trkpt lat="46.111230" lon="7.095499">
        <ele>459.709557</ele>
        <time>2026-01-16T04:37:45.162Z</time>
      </trkpt>
      <trkpt lat="46.110893" lon="7.094810">
        <ele>459.945949</ele>
        <time>2026-01-16T04:37:55.450Z</time>
      </trkpt>
      <trkpt lat="46.110793" lon="7.094601">
        <ele>460.009659</ele>
        <time>2026-01-16T04:37:58.454Z</time>
      </trkpt>
      <trkpt lat="46.109342" lon="7.091574">
        <ele>460.833341</ele>
        <time>2026-01-16T04:38:37.996Z</time>
      </trkpt>
      <trkpt lat="46.108839" lon="7.090528">
        <ele>461.167295</ele>
        <time>2026-01-16T04:38:53.151Z</time>
      </trkpt>
      <trkpt lat="46.108743" lon="7.090333">
        <ele>461.241744</ele>
        <time>2026-01-16T04:38:55.970Z</time>
      </trkpt>
      <trkpt lat="46.108464" lon="7.089752">
        <ele>461.461752</ele>
        <time>2026-01-16T04:39:04.149Z</time>
      </trkpt>
      <trkpt lat="46.108153" lon="7.089105">
        <ele>461.706832</ele>
        <time>2026-01-16T04:39:12.881Z</time>
      </trkpt>
      <trkpt lat="46.107955" lon="7.088690">
        <ele>461.930471</ele>
        <time>2026-01-16T04:39:18.687Z</time>
      </trkpt>
      <trkpt lat="46.107832" lon="7.088432">
        <ele>462.088247</ele>
        <time>2026-01-16T04:39:22.330Z</time>
      </trkpt>
      <trkpt lat="46.107703" lon="7.088168">
        <ele>462.250997</ele>
        <time>2026-01-16T04:39:26.149Z</time>
      </trkpt>
      <trkpt lat="46.107585" lon="7.087927">
        <ele>462.399669</ele>
        <time>2026-01-16T04:39:29.780Z</time>
      </trkpt>
      <trkpt lat="46.107344" lon="7.087422">
        <ele>462.708597</ele>
        <time>2026-01-16T04:39:37.885Z</time>
      </trkpt>
      <trkpt lat="46.107300" lon="7.087331">
        <ele>462.764503</ele>
        <time>2026-01-16T04:39:39.407Z</time>
      </trkpt>
      <trkpt lat="46.107077" lon="7.086868">
        <ele>463.048584</ele>
        <time>2026-01-16T04:39:47.088Z</time>
      </trkpt>
      <trkpt lat="46.106633" lon="7.085993">
        <ele>463.421245</ele>
        <time>2026-01-16T04:39:59.742Z</time>
      </trkpt>
      <trkpt lat="46.106372" lon="7.085481">
        <ele>463.636910</ele>
        <time>2026-01-16T04:40:06.764Z</time>
      </trkpt>
      <trkpt lat="46.106299" lon="7.085274">
        <ele>463.715724</ele>
        <time>2026-01-16T04:40:09.351Z</time>
      </trkpt>
      <trkpt lat="46.106252" lon="7.085065">
        <ele>463.790289</ele>
        <time>2026-01-16T04:40:11.665Z</time>
      </trkpt>
      <trkpt lat="46.106251" lon="7.085034">
        <ele>463.800821</ele>
        <time>2026-01-16T04:40:11.984Z</time>
      </trkpt>
      <trkpt lat="46.106246" lon="7.085005">
        <ele>463.810962</ele>
        <time>2026-01-16T04:40:12.302Z</time>
      </trkpt>
      <trkpt lat="46.106172" lon="7.084891">
        <ele>463.863960</ele>
        <time>2026-01-16T04:40:13.976Z</time>
      </trkpt>
      <trkpt lat="46.106151" lon="7.084881">
        <ele>463.874784</ele>
        <time>2026-01-16T04:40:14.333Z</time>
      </trkpt>
      <trkpt lat="46.106055" lon="7.084764">
        <ele>463.936303</ele>
        <time>2026-01-16T04:40:16.318Z</time>
      </trkpt>
      <trkpt lat="46.105924" lon="7.084563">
        <ele>464.096534</ele>
        <time>2026-01-16T04:40:19.453Z</time>
      </trkpt>
      <trkpt lat="46.105828" lon="7.084341">
        <ele>464.253628</ele>
        <time>2026-01-16T04:40:22.672Z</time>
      </trkpt>
      <trkpt lat="46.105725" lon="7.084103">
        <ele>464.422081</ele>
        <time>2026-01-16T04:40:26.251Z</time>
      </trkpt>
      <trkpt lat="46.105629" lon="7.083888">
        <ele>464.575625</ele>
        <time>2026-01-16T04:40:29.572Z</time>
      </trkpt>
      <trkpt lat="46.105482" lon="7.083577">
        <ele>464.801621</ele>
        <time>2026-01-16T04:40:34.818Z</time>
      </trkpt>
      <trkpt lat="46.105346" lon="7.083288">
        <ele>465.011338</ele>
        <time>2026-01-16T04:40:39.724Z</time>
      </trkpt>
      <trkpt lat="46.105224" lon="7.083029">
        <ele>465.199342</ele>
        <time>2026-01-16T04:40:44.012Z</time>
      </trkpt>
      <trkpt lat="46.105161" lon="7.082899">
        <ele>465.294574</ele>
        <time>2026-01-16T04:40:46.093Z</time>
      </trkpt>
      <trkpt lat="46.104814" lon="7.082179">
        <ele>465.657993</ele>
        <time>2026-01-16T04:40:56.884Z</time>
      </trkpt>
      <trkpt lat="46.104694" lon="7.081932">
        <ele>465.746835</ele>
        <time>2026-01-16T04:41:00.124Z</time>
      </trkpt>
      <trkpt lat="46.104630" lon="7.081796">
        <ele>465.795253</ele>
        <time>2026-01-16T04:41:01.886Z</time>
      </trkpt>
      <trkpt lat="46.104599" lon="7.081735">
        <ele>465.817532</ele>
        <time>2026-01-16T04:41:02.665Z</time>
      </trkpt>
      <trkpt lat="46.104590" lon="7.081715">
        <ele>465.824555</ele>
        <time>2026-01-16T04:41:02.917Z</time>
      </trkpt>
      <trkpt lat="46.104450" lon="7.081431">
        <ele>465.927203</ele>
        <time>2026-01-16T04:41:06.560Z</time>
      </trkpt>
      <trkpt lat="46.104262" lon="7.081039">
        <ele>466.067607</ele>
        <time>2026-01-16T04:41:11.744Z</time>
      </trkpt>
      <trkpt lat="46.104221" lon="7.080954">
        <ele>466.098109</ele>
        <time>2026-01-16T04:41:12.892Z</time>
      </trkpt>
      <trkpt lat="46.104124" lon="7.080750">
        <ele>466.170975</ele>
        <time>2026-01-16T04:41:15.634Z</time>
      </trkpt>
      <trkpt lat="46.103879" lon="7.080243">
        <ele>466.556815</ele>
        <time>2026-01-16T04:41:22.667Z</time>
      </trkpt>
      <trkpt lat="46.103738" lon="7.079943">
        <ele>466.911068</ele>
        <time>2026-01-16T04:41:26.968Z</time>
      </trkpt>
      <trkpt lat="46.103665" lon="7.079794">
        <ele>467.089397</ele>
        <time>2026-01-16T04:41:29.356Z</time>
      </trkpt>
      <trkpt lat="46.103496" lon="7.079438">
        <ele>467.511112</ele>
        <time>2026-01-16T04:41:35.575Z</time>
      </trkpt>
      <trkpt lat="46.103434" lon="7.079278">
        <ele>467.690269</ele>
        <time>2026-01-16T04:41:38.396Z</time>
      </trkpt>
      <trkpt lat="46.103383" lon="7.079119">
        <ele>467.861508</ele>
        <time>2026-01-16T04:41:41.099Z</time>
      </trkpt>
      <trkpt lat="46.103361" lon="7.078895">
        <ele>468.082642</ele>
        <time>2026-01-16T04:41:44.654Z</time>
      </trkpt>
      <trkpt lat="46.103355" lon="7.078729">
        <ele>468.245118</ele>
        <time>2026-01-16T04:41:47.274Z</time>
      </trkpt>
      <trkpt lat="46.103372" lon="7.078578">
        <ele>468.394646</ele>
        <time>2026-01-16T04:41:49.649Z</time>
      </trkpt>
      <trkpt lat="46.103400" lon="7.078415">
        <ele>468.558786</ele>
        <time>2026-01-16T04:41:52.307Z</time>
      </trkpt>
      <trkpt lat="46.103458" lon="7.078267">
        <ele>468.724957</ele>
        <time>2026-01-16T04:41:55.014Z</time>
      </trkpt>
      <trkpt lat="46.103524" lon="7.078126">
        <ele>468.902233</ele>
        <time>2026-01-16T04:41:57.792Z</time>
      </trkpt>
      <trkpt lat="46.103778" lon="7.077744">
        <ele>469.482357</ele>
        <time>2026-01-16T04:42:06.317Z</time>
      </trkpt>
      <trkpt lat="46.103839" lon="7.077650">
        <ele>469.623477</ele>
        <time>2026-01-16T04:42:08.453Z</time>
      </trkpt>
      <trkpt lat="46.104198" lon="7.077095">
        <ele>470.455427</ele>
        <time>2026-01-16T04:42:20.323Z</time>
      </trkpt>
      <trkpt lat="46.104291" lon="7.076988">
        <ele>470.643494</ele>
        <time>2026-01-16T04:42:22.856Z</time>
      </trkpt>
      <trkpt lat="46.104350" lon="7.076963">
        <ele>470.740705</ele>
        <time>2026-01-16T04:42:24.106Z</time>
      </trkpt>
      <trkpt lat="46.104379" lon="7.076861">
        <ele>470.861539</ele>
        <time>2026-01-16T04:42:25.673Z</time>
      </trkpt>
      <trkpt lat="46.104348" lon="7.076783">
        <ele>470.960083</ele>
        <time>2026-01-16T04:42:26.887Z</time>
      </trkpt>
      <trkpt lat="46.104286" lon="7.076761">
        <ele>471.061018</ele>
        <time>2026-01-16T04:42:28.175Z</time>
      </trkpt>
      <trkpt lat="46.104233" lon="7.076812">
        <ele>471.161738</ele>
        <time>2026-01-16T04:42:29.420Z</time>
      </trkpt>
      <trkpt lat="46.104129" lon="7.076733">
        <ele>471.347555</ele>
        <time>2026-01-16T04:42:31.654Z</time>
      </trkpt>
      <trkpt lat="46.103902" lon="7.076433">
        <ele>471.764215</ele>
        <time>2026-01-16T04:42:37.080Z</time>
      </trkpt>
      <trkpt lat="46.103529" lon="7.075920">
        <ele>472.278864</ele>
        <time>2026-01-16T04:42:45.493Z</time>
      </trkpt>
      <trkpt lat="46.103473" lon="7.075844">
        <ele>472.355645</ele>
        <time>2026-01-16T04:42:46.813Z</time>
      </trkpt>
      <trkpt lat="46.103407" lon="7.075762">
        <ele>472.442629</ele>
        <time>2026-01-16T04:42:48.359Z</time>
      </trkpt>
      <trkpt lat="46.102953" lon="7.075136">
        <ele>473.069805</ele>
        <time>2026-01-16T04:43:00.027Z</time>
      </trkpt>
      <trkpt lat="46.102908" lon="7.075066">
        <ele>473.135894</ele>
        <time>2026-01-16T04:43:01.384Z</time>
      </trkpt>
      <trkpt lat="46.102845" lon="7.074975">
        <ele>473.224927</ele>
        <time>2026-01-16T04:43:03.205Z</time>
      </trkpt>
      <trkpt lat="46.102184" lon="7.074071">
        <ele>474.471544</ele>
        <time>2026-01-16T04:43:23.197Z</time>
      </trkpt>
      <trkpt lat="46.102145" lon="7.073967">
        <ele>474.593132</ele>
        <time>2026-01-16T04:43:25.017Z</time>
      </trkpt>
      <trkpt lat="46.102006" lon="7.073780">
        <ele>474.875053</ele>
        <time>2026-01-16T04:43:29.287Z</time>
      </trkpt>
      <trkpt lat="46.101904" lon="7.073637">
        <ele>475.086028</ele>
        <time>2026-01-16T04:43:32.384Z</time>
      </trkpt>
      <trkpt lat="46.101774" lon="7.073480">
        <ele>475.337505</ele>
        <time>2026-01-16T04:43:35.958Z</time>
      </trkpt>
      <trkpt lat="46.100950" lon="7.072401">
        <ele>476.402142</ele>
        <time>2026-01-16T04:44:03.167Z</time>
      </trkpt>
      <trkpt lat="46.100904" lon="7.072305">
        <ele>476.442275</ele>
        <time>2026-01-16T04:44:04.820Z</time>
      </trkpt>
      <trkpt lat="46.100724" lon="7.072114">
        <ele>476.553119</ele>
        <time>2026-01-16T04:44:09.295Z</time>
      </trkpt>
      <trkpt lat="46.100626" lon="7.072002">
        <ele>476.615140</ele>
        <time>2026-01-16T04:44:11.828Z</time>
      </trkpt>
      <trkpt lat="46.100328" lon="7.071661">
        <ele>476.803826</ele>
        <time>2026-01-16T04:44:19.803Z</time>
      </trkpt>
      <trkpt lat="46.100270" lon="7.071597">
        <ele>476.840049</ele>
        <time>2026-01-16T04:44:21.440Z</time>
      </trkpt>
      <trkpt lat="46.099993" lon="7.071295">
        <ele>477.013220</ele>
        <time>2026-01-16T04:44:28.991Z</time>
      </trkpt>
      <trkpt lat="46.099917" lon="7.071218">
        <ele>477.062734</ele>
        <time>2026-01-16T04:44:31.009Z</time>
      </trkpt>
      <trkpt lat="46.099927" lon="7.071153">
        <ele>477.087345</ele>
        <time>2026-01-16T04:44:31.728Z</time>
      </trkpt>
      <trkpt lat="46.099903" lon="7.071070">
        <ele>477.120587</ele>
        <time>2026-01-16T04:44:32.695Z</time>
      </trkpt>
      <trkpt lat="46.099859" lon="7.071034">
        <ele>477.147555</ele>
        <time>2026-01-16T04:44:33.514Z</time>
      </trkpt>
      <trkpt lat="46.099808" lon="7.071039">
        <ele>477.174806</ele>
        <time>2026-01-16T04:44:34.277Z</time>
      </trkpt>
      <trkpt lat="46.099788" lon="7.071055">
        <ele>477.186998</ele>
        <time>2026-01-16T04:44:34.624Z</time>
      </trkpt>
      <trkpt lat="46.099698" lon="7.071051">
        <ele>477.235000</ele>
        <time>2026-01-16T04:44:36.030Z</time>
      </trkpt>
      <trkpt lat="46.099584" lon="7.071015">
        <ele>477.297213</ele>
        <time>2026-01-16T04:44:37.830Z</time>
      </trkpt>
      <trkpt lat="46.099358" lon="7.070849">
        <ele>477.432419</ele>
        <time>2026-01-16T04:44:41.795Z</time>
      </trkpt>
      <trkpt lat="46.099014" lon="7.070592">
        <ele>477.638951</ele>
        <time>2026-01-16T04:44:48.521Z</time>
      </trkpt>
      <trkpt lat="46.098908" lon="7.070505">
        <ele>477.703970</ele>
        <time>2026-01-16T04:44:50.771Z</time>
      </trkpt>
      <trkpt lat="46.098790" lon="7.070417">
        <ele>477.774789</ele>
        <time>2026-01-16T04:44:53.305Z</time>
      </trkpt>
      <trkpt lat="46.098525" lon="7.070215">
        <ele>477.934580</ele>
        <time>2026-01-16T04:44:58.840Z</time>
      </trkpt>
      <trkpt lat="46.098456" lon="7.070162">
        <ele>477.988984</ele>
        <time>2026-01-16T04:45:00.249Z</time>
      </trkpt>
      <trkpt lat="46.098256" lon="7.070007">
        <ele>478.197563</ele>
        <time>2026-01-16T04:45:04.252Z</time>
      </trkpt>
      <trkpt lat="46.097954" lon="7.069768">
        <ele>478.514022</ele>
        <time>2026-01-16T04:45:10.399Z</time>
      </trkpt>
      <trkpt lat="46.097946" lon="7.069763">
        <ele>478.522031</ele>
        <time>2026-01-16T04:45:10.553Z</time>
      </trkpt>
      <trkpt lat="46.097814" lon="7.069665">
        <ele>478.658418</ele>
        <time>2026-01-16T04:45:13.267Z</time>
      </trkpt>
      <trkpt lat="46.097482" lon="7.069405">
        <ele>479.005477</ele>
        <time>2026-01-16T04:45:20.343Z</time>
      </trkpt>
      <trkpt lat="46.097310" lon="7.069261">
        <ele>479.188181</ele>
        <time>2026-01-16T04:45:24.042Z</time>
      </trkpt>
      <trkpt lat="46.097224" lon="7.069196">
        <ele>479.277378</ele>
        <time>2026-01-16T04:45:25.810Z</time>
      </trkpt>
      <trkpt lat="46.097109" lon="7.069114">
        <ele>479.395230</ele>
        <time>2026-01-16T04:45:28.162Z</time>
      </trkpt>
      <trkpt lat="46.097077" lon="7.069090">
        <ele>479.428365</ele>
        <time>2026-01-16T04:45:28.828Z</time>
      </trkpt>
      <trkpt lat="46.096846" lon="7.068911">
        <ele>479.695320</ele>
        <time>2026-01-16T04:45:33.718Z</time>
      </trkpt>
      <trkpt lat="46.096770" lon="7.068856">
        <ele>479.808345</ele>
        <time>2026-01-16T04:45:35.333Z</time>
      </trkpt>
      <trkpt lat="46.096643" lon="7.068755">
        <ele>480.001118</ele>
        <time>2026-01-16T04:45:38.088Z</time>
      </trkpt>
      <trkpt lat="46.096635" lon="7.068749">
        <ele>480.013104</ele>
        <time>2026-01-16T04:45:38.241Z</time>
      </trkpt>
      <trkpt lat="46.096191" lon="7.068407">
        <ele>480.682172</ele>
        <time>2026-01-16T04:45:48.537Z</time>
      </trkpt>
      <trkpt lat="46.095970" lon="7.068230">
        <ele>481.018185</ele>
        <time>2026-01-16T04:45:53.751Z</time>
      </trkpt>
      <trkpt lat="46.095754" lon="7.068059">
        <ele>481.345707</ele>
        <time>2026-01-16T04:45:58.818Z</time>
      </trkpt>
      <trkpt lat="46.095678" lon="7.067997">
        <ele>481.461769</ele>
        <time>2026-01-16T04:46:00.613Z</time>
      </trkpt>
      <trkpt lat="46.095599" lon="7.067937">
        <ele>481.580447</ele>
        <time>2026-01-16T04:46:02.450Z</time>
      </trkpt>
      <trkpt lat="46.095416" lon="7.067802">
        <ele>481.853668</ele>
        <time>2026-01-16T04:46:06.738Z</time>
      </trkpt>
      <trkpt lat="46.095213" lon="7.067648">
        <ele>482.176011</ele>
        <time>2026-01-16T04:46:11.540Z</time>
      </trkpt>
      <trkpt lat="46.095197" lon="7.067636">
        <ele>482.202651</ele>
        <time>2026-01-16T04:46:11.907Z</time>
      </trkpt>
      <trkpt lat="46.094998" lon="7.067478">
        <ele>482.538209</ele>
        <time>2026-01-16T04:46:16.682Z</time>
      </trkpt>
      <trkpt lat="46.094899" lon="7.067404">
        <ele>482.702923</ele>
        <time>2026-01-16T04:46:19.004Z</time>
      </trkpt>
      <trkpt lat="46.094225" lon="7.066870">
        <ele>483.838880</ele>
        <time>2026-01-16T04:46:34.805Z</time>
      </trkpt>
      <trkpt lat="46.093997" lon="7.066695">
        <ele>484.220403</ele>
        <time>2026-01-16T04:46:40.050Z</time>
      </trkpt>
      <trkpt lat="46.093917" lon="7.066636">
        <ele>484.353131</ele>
        <time>2026-01-16T04:46:41.912Z</time>
      </trkpt>
      <trkpt lat="46.093682" lon="7.066462">
        <ele>484.759835</ele>
        <time>2026-01-16T04:46:47.489Z</time>
      </trkpt>
      <trkpt lat="46.093622" lon="7.066418">
        <ele>484.878598</ele>
        <time>2026-01-16T04:46:48.861Z</time>
      </trkpt>
      <trkpt lat="46.093302" lon="7.066169">
        <ele>485.520141</ele>
        <time>2026-01-16T04:46:56.514Z</time>
      </trkpt>
      <trkpt lat="46.093063" lon="7.065984">
        <ele>485.998730</ele>
        <time>2026-01-16T04:47:02.578Z</time>
      </trkpt>
      <trkpt lat="46.092978" lon="7.065919">
        <ele>486.168482</ele>
        <time>2026-01-16T04:47:04.861Z</time>
      </trkpt>
      <trkpt lat="46.092934" lon="7.065886">
        <ele>486.255985</ele>
        <time>2026-01-16T04:47:06.032Z</time>
      </trkpt>
      <trkpt lat="46.092841" lon="7.065813">
        <ele>486.442804</ele>
        <time>2026-01-16T04:47:08.586Z</time>
      </trkpt>
      <trkpt lat="46.092777" lon="7.065763">
        <ele>486.571229</ele>
        <time>2026-01-16T04:47:10.256Z</time>
      </trkpt>
      <trkpt lat="46.092753" lon="7.065744">
        <ele>486.619535</ele>
        <time>2026-01-16T04:47:10.889Z</time>
      </trkpt>
      <trkpt lat="46.092618" lon="7.065614">
        <ele>486.905949</ele>
        <time>2026-01-16T04:47:14.558Z</time>
      </trkpt>
      <trkpt lat="46.092486" lon="7.065500">
        <ele>487.177418</ele>
        <time>2026-01-16T04:47:17.989Z</time>
      </trkpt>
      <trkpt lat="46.092263" lon="7.065328">
        <ele>487.623614</ele>
        <time>2026-01-16T04:47:23.468Z</time>
      </trkpt>
      <trkpt lat="46.092223" lon="7.065261">
        <ele>487.731785</ele>
        <time>2026-01-16T04:47:24.713Z</time>
      </trkpt>
      <trkpt lat="46.092162" lon="7.065246">
        <ele>487.837832</ele>
        <time>2026-01-16T04:47:26.022Z</time>
      </trkpt>
      <trkpt lat="46.092069" lon="7.065124">
        <ele>487.982786</ele>
        <time>2026-01-16T04:47:28.654Z</time>
      </trkpt>
      <trkpt lat="46.091998" lon="7.064944">
        <ele>488.148356</ele>
        <time>2026-01-16T04:47:31.637Z</time>
      </trkpt>
      <trkpt lat="46.091931" lon="7.064771">
        <ele>488.306787</ele>
        <time>2026-01-16T04:47:34.443Z</time>
      </trkpt>
      <trkpt lat="46.091834" lon="7.064617">
        <ele>488.473124</ele>
        <time>2026-01-16T04:47:37.381Z</time>
      </trkpt>
      <trkpt lat="46.091817" lon="7.064581">
        <ele>488.507948</ele>
        <time>2026-01-16T04:47:38.012Z</time>
      </trkpt>
      <trkpt lat="46.091794" lon="7.064533">
        <ele>488.554596</ele>
        <time>2026-01-16T04:47:38.871Z</time>
      </trkpt>
      <trkpt lat="46.091694" lon="7.064317">
        <ele>488.762248</ele>
        <time>2026-01-16T04:47:42.555Z</time>
      </trkpt>
      <trkpt lat="46.091651" lon="7.064217">
        <ele>488.856326</ele>
        <time>2026-01-16T04:47:44.086Z</time>
      </trkpt>
      <trkpt lat="46.091565" lon="7.064000">
        <ele>489.056163</ele>
        <time>2026-01-16T04:47:47.317Z</time>
      </trkpt>
      <trkpt lat="46.091546" lon="7.063943">
        <ele>489.106729</ele>
        <time>2026-01-16T04:47:48.152Z</time>
      </trkpt>
      <trkpt lat="46.091520" lon="7.063868">
        <ele>489.173771</ele>
        <time>2026-01-16T04:47:49.170Z</time>
      </trkpt>
      <trkpt lat="46.091195" lon="7.062968">
        <ele>490.014785</ele>
        <time>2026-01-16T04:48:01.425Z</time>
      </trkpt>
      <trkpt lat="46.091156" lon="7.062861">
        <ele>490.147554</ele>
        <time>2026-01-16T04:48:02.899Z</time>
      </trkpt>
      <trkpt lat="46.090856" lon="7.062045">
        <ele>491.161983</ele>
        <time>2026-01-16T04:48:15.928Z</time>
      </trkpt>
      <trkpt lat="46.090684" lon="7.061710">
        <ele>491.619805</ele>
        <time>2026-01-16T04:48:22.001Z</time>
      </trkpt>
      <trkpt lat="46.090617" lon="7.061611">
        <ele>491.771740</ele>
        <time>2026-01-16T04:48:24.057Z</time>
      </trkpt>
      <trkpt lat="46.090375" lon="7.061371">
        <ele>492.236920</ele>
        <time>2026-01-16T04:48:30.580Z</time>
      </trkpt>
      <trkpt lat="46.090024" lon="7.061209">
        <ele>492.951024</ele>
        <time>2026-01-16T04:48:38.904Z</time>
      </trkpt>
      <trkpt lat="46.089492" lon="7.061092">
        <ele>495.479200</ele>
        <time>2026-01-16T04:48:52.320Z</time>
      </trkpt>
      <trkpt lat="46.089246" lon="7.061033">
        <ele>496.650756</ele>
        <time>2026-01-16T04:49:01.256Z</time>
      </trkpt>
      <trkpt lat="46.089208" lon="7.061024">
        <ele>496.831668</ele>
        <time>2026-01-16T04:49:02.675Z</time>
      </trkpt>
      <trkpt lat="46.088990" lon="7.060882">
        <ele>497.955461</ele>
        <time>2026-01-16T04:49:11.591Z</time>
      </trkpt>
      <trkpt lat="46.088726" lon="7.060735">
        <ele>499.284969</ele>
        <time>2026-01-16T04:49:21.864Z</time>
      </trkpt>
      <trkpt lat="46.088698" lon="7.060653">
        <ele>499.582766</ele>
        <time>2026-01-16T04:49:24.057Z</time>
      </trkpt>
      <trkpt lat="46.088620" lon="7.060618">
        <ele>499.966535</ele>
        <time>2026-01-16T04:49:26.978Z</time>
      </trkpt>
      <trkpt lat="46.088598" lon="7.060628">
        <ele>500.074902</ele>
        <time>2026-01-16T04:49:27.849Z</time>
      </trkpt>
      <trkpt lat="46.088455" lon="7.060557">
        <ele>500.785413</ele>
        <time>2026-01-16T04:49:33.292Z</time>
      </trkpt>
      <trkpt lat="46.088381" lon="7.060474">
        <ele>501.217877</ele>
        <time>2026-01-16T04:49:37.093Z</time>
      </trkpt>
      <trkpt lat="46.088331" lon="7.060423">
        <ele>501.400116</ele>
        <time>2026-01-16T04:49:39.830Z</time>
      </trkpt>
      <trkpt lat="46.088028" lon="7.060115">
        <ele>502.503222</ele>
        <time>2026-01-16T04:49:58.088Z</time>
      </trkpt>
      <trkpt lat="46.087623" lon="7.059648">
        <ele>504.046275</ele>
        <time>2026-01-16T04:50:20.848Z</time>
      </trkpt>
      <trkpt lat="46.087330" lon="7.059298">
        <ele>505.178434</ele>
        <time>2026-01-16T04:50:26.440Z</time>
      </trkpt>
      <trkpt lat="46.087087" lon="7.058948">
        <ele>506.200448</ele>
        <time>2026-01-16T04:50:30.009Z</time>
      </trkpt>
      <trkpt lat="46.087021" lon="7.058745">
        <ele>506.453694</ele>
        <time>2026-01-16T04:50:31.649Z</time>
      </trkpt>
      <trkpt lat="46.086989" lon="7.058538">
        <ele>506.035911</ele>
        <time>2026-01-16T04:50:33.252Z</time>
      </trkpt>
      <trkpt lat="46.087018" lon="7.058110">
        <ele>505.188765</ele>
        <time>2026-01-16T04:50:36.384Z</time>
      </trkpt>
      <trkpt lat="46.087046" lon="7.057954">
        <ele>504.871332</ele>
        <time>2026-01-16T04:50:37.453Z</time>
      </trkpt>
      <trkpt lat="46.087070" lon="7.057835">
        <ele>504.627200</ele>
        <time>2026-01-16T04:50:38.244Z</time>
      </trkpt>
      <trkpt lat="46.087139" lon="7.057513">
        <ele>503.963297</ele>
        <time>2026-01-16T04:50:40.405Z</time>
      </trkpt>
      <trkpt lat="46.087168" lon="7.057414">
        <ele>503.751593</ele>
        <time>2026-01-16T04:50:41.093Z</time>
      </trkpt>
      <trkpt lat="46.087203" lon="7.057310">
        <ele>503.523875</ele>
        <time>2026-01-16T04:50:41.848Z</time>
      </trkpt>
      <trkpt lat="46.087328" lon="7.057108">
        <ele>502.990587</ele>
        <time>2026-01-16T04:50:43.618Z</time>
      </trkpt>
      <trkpt lat="46.087629" lon="7.056717">
        <ele>501.839860</ele>
        <time>2026-01-16T04:50:47.958Z</time>
      </trkpt>
      <trkpt lat="46.087762" lon="7.056496">
        <ele>501.583933</ele>
        <time>2026-01-16T04:50:51.943Z</time>
      </trkpt>
      <trkpt lat="46.087789" lon="7.056434">
        <ele>501.691137</ele>
        <time>2026-01-16T04:50:53.078Z</time>
      </trkpt>
      <trkpt lat="46.087803" lon="7.056398">
        <ele>501.751576</ele>
        <time>2026-01-16T04:50:53.723Z</time>
      </trkpt>
      <trkpt lat="46.087821" lon="7.056350">
        <ele>501.831482</ele>
        <time>2026-01-16T04:50:54.557Z</time>
      </trkpt>
      <trkpt lat="46.087862" lon="7.056228">
        <ele>502.030003</ele>
        <time>2026-01-16T04:50:56.484Z</time>
      </trkpt>
      <trkpt lat="46.087962" lon="7.055903">
        <ele>502.550654</ele>
        <time>2026-01-16T04:51:01.468Z</time>
      </trkpt>
      <trkpt lat="46.088052" lon="7.055656">
        <ele>502.959229</ele>
        <time>2026-01-16T04:51:05.269Z</time>
      </trkpt>
      <trkpt lat="46.088108" lon="7.055641">
        <ele>503.079490</ele>
        <time>2026-01-16T04:51:06.455Z</time>
      </trkpt>
      <trkpt lat="46.088186" lon="7.055536">
        <ele>503.304797</ele>
        <time>2026-01-16T04:51:08.606Z</time>
      </trkpt>
      <trkpt lat="46.088206" lon="7.055410">
        <ele>503.494076</ele>
        <time>2026-01-16T04:51:10.501Z</time>
      </trkpt>
      <trkpt lat="46.088195" lon="7.055343">
        <ele>503.594900</ele>
        <time>2026-01-16T04:51:11.465Z</time>
      </trkpt>
      <trkpt lat="46.088295" lon="7.055014">
        <ele>504.120907</ele>
        <time>2026-01-16T04:51:17.912Z</time>
      </trkpt>
      <trkpt lat="46.088326" lon="7.054994">
        <ele>504.192614</ele>
        <time>2026-01-16T04:51:18.818Z</time>
      </trkpt>
      <trkpt lat="46.088533" lon="7.054922">
        <ele>504.642208</ele>
        <time>2026-01-16T04:51:24.996Z</time>
      </trkpt>
      <trkpt lat="46.089115" lon="7.054874">
        <ele>506.445525</ele>
        <time>2026-01-16T04:51:44.545Z</time>
      </trkpt>
      <trkpt lat="46.089231" lon="7.054818">
        <ele>506.939212</ele>
        <time>2026-01-16T04:51:49.213Z</time>
      </trkpt>
      <trkpt lat="46.089382" lon="7.054692">
        <ele>507.643297</ele>
        <time>2026-01-16T04:51:55.501Z</time>
      </trkpt>
      <trkpt lat="46.089774" lon="7.054386">
        <ele>509.442264</ele>
        <time>2026-01-16T04:52:11.169Z</time>
      </trkpt>
      <trkpt lat="46.089972" lon="7.054335">
        <ele>510.253989</ele>
        <time>2026-01-16T04:52:17.894Z</time>
      </trkpt>
      <trkpt lat="46.090203" lon="7.054379">
        <ele>511.194342</ele>
        <time>2026-01-16T04:52:25.305Z</time>
      </trkpt>
      <trkpt lat="46.091180" lon="7.054788">
        <ele>515.452712</ele>
        <time>2026-01-16T04:52:47.052Z</time>
      </trkpt>
      <trkpt lat="46.091530" lon="7.054967">
        <ele>517.033247</ele>
        <time>2026-01-16T04:52:56.512Z</time>
      </trkpt>
      <trkpt lat="46.091723" lon="7.055118">
        <ele>517.967787</ele>
        <time>2026-01-16T04:53:04.749Z</time>
      </trkpt>
      <trkpt lat="46.092205" lon="7.055621">
        <ele>520.844587</ele>
        <time>2026-01-16T04:53:30.621Z</time>
      </trkpt>
      <trkpt lat="46.092556" lon="7.055843">
        <ele>524.122915</ele>
        <time>2026-01-16T04:53:49.407Z</time>
      </trkpt>
      <trkpt lat="46.092726" lon="7.055955">
        <ele>525.721565</ele>
        <time>2026-01-16T04:53:58.828Z</time>
      </trkpt>
      <trkpt lat="46.093778" lon="7.057127">
        <ele>537.190900</ele>
        <time>2026-01-16T04:55:06.017Z</time>
      </trkpt>
      <trkpt lat="46.093992" lon="7.057296">
        <ele>539.410603</ele>
        <time>2026-01-16T04:55:18.445Z</time>
      </trkpt>
      <trkpt lat="46.094739" lon="7.057747">
        <ele>546.778034</ele>
        <time>2026-01-16T04:56:01.548Z</time>
      </trkpt>
      <trkpt lat="46.095185" lon="7.058074">
        <ele>551.329852</ele>
        <time>2026-01-16T04:56:27.267Z</time>
      </trkpt>
      <trkpt lat="46.095478" lon="7.058338">
        <ele>554.740273</ele>
        <time>2026-01-16T04:56:43.537Z</time>
      </trkpt>
      <trkpt lat="46.095806" lon="7.058745">
        <ele>559.086892</ele>
        <time>2026-01-16T04:57:04.185Z</time>
      </trkpt>
      <trkpt lat="46.096344" lon="7.059105">
        <ele>565.044568</ele>
        <time>2026-01-16T04:57:36.208Z</time>
      </trkpt>
      <trkpt lat="46.097004" lon="7.059503">
        <ele>571.989107</ele>
        <time>2026-01-16T04:58:23.534Z</time>
      </trkpt>
      <trkpt lat="46.097175" lon="7.059517">
        <ele>573.525479</ele>
        <time>2026-01-16T04:58:34.547Z</time>
      </trkpt>
      <trkpt lat="46.097509" lon="7.059398">
        <ele>576.611605</ele>
        <time>2026-01-16T04:58:55.950Z</time>
      </trkpt>
      <trkpt lat="46.097667" lon="7.059378">
        <ele>578.034344</ele>
        <time>2026-01-16T04:59:05.201Z</time>
      </trkpt>
      <trkpt lat="46.097779" lon="7.059413">
        <ele>579.062323</ele>
        <time>2026-01-16T04:59:11.535Z</time>
      </trkpt>
      <trkpt lat="46.097954" lon="7.059574">
        <ele>580.924342</ele>
        <time>2026-01-16T04:59:21.848Z</time>
      </trkpt>
      <trkpt lat="46.098515" lon="7.060161">
        <ele>586.545809</ele>
        <time>2026-01-16T04:59:47.782Z</time>
      </trkpt>
      <trkpt lat="46.099530" lon="7.061130">
        <ele>591.170587</ele>
        <time>2026-01-16T05:00:14.481Z</time>
      </trkpt>
      <trkpt lat="46.099627" lon="7.061262">
        <ele>591.677296</ele>
        <time>2026-01-16T05:00:18.445Z</time>
      </trkpt>
      <trkpt lat="46.099886" lon="7.061751">
        <ele>593.903498</ele>
        <time>2026-01-16T05:00:34.392Z</time>
      </trkpt>
      <trkpt lat="46.099976" lon="7.061863">
        <ele>595.121298</ele>
        <time>2026-01-16T05:00:39.711Z</time>
      </trkpt>
      <trkpt lat="46.100093" lon="7.061946">
        <ele>596.457052</ele>
        <time>2026-01-16T05:00:45.920Z</time>
      </trkpt>
      <trkpt lat="46.100653" lon="7.062136">
        <ele>602.350528</ele>
        <time>2026-01-16T05:01:18.453Z</time>
      </trkpt>
      <trkpt lat="46.100936" lon="7.062269">
        <ele>605.399738</ele>
        <time>2026-01-16T05:01:38.678Z</time>
      </trkpt>
      <trkpt lat="46.101925" lon="7.063037">
        <ele>616.962717</ele>
        <time>2026-01-16T05:02:50.420Z</time>
      </trkpt>
      <trkpt lat="46.101996" lon="7.063099">
        <ele>617.821594</ele>
        <time>2026-01-16T05:02:54.654Z</time>
      </trkpt>
      <trkpt lat="46.103080" lon="7.064014">
        <ele>630.727181</ele>
        <time>2026-01-16T05:04:01.182Z</time>
      </trkpt>
      <trkpt lat="46.103489" lon="7.064460">
        <ele>635.454738</ele>
        <time>2026-01-16T05:04:28.771Z</time>
      </trkpt>
      <trkpt lat="46.103557" lon="7.064490">
        <ele>636.110379</ele>
        <time>2026-01-16T05:04:32.483Z</time>
      </trkpt>
      <trkpt lat="46.103616" lon="7.064473">
        <ele>636.665112</ele>
        <time>2026-01-16T05:04:35.711Z</time>
      </trkpt>
      <trkpt lat="46.103660" lon="7.064395">
        <ele>637.307931</ele>
        <time>2026-01-16T05:04:39.422Z</time>
      </trkpt>
      <trkpt lat="46.103664" lon="7.064306">
        <ele>637.878083</ele>
        <time>2026-01-16T05:04:42.705Z</time>
      </trkpt>
      <trkpt lat="46.103609" lon="7.064203">
        <ele>638.709177</ele>
        <time>2026-01-16T05:04:47.499Z</time>
      </trkpt>
      <trkpt lat="46.103372" lon="7.064080">
        <ele>641.031500</ele>
        <time>2026-01-16T05:05:00.800Z</time>
      </trkpt>
      <trkpt lat="46.103272" lon="7.063989">
        <ele>642.121694</ele>
        <time>2026-01-16T05:05:06.993Z</time>
      </trkpt>
      <trkpt lat="46.102335" lon="7.062705">
        <ele>653.323033</ele>
        <time>2026-01-16T05:06:09.667Z</time>
      </trkpt>
      <trkpt lat="46.101794" lon="7.062012">
        <ele>659.355810</ele>
        <time>2026-01-16T05:06:45.009Z</time>
      </trkpt>
      <trkpt lat="46.100611" lon="7.060645">
        <ele>671.961157</ele>
        <time>2026-01-16T05:07:56.208Z</time>
      </trkpt>
      <trkpt lat="46.100411" lon="7.060303">
        <ele>674.539340</ele>
        <time>2026-01-16T05:08:10.660Z</time>
      </trkpt>
      <trkpt lat="46.100030" lon="7.059309">
        <ele>681.891149</ele>
        <time>2026-01-16T05:08:51.953Z</time>
      </trkpt>
      <trkpt lat="46.099712" lon="7.058094">
        <ele>690.694237</ele>
        <time>2026-01-16T05:09:41.198Z</time>
      </trkpt>
      <trkpt lat="46.099551" lon="7.057712">
        <ele>693.724452</ele>
        <time>2026-01-16T05:09:59.116Z</time>
      </trkpt>
      <trkpt lat="46.099227" lon="7.057148">
        <ele>699.193345</ele>
        <time>2026-01-16T05:10:27.534Z</time>
      </trkpt>
      <trkpt lat="46.098338" lon="7.055968">
        <ele>712.299720</ele>
        <time>2026-01-16T05:11:37.843Z</time>
      </trkpt>
      <trkpt lat="46.098273" lon="7.055883">
        <ele>713.251531</ele>
        <time>2026-01-16T05:11:43.818Z</time>
      </trkpt>
      <trkpt lat="46.097999" lon="7.055529">
        <ele>717.148719</ele>
        <time>2026-01-16T05:12:08.119Z</time>
      </trkpt>
      <trkpt lat="46.097368" lon="7.054726">
        <ele>726.043411</ele>
        <time>2026-01-16T05:12:57.167Z</time>
      </trkpt>
      <trkpt lat="46.097260" lon="7.054625">
        <ele>727.403911</ele>
        <time>2026-01-16T05:13:04.261Z</time>
      </trkpt>
      <trkpt lat="46.096675" lon="7.054277">
        <ele>733.857118</ele>
        <time>2026-01-16T05:13:37.697Z</time>
      </trkpt>
      <trkpt lat="46.095754" lon="7.053450">
        <ele>743.501874</ele>
        <time>2026-01-16T05:14:32.063Z</time>
      </trkpt>
      <trkpt lat="46.094837" lon="7.052623">
        <ele>752.333774</ele>
        <time>2026-01-16T05:15:26.695Z</time>
      </trkpt>
      <trkpt lat="46.094234" lon="7.052238">
        <ele>757.179863</ele>
        <time>2026-01-16T05:15:53.869Z</time>
      </trkpt>
      <trkpt lat="46.093964" lon="7.052014">
        <ele>759.468909</ele>
        <time>2026-01-16T05:16:05.800Z</time>
      </trkpt>
      <trkpt lat="46.093367" lon="7.051297">
        <ele>765.233187</ele>
        <time>2026-01-16T05:16:39.506Z</time>
      </trkpt>
      <trkpt lat="46.093130" lon="7.050954">
        <ele>767.740987</ele>
        <time>2026-01-16T05:16:55.369Z</time>
      </trkpt>
      <trkpt lat="46.092714" lon="7.050253">
        <ele>772.519605</ele>
        <time>2026-01-16T05:17:24.838Z</time>
      </trkpt>
      <trkpt lat="46.092487" lon="7.049891">
        <ele>775.047383</ele>
        <time>2026-01-16T05:17:39.672Z</time>
      </trkpt>
      <trkpt lat="46.091814" lon="7.048967">
        <ele>783.736066</ele>
        <time>2026-01-16T05:18:21.009Z</time>
      </trkpt>
      <trkpt lat="46.091710" lon="7.048722">
        <ele>785.610064</ele>
        <time>2026-01-16T05:18:31.193Z</time>
      </trkpt>
      <trkpt lat="46.091417" lon="7.047833">
        <ele>792.031446</ele>
        <time>2026-01-16T05:19:12.313Z</time>
      </trkpt>
      <trkpt lat="46.091288" lon="7.047527">
        <ele>795.124195</ele>
        <time>2026-01-16T05:19:29.478Z</time>
      </trkpt>
      <trkpt lat="46.090913" lon="7.046921">
        <ele>802.248299</ele>
        <time>2026-01-16T05:20:09.670Z</time>
      </trkpt>
      <trkpt lat="46.090505" lon="7.046399">
        <ele>809.147309</ele>
        <time>2026-01-16T05:20:47.226Z</time>
      </trkpt>
      <trkpt lat="46.090172" lon="7.046048">
        <ele>814.364526</ele>
        <time>2026-01-16T05:21:13.116Z</time>
      </trkpt>
      <trkpt lat="46.089596" lon="7.045584">
        <ele>820.892010</ele>
        <time>2026-01-16T05:21:50.754Z</time>
      </trkpt>
      <trkpt lat="46.089074" lon="7.045371">
        <ele>826.152191</ele>
        <time>2026-01-16T05:22:18.741Z</time>
      </trkpt>
      <trkpt lat="46.088777" lon="7.045144">
        <ele>829.411530</ele>
        <time>2026-01-16T05:22:35.624Z</time>
      </trkpt>
      <trkpt lat="46.087094" lon="7.043524">
        <ele>847.491067</ele>
        <time>2026-01-16T05:24:17.162Z</time>
      </trkpt>
      <trkpt lat="46.086343" lon="7.042563">
        <ele>857.207843</ele>
        <time>2026-01-16T05:25:07.532Z</time>
      </trkpt>
      <trkpt lat="46.086089" lon="7.042289">
        <ele>860.301464</ele>
        <time>2026-01-16T05:25:24.675Z</time>
      </trkpt>
      <trkpt lat="46.085752" lon="7.041821">
        <ele>864.864508</ele>
        <time>2026-01-16T05:25:52.142Z</time>
      </trkpt>
      <trkpt lat="46.085358" lon="7.041159">
        <ele>870.210728</ele>
        <time>2026-01-16T05:26:30.613Z</time>
      </trkpt>
      <trkpt lat="46.084846" lon="7.040216">
        <ele>877.419693</ele>
        <time>2026-01-16T05:27:12.950Z</time>
      </trkpt>
      <trkpt lat="46.084772" lon="7.040139">
        <ele>878.211733</ele>
        <time>2026-01-16T05:27:16.438Z</time>
      </trkpt>
      <trkpt lat="46.084608" lon="7.040062">
        <ele>879.708662</ele>
        <time>2026-01-16T05:27:22.669Z</time>
      </trkpt>
      <trkpt lat="46.084221" lon="7.040081">
        <ele>882.682878</ele>
        <time>2026-01-16T05:27:35.688Z</time>
      </trkpt>
      <trkpt lat="46.084005" lon="7.040052">
        <ele>884.144868</ele>
        <time>2026-01-16T05:27:42.889Z</time>
      </trkpt>
      <trkpt lat="46.083911" lon="7.040001">
        <ele>884.821736</ele>
        <time>2026-01-16T05:27:46.157Z</time>
      </trkpt>
      <trkpt lat="46.083511" lon="7.039612">
        <ele>888.073406</ele>
        <time>2026-01-16T05:28:02.474Z</time>
      </trkpt>
      <trkpt lat="46.082863" lon="7.038749">
        <ele>894.214386</ele>
        <time>2026-01-16T05:28:44.619Z</time>
      </trkpt>
      <trkpt lat="46.082594" lon="7.038405">
        <ele>897.489571</ele>
        <time>2026-01-16T05:29:06.596Z</time>
      </trkpt>
      <trkpt lat="46.082197" lon="7.037887">
        <ele>902.366697</ele>
        <time>2026-01-16T05:29:37.724Z</time>
      </trkpt>
      <trkpt lat="46.081784" lon="7.037165">
        <ele>908.279306</ele>
        <time>2026-01-16T05:30:07.320Z</time>
      </trkpt>
      <trkpt lat="46.081462" lon="7.036937">
        <ele>912.144417</ele>
        <time>2026-01-16T05:30:21.996Z</time>
      </trkpt>
      <trkpt lat="46.081344" lon="7.036809">
        <ele>913.961606</ele>
        <time>2026-01-16T05:30:29.083Z</time>
      </trkpt>
      <trkpt lat="46.080950" lon="7.036218">
        <ele>920.958383</ele>
        <time>2026-01-16T05:31:02.368Z</time>
      </trkpt>
      <trkpt lat="46.080846" lon="7.035943">
        <ele>923.631911</ele>
        <time>2026-01-16T05:31:16.848Z</time>
      </trkpt>
      <trkpt lat="46.080830" lon="7.035796">
        <ele>924.902014</ele>
        <time>2026-01-16T05:31:24.121Z</time>
      </trkpt>
      <trkpt lat="46.080863" lon="7.035582">
        <ele>926.773250</ele>
        <time>2026-01-16T05:31:35.093Z</time>
      </trkpt>
      <trkpt lat="46.081090" lon="7.035015">
        <ele>932.483376</ele>
        <time>2026-01-16T05:32:11.075Z</time>
      </trkpt>
      <trkpt lat="46.081128" lon="7.034809">
        <ele>934.882521</ele>
        <time>2026-01-16T05:32:24.004Z</time>
      </trkpt>
      <trkpt lat="46.081111" lon="7.034534">
        <ele>937.989951</ele>
        <time>2026-01-16T05:32:41.701Z</time>
      </trkpt>
      <trkpt lat="46.080972" lon="7.034099">
        <ele>943.380474</ele>
        <time>2026-01-16T05:33:13.159Z</time>
      </trkpt>
      <trkpt lat="46.080679" lon="7.033343">
        <ele>953.127523</ele>
        <time>2026-01-16T05:34:03.864Z</time>
      </trkpt>
      <trkpt lat="46.080308" lon="7.032594">
        <ele>961.960146</ele>
        <time>2026-01-16T05:34:51.303Z</time>
      </trkpt>
      <trkpt lat="46.080221" lon="7.032450">
        <ele>962.697451</ele>
        <time>2026-01-16T05:34:59.953Z</time>
      </trkpt>
      <trkpt lat="46.080085" lon="7.032297">
        <ele>963.657664</ele>
        <time>2026-01-16T05:35:09.394Z</time>
      </trkpt>
      <trkpt lat="46.079981" lon="7.032230">
        <ele>964.291716</ele>
        <time>2026-01-16T05:35:14.272Z</time>
      </trkpt>
      <trkpt lat="46.079849" lon="7.032211">
        <ele>965.030103</ele>
        <time>2026-01-16T05:35:18.887Z</time>
      </trkpt>
      <trkpt lat="46.079683" lon="7.032271">
        <ele>965.982685</ele>
        <time>2026-01-16T05:35:23.877Z</time>
      </trkpt>
      <trkpt lat="46.079563" lon="7.032360">
        <ele>966.733834</ele>
        <time>2026-01-16T05:35:27.442Z</time>
      </trkpt>
      <trkpt lat="46.079229" lon="7.032692">
        <ele>968.992024</ele>
        <time>2026-01-16T05:35:36.259Z</time>
      </trkpt>
      <trkpt lat="46.079035" lon="7.032856">
        <ele>970.243825</ele>
        <time>2026-01-16T05:35:39.647Z</time>
      </trkpt>
      <trkpt lat="46.078870" lon="7.032892">
        <ele>971.172701</ele>
        <time>2026-01-16T05:35:42.188Z</time>
      </trkpt>
      <trkpt lat="46.078616" lon="7.032765">
        <ele>973.511707</ele>
        <time>2026-01-16T05:35:46.649Z</time>
      </trkpt>
      <trkpt lat="46.078133" lon="7.032347">
        <ele>978.415384</ele>
        <time>2026-01-16T05:36:03.999Z</time>
      </trkpt>
      <trkpt lat="46.077935" lon="7.032104">
        <ele>980.678849</ele>
        <time>2026-01-16T05:36:18.591Z</time>
      </trkpt>
      <trkpt lat="46.077845" lon="7.031868">
        <ele>982.304993</ele>
        <time>2026-01-16T05:36:31.553Z</time>
      </trkpt>
      <trkpt lat="46.077693" lon="7.031104">
        <ele>987.302342</ele>
        <time>2026-01-16T05:37:14.095Z</time>
      </trkpt>
      <trkpt lat="46.077409" lon="7.030297">
        <ele>996.731935</ele>
        <time>2026-01-16T05:38:07.111Z</time>
      </trkpt>
      <trkpt lat="46.076994" lon="7.029504">
        <ele>1007.083217</ele>
        <time>2026-01-16T05:38:59.963Z</time>
      </trkpt>
      <trkpt lat="46.076689" lon="7.029088">
        <ele>1013.390656</ele>
        <time>2026-01-16T05:39:29.583Z</time>
      </trkpt>
      <trkpt lat="46.076340" lon="7.028817">
        <ele>1016.944600</ele>
        <time>2026-01-16T05:39:55.627Z</time>
      </trkpt>
      <trkpt lat="46.076301" lon="7.028793">
        <ele>1017.303303</ele>
        <time>2026-01-16T05:39:58.190Z</time>
      </trkpt>
      <trkpt lat="46.075903" lon="7.028570">
        <ele>1020.915339</ele>
        <time>2026-01-16T05:40:22.244Z</time>
      </trkpt>
      <trkpt lat="46.075691" lon="7.028522">
        <ele>1022.730626</ele>
        <time>2026-01-16T05:40:32.187Z</time>
      </trkpt>
      <trkpt lat="46.075536" lon="7.028531">
        <ele>1024.042829</ele>
        <time>2026-01-16T05:40:38.417Z</time>
      </trkpt>
      <trkpt lat="46.075047" lon="7.028688">
        <ele>1028.280620</ele>
        <time>2026-01-16T05:40:55.646Z</time>
      </trkpt>
      <trkpt lat="46.074837" lon="7.028722">
        <ele>1029.860703</ele>
        <time>2026-01-16T05:41:02.011Z</time>
      </trkpt>
      <trkpt lat="46.074591" lon="7.028691">
        <ele>1031.517659</ele>
        <time>2026-01-16T05:41:09.208Z</time>
      </trkpt>
      <trkpt lat="46.074370" lon="7.028580">
        <ele>1033.088007</ele>
        <time>2026-01-16T05:41:16.164Z</time>
      </trkpt>
      <trkpt lat="46.073938" lon="7.028264">
        <ele>1036.338587</ele>
        <time>2026-01-16T05:41:34.019Z</time>
      </trkpt>
      <trkpt lat="46.073467" lon="7.027812">
        <ele>1040.135317</ele>
        <time>2026-01-16T05:42:02.187Z</time>
      </trkpt>
      <trkpt lat="46.073142" lon="7.027393">
        <ele>1044.215882</ele>
        <time>2026-01-16T05:42:27.501Z</time>
      </trkpt>
      <trkpt lat="46.072625" lon="7.026555">
        <ele>1052.564000</ele>
        <time>2026-01-16T05:43:15.111Z</time>
      </trkpt>
      <trkpt lat="46.072357" lon="7.026223">
        <ele>1056.355846</ele>
        <time>2026-01-16T05:43:35.983Z</time>
      </trkpt>
      <trkpt lat="46.072092" lon="7.026045">
        <ele>1059.492984</ele>
        <time>2026-01-16T05:43:52.244Z</time>
      </trkpt>
      <trkpt lat="46.071764" lon="7.025970">
        <ele>1063.370105</ele>
        <time>2026-01-16T05:44:09.741Z</time>
      </trkpt>
      <trkpt lat="46.071080" lon="7.025992">
        <ele>1071.589164</ele>
        <time>2026-01-16T05:44:51.471Z</time>
      </trkpt>
      <trkpt lat="46.070830" lon="7.025949">
        <ele>1074.613764</ele>
        <time>2026-01-16T05:45:09.169Z</time>
      </trkpt>
      <trkpt lat="46.070616" lon="7.025820">
        <ele>1077.400345</ele>
        <time>2026-01-16T05:45:25.131Z</time>
      </trkpt>
      <trkpt lat="46.070102" lon="7.025375">
        <ele>1084.367481</ele>
        <time>2026-01-16T05:46:05.376Z</time>
      </trkpt>
      <trkpt lat="46.069933" lon="7.025298">
        <ele>1086.300710</ele>
        <time>2026-01-16T05:46:17.210Z</time>
      </trkpt>
      <trkpt lat="46.069727" lon="7.025268">
        <ele>1088.559048</ele>
        <time>2026-01-16T05:46:30.869Z</time>
      </trkpt>
      <trkpt lat="46.069329" lon="7.025281">
        <ele>1092.901257</ele>
        <time>2026-01-16T05:46:56.279Z</time>
      </trkpt>
      <trkpt lat="46.069177" lon="7.025331">
        <ele>1094.601790</ele>
        <time>2026-01-16T05:47:05.338Z</time>
      </trkpt>
      <trkpt lat="46.068911" lon="7.025475">
        <ele>1097.701014</ele>
        <time>2026-01-16T05:47:20.440Z</time>
      </trkpt>
      <trkpt lat="46.068828" lon="7.025480">
        <ele>1098.607109</ele>
        <time>2026-01-16T05:47:24.417Z</time>
      </trkpt>
      <trkpt lat="46.068756" lon="7.025429">
        <ele>1099.482141</ele>
        <time>2026-01-16T05:47:28.218Z</time>
      </trkpt>
      <trkpt lat="46.068726" lon="7.025362">
        <ele>1100.085579</ele>
        <time>2026-01-16T05:47:30.772Z</time>
      </trkpt>
      <trkpt lat="46.068715" lon="7.025267">
        <ele>1100.814426</ele>
        <time>2026-01-16T05:47:33.996Z</time>
      </trkpt>
      <trkpt lat="46.068739" lon="7.025177">
        <ele>1101.544069</ele>
        <time>2026-01-16T05:47:37.040Z</time>
      </trkpt>
      <trkpt lat="46.068807" lon="7.025093">
        <ele>1102.223169</ele>
        <time>2026-01-16T05:47:41.374Z</time>
      </trkpt>
      <trkpt lat="46.068884" lon="7.025058">
        <ele>1102.799427</ele>
        <time>2026-01-16T05:47:45.111Z</time>
      </trkpt>
      <trkpt lat="46.069798" lon="7.024777">
        <ele>1109.469733</ele>
        <time>2026-01-16T05:48:26.111Z</time>
      </trkpt>
      <trkpt lat="46.070032" lon="7.024717">
        <ele>1111.166099</ele>
        <time>2026-01-16T05:48:35.494Z</time>
      </trkpt>
      <trkpt lat="46.070233" lon="7.024724">
        <ele>1112.601129</ele>
        <time>2026-01-16T05:48:43.381Z</time>
      </trkpt>
      <trkpt lat="46.070879" lon="7.024945">
        <ele>1117.230991</ele>
        <time>2026-01-16T05:49:10.471Z</time>
      </trkpt>
      <trkpt lat="46.071088" lon="7.024925">
        <ele>1118.668682</ele>
        <time>2026-01-16T05:49:19.491Z</time>
      </trkpt>
      <trkpt lat="46.071606" lon="7.024760">
        <ele>1122.309908</ele>
        <time>2026-01-16T05:49:44.405Z</time>
      </trkpt>
      <trkpt lat="46.071771" lon="7.024782">
        <ele>1123.447269</ele>
        <time>2026-01-16T05:49:53.203Z</time>
      </trkpt>
      <trkpt lat="46.072107" lon="7.024885">
        <ele>1125.805081</ele>
        <time>2026-01-16T05:50:09.307Z</time>
      </trkpt>
      <trkpt lat="46.072728" lon="7.024759">
        <ele>1128.991485</ele>
        <time>2026-01-16T05:50:28.244Z</time>
      </trkpt>
      <trkpt lat="46.072885" lon="7.024784">
        <ele>1129.704620</ele>
        <time>2026-01-16T05:50:32.244Z</time>
      </trkpt>
      <trkpt lat="46.072992" lon="7.024837">
        <ele>1130.215429</ele>
        <time>2026-01-16T05:50:35.234Z</time>
      </trkpt>
      <trkpt lat="46.073180" lon="7.025039">
        <ele>1131.274069</ele>
        <time>2026-01-16T05:50:41.106Z</time>
      </trkpt>
      <trkpt lat="46.073477" lon="7.025530">
        <ele>1133.314409</ele>
        <time>2026-01-16T05:50:53.642Z</time>
      </trkpt>
      <trkpt lat="46.073580" lon="7.025619">
        <ele>1133.856582</ele>
        <time>2026-01-16T05:50:57.282Z</time>
      </trkpt>
      <trkpt lat="46.073702" lon="7.025663">
        <ele>1134.424366</ele>
        <time>2026-01-16T05:51:01.810Z</time>
      </trkpt>
      <trkpt lat="46.074201" lon="7.025637">
        <ele>1138.433447</ele>
        <time>2026-01-16T05:51:23.983Z</time>
      </trkpt>
      <trkpt lat="46.074545" lon="7.025549">
        <ele>1141.624138</ele>
        <time>2026-01-16T05:51:42.274Z</time>
      </trkpt>
      <trkpt lat="46.074615" lon="7.025493">
        <ele>1142.355268</ele>
        <time>2026-01-16T05:51:46.798Z</time>
      </trkpt>
      <trkpt lat="46.074649" lon="7.025407">
        <ele>1142.982385</ele>
        <time>2026-01-16T05:51:50.376Z</time>
      </trkpt>
      <trkpt lat="46.074623" lon="7.025238">
        <ele>1144.079089</ele>
        <time>2026-01-16T05:51:57.090Z</time>
      </trkpt>
      <trkpt lat="46.074527" lon="7.025171">
        <ele>1145.053168</ele>
        <time>2026-01-16T05:52:03.211Z</time>
      </trkpt>
      <trkpt lat="46.074075" lon="7.025238">
        <ele>1149.202857</ele>
        <time>2026-01-16T05:52:29.578Z</time>
      </trkpt>
      <trkpt lat="46.073848" lon="7.025184">
        <ele>1151.303990</ele>
        <time>2026-01-16T05:52:43.244Z</time>
      </trkpt>
      <trkpt lat="46.073622" lon="7.024988">
        <ele>1153.730028</ele>
        <time>2026-01-16T05:52:59.160Z</time>
      </trkpt>
      <trkpt lat="46.073266" lon="7.024363">
        <ele>1158.891680</ele>
        <time>2026-01-16T05:53:26.218Z</time>
      </trkpt>
      <trkpt lat="46.073176" lon="7.024245">
        <ele>1160.011035</ele>
        <time>2026-01-16T05:53:32.647Z</time>
      </trkpt>
      <trkpt lat="46.073050" lon="7.024139">
        <ele>1161.353308</ele>
        <time>2026-01-16T05:53:40.438Z</time>
      </trkpt>
      <trkpt lat="46.072823" lon="7.024049">
        <ele>1163.519418</ele>
        <time>2026-01-16T05:53:53.016Z</time>
      </trkpt>
      <trkpt lat="46.071774" lon="7.023857">
        <ele>1173.012948</ele>
        <time>2026-01-16T05:54:44.256Z</time>
      </trkpt>
      <trkpt lat="46.071496" lon="7.023766">
        <ele>1175.519560</ele>
        <time>2026-01-16T05:54:56.604Z</time>
      </trkpt>
      <trkpt lat="46.070839" lon="7.023211">
        <ele>1182.215340</ele>
        <time>2026-01-16T05:55:34.144Z</time>
      </trkpt>
      <trkpt lat="46.069692" lon="7.022570">
        <ele>1195.108208</ele>
        <time>2026-01-16T05:56:47.851Z</time>
      </trkpt>
      <trkpt lat="46.069356" lon="7.022353">
        <ele>1199.069908</ele>
        <time>2026-01-16T05:57:11.055Z</time>
      </trkpt>
      <trkpt lat="46.068707" lon="7.021727">
        <ele>1206.614505</ele>
        <time>2026-01-16T05:57:54.665Z</time>
      </trkpt>
      <trkpt lat="46.068512" lon="7.021573">
        <ele>1208.536827</ele>
        <time>2026-01-16T05:58:04.835Z</time>
      </trkpt>
      <trkpt lat="46.068229" lon="7.021421">
        <ele>1211.147818</ele>
        <time>2026-01-16T05:58:18.348Z</time>
      </trkpt>
      <trkpt lat="46.067465" lon="7.021117">
        <ele>1217.999959</ele>
        <time>2026-01-16T05:58:54.481Z</time>
      </trkpt>
      <trkpt lat="46.066735" lon="7.020808">
        <ele>1225.799919</ele>
        <time>2026-01-16T05:59:34.565Z</time>
      </trkpt>
      <trkpt lat="46.066519" lon="7.020628">
        <ele>1228.402262</ele>
        <time>2026-01-16T05:59:50.489Z</time>
      </trkpt>
      <trkpt lat="46.066200" lon="7.020230">
        <ele>1232.802878</ele>
        <time>2026-01-16T06:00:20.532Z</time>
      </trkpt>
      <trkpt lat="46.066052" lon="7.020130">
        <ele>1234.507728</ele>
        <time>2026-01-16T06:00:31.159Z</time>
      </trkpt>
      <trkpt lat="46.065769" lon="7.020028">
        <ele>1237.494000</ele>
        <time>2026-01-16T06:00:47.636Z</time>
      </trkpt>
      <trkpt lat="46.065530" lon="7.019937">
        <ele>1238.989465</ele>
        <time>2026-01-16T06:00:58.998Z</time>
      </trkpt>
      <trkpt lat="46.065454" lon="7.019831">
        <ele>1239.629271</ele>
        <time>2026-01-16T06:01:03.019Z</time>
      </trkpt>
      <trkpt lat="46.065451" lon="7.019690">
        <ele>1240.221390</ele>
        <time>2026-01-16T06:01:06.302Z</time>
      </trkpt>
      <trkpt lat="46.065510" lon="7.019593">
        <ele>1240.762843</ele>
        <time>2026-01-16T06:01:09.170Z</time>
      </trkpt>
      <trkpt lat="46.065611" lon="7.019580">
        <ele>1241.376287</ele>
        <time>2026-01-16T06:01:13.216Z</time>
      </trkpt>
      <trkpt lat="46.066511" lon="7.020167">
        <ele>1247.352497</ele>
        <time>2026-01-16T06:01:46.282Z</time>
      </trkpt>
      <trkpt lat="46.066528" lon="7.020061">
        <ele>1247.809150</ele>
        <time>2026-01-16T06:01:48.951Z</time>
      </trkpt>
      <trkpt lat="46.066496" lon="7.019988">
        <ele>1248.171589</ele>
        <time>2026-01-16T06:01:50.325Z</time>
      </trkpt>
      <trkpt lat="46.066184" lon="7.019783">
        <ele>1250.980033</ele>
        <time>2026-01-16T06:02:02.239Z</time>
      </trkpt>
      <trkpt lat="46.065796" lon="7.019416">
        <ele>1254.845306</ele>
        <time>2026-01-16T06:02:23.524Z</time>
      </trkpt>
      <trkpt lat="46.065408" lon="7.018954">
        <ele>1259.036999</ele>
        <time>2026-01-16T06:02:50.364Z</time>
      </trkpt>
      <trkpt lat="46.065136" lon="7.018589">
        <ele>1262.132299</ele>
        <time>2026-01-16T06:03:10.114Z</time>
      </trkpt>
      <trkpt lat="46.065095" lon="7.018519">
        <ele>1262.661671</ele>
        <time>2026-01-16T06:03:13.333Z</time>
      </trkpt>
      <trkpt lat="46.065089" lon="7.018444">
        <ele>1263.097949</ele>
        <time>2026-01-16T06:03:15.937Z</time>
      </trkpt>
      <trkpt lat="46.065102" lon="7.018417">
        <ele>1263.293369</ele>
        <time>2026-01-16T06:03:17.063Z</time>
      </trkpt>
      <trkpt lat="46.065174" lon="7.018398">
        <ele>1264.230477</ele>
        <time>2026-01-16T06:03:21.009Z</time>
      </trkpt>
      <trkpt lat="46.065380" lon="7.018531">
        <ele>1267.120330</ele>
        <time>2026-01-16T06:03:34.453Z</time>
      </trkpt>
      <trkpt lat="46.065748" lon="7.018638">
        <ele>1271.926587</ele>
        <time>2026-01-16T06:03:59.942Z</time>
      </trkpt>
      <trkpt lat="46.065778" lon="7.018576">
        <ele>1272.598021</ele>
        <time>2026-01-16T06:04:03.721Z</time>
      </trkpt>
      <trkpt lat="46.065754" lon="7.018495">
        <ele>1273.380390</ele>
        <time>2026-01-16T06:04:08.052Z</time>
      </trkpt>
      <trkpt lat="46.065565" lon="7.018351">
        <ele>1276.117366</ele>
        <time>2026-01-16T06:04:23.534Z</time>
      </trkpt>
      <trkpt lat="46.065492" lon="7.018255">
        <ele>1277.382530</ele>
        <time>2026-01-16T06:04:30.697Z</time>
      </trkpt>
      <trkpt lat="46.065307" lon="7.017922">
        <ele>1281.171913</ele>
        <time>2026-01-16T06:04:51.394Z</time>
      </trkpt>
      <trkpt lat="46.064988" lon="7.017544">
        <ele>1286.444526</ele>
        <time>2026-01-16T06:05:19.637Z</time>
      </trkpt>
      <trkpt lat="46.064513" lon="7.017307">
        <ele>1292.274444</ele>
        <time>2026-01-16T06:05:55.751Z</time>
      </trkpt>
      <trkpt lat="46.064322" lon="7.017138">
        <ele>1294.873856</ele>
        <time>2026-01-16T06:06:09.624Z</time>
      </trkpt>
      <trkpt lat="46.064211" lon="7.016993">
        <ele>1296.611377</ele>
        <time>2026-01-16T06:06:18.203Z</time>
      </trkpt>
      <trkpt lat="46.064011" lon="7.016714">
        <ele>1299.839651</ele>
        <time>2026-01-16T06:06:33.114Z</time>
      </trkpt>
      <trkpt lat="46.063971" lon="7.016607">
        <ele>1300.817751</ele>
        <time>2026-01-16T06:06:37.588Z</time>
      </trkpt>
      <trkpt lat="46.063987" lon="7.016550">
        <ele>1301.312570</ele>
        <time>2026-01-16T06:06:39.894Z</time>
      </trkpt>
      <trkpt lat="46.064049" lon="7.016541">
        <ele>1302.035294</ele>
        <time>2026-01-16T06:06:42.943Z</time>
      </trkpt>
      <trkpt lat="46.064333" lon="7.016808">
        <ele>1305.968024</ele>
        <time>2026-01-16T06:07:01.585Z</time>
      </trkpt>
      <trkpt lat="46.064667" lon="7.016944">
        <ele>1310.463959</ele>
        <time>2026-01-16T06:07:23.437Z</time>
      </trkpt>
      <trkpt lat="46.064738" lon="7.016946">
        <ele>1311.424635</ele>
        <time>2026-01-16T06:07:27.864Z</time>
      </trkpt>
      <trkpt lat="46.064754" lon="7.016864">
        <ele>1312.224174</ele>
        <time>2026-01-16T06:07:31.618Z</time>
      </trkpt>
      <trkpt lat="46.064717" lon="7.016812">
        <ele>1312.923297</ele>
        <time>2026-01-16T06:07:34.922Z</time>
      </trkpt>
      <trkpt lat="46.064514" lon="7.016682">
        <ele>1315.928386</ele>
        <time>2026-01-16T06:07:48.715Z</time>
      </trkpt>
      <trkpt lat="46.064382" lon="7.016500">
        <ele>1318.399648</ele>
        <time>2026-01-16T06:08:00.909Z</time>
      </trkpt>
      <trkpt lat="46.063835" lon="7.015401">
        <ele>1331.095021</ele>
        <time>2026-01-16T06:09:12.402Z</time>
      </trkpt>
      <trkpt lat="46.063705" lon="7.015066">
        <ele>1334.888542</ele>
        <time>2026-01-16T06:09:32.045Z</time>
      </trkpt>
      <trkpt lat="46.063560" lon="7.014860">
        <ele>1337.807042</ele>
        <time>2026-01-16T06:09:47.489Z</time>
      </trkpt>
      <trkpt lat="46.063188" lon="7.014584">
        <ele>1343.804411</ele>
        <time>2026-01-16T06:10:21.377Z</time>
      </trkpt>
      <trkpt lat="46.063097" lon="7.014484">
        <ele>1345.444736</ele>
        <time>2026-01-16T06:10:30.220Z</time>
      </trkpt>
      <trkpt lat="46.062945" lon="7.014231">
        <ele>1348.773239</ele>
        <time>2026-01-16T06:10:47.108Z</time>
      </trkpt>
      <trkpt lat="46.062813" lon="7.013850">
        <ele>1353.008759</ele>
        <time>2026-01-16T06:11:05.262Z</time>
      </trkpt>
      <trkpt lat="46.062729" lon="7.013688">
        <ele>1355.020196</ele>
        <time>2026-01-16T06:11:13.664Z</time>
      </trkpt>
      <trkpt lat="46.062492" lon="7.013363">
        <ele>1359.451435</ele>
        <time>2026-01-16T06:11:36.749Z</time>
      </trkpt>
      <trkpt lat="46.062049" lon="7.013017">
        <ele>1365.906873</ele>
        <time>2026-01-16T06:12:11.070Z</time>
      </trkpt>
      <trkpt lat="46.061883" lon="7.012772">
        <ele>1368.950984</ele>
        <time>2026-01-16T06:12:26.909Z</time>
      </trkpt>
      <trkpt lat="46.061848" lon="7.012641">
        <ele>1370.198887</ele>
        <time>2026-01-16T06:12:33.039Z</time>
      </trkpt>
      <trkpt lat="46.061869" lon="7.012595">
        <ele>1370.688385</ele>
        <time>2026-01-16T06:12:35.338Z</time>
      </trkpt>
      <trkpt lat="46.061945" lon="7.012586">
        <ele>1371.665351</ele>
        <time>2026-01-16T06:12:39.685Z</time>
      </trkpt>
      <trkpt lat="46.062193" lon="7.012700">
        <ele>1375.000344</ele>
        <time>2026-01-16T06:12:56.009Z</time>
      </trkpt>
      <trkpt lat="46.062526" lon="7.012783">
        <ele>1379.329953</ele>
        <time>2026-01-16T06:13:18.927Z</time>
      </trkpt>
      <trkpt lat="46.062818" lon="7.012997">
        <ele>1383.989038</ele>
        <time>2026-01-16T06:13:42.754Z</time>
      </trkpt>
      <trkpt lat="46.062867" lon="7.012964">
        <ele>1384.781938</ele>
        <time>2026-01-16T06:13:46.851Z</time>
      </trkpt>
      <trkpt lat="46.062878" lon="7.012887">
        <ele>1385.581616</ele>
        <time>2026-01-16T06:13:50.037Z</time>
      </trkpt>
      <trkpt lat="46.062847" lon="7.012817">
        <ele>1386.426331</ele>
        <time>2026-01-16T06:13:53.501Z</time>
      </trkpt>
      <trkpt lat="46.062600" lon="7.012590">
        <ele>1390.720923</ele>
        <time>2026-01-16T06:14:13.182Z</time>
      </trkpt>
      <trkpt lat="46.062337" lon="7.012299">
        <ele>1395.581746</ele>
        <time>2026-01-16T06:14:37.438Z</time>
      </trkpt>
      <trkpt lat="46.062191" lon="7.012080">
        <ele>1398.671053</ele>
        <time>2026-01-16T06:14:53.123Z</time>
      </trkpt>
      <trkpt lat="46.061712" lon="7.010954">
        <ele>1413.412378</ele>
        <time>2026-01-16T06:16:07.323Z</time>
      </trkpt>
      <trkpt lat="46.061504" lon="7.010615">
        <ele>1419.125997</ele>
        <time>2026-01-16T06:16:35.578Z</time>
      </trkpt>
      <trkpt lat="46.060873" lon="7.009355">
        <ele>1438.745619</ele>
        <time>2026-01-16T06:18:17.425Z</time>
      </trkpt>
      <trkpt lat="46.060745" lon="7.008913">
        <ele>1443.348646</ele>
        <time>2026-01-16T06:18:46.262Z</time>
      </trkpt>
      <trkpt lat="46.060614" lon="7.008575">
        <ele>1446.922900</ele>
        <time>2026-01-16T06:19:07.762Z</time>
      </trkpt>
      <trkpt lat="46.060455" lon="7.007970">
        <ele>1452.895597</ele>
        <time>2026-01-16T06:19:39.657Z</time>
      </trkpt>
      <trkpt lat="46.060185" lon="7.007294">
        <ele>1460.096644</ele>
        <time>2026-01-16T06:20:11.670Z</time>
      </trkpt>
      <trkpt lat="46.060093" lon="7.006781">
        <ele>1464.236557</ele>
        <time>2026-01-16T06:20:29.302Z</time>
      </trkpt>
      <trkpt lat="46.060043" lon="7.006462">
        <ele>1465.869664</ele>
        <time>2026-01-16T06:20:39.800Z</time>
      </trkpt>
      <trkpt lat="46.059950" lon="7.006127">
        <ele>1467.671449</ele>
        <time>2026-01-16T06:20:51.088Z</time>
      </trkpt>
      <trkpt lat="46.059370" lon="7.004605">
        <ele>1476.342692</ele>
        <time>2026-01-16T06:21:42.063Z</time>
      </trkpt>
      <trkpt lat="46.059212" lon="7.004264">
        <ele>1478.396979</ele>
        <time>2026-01-16T06:21:52.524Z</time>
      </trkpt>
      <trkpt lat="46.059198" lon="7.004175">
        <ele>1478.854189</ele>
        <time>2026-01-16T06:21:54.736Z</time>
      </trkpt>
      <trkpt lat="46.059227" lon="7.004127">
        <ele>1479.173051</ele>
        <time>2026-01-16T06:21:56.338Z</time>
      </trkpt>
      <trkpt lat="46.059313" lon="7.004174">
        <ele>1479.837123</ele>
        <time>2026-01-16T06:21:59.098Z</time>
      </trkpt>
      <trkpt lat="46.059429" lon="7.004379">
        <ele>1481.162379</ele>
        <time>2026-01-16T06:22:04.670Z</time>
      </trkpt>
      <trkpt lat="46.059700" lon="7.004754">
        <ele>1483.874972</ele>
        <time>2026-01-16T06:22:21.029Z</time>
      </trkpt>
      <trkpt lat="46.060140" lon="7.005517">
        <ele>1488.845356</ele>
        <time>2026-01-16T06:22:54.659Z</time>
      </trkpt>
      <trkpt lat="46.060232" lon="7.005611">
        <ele>1489.803807</ele>
        <time>2026-01-16T06:22:59.774Z</time>
      </trkpt>
      <trkpt lat="46.060317" lon="7.005609">
        <ele>1490.651280</ele>
        <time>2026-01-16T06:23:04.616Z</time>
      </trkpt>
      <trkpt lat="46.059927" lon="7.004518">
        <ele>1499.140829</ele>
        <time>2026-01-16T06:23:52.884Z</time>
      </trkpt>
      <trkpt lat="46.059678" lon="7.003983">
        <ele>1503.597073</ele>
        <time>2026-01-16T06:24:20.180Z</time>
      </trkpt>
      <trkpt lat="46.059364" lon="7.003400">
        <ele>1508.300092</ele>
        <time>2026-01-16T06:24:46.685Z</time>
      </trkpt>
      <trkpt lat="46.058846" lon="7.002511">
        <ele>1514.164093</ele>
        <time>2026-01-16T06:25:26.335Z</time>
      </trkpt>
      <trkpt lat="46.058462" lon="7.002095">
        <ele>1517.661273</ele>
        <time>2026-01-16T06:25:50.022Z</time>
      </trkpt>
      <trkpt lat="46.058421" lon="7.002063">
        <ele>1518.000703</ele>
        <time>2026-01-16T06:25:52.142Z</time>
      </trkpt>
      <trkpt lat="46.057995" lon="7.001742">
        <ele>1518.786795</ele>
        <time>2026-01-16T06:26:08.101Z</time>
      </trkpt>
      <trkpt lat="46.057885" lon="7.001656">
        <ele>1517.629623</ele>
        <time>2026-01-16T06:26:10.933Z</time>
      </trkpt>
      <trkpt lat="46.057794" lon="7.001545">
        <ele>1516.527219</ele>
        <time>2026-01-16T06:26:12.516Z</time>
      </trkpt>
      <trkpt lat="46.057731" lon="7.001346">
        <ele>1515.123728</ele>
        <time>2026-01-16T06:26:14.045Z</time>
      </trkpt>
      <trkpt lat="46.057748" lon="7.001101">
        <ele>1513.543843</ele>
        <time>2026-01-16T06:26:15.573Z</time>
      </trkpt>
      <trkpt lat="46.057832" lon="7.000862">
        <ele>1511.824818</ele>
        <time>2026-01-16T06:26:17.124Z</time>
      </trkpt>
      <trkpt lat="46.058015" lon="7.000379">
        <ele>1508.293794</ele>
        <time>2026-01-16T06:26:20.277Z</time>
      </trkpt>
      <trkpt lat="46.058073" lon="7.000238">
        <ele>1507.242060</ele>
        <time>2026-01-16T06:26:21.210Z</time>
      </trkpt>
      <trkpt lat="46.058087" lon="7.000201">
        <ele>1506.971651</ele>
        <time>2026-01-16T06:26:21.455Z</time>
      </trkpt>
      <trkpt lat="46.058249" lon="6.999780">
        <ele>1503.882793</ele>
        <time>2026-01-16T06:26:24.205Z</time>
      </trkpt>
      <trkpt lat="46.058283" lon="6.999659">
        <ele>1503.024987</ele>
        <time>2026-01-16T06:26:24.955Z</time>
      </trkpt>
      <trkpt lat="46.058279" lon="6.999571">
        <ele>1502.440963</ele>
        <time>2026-01-16T06:26:25.455Z</time>
      </trkpt>
      <trkpt lat="46.058243" lon="6.999500">
        <ele>1501.858623</ele>
        <time>2026-01-16T06:26:25.960Z</time>
      </trkpt>
      <trkpt lat="46.058181" lon="6.999471">
        <ele>1501.236542</ele>
        <time>2026-01-16T06:26:26.494Z</time>
      </trkpt>
      <trkpt lat="46.058116" lon="6.999493">
        <ele>1500.599337</ele>
        <time>2026-01-16T06:26:27.045Z</time>
      </trkpt>
      <trkpt lat="46.057858" lon="6.999753">
        <ele>1497.594801</ele>
        <time>2026-01-16T06:26:29.657Z</time>
      </trkpt>
      <trkpt lat="46.057678" lon="6.999816">
        <ele>1495.827039</ele>
        <time>2026-01-16T06:26:31.197Z</time>
      </trkpt>
      <trkpt lat="46.057090" lon="6.999802">
        <ele>1490.214723</ele>
        <time>2026-01-16T06:26:36.512Z</time>
      </trkpt>
      <trkpt lat="46.056139" lon="6.999862">
        <ele>1485.849407</ele>
        <time>2026-01-16T06:26:47.473Z</time>
      </trkpt>
      <trkpt lat="46.055371" lon="6.999852">
        <ele>1484.951313</ele>
        <time>2026-01-16T06:26:59.060Z</time>
      </trkpt>
      <trkpt lat="46.054785" lon="6.999953">
        <ele>1483.593333</ele>
        <time>2026-01-16T06:27:06.409Z</time>
      </trkpt>
      <trkpt lat="46.054516" lon="6.999966">
        <ele>1481.818502</ele>
        <time>2026-01-16T06:27:09.213Z</time>
      </trkpt>
      <trkpt lat="46.053979" lon="6.999895">
        <ele>1478.262556</ele>
        <time>2026-01-16T06:27:14.415Z</time>
      </trkpt>
      <trkpt lat="46.053229" lon="6.999664">
        <ele>1473.205208</ele>
        <time>2026-01-16T06:27:21.070Z</time>
      </trkpt>
      <trkpt lat="46.052683" lon="6.999699">
        <ele>1467.025359</ele>
        <time>2026-01-16T06:27:25.650Z</time>
      </trkpt>
      <trkpt lat="46.052242" lon="6.999684">
        <ele>1461.570857</ele>
        <time>2026-01-16T06:27:29.348Z</time>
      </trkpt>
      <trkpt lat="46.051873" lon="6.999577">
        <ele>1456.916682</ele>
        <time>2026-01-16T06:27:32.517Z</time>
      </trkpt>
      <trkpt lat="46.051589" lon="6.999429">
        <ele>1453.182398</ele>
        <time>2026-01-16T06:27:35.057Z</time>
      </trkpt>
      <trkpt lat="46.051039" lon="6.998994">
        <ele>1446.260055</ele>
        <time>2026-01-16T06:27:40.361Z</time>
      </trkpt>
      <trkpt lat="46.050836" lon="6.998885">
        <ele>1444.040017</ele>
        <time>2026-01-16T06:27:42.218Z</time>
      </trkpt>
      <trkpt lat="46.050637" lon="6.998882">
        <ele>1442.000606</ele>
        <time>2026-01-16T06:27:43.912Z</time>
      </trkpt>
      <trkpt lat="46.050298" lon="6.998970">
        <ele>1438.470696</ele>
        <time>2026-01-16T06:27:46.845Z</time>
      </trkpt>
      <trkpt lat="46.050154" lon="6.998959">
        <ele>1436.992951</ele>
        <time>2026-01-16T06:27:48.116Z</time>
      </trkpt>
      <trkpt lat="46.050016" lon="6.998870">
        <ele>1435.443564</ele>
        <time>2026-01-16T06:27:49.474Z</time>
      </trkpt>
      <trkpt lat="46.049769" lon="6.998591">
        <ele>1432.227286</ele>
        <time>2026-01-16T06:27:52.256Z</time>
      </trkpt>
      <trkpt lat="46.049633" lon="6.998518">
        <ele>1430.985078</ele>
        <time>2026-01-16T06:27:53.514Z</time>
      </trkpt>
      <trkpt lat="46.049482" lon="6.998529">
        <ele>1429.771027</ele>
        <time>2026-01-16T06:27:54.826Z</time>
      </trkpt>
      <trkpt lat="46.049157" lon="6.998638">
        <ele>1427.091570</ele>
        <time>2026-01-16T06:27:57.739Z</time>
      </trkpt>
      <trkpt lat="46.049018" lon="6.998615">
        <ele>1425.968089</ele>
        <time>2026-01-16T06:27:58.978Z</time>
      </trkpt>
      <trkpt lat="46.048269" lon="6.998290">
        <ele>1419.686940</ele>
        <time>2026-01-16T06:28:06.065Z</time>
      </trkpt>
      <trkpt lat="46.048216" lon="6.998270">
        <ele>1419.247006</ele>
        <time>2026-01-16T06:28:06.557Z</time>
      </trkpt>
      <trkpt lat="46.047034" lon="6.997862">
        <ele>1407.965592</ele>
        <time>2026-01-16T06:28:17.017Z</time>
      </trkpt>
      <trkpt lat="46.046579" lon="6.997760">
        <ele>1403.559690</ele>
        <time>2026-01-16T06:28:21.009Z</time>
      </trkpt>
      <trkpt lat="46.045782" lon="6.997694">
        <ele>1396.961040</ele>
        <time>2026-01-16T06:28:27.869Z</time>
      </trkpt>
      <trkpt lat="46.045104" lon="6.997809">
        <ele>1392.009058</ele>
        <time>2026-01-16T06:28:33.988Z</time>
      </trkpt>
      <trkpt lat="46.045033" lon="6.997759">
        <ele>1391.435812</ele>
        <time>2026-01-16T06:28:34.708Z</time>
      </trkpt>
      <trkpt lat="46.045004" lon="6.997669">
        <ele>1390.936237</ele>
        <time>2026-01-16T06:28:35.348Z</time>
      </trkpt>
      <trkpt lat="46.045019" lon="6.997568">
        <ele>1390.416217</ele>
        <time>2026-01-16T06:28:35.996Z</time>
      </trkpt>
      <trkpt lat="46.045060" lon="6.997510">
        <ele>1389.999418</ele>
        <time>2026-01-16T06:28:36.532Z</time>
      </trkpt>
      <trkpt lat="46.045146" lon="6.997486">
        <ele>1389.364004</ele>
        <time>2026-01-16T06:28:37.330Z</time>
      </trkpt>
      <trkpt lat="46.045359" lon="6.997533">
        <ele>1387.800947</ele>
        <time>2026-01-16T06:28:39.343Z</time>
      </trkpt>
      <trkpt lat="46.045517" lon="6.997532">
        <ele>1386.760068</ele>
        <time>2026-01-16T06:28:40.825Z</time>
      </trkpt>
      <trkpt lat="46.046851" lon="6.997199">
        <ele>1378.933986</ele>
        <time>2026-01-16T06:28:53.940Z</time>
      </trkpt>
      <trkpt lat="46.047677" lon="6.997244">
        <ele>1371.864186</ele>
        <time>2026-01-16T06:29:01.101Z</time>
      </trkpt>
      <trkpt lat="46.048295" lon="6.997126">
        <ele>1365.108552</ele>
        <time>2026-01-16T06:29:06.399Z</time>
      </trkpt>
      <trkpt lat="46.048702" lon="6.997037">
        <ele>1360.647506</ele>
        <time>2026-01-16T06:29:09.881Z</time>
      </trkpt>
      <trkpt lat="46.049144" lon="6.997110">
        <ele>1355.989570</ele>
        <time>2026-01-16T06:29:13.616Z</time>
      </trkpt>
      <trkpt lat="46.049413" lon="6.997098">
        <ele>1353.399620</ele>
        <time>2026-01-16T06:29:15.899Z</time>
      </trkpt>
      <trkpt lat="46.049709" lon="6.996998">
        <ele>1350.473822</ele>
        <time>2026-01-16T06:29:18.506Z</time>
      </trkpt>
      <trkpt lat="46.050056" lon="6.996780">
        <ele>1346.830859</ele>
        <time>2026-01-16T06:29:21.808Z</time>
      </trkpt>
      <trkpt lat="46.050166" lon="6.996744">
        <ele>1345.745316</ele>
        <time>2026-01-16T06:29:22.790Z</time>
      </trkpt>
      <trkpt lat="46.050291" lon="6.996748">
        <ele>1344.542087</ele>
        <time>2026-01-16T06:29:23.876Z</time>
      </trkpt>
      <trkpt lat="46.050778" lon="6.996869">
        <ele>1339.862552</ele>
        <time>2026-01-16T06:29:28.206Z</time>
      </trkpt>
      <trkpt lat="46.051305" lon="6.996850">
        <ele>1336.835984</ele>
        <time>2026-01-16T06:29:32.968Z</time>
      </trkpt>
      <trkpt lat="46.051566" lon="6.996735">
        <ele>1335.269032</ele>
        <time>2026-01-16T06:29:35.534Z</time>
      </trkpt>
      <trkpt lat="46.052221" lon="6.996261">
        <ele>1331.060915</ele>
        <time>2026-01-16T06:29:42.547Z</time>
      </trkpt>
      <trkpt lat="46.052493" lon="6.996102">
        <ele>1329.319996</ele>
        <time>2026-01-16T06:29:45.318Z</time>
      </trkpt>
      <trkpt lat="46.052795" lon="6.996017">
        <ele>1327.193269</ele>
        <time>2026-01-16T06:29:48.185Z</time>
      </trkpt>
      <trkpt lat="46.053160" lon="6.996028">
        <ele>1324.670011</ele>
        <time>2026-01-16T06:29:51.522Z</time>
      </trkpt>
      <trkpt lat="46.054656" lon="6.996319">
        <ele>1313.364530</ele>
        <time>2026-01-16T06:30:04.886Z</time>
      </trkpt>
      <trkpt lat="46.054689" lon="6.996322">
        <ele>1313.069141</ele>
        <time>2026-01-16T06:30:05.180Z</time>
      </trkpt>
      <trkpt lat="46.054715" lon="6.996323">
        <ele>1312.836789</ele>
        <time>2026-01-16T06:30:05.407Z</time>
      </trkpt>
      <trkpt lat="46.054891" lon="6.996313">
        <ele>1311.263283</ele>
        <time>2026-01-16T06:30:06.950Z</time>
      </trkpt>
      <trkpt lat="46.054928" lon="6.996308">
        <ele>1310.931295</ele>
        <time>2026-01-16T06:30:07.269Z</time>
      </trkpt>
      <trkpt lat="46.055291" lon="6.996214">
        <ele>1307.636514</ele>
        <time>2026-01-16T06:30:10.493Z</time>
      </trkpt>
      <trkpt lat="46.055771" lon="6.996039">
        <ele>1303.213351</ele>
        <time>2026-01-16T06:30:14.779Z</time>
      </trkpt>
      <trkpt lat="46.055996" lon="6.996024">
        <ele>1301.201178</ele>
        <time>2026-01-16T06:30:16.713Z</time>
      </trkpt>
      <trkpt lat="46.056525" lon="6.996072">
        <ele>1296.318835</ele>
        <time>2026-01-16T06:30:21.264Z</time>
      </trkpt>
      <trkpt lat="46.056592" lon="6.996056">
        <ele>1295.693064</ele>
        <time>2026-01-16T06:30:21.843Z</time>
      </trkpt>
      <trkpt lat="46.056757" lon="6.995970">
        <ele>1294.076328</ele>
        <time>2026-01-16T06:30:23.356Z</time>
      </trkpt>
      <trkpt lat="46.056906" lon="6.995837">
        <ele>1292.461362</ele>
        <time>2026-01-16T06:30:24.871Z</time>
      </trkpt>
      <trkpt lat="46.057912" lon="6.994793">
        <ele>1283.204626</ele>
        <time>2026-01-16T06:30:35.690Z</time>
      </trkpt>
      <trkpt lat="46.058631" lon="6.994040">
        <ele>1280.029238</ele>
        <time>2026-01-16T06:30:44.593Z</time>
      </trkpt>
      <trkpt lat="46.058920" lon="6.993740">
        <ele>1278.756779</ele>
        <time>2026-01-16T06:30:49.443Z</time>
      </trkpt>
      <trkpt lat="46.058964" lon="6.993695">
        <ele>1278.564021</ele>
        <time>2026-01-16T06:30:50.101Z</time>
      </trkpt>
      <trkpt lat="46.059264" lon="6.993388">
        <ele>1278.631654</ele>
        <time>2026-01-16T06:30:56.266Z</time>
      </trkpt>
      <trkpt lat="46.059428" lon="6.993287">
        <ele>1278.971817</ele>
        <time>2026-01-16T06:30:59.792Z</time>
      </trkpt>
      <trkpt lat="46.060205" lon="6.992965">
        <ele>1280.513848</ele>
        <time>2026-01-16T06:31:22.519Z</time>
      </trkpt>
      <trkpt lat="46.060410" lon="6.992807">
        <ele>1280.957250</ele>
        <time>2026-01-16T06:31:27.588Z</time>
      </trkpt>
      <trkpt lat="46.060650" lon="6.992521">
        <ele>1281.551228</ele>
        <time>2026-01-16T06:31:33.942Z</time>
      </trkpt>
      <trkpt lat="46.061647" lon="6.991231">
        <ele>1282.490385</ele>
        <time>2026-01-16T06:32:04.119Z</time>
      </trkpt>
      <trkpt lat="46.061977" lon="6.990852">
        <ele>1282.780127</ele>
        <time>2026-01-16T06:32:09.277Z</time>
      </trkpt>
      <trkpt lat="46.062388" lon="6.990442">
        <ele>1280.835696</ele>
        <time>2026-01-16T06:32:14.376Z</time>
      </trkpt>
      <trkpt lat="46.063066" lon="6.989896">
        <ele>1277.397402</ele>
        <time>2026-01-16T06:32:21.711Z</time>
      </trkpt>
      <trkpt lat="46.064423" lon="6.988984">
        <ele>1270.578021</ele>
        <time>2026-01-16T06:32:35.466Z</time>
      </trkpt>
      <trkpt lat="46.064767" lon="6.988702">
        <ele>1268.744148</ele>
        <time>2026-01-16T06:32:39.409Z</time>
      </trkpt>
      <trkpt lat="46.064939" lon="6.988512">
        <ele>1267.739940</ele>
        <time>2026-01-16T06:32:41.611Z</time>
      </trkpt>
      <trkpt lat="46.065147" lon="6.988216">
        <ele>1266.411459</ele>
        <time>2026-01-16T06:32:44.629Z</time>
      </trkpt>
      <trkpt lat="46.065340" lon="6.987862">
        <ele>1265.246266</ele>
        <time>2026-01-16T06:32:47.930Z</time>
      </trkpt>
      <trkpt lat="46.066436" lon="6.985582">
        <ele>1256.639959</ele>
        <time>2026-01-16T06:33:06.843Z</time>
      </trkpt>
      <trkpt lat="46.066673" lon="6.985207">
        <ele>1254.251354</ele>
        <time>2026-01-16T06:33:09.979Z</time>
      </trkpt>
      <trkpt lat="46.067208" lon="6.984497">
        <ele>1249.315596</ele>
        <time>2026-01-16T06:33:16.340Z</time>
      </trkpt>
      <trkpt lat="46.067447" lon="6.984038">
        <ele>1246.847947</ele>
        <time>2026-01-16T06:33:19.820Z</time>
      </trkpt>
      <trkpt lat="46.067946" lon="6.982727">
        <ele>1241.477036</ele>
        <time>2026-01-16T06:33:29.417Z</time>
      </trkpt>
      <trkpt lat="46.068206" lon="6.982124">
        <ele>1238.927017</ele>
        <time>2026-01-16T06:33:34.420Z</time>
      </trkpt>
      <trkpt lat="46.069394" lon="6.979924">
        <ele>1233.972020</ele>
        <time>2026-01-16T06:33:54.940Z</time>
      </trkpt>
      <trkpt lat="46.070064" lon="6.978418">
        <ele>1229.739696</ele>
        <time>2026-01-16T06:34:10.009Z</time>
      </trkpt>
      <trkpt lat="46.070285" lon="6.978082">
        <ele>1228.644389</ele>
        <time>2026-01-16T06:34:13.118Z</time>
      </trkpt>
      <trkpt lat="46.071007" lon="6.977244">
        <ele>1219.299789</ele>
        <time>2026-01-16T06:34:21.098Z</time>
      </trkpt>
      <trkpt lat="46.071185" lon="6.976948">
        <ele>1215.984210</ele>
        <time>2026-01-16T06:34:23.358Z</time>
      </trkpt>
      <trkpt lat="46.071330" lon="6.976612">
        <ele>1212.634947</ele>
        <time>2026-01-16T06:34:25.624Z</time>
      </trkpt>
      <trkpt lat="46.071394" lon="6.976399">
        <ele>1210.670266</ele>
        <time>2026-01-16T06:34:26.953Z</time>
      </trkpt>
      <trkpt lat="46.071452" lon="6.976045">
        <ele>1207.591550</ele>
        <time>2026-01-16T06:34:29.040Z</time>
      </trkpt>
      <trkpt lat="46.071457" lon="6.975781">
        <ele>1206.025979</ele>
        <time>2026-01-16T06:34:30.568Z</time>
      </trkpt>
      <trkpt lat="46.071433" lon="6.975477">
        <ele>1206.416475</ele>
        <time>2026-01-16T06:34:32.351Z</time>
      </trkpt>
      <trkpt lat="46.071357" lon="6.975135">
        <ele>1206.874812</ele>
        <time>2026-01-16T06:34:34.496Z</time>
      </trkpt>
      <trkpt lat="46.071264" lon="6.974899">
        <ele>1207.221216</ele>
        <time>2026-01-16T06:34:36.313Z</time>
      </trkpt>
      <trkpt lat="46.071227" lon="6.974818">
        <ele>1207.344993</ele>
        <time>2026-01-16T06:34:37.053Z</time>
      </trkpt>
      <trkpt lat="46.071090" lon="6.974578">
        <ele>1207.741664</ele>
        <time>2026-01-16T06:34:41.621Z</time>
      </trkpt>
      <trkpt lat="46.070924" lon="6.974387">
        <ele>1208.132413</ele>
        <time>2026-01-16T06:34:49.611Z</time>
      </trkpt>
      <trkpt lat="46.070620" lon="6.974132">
        <ele>1208.779478</ele>
        <time>2026-01-16T06:35:09.843Z</time>
      </trkpt>
      <trkpt lat="46.070069" lon="6.973778">
        <ele>1211.647780</ele>
        <time>2026-01-16T06:36:05.116Z</time>
      </trkpt>
      <trkpt lat="46.069861" lon="6.973599">
        <ele>1213.313888</ele>
        <time>2026-01-16T06:36:30.733Z</time>
      </trkpt>
      <trkpt lat="46.069593" lon="6.973242">
        <ele>1215.823677</ele>
        <time>2026-01-16T06:37:02.353Z</time>
      </trkpt>
      <trkpt lat="46.069378" lon="6.972810">
        <ele>1218.360505</ele>
        <time>2026-01-16T06:37:21.468Z</time>
      </trkpt>
      <trkpt lat="46.069221" lon="6.972480">
        <ele>1220.269783</ele>
        <time>2026-01-16T06:37:26.246Z</time>
      </trkpt>
      <trkpt lat="46.068143" lon="6.970064">
        <ele>1182.025902</ele>
        <time>2026-01-16T06:37:42.509Z</time>
      </trkpt>
      <trkpt lat="46.067725" lon="6.969142">
        <ele>1166.717292</ele>
        <time>2026-01-16T06:37:48.807Z</time>
      </trkpt>
      <trkpt lat="46.067643" lon="6.968984">
        <ele>1163.975350</ele>
        <time>2026-01-16T06:37:49.922Z</time>
      </trkpt>
      <trkpt lat="46.067464" lon="6.968708">
        <ele>1158.725186</ele>
        <time>2026-01-16T06:37:52.058Z</time>
      </trkpt>
      <trkpt lat="46.067229" lon="6.968459">
        <ele>1152.883301</ele>
        <time>2026-01-16T06:37:54.460Z</time>
      </trkpt>
      <trkpt lat="46.066021" lon="6.967553">
        <ele>1137.747153</ele>
        <time>2026-01-16T06:38:06.608Z</time>
      </trkpt>
      <trkpt lat="46.064476" lon="6.966190">
        <ele>1124.449084</ele>
        <time>2026-01-16T06:38:22.641Z</time>
      </trkpt>
      <trkpt lat="46.064129" lon="6.965946">
        <ele>1121.833064</ele>
        <time>2026-01-16T06:38:26.141Z</time>
      </trkpt>
      <trkpt lat="46.063770" lon="6.965738">
        <ele>1119.222169</ele>
        <time>2026-01-16T06:38:29.739Z</time>
      </trkpt>
      <trkpt lat="46.062429" lon="6.965140">
        <ele>1114.015653</ele>
        <time>2026-01-16T06:38:43.769Z</time>
      </trkpt>
      <trkpt lat="46.062216" lon="6.965019">
        <ele>1113.166463</ele>
        <time>2026-01-16T06:38:46.121Z</time>
      </trkpt>
      <trkpt lat="46.061900" lon="6.964786">
        <ele>1111.870184</ele>
        <time>2026-01-16T06:38:49.777Z</time>
      </trkpt>
      <trkpt lat="46.061598" lon="6.964497">
        <ele>1110.563786</ele>
        <time>2026-01-16T06:38:53.394Z</time>
      </trkpt>
      <trkpt lat="46.061137" lon="6.963925">
        <ele>1108.371578</ele>
        <time>2026-01-16T06:38:59.162Z</time>
      </trkpt>
      <trkpt lat="46.060763" lon="6.963304">
        <ele>1106.315389</ele>
        <time>2026-01-16T06:39:04.892Z</time>
      </trkpt>
      <trkpt lat="46.060179" lon="6.962337">
        <ele>1104.759241</ele>
        <time>2026-01-16T06:39:14.632Z</time>
      </trkpt>
      <trkpt lat="46.059658" lon="6.961688">
        <ele>1103.654765</ele>
        <time>2026-01-16T06:39:23.129Z</time>
      </trkpt>
      <trkpt lat="46.059480" lon="6.961454">
        <ele>1103.268352</ele>
        <time>2026-01-16T06:39:25.904Z</time>
      </trkpt>
      <trkpt lat="46.059346" lon="6.961205">
        <ele>1103.267748</ele>
        <time>2026-01-16T06:39:28.670Z</time>
      </trkpt>
      <trkpt lat="46.059236" lon="6.960949">
        <ele>1103.352034</ele>
        <time>2026-01-16T06:39:31.417Z</time>
      </trkpt>
      <trkpt lat="46.059066" lon="6.960443">
        <ele>1103.509402</ele>
        <time>2026-01-16T06:39:36.565Z</time>
      </trkpt>
      <trkpt lat="46.058976" lon="6.960166">
        <ele>1103.595019</ele>
        <time>2026-01-16T06:39:38.963Z</time>
      </trkpt>
      <trkpt lat="46.058655" lon="6.959272">
        <ele>1103.876788</ele>
        <time>2026-01-16T06:39:51.915Z</time>
      </trkpt>
      <trkpt lat="46.058496" lon="6.958943">
        <ele>1104.775758</ele>
        <time>2026-01-16T06:39:59.216Z</time>
      </trkpt>
      <trkpt lat="46.058255" lon="6.958480">
        <ele>1106.867214</ele>
        <time>2026-01-16T06:40:13.198Z</time>
      </trkpt>
      <trkpt lat="46.058077" lon="6.958183">
        <ele>1108.285315</ele>
        <time>2026-01-16T06:40:23.478Z</time>
      </trkpt>
      <trkpt lat="46.058042" lon="6.958123">
        <ele>1108.568559</ele>
        <time>2026-01-16T06:40:25.391Z</time>
      </trkpt>
      <trkpt lat="46.057273" lon="6.956964">
        <ele>1113.927552</ele>
        <time>2026-01-16T06:41:11.223Z</time>
      </trkpt>
      <trkpt lat="46.056988" lon="6.956653">
        <ele>1115.034092</ele>
        <time>2026-01-16T06:41:23.767Z</time>
      </trkpt>
      <trkpt lat="46.056522" lon="6.956247">
        <ele>1116.719624</ele>
        <time>2026-01-16T06:41:38.902Z</time>
      </trkpt>
      <trkpt lat="46.056247" lon="6.955920">
        <ele>1117.823204</ele>
        <time>2026-01-16T06:41:47.154Z</time>
      </trkpt>
      <trkpt lat="46.056014" lon="6.955507">
        <ele>1118.815823</ele>
        <time>2026-01-16T06:41:52.802Z</time>
      </trkpt>
      <trkpt lat="46.055679" lon="6.954621">
        <ele>1118.013002</ele>
        <time>2026-01-16T06:42:01.654Z</time>
      </trkpt>
      <trkpt lat="46.055419" lon="6.954081">
        <ele>1117.490044</ele>
        <time>2026-01-16T06:42:07.034Z</time>
      </trkpt>
      <trkpt lat="46.055140" lon="6.953598">
        <ele>1116.990011</ele>
        <time>2026-01-16T06:42:11.800Z</time>
      </trkpt>
      <trkpt lat="46.054284" lon="6.952303">
        <ele>1115.668764</ele>
        <time>2026-01-16T06:42:25.266Z</time>
      </trkpt>
      <trkpt lat="46.053947" lon="6.951786">
        <ele>1115.151189</ele>
        <time>2026-01-16T06:42:31.848Z</time>
      </trkpt>
      <trkpt lat="46.053850" lon="6.951638">
        <ele>1115.002643</ele>
        <time>2026-01-16T06:42:34.234Z</time>
      </trkpt>
      <trkpt lat="46.053751" lon="6.951485">
        <ele>1115.023934</ele>
        <time>2026-01-16T06:42:36.871Z</time>
      </trkpt>
      <trkpt lat="46.053079" lon="6.950454">
        <ele>1117.377177</ele>
        <time>2026-01-16T06:42:59.690Z</time>
      </trkpt>
      <trkpt lat="46.052961" lon="6.950281">
        <ele>1117.780751</ele>
        <time>2026-01-16T06:43:04.126Z</time>
      </trkpt>
      <trkpt lat="46.052801" lon="6.950041">
        <ele>1118.334444</ele>
        <time>2026-01-16T06:43:10.233Z</time>
      </trkpt>
      <trkpt lat="46.052603" lon="6.949747">
        <ele>1119.016049</ele>
        <time>2026-01-16T06:43:17.565Z</time>
      </trkpt>
      <trkpt lat="46.052254" lon="6.949304">
        <ele>1122.090583</ele>
        <time>2026-01-16T06:43:31.488Z</time>
      </trkpt>
      <trkpt lat="46.052194" lon="6.949232">
        <ele>1122.678201</ele>
        <time>2026-01-16T06:43:34.154Z</time>
      </trkpt>
      <trkpt lat="46.052034" lon="6.949049">
        <ele>1124.215525</ele>
        <time>2026-01-16T06:43:42.675Z</time>
      </trkpt>
      <trkpt lat="46.051946" lon="6.948865">
        <ele>1125.382618</ele>
        <time>2026-01-16T06:43:50.249Z</time>
      </trkpt>
      <trkpt lat="46.051925" lon="6.948823">
        <ele>1125.652978</ele>
        <time>2026-01-16T06:43:52.129Z</time>
      </trkpt>
      <trkpt lat="46.051634" lon="6.948498">
        <ele>1128.423750</ele>
        <time>2026-01-16T06:44:11.070Z</time>
      </trkpt>
      <trkpt lat="46.051345" lon="6.948299">
        <ele>1130.834243</ele>
        <time>2026-01-16T06:44:28.167Z</time>
      </trkpt>
      <trkpt lat="46.051310" lon="6.948254">
        <ele>1131.187255</ele>
        <time>2026-01-16T06:44:30.820Z</time>
      </trkpt>
      <trkpt lat="46.051275" lon="6.948221">
        <ele>1131.502032</ele>
        <time>2026-01-16T06:44:33.116Z</time>
      </trkpt>
      <trkpt lat="46.051127" lon="6.948076">
        <ele>1132.856900</ele>
        <time>2026-01-16T06:44:43.014Z</time>
      </trkpt>
      <trkpt lat="46.051065" lon="6.947953">
        <ele>1133.715684</ele>
        <time>2026-01-16T06:44:48.841Z</time>
      </trkpt>
      <trkpt lat="46.051056" lon="6.947897">
        <ele>1134.040410</ele>
        <time>2026-01-16T06:44:51.088Z</time>
      </trkpt>
      <trkpt lat="46.051050" lon="6.947728">
        <ele>1134.996372</ele>
        <time>2026-01-16T06:44:57.826Z</time>
      </trkpt>
      <trkpt lat="46.051080" lon="6.947508">
        <ele>1136.262958</ele>
        <time>2026-01-16T06:45:06.547Z</time>
      </trkpt>
      <trkpt lat="46.051143" lon="6.947286">
        <ele>1137.617872</ele>
        <time>2026-01-16T06:45:15.678Z</time>
      </trkpt>
      <trkpt lat="46.051153" lon="6.947125">
        <ele>1138.531026</ele>
        <time>2026-01-16T06:45:21.621Z</time>
      </trkpt>
      <trkpt lat="46.051091" lon="6.946905">
        <ele>1139.872405</ele>
        <time>2026-01-16T06:45:30.246Z</time>
      </trkpt>
      <trkpt lat="46.050910" lon="6.946456">
        <ele>1142.805736</ele>
        <time>2026-01-16T06:45:46.777Z</time>
      </trkpt>
      <trkpt lat="46.050815" lon="6.946031">
        <ele>1145.328110</ele>
        <time>2026-01-16T06:45:59.572Z</time>
      </trkpt>
      <trkpt lat="46.050691" lon="6.945814">
        <ele>1146.916051</ele>
        <time>2026-01-16T06:46:07.430Z</time>
      </trkpt>
      <trkpt lat="46.050274" lon="6.945473">
        <ele>1149.595093</ele>
        <time>2026-01-16T06:46:24.427Z</time>
      </trkpt>
      <trkpt lat="46.050027" lon="6.945183">
        <ele>1151.262498</ele>
        <time>2026-01-16T06:46:35.096Z</time>
      </trkpt>
      <trkpt lat="46.049531" lon="6.944401">
        <ele>1155.110169</ele>
        <time>2026-01-16T06:46:59.093Z</time>
      </trkpt>
      <trkpt lat="46.048614" lon="6.943383">
        <ele>1163.124452</ele>
        <time>2026-01-16T06:47:44.341Z</time>
      </trkpt>
      <trkpt lat="46.048187" lon="6.942947">
        <ele>1167.091020</ele>
        <time>2026-01-16T06:48:10.716Z</time>
      </trkpt>
      <trkpt lat="46.047719" lon="6.942658">
        <ele>1171.017394</ele>
        <time>2026-01-16T06:48:37.777Z</time>
      </trkpt>
      <trkpt lat="46.047247" lon="6.942217">
        <ele>1175.839660</ele>
        <time>2026-01-16T06:49:06.927Z</time>
      </trkpt>
      <trkpt lat="46.046650" lon="6.941825">
        <ele>1181.463568</ele>
        <time>2026-01-16T06:49:37.632Z</time>
      </trkpt>
      <trkpt lat="46.046308" lon="6.941613">
        <ele>1184.655037</ele>
        <time>2026-01-16T06:49:55.103Z</time>
      </trkpt>
      <trkpt lat="46.045937" lon="6.941463">
        <ele>1188.126279</ele>
        <time>2026-01-16T06:50:13.716Z</time>
      </trkpt>
      <trkpt lat="46.045064" lon="6.941142">
        <ele>1196.466961</ele>
        <time>2026-01-16T06:51:01.387Z</time>
      </trkpt>
      <trkpt lat="46.044622" lon="6.940738">
        <ele>1201.312672</ele>
        <time>2026-01-16T06:51:29.402Z</time>
      </trkpt>
      <trkpt lat="46.044432" lon="6.940600">
        <ele>1203.345318</ele>
        <time>2026-01-16T06:51:40.675Z</time>
      </trkpt>
      <trkpt lat="46.043167" lon="6.940029">
        <ele>1216.609995</ele>
        <time>2026-01-16T06:52:50.909Z</time>
      </trkpt>
      <trkpt lat="46.042677" lon="6.939915">
        <ele>1221.407498</ele>
        <time>2026-01-16T06:53:22.333Z</time>
      </trkpt>
      <trkpt lat="46.042508" lon="6.939815">
        <ele>1222.947714</ele>
        <time>2026-01-16T06:53:33.381Z</time>
      </trkpt>
      <trkpt lat="46.042458" lon="6.939719">
        <ele>1223.650035</ele>
        <time>2026-01-16T06:53:38.040Z</time>
      </trkpt>
      <trkpt lat="46.042364" lon="6.939524">
        <ele>1225.039297</ele>
        <time>2026-01-16T06:53:47.371Z</time>
      </trkpt>
      <trkpt lat="46.042298" lon="6.939447">
        <ele>1225.755263</ele>
        <time>2026-01-16T06:53:52.045Z</time>
      </trkpt>
      <trkpt lat="46.042210" lon="6.939400">
        <ele>1226.546472</ele>
        <time>2026-01-16T06:53:56.948Z</time>
      </trkpt>
      <trkpt lat="46.041863" lon="6.939358">
        <ele>1229.482103</ele>
        <time>2026-01-16T06:54:13.558Z</time>
      </trkpt>
      <trkpt lat="46.041362" lon="6.939153">
        <ele>1233.872756</ele>
        <time>2026-01-16T06:54:38.126Z</time>
      </trkpt>
      <trkpt lat="46.040961" lon="6.938878">
        <ele>1236.453245</ele>
        <time>2026-01-16T06:54:53.986Z</time>
      </trkpt>
      <trkpt lat="46.040702" lon="6.938548">
        <ele>1237.629475</ele>
        <time>2026-01-16T06:55:02.262Z</time>
      </trkpt>
      <trkpt lat="46.040557" lon="6.938398">
        <ele>1238.236739</ele>
        <time>2026-01-16T06:55:06.534Z</time>
      </trkpt>
      <trkpt lat="46.040184" lon="6.938262">
        <ele>1239.545629</ele>
        <time>2026-01-16T06:55:16.287Z</time>
      </trkpt>
      <trkpt lat="46.039876" lon="6.938047">
        <ele>1240.709915</ele>
        <time>2026-01-16T06:55:26.703Z</time>
      </trkpt>
      <trkpt lat="46.039527" lon="6.937934">
        <ele>1241.881698</ele>
        <time>2026-01-16T06:55:36.542Z</time>
      </trkpt>
      <trkpt lat="46.039417" lon="6.937820">
        <ele>1242.196380</ele>
        <time>2026-01-16T06:55:39.539Z</time>
      </trkpt>
      <trkpt lat="46.039282" lon="6.937512">
        <ele>1242.783576</ele>
        <time>2026-01-16T06:55:45.001Z</time>
      </trkpt>
      <trkpt lat="46.039207" lon="6.937406">
        <ele>1243.027569</ele>
        <time>2026-01-16T06:55:47.226Z</time>
      </trkpt>
      <trkpt lat="46.039090" lon="6.937326">
        <ele>1243.328325</ele>
        <time>2026-01-16T06:55:50.093Z</time>
      </trkpt>
      <trkpt lat="46.038688" lon="6.937191">
        <ele>1244.286898</ele>
        <time>2026-01-16T06:55:59.637Z</time>
      </trkpt>
      <trkpt lat="46.038202" lon="6.936933">
        <ele>1245.489706</ele>
        <time>2026-01-16T06:56:12.154Z</time>
      </trkpt>
      <trkpt lat="46.037766" lon="6.936851">
        <ele>1246.567927</ele>
        <time>2026-01-16T06:56:22.873Z</time>
      </trkpt>
      <trkpt lat="46.036799" lon="6.936538">
        <ele>1249.108968</ele>
        <time>2026-01-16T06:56:48.409Z</time>
      </trkpt>
      <trkpt lat="46.036033" lon="6.936136">
        <ele>1251.242080</ele>
        <time>2026-01-16T06:57:08.438Z</time>
      </trkpt>
      <trkpt lat="46.035866" lon="6.935989">
        <ele>1251.778268</ele>
        <time>2026-01-16T06:57:13.215Z</time>
      </trkpt>
      <trkpt lat="46.035787" lon="6.935863">
        <ele>1252.101180</ele>
        <time>2026-01-16T06:57:16.137Z</time>
      </trkpt>
      <trkpt lat="46.035552" lon="6.935338">
        <ele>1253.289260</ele>
        <time>2026-01-16T06:57:26.989Z</time>
      </trkpt>
      <trkpt lat="46.035438" lon="6.935082">
        <ele>1253.867716</ele>
        <time>2026-01-16T06:57:32.226Z</time>
      </trkpt>
      <trkpt lat="46.035288" lon="6.934758">
        <ele>1254.608404</ele>
        <time>2026-01-16T06:57:39.032Z</time>
      </trkpt>
      <trkpt lat="46.035120" lon="6.934333">
        <ele>1255.557436</ele>
        <time>2026-01-16T06:57:48.609Z</time>
      </trkpt>
      <trkpt lat="46.034952" lon="6.933791">
        <ele>1257.249546</ele>
        <time>2026-01-16T06:58:00.807Z</time>
      </trkpt>
      <trkpt lat="46.034828" lon="6.933369">
        <ele>1258.555879</ele>
        <time>2026-01-16T06:58:10.894Z</time>
      </trkpt>
      <trkpt lat="46.034713" lon="6.933044">
        <ele>1259.595777</ele>
        <time>2026-01-16T06:58:19.530Z</time>
      </trkpt>
      <trkpt lat="46.034678" lon="6.932987">
        <ele>1259.812710</ele>
        <time>2026-01-16T06:58:21.111Z</time>
      </trkpt>
      <trkpt lat="46.034200" lon="6.932494">
        <ele>1262.226834</ele>
        <time>2026-01-16T06:58:39.032Z</time>
      </trkpt>
      <trkpt lat="46.033991" lon="6.932231">
        <ele>1263.531669</ele>
        <time>2026-01-16T06:58:47.550Z</time>
      </trkpt>
      <trkpt lat="46.033506" lon="6.931680">
        <ele>1266.941800</ele>
        <time>2026-01-16T06:59:10.154Z</time>
      </trkpt>
      <trkpt lat="46.033334" lon="6.931226">
        <ele>1268.924079</ele>
        <time>2026-01-16T06:59:25.185Z</time>
      </trkpt>
      <trkpt lat="46.033137" lon="6.930567">
        <ele>1271.674039</ele>
        <time>2026-01-16T06:59:45.463Z</time>
      </trkpt>
      <trkpt lat="46.033011" lon="6.930351">
        <ele>1272.755353</ele>
        <time>2026-01-16T06:59:52.813Z</time>
      </trkpt>
      <trkpt lat="46.032579" lon="6.930076">
        <ele>1274.081383</ele>
        <time>2026-01-16T07:00:08.884Z</time>
      </trkpt>
      <trkpt lat="46.032509" lon="6.930034">
        <ele>1274.289339</ele>
        <time>2026-01-16T07:00:11.387Z</time>
      </trkpt>
      <trkpt lat="46.032209" lon="6.929849">
        <ele>1275.184285</ele>
        <time>2026-01-16T07:00:19.728Z</time>
      </trkpt>
      <trkpt lat="46.031875" lon="6.929774">
        <ele>1276.111308</ele>
        <time>2026-01-16T07:00:26.101Z</time>
      </trkpt>
      <trkpt lat="46.031641" lon="6.929626">
        <ele>1276.812170</ele>
        <time>2026-01-16T07:00:30.818Z</time>
      </trkpt>
      <trkpt lat="46.031174" lon="6.929170">
        <ele>1278.517472</ele>
        <time>2026-01-16T07:00:41.711Z</time>
      </trkpt>
      <trkpt lat="46.030773" lon="6.928556">
        <ele>1280.538122</ele>
        <time>2026-01-16T07:00:55.848Z</time>
      </trkpt>
      <trkpt lat="46.030696" lon="6.928433">
        <ele>1280.935120</ele>
        <time>2026-01-16T07:00:59.182Z</time>
      </trkpt>
      <trkpt lat="46.030565" lon="6.928308">
        <ele>1281.477661</ele>
        <time>2026-01-16T07:01:04.029Z</time>
      </trkpt>
      <trkpt lat="46.030444" lon="6.928269">
        <ele>1281.905761</ele>
        <time>2026-01-16T07:01:08.103Z</time>
      </trkpt>
      <trkpt lat="46.029977" lon="6.928272">
        <ele>1283.518156</ele>
        <time>2026-01-16T07:01:24.841Z</time>
      </trkpt>
      <trkpt lat="46.029825" lon="6.928264">
        <ele>1284.081449</ele>
        <time>2026-01-16T07:01:30.392Z</time>
      </trkpt>
      <trkpt lat="46.029663" lon="6.928170">
        <ele>1284.957772</ele>
        <time>2026-01-16T07:01:36.853Z</time>
      </trkpt>
      <trkpt lat="46.028651" lon="6.926825">
        <ele>1291.867006</ele>
        <time>2026-01-16T07:02:26.456Z</time>
      </trkpt>
      <trkpt lat="46.028451" lon="6.926740">
        <ele>1292.913291</ele>
        <time>2026-01-16T07:02:33.604Z</time>
      </trkpt>
      <trkpt lat="46.027952" lon="6.926711">
        <ele>1294.114020</ele>
        <time>2026-01-16T07:02:48.241Z</time>
      </trkpt>
      <trkpt lat="46.027773" lon="6.926678">
        <ele>1294.534224</ele>
        <time>2026-01-16T07:02:52.836Z</time>
      </trkpt>
      <trkpt lat="46.027675" lon="6.926615">
        <ele>1294.784118</ele>
        <time>2026-01-16T07:02:55.557Z</time>
      </trkpt>
      <trkpt lat="46.027562" lon="6.926473">
        <ele>1295.133313</ele>
        <time>2026-01-16T07:02:59.098Z</time>
      </trkpt>
      <trkpt lat="46.027202" lon="6.925899">
        <ele>1296.383860</ele>
        <time>2026-01-16T07:03:10.111Z</time>
      </trkpt>
      <trkpt lat="46.027102" lon="6.925648">
        <ele>1296.851720</ele>
        <time>2026-01-16T07:03:14.629Z</time>
      </trkpt>
      <trkpt lat="46.027003" lon="6.925238">
        <ele>1297.184957</ele>
        <time>2026-01-16T07:03:20.310Z</time>
      </trkpt>
      <trkpt lat="46.026908" lon="6.925037">
        <ele>1297.198216</ele>
        <time>2026-01-16T07:03:22.614Z</time>
      </trkpt>
      <trkpt lat="46.026744" lon="6.924810">
        <ele>1297.216080</ele>
        <time>2026-01-16T07:03:25.461Z</time>
      </trkpt>
      <trkpt lat="46.026660" lon="6.924700">
        <ele>1297.224996</ele>
        <time>2026-01-16T07:03:26.955Z</time>
      </trkpt>
      <trkpt lat="46.026638" lon="6.924672">
        <ele>1297.227302</ele>
        <time>2026-01-16T07:03:27.325Z</time>
      </trkpt>
      <trkpt lat="46.026443" lon="6.924414">
        <ele>1297.248099</ele>
        <time>2026-01-16T07:03:31.070Z</time>
      </trkpt>
      <trkpt lat="46.026416" lon="6.924452">
        <ele>1297.251063</ele>
        <time>2026-01-16T07:03:31.762Z</time>
      </trkpt>
      <trkpt lat="46.026287" lon="6.924425">
        <ele>1297.261301</ele>
        <time>2026-01-16T07:03:34.338Z</time>
      </trkpt>
      <trkpt lat="46.026160" lon="6.924406">
        <ele>1297.271329</ele>
        <time>2026-01-16T07:03:36.817Z</time>
      </trkpt>
      <trkpt lat="46.025948" lon="6.924240">
        <ele>1297.290281</ele>
        <time>2026-01-16T07:03:41.384Z</time>
      </trkpt>
      <trkpt lat="46.025796" lon="6.924079">
        <ele>1297.305100</ele>
        <time>2026-01-16T07:03:45.154Z</time>
      </trkpt>
      <trkpt lat="46.025645" lon="6.923767">
        <ele>1297.313354</ele>
        <time>2026-01-16T07:03:55.096Z</time>
      </trkpt>
      <trkpt lat="46.025553" lon="6.923648">
        <ele>1297.313354</ele>
        <time>2026-01-16T07:03:59.749Z</time>
      </trkpt>
      <trkpt lat="46.025329" lon="6.923490">
        <ele>1297.313354</ele>
        <time>2026-01-16T07:04:09.456Z</time>
      </trkpt>
      <trkpt lat="46.024809" lon="6.923194">
        <ele>1297.313354</ele>
        <time>2026-01-16T07:04:35.942Z</time>
      </trkpt>
      <trkpt lat="46.024765" lon="6.923200">
        <ele>1297.313354</ele>
        <time>2026-01-16T07:04:38.226Z</time>
      </trkpt>
      <trkpt lat="46.024634" lon="6.923243">
        <ele>1297.313354</ele>
        <time>2026-01-16T07:04:44.947Z</time>
      </trkpt>
      <trkpt lat="46.024590" lon="6.923264">
        <ele>1297.313354</ele>
        <time>2026-01-16T07:04:47.226Z</time>
      </trkpt>
      <trkpt lat="46.024660" lon="6.923487">
        <ele>1297.313354</ele>
        <time>2026-01-16T07:04:55.516Z</time>
      </trkpt>
      <trkpt lat="46.024636" lon="6.923776">
        <ele>1297.313354</ele>
        <time>2026-01-16T07:05:05.259Z</time>
      </trkpt>
      <trkpt lat="46.024471" lon="6.924053">
        <ele>1297.313354</ele>
        <time>2026-01-16T07:05:17.300Z</time>
      </trkpt>
      <trkpt lat="46.024207" lon="6.924214">
        <ele>1297.313354</ele>
        <time>2026-01-16T07:05:30.636Z</time>
      </trkpt>
    </trkseg>
  </trk>
</gpx>