<?xml version='1.0' encoding='UTF-8'?>
<gpx version="1.1" creator="https://www.komoot.de" xmlns="http://www.topografix.com/GPX/1/1" xmlns:xsi="http://www.w3.org/2001/XMLSchema-instance" xsi:schemaLocation="http://www.topografix.com/GPX/1/1 http://www.topografix.com/GPX/1/1/gpx.xsd">
  <metadata>
    <name>TDL2016- HERLAZ- CUNEO - Tag 2</name>
    <author>
      <link href="https://www.komoot.de">
        <text>komoot</text>
        <type>text/html</type>
      </link>
    </author>
  </metadata>
  <wpt lat="46.786655" lon="9.297331">
    <name>Camping Carrera</name>
    <sym>Campground</sym>
  </wpt>
  <wpt lat="46.536898" lon="8.360909">
    <name>Forest-Lodge</name>
    <sym>Campground</sym>
  </wpt>
  <trk>
    <name>TDL2016- HERLAZ- CUNEO - Tag 2</name>
    <type>racebike</type>
    <trkseg>
      <trkpt lat="46.786660" lon="9.297292">
        <ele>869.462162</ele>
        <time>2026-01-16T00:00:57.834Z</time>
      </trkpt>
      <trkpt lat="46.786914" lon="9.297371">
        <ele>869.462162</ele>
        <time>2026-01-16T00:01:05.233Z</time>
      </trkpt>
      <trkpt lat="46.788099" lon="9.297579">
        <ele>864.507703</ele>
        <time>2026-01-16T00:01:37.123Z</time>
      </trkpt>
      <trkpt lat="46.788158" lon="9.297786">
        <ele>863.134499</ele>
        <time>2026-01-16T00:01:41.100Z</time>
      </trkpt>
      <trkpt lat="46.788338" lon="9.297937">
        <ele>861.277772</ele>
        <time>2026-01-16T00:01:46.444Z</time>
      </trkpt>
      <trkpt lat="46.788514" lon="9.297572">
        <ele>858.543682</ele>
        <time>2026-01-16T00:01:49.133Z</time>
      </trkpt>
      <trkpt lat="46.788584" lon="9.297246">
        <ele>856.451272</ele>
        <time>2026-01-16T00:01:51.125Z</time>
      </trkpt>
      <trkpt lat="46.788595" lon="9.296943">
        <ele>854.592992</ele>
        <time>2026-01-16T00:01:52.868Z</time>
      </trkpt>
      <trkpt lat="46.788613" lon="9.296604">
        <ele>852.221806</ele>
        <time>2026-01-16T00:01:54.809Z</time>
      </trkpt>
      <trkpt lat="46.788684" lon="9.296325">
        <ele>849.789109</ele>
        <time>2026-01-16T00:01:56.508Z</time>
      </trkpt>
      <trkpt lat="46.788719" lon="9.296196">
        <ele>848.655022</ele>
        <time>2026-01-16T00:01:57.299Z</time>
      </trkpt>
      <trkpt lat="46.788764" lon="9.296015">
        <ele>847.081190</ele>
        <time>2026-01-16T00:01:58.399Z</time>
      </trkpt>
      <trkpt lat="46.788716" lon="9.295837">
        <ele>845.517617</ele>
        <time>2026-01-16T00:01:59.486Z</time>
      </trkpt>
      <trkpt lat="46.788653" lon="9.295730">
        <ele>844.364220</ele>
        <time>2026-01-16T00:02:00.284Z</time>
      </trkpt>
      <trkpt lat="46.788561" lon="9.295660">
        <ele>843.125937</ele>
        <time>2026-01-16T00:02:01.153Z</time>
      </trkpt>
      <trkpt lat="46.788467" lon="9.295656">
        <ele>842.003393</ele>
        <time>2026-01-16T00:02:01.929Z</time>
      </trkpt>
      <trkpt lat="46.788385" lon="9.295692">
        <ele>840.981302</ele>
        <time>2026-01-16T00:02:02.639Z</time>
      </trkpt>
      <trkpt lat="46.788040" lon="9.295913">
        <ele>836.484371</ele>
        <time>2026-01-16T00:02:05.797Z</time>
      </trkpt>
      <trkpt lat="46.787329" lon="9.296114">
        <ele>831.775686</ele>
        <time>2026-01-16T00:02:12.171Z</time>
      </trkpt>
      <trkpt lat="46.785337" lon="9.296453">
        <ele>834.529621</ele>
        <time>2026-01-16T00:02:59.381Z</time>
      </trkpt>
      <trkpt lat="46.784265" lon="9.296290">
        <ele>841.032946</ele>
        <time>2026-01-16T00:03:53.585Z</time>
      </trkpt>
      <trkpt lat="46.784000" lon="9.296230">
        <ele>841.944845</ele>
        <time>2026-01-16T00:04:06.192Z</time>
      </trkpt>
      <trkpt lat="46.783949" lon="9.296139">
        <ele>841.829680</ele>
        <time>2026-01-16T00:04:09.350Z</time>
      </trkpt>
      <trkpt lat="46.783939" lon="9.296070">
        <ele>841.760608</ele>
        <time>2026-01-16T00:04:10.962Z</time>
      </trkpt>
      <trkpt lat="46.783933" lon="9.295466">
        <ele>841.169019</ele>
        <time>2026-01-16T00:04:21.315Z</time>
      </trkpt>
      <trkpt lat="46.783961" lon="9.295314">
        <ele>841.014866</ele>
        <time>2026-01-16T00:04:22.819Z</time>
      </trkpt>
      <trkpt lat="46.784095" lon="9.295154">
        <ele>840.767311</ele>
        <time>2026-01-16T00:04:24.649Z</time>
      </trkpt>
      <trkpt lat="46.785429" lon="9.293760">
        <ele>834.931847</ele>
        <time>2026-01-16T00:04:39.562Z</time>
      </trkpt>
      <trkpt lat="46.786026" lon="9.293187">
        <ele>830.628475</ele>
        <time>2026-01-16T00:04:46.021Z</time>
      </trkpt>
      <trkpt lat="46.786324" lon="9.292694">
        <ele>828.125304</ele>
        <time>2026-01-16T00:04:50.235Z</time>
      </trkpt>
      <trkpt lat="46.786501" lon="9.292486">
        <ele>827.135194</ele>
        <time>2026-01-16T00:04:52.519Z</time>
      </trkpt>
      <trkpt lat="46.786671" lon="9.292343">
        <ele>826.280201</ele>
        <time>2026-01-16T00:04:54.524Z</time>
      </trkpt>
      <trkpt lat="46.786863" lon="9.292174">
        <ele>825.303210</ele>
        <time>2026-01-16T00:04:56.871Z</time>
      </trkpt>
      <trkpt lat="46.786971" lon="9.291967">
        <ele>824.526611</ele>
        <time>2026-01-16T00:04:58.733Z</time>
      </trkpt>
      <trkpt lat="46.787266" lon="9.290951">
        <ele>821.233450</ele>
        <time>2026-01-16T00:05:05.710Z</time>
      </trkpt>
      <trkpt lat="46.787404" lon="9.290735">
        <ele>820.464321</ele>
        <time>2026-01-16T00:05:07.723Z</time>
      </trkpt>
      <trkpt lat="46.787828" lon="9.290187">
        <ele>818.572170</ele>
        <time>2026-01-16T00:05:13.325Z</time>
      </trkpt>
      <trkpt lat="46.787913" lon="9.290025">
        <ele>818.105152</ele>
        <time>2026-01-16T00:05:14.695Z</time>
      </trkpt>
      <trkpt lat="46.787933" lon="9.289858">
        <ele>817.717217</ele>
        <time>2026-01-16T00:05:15.820Z</time>
      </trkpt>
      <trkpt lat="46.787926" lon="9.288916">
        <ele>815.561582</ele>
        <time>2026-01-16T00:05:22.284Z</time>
      </trkpt>
      <trkpt lat="46.787943" lon="9.288747">
        <ele>815.170721</ele>
        <time>2026-01-16T00:05:23.577Z</time>
      </trkpt>
      <trkpt lat="46.788007" lon="9.288490">
        <ele>814.737691</ele>
        <time>2026-01-16T00:05:25.817Z</time>
      </trkpt>
      <trkpt lat="46.788210" lon="9.288122">
        <ele>814.405496</ele>
        <time>2026-01-16T00:05:30.149Z</time>
      </trkpt>
      <trkpt lat="46.788470" lon="9.287759">
        <ele>814.036222</ele>
        <time>2026-01-16T00:05:34.779Z</time>
      </trkpt>
      <trkpt lat="46.788636" lon="9.287468">
        <ele>813.769974</ele>
        <time>2026-01-16T00:05:37.935Z</time>
      </trkpt>
      <trkpt lat="46.788685" lon="9.287304">
        <ele>813.644194</ele>
        <time>2026-01-16T00:05:39.391Z</time>
      </trkpt>
      <trkpt lat="46.788698" lon="9.287039">
        <ele>813.457437</ele>
        <time>2026-01-16T00:05:41.534Z</time>
      </trkpt>
      <trkpt lat="46.788465" lon="9.285588">
        <ele>812.813878</ele>
        <time>2026-01-16T00:05:54.393Z</time>
      </trkpt>
      <trkpt lat="46.788295" lon="9.284548">
        <ele>812.598135</ele>
        <time>2026-01-16T00:06:05.855Z</time>
      </trkpt>
      <trkpt lat="46.788229" lon="9.283993">
        <ele>812.484473</ele>
        <time>2026-01-16T00:06:11.756Z</time>
      </trkpt>
      <trkpt lat="46.788225" lon="9.283953">
        <ele>812.476316</ele>
        <time>2026-01-16T00:06:12.174Z</time>
      </trkpt>
      <trkpt lat="46.788188" lon="9.283615">
        <ele>812.210329</ele>
        <time>2026-01-16T00:06:15.391Z</time>
      </trkpt>
      <trkpt lat="46.788151" lon="9.283318">
        <ele>811.843962</ele>
        <time>2026-01-16T00:06:18.103Z</time>
      </trkpt>
      <trkpt lat="46.788078" lon="9.282754">
        <ele>811.147349</ele>
        <time>2026-01-16T00:06:22.870Z</time>
      </trkpt>
      <trkpt lat="46.787927" lon="9.282724">
        <ele>810.877234</ele>
        <time>2026-01-16T00:06:24.615Z</time>
      </trkpt>
      <trkpt lat="46.787764" lon="9.282708">
        <ele>810.587663</ele>
        <time>2026-01-16T00:06:26.439Z</time>
      </trkpt>
      <trkpt lat="46.787690" lon="9.282584">
        <ele>810.388033</ele>
        <time>2026-01-16T00:06:27.648Z</time>
      </trkpt>
      <trkpt lat="46.787630" lon="9.282432">
        <ele>810.175098</ele>
        <time>2026-01-16T00:06:28.899Z</time>
      </trkpt>
      <trkpt lat="46.787522" lon="9.281943">
        <ele>809.551514</ele>
        <time>2026-01-16T00:06:32.439Z</time>
      </trkpt>
      <trkpt lat="46.787476" lon="9.281611">
        <ele>809.041448</ele>
        <time>2026-01-16T00:06:34.786Z</time>
      </trkpt>
      <trkpt lat="46.787412" lon="9.281300">
        <ele>808.316733</ele>
        <time>2026-01-16T00:06:37.056Z</time>
      </trkpt>
      <trkpt lat="46.787424" lon="9.280921">
        <ele>807.470031</ele>
        <time>2026-01-16T00:06:39.812Z</time>
      </trkpt>
      <trkpt lat="46.787442" lon="9.280632">
        <ele>806.822418</ele>
        <time>2026-01-16T00:06:41.888Z</time>
      </trkpt>
      <trkpt lat="46.787201" lon="9.279772">
        <ele>804.748668</ele>
        <time>2026-01-16T00:06:48.358Z</time>
      </trkpt>
      <trkpt lat="46.787118" lon="9.279418">
        <ele>803.913624</ele>
        <time>2026-01-16T00:06:50.891Z</time>
      </trkpt>
      <trkpt lat="46.787056" lon="9.278986">
        <ele>802.734956</ele>
        <time>2026-01-16T00:06:53.863Z</time>
      </trkpt>
      <trkpt lat="46.787023" lon="9.278210">
        <ele>800.281187</ele>
        <time>2026-01-16T00:06:58.942Z</time>
      </trkpt>
      <trkpt lat="46.786994" lon="9.277683">
        <ele>798.612615</ele>
        <time>2026-01-16T00:07:02.278Z</time>
      </trkpt>
      <trkpt lat="46.786929" lon="9.276279">
        <ele>794.573478</ele>
        <time>2026-01-16T00:07:11.383Z</time>
      </trkpt>
      <trkpt lat="46.786693" lon="9.272007">
        <ele>787.453185</ele>
        <time>2026-01-16T00:07:43.348Z</time>
      </trkpt>
      <trkpt lat="46.786670" lon="9.271853">
        <ele>787.217011</ele>
        <time>2026-01-16T00:07:44.712Z</time>
      </trkpt>
      <trkpt lat="46.786583" lon="9.271675">
        <ele>786.889322</ele>
        <time>2026-01-16T00:07:46.509Z</time>
      </trkpt>
      <trkpt lat="46.786296" lon="9.271223">
        <ele>785.312618</ele>
        <time>2026-01-16T00:07:50.952Z</time>
      </trkpt>
      <trkpt lat="46.786251" lon="9.271047">
        <ele>784.648865</ele>
        <time>2026-01-16T00:07:52.228Z</time>
      </trkpt>
      <trkpt lat="46.786256" lon="9.270805">
        <ele>783.793478</ele>
        <time>2026-01-16T00:07:53.834Z</time>
      </trkpt>
      <trkpt lat="46.786389" lon="9.270325">
        <ele>781.964027</ele>
        <time>2026-01-16T00:07:57.200Z</time>
      </trkpt>
      <trkpt lat="46.786470" lon="9.269704">
        <ele>779.730559</ele>
        <time>2026-01-16T00:08:01.222Z</time>
      </trkpt>
      <trkpt lat="46.786466" lon="9.269144">
        <ele>777.751953</ele>
        <time>2026-01-16T00:08:04.682Z</time>
      </trkpt>
      <trkpt lat="46.786431" lon="9.268657">
        <ele>775.677606</ele>
        <time>2026-01-16T00:08:07.618Z</time>
      </trkpt>
      <trkpt lat="46.786256" lon="9.268033">
        <ele>772.578215</ele>
        <time>2026-01-16T00:08:11.704Z</time>
      </trkpt>
      <trkpt lat="46.786020" lon="9.267542">
        <ele>769.820859</ele>
        <time>2026-01-16T00:08:15.427Z</time>
      </trkpt>
      <trkpt lat="46.785906" lon="9.267028">
        <ele>767.337458</ele>
        <time>2026-01-16T00:08:18.842Z</time>
      </trkpt>
      <trkpt lat="46.785501" lon="9.266128">
        <ele>763.085168</ele>
        <time>2026-01-16T00:08:25.570Z</time>
      </trkpt>
      <trkpt lat="46.785385" lon="9.265943">
        <ele>762.229661</ele>
        <time>2026-01-16T00:08:27.205Z</time>
      </trkpt>
      <trkpt lat="46.784928" lon="9.265604">
        <ele>759.676671</ele>
        <time>2026-01-16T00:08:32.172Z</time>
      </trkpt>
      <trkpt lat="46.784742" lon="9.265416">
        <ele>758.550016</ele>
        <time>2026-01-16T00:08:34.345Z</time>
      </trkpt>
      <trkpt lat="46.784592" lon="9.265128">
        <ele>757.315938</ele>
        <time>2026-01-16T00:08:36.692Z</time>
      </trkpt>
      <trkpt lat="46.784537" lon="9.264840">
        <ele>756.296222</ele>
        <time>2026-01-16T00:08:38.628Z</time>
      </trkpt>
      <trkpt lat="46.784498" lon="9.264355">
        <ele>755.128263</ele>
        <time>2026-01-16T00:08:41.784Z</time>
      </trkpt>
      <trkpt lat="46.784329" lon="9.263813">
        <ele>753.769586</ele>
        <time>2026-01-16T00:08:45.661Z</time>
      </trkpt>
      <trkpt lat="46.784094" lon="9.263514">
        <ele>752.731157</ele>
        <time>2026-01-16T00:08:48.681Z</time>
      </trkpt>
      <trkpt lat="46.783287" lon="9.262664">
        <ele>749.722484</ele>
        <time>2026-01-16T00:08:59.710Z</time>
      </trkpt>
      <trkpt lat="46.782303" lon="9.261499">
        <ele>747.286180</ele>
        <time>2026-01-16T00:09:17.419Z</time>
      </trkpt>
      <trkpt lat="46.782132" lon="9.261202">
        <ele>746.775143</ele>
        <time>2026-01-16T00:09:19.967Z</time>
      </trkpt>
      <trkpt lat="46.782041" lon="9.260913">
        <ele>745.446727</ele>
        <time>2026-01-16T00:09:21.965Z</time>
      </trkpt>
      <trkpt lat="46.781850" lon="9.259692">
        <ele>739.186644</ele>
        <time>2026-01-16T00:09:29.506Z</time>
      </trkpt>
      <trkpt lat="46.781828" lon="9.259052">
        <ele>735.983726</ele>
        <time>2026-01-16T00:09:33.311Z</time>
      </trkpt>
      <trkpt lat="46.781787" lon="9.258693">
        <ele>734.164563</ele>
        <time>2026-01-16T00:09:35.516Z</time>
      </trkpt>
      <trkpt lat="46.781539" lon="9.257811">
        <ele>732.116215</ele>
        <time>2026-01-16T00:09:41.472Z</time>
      </trkpt>
      <trkpt lat="46.781456" lon="9.257566">
        <ele>731.643644</ele>
        <time>2026-01-16T00:09:43.312Z</time>
      </trkpt>
      <trkpt lat="46.781370" lon="9.257402">
        <ele>731.286525</ele>
        <time>2026-01-16T00:09:44.804Z</time>
      </trkpt>
      <trkpt lat="46.781027" lon="9.256944">
        <ele>730.113118</ele>
        <time>2026-01-16T00:09:50.172Z</time>
      </trkpt>
      <trkpt lat="46.780907" lon="9.256711">
        <ele>729.609077</ele>
        <time>2026-01-16T00:09:53.029Z</time>
      </trkpt>
      <trkpt lat="46.780820" lon="9.256368">
        <ele>729.073107</ele>
        <time>2026-01-16T00:09:57.736Z</time>
      </trkpt>
      <trkpt lat="46.780598" lon="9.254584">
        <ele>734.474890</ele>
        <time>2026-01-16T00:10:39.995Z</time>
      </trkpt>
      <trkpt lat="46.780553" lon="9.253590">
        <ele>736.992541</ele>
        <time>2026-01-16T00:11:06.278Z</time>
      </trkpt>
      <trkpt lat="46.780564" lon="9.252170">
        <ele>738.079597</ele>
        <time>2026-01-16T00:11:35.401Z</time>
      </trkpt>
      <trkpt lat="46.780543" lon="9.251968">
        <ele>738.235996</ele>
        <time>2026-01-16T00:11:37.467Z</time>
      </trkpt>
      <trkpt lat="46.780483" lon="9.251605">
        <ele>738.521846</ele>
        <time>2026-01-16T00:11:40.350Z</time>
      </trkpt>
      <trkpt lat="46.780392" lon="9.251319">
        <ele>738.763253</ele>
        <time>2026-01-16T00:11:42.473Z</time>
      </trkpt>
      <trkpt lat="46.780044" lon="9.250419">
        <ele>735.275423</ele>
        <time>2026-01-16T00:11:48.817Z</time>
      </trkpt>
      <trkpt lat="46.779886" lon="9.249683">
        <ele>732.292065</ele>
        <time>2026-01-16T00:11:53.421Z</time>
      </trkpt>
      <trkpt lat="46.779714" lon="9.248692">
        <ele>728.673477</ele>
        <time>2026-01-16T00:11:59.985Z</time>
      </trkpt>
      <trkpt lat="46.779305" lon="9.246333">
        <ele>728.271764</ele>
        <time>2026-01-16T00:12:34.623Z</time>
      </trkpt>
      <trkpt lat="46.779271" lon="9.246136">
        <ele>727.942729</ele>
        <time>2026-01-16T00:12:36.151Z</time>
      </trkpt>
      <trkpt lat="46.779189" lon="9.245452">
        <ele>725.791517</ele>
        <time>2026-01-16T00:12:40.824Z</time>
      </trkpt>
      <trkpt lat="46.779188" lon="9.245096">
        <ele>724.688641</ele>
        <time>2026-01-16T00:12:43.059Z</time>
      </trkpt>
      <trkpt lat="46.779279" lon="9.243273">
        <ele>719.875254</ele>
        <time>2026-01-16T00:12:54.506Z</time>
      </trkpt>
      <trkpt lat="46.779241" lon="9.242809">
        <ele>719.553209</ele>
        <time>2026-01-16T00:12:57.809Z</time>
      </trkpt>
      <trkpt lat="46.779144" lon="9.242350">
        <ele>719.222168</ele>
        <time>2026-01-16T00:13:01.475Z</time>
      </trkpt>
      <trkpt lat="46.779043" lon="9.242046">
        <ele>718.989312</ele>
        <time>2026-01-16T00:13:04.370Z</time>
      </trkpt>
      <trkpt lat="46.778805" lon="9.241564">
        <ele>718.579795</ele>
        <time>2026-01-16T00:13:10.914Z</time>
      </trkpt>
      <trkpt lat="46.778663" lon="9.241369">
        <ele>718.383632</ele>
        <time>2026-01-16T00:13:15.238Z</time>
      </trkpt>
      <trkpt lat="46.777989" lon="9.240662">
        <ele>723.257981</ele>
        <time>2026-01-16T00:13:45.922Z</time>
      </trkpt>
      <trkpt lat="46.777587" lon="9.240254">
        <ele>726.468176</ele>
        <time>2026-01-16T00:14:10.556Z</time>
      </trkpt>
      <trkpt lat="46.777183" lon="9.239718">
        <ele>730.047474</ele>
        <time>2026-01-16T00:14:39.332Z</time>
      </trkpt>
      <trkpt lat="46.776348" lon="9.238226">
        <ele>734.390004</ele>
        <time>2026-01-16T00:15:25.406Z</time>
      </trkpt>
      <trkpt lat="46.776207" lon="9.237944">
        <ele>735.171943</ele>
        <time>2026-01-16T00:15:27.967Z</time>
      </trkpt>
      <trkpt lat="46.776139" lon="9.237755">
        <ele>735.650062</ele>
        <time>2026-01-16T00:15:29.465Z</time>
      </trkpt>
      <trkpt lat="46.776056" lon="9.237317">
        <ele>735.951836</ele>
        <time>2026-01-16T00:15:32.621Z</time>
      </trkpt>
      <trkpt lat="46.776050" lon="9.236489">
        <ele>735.864850</ele>
        <time>2026-01-16T00:15:38.649Z</time>
      </trkpt>
      <trkpt lat="46.775960" lon="9.236243">
        <ele>735.835551</ele>
        <time>2026-01-16T00:15:41.144Z</time>
      </trkpt>
      <trkpt lat="46.775735" lon="9.235843">
        <ele>735.781175</ele>
        <time>2026-01-16T00:15:48.705Z</time>
      </trkpt>
      <trkpt lat="46.775640" lon="9.235518">
        <ele>735.744053</ele>
        <time>2026-01-16T00:15:55.046Z</time>
      </trkpt>
      <trkpt lat="46.775415" lon="9.234337">
        <ele>734.475651</ele>
        <time>2026-01-16T00:16:13.205Z</time>
      </trkpt>
      <trkpt lat="46.775392" lon="9.234037">
        <ele>734.054264</ele>
        <time>2026-01-16T00:16:15.776Z</time>
      </trkpt>
      <trkpt lat="46.775394" lon="9.233955">
        <ele>733.939727</ele>
        <time>2026-01-16T00:16:16.386Z</time>
      </trkpt>
      <trkpt lat="46.775443" lon="9.233557">
        <ele>733.375252</ele>
        <time>2026-01-16T00:16:19.248Z</time>
      </trkpt>
      <trkpt lat="46.775627" lon="9.232556">
        <ele>731.842927</ele>
        <time>2026-01-16T00:16:25.810Z</time>
      </trkpt>
      <trkpt lat="46.775802" lon="9.232166">
        <ele>730.701233</ele>
        <time>2026-01-16T00:16:28.720Z</time>
      </trkpt>
      <trkpt lat="46.776172" lon="9.231415">
        <ele>728.435908</ele>
        <time>2026-01-16T00:16:34.881Z</time>
      </trkpt>
      <trkpt lat="46.776217" lon="9.231242">
        <ele>727.982771</ele>
        <time>2026-01-16T00:16:36.210Z</time>
      </trkpt>
      <trkpt lat="46.775861" lon="9.230822">
        <ele>726.346375</ele>
        <time>2026-01-16T00:16:41.320Z</time>
      </trkpt>
      <trkpt lat="46.775687" lon="9.230442">
        <ele>725.385899</ele>
        <time>2026-01-16T00:16:44.899Z</time>
      </trkpt>
      <trkpt lat="46.775322" lon="9.229191">
        <ele>723.433393</ele>
        <time>2026-01-16T00:16:55.051Z</time>
      </trkpt>
      <trkpt lat="46.775177" lon="9.228542">
        <ele>722.453166</ele>
        <time>2026-01-16T00:17:00.105Z</time>
      </trkpt>
      <trkpt lat="46.774969" lon="9.227914">
        <ele>721.497040</ele>
        <time>2026-01-16T00:17:05.194Z</time>
      </trkpt>
      <trkpt lat="46.774481" lon="9.226964">
        <ele>719.991699</ele>
        <time>2026-01-16T00:17:14.090Z</time>
      </trkpt>
      <trkpt lat="46.774486" lon="9.226856">
        <ele>719.854482</ele>
        <time>2026-01-16T00:17:14.901Z</time>
      </trkpt>
      <trkpt lat="46.774203" lon="9.226352">
        <ele>719.028316</ele>
        <time>2026-01-16T00:17:20.003Z</time>
      </trkpt>
      <trkpt lat="46.773668" lon="9.225520">
        <ele>717.659582</ele>
        <time>2026-01-16T00:17:29.284Z</time>
      </trkpt>
      <trkpt lat="46.773592" lon="9.225366">
        <ele>717.439148</ele>
        <time>2026-01-16T00:17:30.812Z</time>
      </trkpt>
      <trkpt lat="46.773516" lon="9.225033">
        <ele>717.031525</ele>
        <time>2026-01-16T00:17:33.549Z</time>
      </trkpt>
      <trkpt lat="46.773490" lon="9.224526">
        <ele>716.441092</ele>
        <time>2026-01-16T00:17:37.449Z</time>
      </trkpt>
      <trkpt lat="46.773475" lon="9.222326">
        <ele>713.439913</ele>
        <time>2026-01-16T00:17:53.827Z</time>
      </trkpt>
      <trkpt lat="46.773449" lon="9.221551">
        <ele>712.283552</ele>
        <time>2026-01-16T00:17:59.524Z</time>
      </trkpt>
      <trkpt lat="46.773399" lon="9.221253">
        <ele>711.826312</ele>
        <time>2026-01-16T00:18:01.771Z</time>
      </trkpt>
      <trkpt lat="46.773310" lon="9.220999">
        <ele>711.420702</ele>
        <time>2026-01-16T00:18:03.860Z</time>
      </trkpt>
      <trkpt lat="46.772990" lon="9.220525">
        <ele>710.561749</ele>
        <time>2026-01-16T00:18:08.817Z</time>
      </trkpt>
      <trkpt lat="46.772866" lon="9.220278">
        <ele>710.166515</ele>
        <time>2026-01-16T00:18:11.135Z</time>
      </trkpt>
      <trkpt lat="46.772765" lon="9.219996">
        <ele>709.755817</ele>
        <time>2026-01-16T00:18:13.567Z</time>
      </trkpt>
      <trkpt lat="46.772717" lon="9.219621">
        <ele>709.263474</ele>
        <time>2026-01-16T00:18:16.495Z</time>
      </trkpt>
      <trkpt lat="46.772726" lon="9.219347">
        <ele>708.909452</ele>
        <time>2026-01-16T00:18:18.620Z</time>
      </trkpt>
      <trkpt lat="46.772767" lon="9.219127">
        <ele>708.615203</ele>
        <time>2026-01-16T00:18:20.385Z</time>
      </trkpt>
      <trkpt lat="46.772849" lon="9.218870">
        <ele>708.249302</ele>
        <time>2026-01-16T00:18:22.592Z</time>
      </trkpt>
      <trkpt lat="46.772983" lon="9.218599">
        <ele>707.845857</ele>
        <time>2026-01-16T00:18:25.220Z</time>
      </trkpt>
      <trkpt lat="46.774310" lon="9.216913">
        <ele>704.732185</ele>
        <time>2026-01-16T00:18:45.047Z</time>
      </trkpt>
      <trkpt lat="46.774457" lon="9.216646">
        <ele>704.207891</ele>
        <time>2026-01-16T00:18:47.595Z</time>
      </trkpt>
      <trkpt lat="46.774564" lon="9.216071">
        <ele>703.295982</ele>
        <time>2026-01-16T00:18:51.950Z</time>
      </trkpt>
      <trkpt lat="46.774573" lon="9.215798">
        <ele>702.877688</ele>
        <time>2026-01-16T00:18:53.929Z</time>
      </trkpt>
      <trkpt lat="46.774545" lon="9.214807">
        <ele>701.359732</ele>
        <time>2026-01-16T00:19:01.057Z</time>
      </trkpt>
      <trkpt lat="46.774514" lon="9.214217">
        <ele>700.682694</ele>
        <time>2026-01-16T00:19:05.519Z</time>
      </trkpt>
      <trkpt lat="46.774524" lon="9.213934">
        <ele>700.421826</ele>
        <time>2026-01-16T00:19:07.669Z</time>
      </trkpt>
      <trkpt lat="46.774469" lon="9.211752">
        <ele>698.690702</ele>
        <time>2026-01-16T00:19:25.486Z</time>
      </trkpt>
      <trkpt lat="46.774411" lon="9.211744">
        <ele>698.722545</ele>
        <time>2026-01-16T00:19:26.363Z</time>
      </trkpt>
      <trkpt lat="46.774387" lon="9.211262">
        <ele>698.903454</ele>
        <time>2026-01-16T00:19:31.552Z</time>
      </trkpt>
      <trkpt lat="46.774383" lon="9.211146">
        <ele>698.946933</ele>
        <time>2026-01-16T00:19:32.888Z</time>
      </trkpt>
      <trkpt lat="46.774381" lon="9.211104">
        <ele>698.962693</ele>
        <time>2026-01-16T00:19:33.371Z</time>
      </trkpt>
      <trkpt lat="46.774362" lon="9.210544">
        <ele>699.172582</ele>
        <time>2026-01-16T00:19:40.228Z</time>
      </trkpt>
      <trkpt lat="46.774362" lon="9.210530">
        <ele>699.177823</ele>
        <time>2026-01-16T00:19:40.422Z</time>
      </trkpt>
      <trkpt lat="46.774358" lon="9.210306">
        <ele>699.261704</ele>
        <time>2026-01-16T00:19:43.197Z</time>
      </trkpt>
      <trkpt lat="46.774326" lon="9.209195">
        <ele>699.730729</ele>
        <time>2026-01-16T00:19:58.603Z</time>
      </trkpt>
      <trkpt lat="46.774321" lon="9.209005">
        <ele>699.846202</ele>
        <time>2026-01-16T00:20:01.330Z</time>
      </trkpt>
      <trkpt lat="46.774315" lon="9.208777">
        <ele>699.984771</ele>
        <time>2026-01-16T00:20:04.585Z</time>
      </trkpt>
      <trkpt lat="46.774312" lon="9.208644">
        <ele>700.065587</ele>
        <time>2026-01-16T00:20:06.370Z</time>
      </trkpt>
      <trkpt lat="46.774308" lon="9.208499">
        <ele>700.153718</ele>
        <time>2026-01-16T00:20:08.284Z</time>
      </trkpt>
      <trkpt lat="46.774298" lon="9.208060">
        <ele>700.420473</ele>
        <time>2026-01-16T00:20:13.847Z</time>
      </trkpt>
      <trkpt lat="46.774278" lon="9.207553">
        <ele>700.728889</ele>
        <time>2026-01-16T00:20:19.498Z</time>
      </trkpt>
      <trkpt lat="46.774270" lon="9.207343">
        <ele>700.856621</ele>
        <time>2026-01-16T00:20:21.822Z</time>
      </trkpt>
      <trkpt lat="46.774267" lon="9.207174">
        <ele>700.959291</ele>
        <time>2026-01-16T00:20:23.733Z</time>
      </trkpt>
      <trkpt lat="46.774261" lon="9.206978">
        <ele>701.078442</ele>
        <time>2026-01-16T00:20:26.118Z</time>
      </trkpt>
      <trkpt lat="46.774252" lon="9.206720">
        <ele>701.177575</ele>
        <time>2026-01-16T00:20:29.524Z</time>
      </trkpt>
      <trkpt lat="46.774248" lon="9.206604">
        <ele>701.161818</ele>
        <time>2026-01-16T00:20:31.065Z</time>
      </trkpt>
      <trkpt lat="46.774240" lon="9.206319">
        <ele>701.123122</ele>
        <time>2026-01-16T00:20:34.521Z</time>
      </trkpt>
      <trkpt lat="46.774233" lon="9.206066">
        <ele>701.088771</ele>
        <time>2026-01-16T00:20:37.470Z</time>
      </trkpt>
      <trkpt lat="46.774231" lon="9.205995">
        <ele>701.079131</ele>
        <time>2026-01-16T00:20:38.357Z</time>
      </trkpt>
      <trkpt lat="46.774224" lon="9.205739">
        <ele>701.044374</ele>
        <time>2026-01-16T00:20:41.245Z</time>
      </trkpt>
      <trkpt lat="46.774222" lon="9.205633">
        <ele>701.029988</ele>
        <time>2026-01-16T00:20:42.343Z</time>
      </trkpt>
      <trkpt lat="46.774218" lon="9.205492">
        <ele>701.010843</ele>
        <time>2026-01-16T00:20:43.914Z</time>
      </trkpt>
      <trkpt lat="46.774208" lon="9.205120">
        <ele>700.960338</ele>
        <time>2026-01-16T00:20:47.427Z</time>
      </trkpt>
      <trkpt lat="46.774207" lon="9.204998">
        <ele>700.943786</ele>
        <time>2026-01-16T00:20:48.478Z</time>
      </trkpt>
      <trkpt lat="46.774225" lon="9.204855">
        <ele>700.924061</ele>
        <time>2026-01-16T00:20:49.728Z</time>
      </trkpt>
      <trkpt lat="46.774267" lon="9.204745">
        <ele>700.906976</ele>
        <time>2026-01-16T00:20:50.774Z</time>
      </trkpt>
      <trkpt lat="46.774343" lon="9.204662">
        <ele>700.888177</ele>
        <time>2026-01-16T00:20:51.957Z</time>
      </trkpt>
      <trkpt lat="46.774415" lon="9.204629">
        <ele>700.873228</ele>
        <time>2026-01-16T00:20:52.855Z</time>
      </trkpt>
      <trkpt lat="46.774500" lon="9.204623">
        <ele>700.856372</ele>
        <time>2026-01-16T00:20:53.888Z</time>
      </trkpt>
      <trkpt lat="46.774677" lon="9.204619">
        <ele>700.837496</ele>
        <time>2026-01-16T00:20:55.911Z</time>
      </trkpt>
      <trkpt lat="46.774716" lon="9.204589">
        <ele>700.842186</ele>
        <time>2026-01-16T00:20:56.399Z</time>
      </trkpt>
      <trkpt lat="46.774775" lon="9.204622">
        <ele>700.848907</ele>
        <time>2026-01-16T00:20:57.105Z</time>
      </trkpt>
      <trkpt lat="46.775070" lon="9.204614">
        <ele>700.880296</ele>
        <time>2026-01-16T00:21:00.426Z</time>
      </trkpt>
      <trkpt lat="46.775224" lon="9.204614">
        <ele>700.896680</ele>
        <time>2026-01-16T00:21:02.253Z</time>
      </trkpt>
      <trkpt lat="46.775362" lon="9.204616">
        <ele>700.911362</ele>
        <time>2026-01-16T00:21:04.057Z</time>
      </trkpt>
      <trkpt lat="46.775372" lon="9.204614">
        <ele>700.912436</ele>
        <time>2026-01-16T00:21:04.199Z</time>
      </trkpt>
      <trkpt lat="46.775906" lon="9.204606">
        <ele>700.969249</ele>
        <time>2026-01-16T00:21:12.559Z</time>
      </trkpt>
      <trkpt lat="46.775941" lon="9.204605">
        <ele>700.972973</ele>
        <time>2026-01-16T00:21:13.207Z</time>
      </trkpt>
      <trkpt lat="46.775993" lon="9.204603">
        <ele>700.978507</ele>
        <time>2026-01-16T00:21:14.159Z</time>
      </trkpt>
      <trkpt lat="46.776088" lon="9.204578">
        <ele>700.988777</ele>
        <time>2026-01-16T00:21:16.125Z</time>
      </trkpt>
      <trkpt lat="46.776084" lon="9.203995">
        <ele>701.124510</ele>
        <time>2026-01-16T00:21:25.031Z</time>
      </trkpt>
      <trkpt lat="46.775935" lon="9.203177">
        <ele>701.899231</ele>
        <time>2026-01-16T00:21:39.376Z</time>
      </trkpt>
      <trkpt lat="46.775866" lon="9.202919">
        <ele>702.152738</ele>
        <time>2026-01-16T00:21:44.342Z</time>
      </trkpt>
      <trkpt lat="46.775590" lon="9.202139">
        <ele>702.956312</ele>
        <time>2026-01-16T00:21:56.511Z</time>
      </trkpt>
      <trkpt lat="46.775545" lon="9.201849">
        <ele>703.228471</ele>
        <time>2026-01-16T00:21:59.592Z</time>
      </trkpt>
      <trkpt lat="46.775531" lon="9.201320">
        <ele>703.352152</ele>
        <time>2026-01-16T00:22:04.338Z</time>
      </trkpt>
      <trkpt lat="46.775482" lon="9.201013">
        <ele>703.276666</ele>
        <time>2026-01-16T00:22:07.103Z</time>
      </trkpt>
      <trkpt lat="46.775394" lon="9.199963">
        <ele>703.023353</ele>
        <time>2026-01-16T00:22:16.598Z</time>
      </trkpt>
      <trkpt lat="46.775391" lon="9.199355">
        <ele>702.877755</ele>
        <time>2026-01-16T00:22:21.881Z</time>
      </trkpt>
      <trkpt lat="46.775372" lon="9.199147">
        <ele>702.827505</ele>
        <time>2026-01-16T00:22:23.707Z</time>
      </trkpt>
      <trkpt lat="46.775384" lon="9.198362">
        <ele>703.312666</ele>
        <time>2026-01-16T00:22:31.954Z</time>
      </trkpt>
      <trkpt lat="46.775486" lon="9.197446">
        <ele>704.033686</ele>
        <time>2026-01-16T00:22:44.585Z</time>
      </trkpt>
      <trkpt lat="46.775487" lon="9.197204">
        <ele>704.221708</ele>
        <time>2026-01-16T00:22:48.243Z</time>
      </trkpt>
      <trkpt lat="46.775450" lon="9.196959">
        <ele>704.416630</ele>
        <time>2026-01-16T00:22:52.151Z</time>
      </trkpt>
      <trkpt lat="46.775401" lon="9.196799">
        <ele>704.552803</ele>
        <time>2026-01-16T00:22:54.912Z</time>
      </trkpt>
      <trkpt lat="46.775095" lon="9.195992">
        <ele>705.347810</ele>
        <time>2026-01-16T00:23:09.628Z</time>
      </trkpt>
      <trkpt lat="46.775044" lon="9.195778">
        <ele>705.555855</ele>
        <time>2026-01-16T00:23:13.098Z</time>
      </trkpt>
      <trkpt lat="46.775036" lon="9.195620">
        <ele>705.701322</ele>
        <time>2026-01-16T00:23:15.439Z</time>
      </trkpt>
      <trkpt lat="46.775086" lon="9.195020">
        <ele>706.256288</ele>
        <time>2026-01-16T00:23:23.722Z</time>
      </trkpt>
      <trkpt lat="46.775284" lon="9.193516">
        <ele>707.779241</ele>
        <time>2026-01-16T00:23:41.970Z</time>
      </trkpt>
      <trkpt lat="46.775571" lon="9.192543">
        <ele>709.027195</ele>
        <time>2026-01-16T00:23:58.149Z</time>
      </trkpt>
      <trkpt lat="46.775589" lon="9.192419">
        <ele>709.176508</ele>
        <time>2026-01-16T00:24:00.338Z</time>
      </trkpt>
      <trkpt lat="46.775572" lon="9.192138">
        <ele>709.508807</ele>
        <time>2026-01-16T00:24:05.115Z</time>
      </trkpt>
      <trkpt lat="46.775646" lon="9.191931">
        <ele>709.783867</ele>
        <time>2026-01-16T00:24:09.159Z</time>
      </trkpt>
      <trkpt lat="46.775702" lon="9.191549">
        <ele>710.244045</ele>
        <time>2026-01-16T00:24:15.740Z</time>
      </trkpt>
      <trkpt lat="46.775742" lon="9.191109">
        <ele>710.593326</ele>
        <time>2026-01-16T00:24:22.852Z</time>
      </trkpt>
      <trkpt lat="46.775787" lon="9.188440">
        <ele>712.420815</ele>
        <time>2026-01-16T00:24:54.725Z</time>
      </trkpt>
      <trkpt lat="46.775809" lon="9.186610">
        <ele>713.566346</ele>
        <time>2026-01-16T00:25:18.906Z</time>
      </trkpt>
      <trkpt lat="46.775848" lon="9.186212">
        <ele>713.812178</ele>
        <time>2026-01-16T00:25:24.070Z</time>
      </trkpt>
      <trkpt lat="46.775925" lon="9.185809">
        <ele>713.799595</ele>
        <time>2026-01-16T00:25:28.909Z</time>
      </trkpt>
      <trkpt lat="46.775942" lon="9.185509">
        <ele>713.790542</ele>
        <time>2026-01-16T00:25:32.146Z</time>
      </trkpt>
      <trkpt lat="46.775840" lon="9.184425">
        <ele>713.757633</ele>
        <time>2026-01-16T00:25:42.824Z</time>
      </trkpt>
      <trkpt lat="46.775819" lon="9.184238">
        <ele>713.751934</ele>
        <time>2026-01-16T00:25:44.401Z</time>
      </trkpt>
      <trkpt lat="46.775462" lon="9.181021">
        <ele>713.194523</ele>
        <time>2026-01-16T00:26:14.227Z</time>
      </trkpt>
      <trkpt lat="46.775304" lon="9.179627">
        <ele>713.986279</ele>
        <time>2026-01-16T00:26:31.666Z</time>
      </trkpt>
      <trkpt lat="46.775158" lon="9.178249">
        <ele>714.888932</ele>
        <time>2026-01-16T00:26:50.301Z</time>
      </trkpt>
      <trkpt lat="46.775098" lon="9.177747">
        <ele>715.484559</ele>
        <time>2026-01-16T00:26:57.240Z</time>
      </trkpt>
      <trkpt lat="46.775037" lon="9.177680">
        <ele>715.614833</ele>
        <time>2026-01-16T00:26:58.807Z</time>
      </trkpt>
      <trkpt lat="46.774780" lon="9.177558">
        <ele>716.076048</ele>
        <time>2026-01-16T00:27:04.330Z</time>
      </trkpt>
      <trkpt lat="46.774857" lon="9.176987">
        <ele>716.756276</ele>
        <time>2026-01-16T00:27:12.771Z</time>
      </trkpt>
      <trkpt lat="46.774966" lon="9.175411">
        <ele>719.480428</ele>
        <time>2026-01-16T00:27:38.804Z</time>
      </trkpt>
      <trkpt lat="46.775074" lon="9.174818">
        <ele>720.907186</ele>
        <time>2026-01-16T00:27:50.937Z</time>
      </trkpt>
      <trkpt lat="46.775294" lon="9.174226">
        <ele>722.473285</ele>
        <time>2026-01-16T00:28:05.784Z</time>
      </trkpt>
      <trkpt lat="46.775932" lon="9.173056">
        <ele>725.115432</ele>
        <time>2026-01-16T00:28:37.266Z</time>
      </trkpt>
      <trkpt lat="46.776558" lon="9.171983">
        <ele>727.100600</ele>
        <time>2026-01-16T00:28:58.592Z</time>
      </trkpt>
      <trkpt lat="46.776650" lon="9.171771">
        <ele>727.454067</ele>
        <time>2026-01-16T00:29:00.840Z</time>
      </trkpt>
      <trkpt lat="46.776674" lon="9.171713">
        <ele>727.518855</ele>
        <time>2026-01-16T00:29:01.431Z</time>
      </trkpt>
      <trkpt lat="46.776828" lon="9.171169">
        <ele>726.971151</ele>
        <time>2026-01-16T00:29:06.220Z</time>
      </trkpt>
      <trkpt lat="46.776876" lon="9.170841">
        <ele>726.659075</ele>
        <time>2026-01-16T00:29:08.912Z</time>
      </trkpt>
      <trkpt lat="46.776891" lon="9.170418">
        <ele>726.264969</ele>
        <time>2026-01-16T00:29:12.250Z</time>
      </trkpt>
      <trkpt lat="46.776871" lon="9.169978">
        <ele>725.854671</ele>
        <time>2026-01-16T00:29:15.544Z</time>
      </trkpt>
      <trkpt lat="46.776613" lon="9.167927">
        <ele>724.329721</ele>
        <time>2026-01-16T00:29:31.422Z</time>
      </trkpt>
      <trkpt lat="46.776523" lon="9.166964">
        <ele>723.745599</ele>
        <time>2026-01-16T00:29:39.863Z</time>
      </trkpt>
      <trkpt lat="46.776483" lon="9.166030">
        <ele>723.971509</ele>
        <time>2026-01-16T00:29:52.003Z</time>
      </trkpt>
      <trkpt lat="46.776556" lon="9.164055">
        <ele>725.659435</ele>
        <time>2026-01-16T00:30:21.942Z</time>
      </trkpt>
      <trkpt lat="46.776498" lon="9.163241">
        <ele>725.600395</ele>
        <time>2026-01-16T00:30:30.514Z</time>
      </trkpt>
      <trkpt lat="46.776071" lon="9.160768">
        <ele>725.378815</ele>
        <time>2026-01-16T00:30:52.646Z</time>
      </trkpt>
      <trkpt lat="46.776040" lon="9.160150">
        <ele>725.555573</ele>
        <time>2026-01-16T00:30:58.720Z</time>
      </trkpt>
      <trkpt lat="46.776092" lon="9.159452">
        <ele>725.755855</ele>
        <time>2026-01-16T00:31:07.475Z</time>
      </trkpt>
      <trkpt lat="46.776170" lon="9.159038">
        <ele>725.878337</ele>
        <time>2026-01-16T00:31:13.682Z</time>
      </trkpt>
      <trkpt lat="46.776254" lon="9.158760">
        <ele>725.998362</ele>
        <time>2026-01-16T00:31:18.386Z</time>
      </trkpt>
      <trkpt lat="46.776850" lon="9.157424">
        <ele>727.275254</ele>
        <time>2026-01-16T00:31:40.008Z</time>
      </trkpt>
      <trkpt lat="46.776961" lon="9.157106">
        <ele>727.561089</ele>
        <time>2026-01-16T00:31:44.756Z</time>
      </trkpt>
      <trkpt lat="46.777039" lon="9.156791">
        <ele>727.829334</ele>
        <time>2026-01-16T00:31:49.034Z</time>
      </trkpt>
      <trkpt lat="46.777092" lon="9.156416">
        <ele>728.179019</ele>
        <time>2026-01-16T00:31:53.644Z</time>
      </trkpt>
      <trkpt lat="46.777135" lon="9.154800">
        <ele>730.121367</ele>
        <time>2026-01-16T00:32:14.314Z</time>
      </trkpt>
      <trkpt lat="46.777084" lon="9.153923">
        <ele>731.178471</ele>
        <time>2026-01-16T00:32:30.677Z</time>
      </trkpt>
      <trkpt lat="46.777022" lon="9.153512">
        <ele>732.012925</ele>
        <time>2026-01-16T00:32:38.963Z</time>
      </trkpt>
      <trkpt lat="46.776828" lon="9.152641">
        <ele>733.867400</ele>
        <time>2026-01-16T00:32:57.120Z</time>
      </trkpt>
      <trkpt lat="46.776514" lon="9.151813">
        <ele>735.783763</ele>
        <time>2026-01-16T00:33:14.662Z</time>
      </trkpt>
      <trkpt lat="46.776106" lon="9.150948">
        <ele>737.328614</ele>
        <time>2026-01-16T00:33:30.723Z</time>
      </trkpt>
      <trkpt lat="46.775747" lon="9.150132">
        <ele>738.469545</ele>
        <time>2026-01-16T00:33:44.495Z</time>
      </trkpt>
      <trkpt lat="46.775641" lon="9.149755">
        <ele>738.948962</ele>
        <time>2026-01-16T00:33:50.439Z</time>
      </trkpt>
      <trkpt lat="46.775570" lon="9.149351">
        <ele>739.439621</ele>
        <time>2026-01-16T00:33:56.669Z</time>
      </trkpt>
      <trkpt lat="46.775534" lon="9.148705">
        <ele>739.767242</ele>
        <time>2026-01-16T00:34:06.467Z</time>
      </trkpt>
      <trkpt lat="46.775619" lon="9.147336">
        <ele>740.193722</ele>
        <time>2026-01-16T00:34:23.837Z</time>
      </trkpt>
      <trkpt lat="46.775623" lon="9.147263">
        <ele>740.216443</ele>
        <time>2026-01-16T00:34:24.582Z</time>
      </trkpt>
      <trkpt lat="46.775691" lon="9.146320">
        <ele>740.179162</ele>
        <time>2026-01-16T00:34:32.738Z</time>
      </trkpt>
      <trkpt lat="46.775760" lon="9.145263">
        <ele>739.213717</ele>
        <time>2026-01-16T00:34:40.463Z</time>
      </trkpt>
      <trkpt lat="46.775843" lon="9.143923">
        <ele>738.048238</ele>
        <time>2026-01-16T00:34:51.444Z</time>
      </trkpt>
      <trkpt lat="46.775892" lon="9.143485">
        <ele>738.131828</ele>
        <time>2026-01-16T00:34:55.792Z</time>
      </trkpt>
      <trkpt lat="46.775944" lon="9.143128">
        <ele>738.200573</ele>
        <time>2026-01-16T00:34:59.873Z</time>
      </trkpt>
      <trkpt lat="46.776089" lon="9.142508">
        <ele>738.323971</ele>
        <time>2026-01-16T00:35:08.067Z</time>
      </trkpt>
      <trkpt lat="46.776702" lon="9.140373">
        <ele>738.971916</ele>
        <time>2026-01-16T00:35:34.424Z</time>
      </trkpt>
      <trkpt lat="46.776765" lon="9.139989">
        <ele>739.115704</ele>
        <time>2026-01-16T00:35:38.758Z</time>
      </trkpt>
      <trkpt lat="46.776785" lon="9.139532">
        <ele>739.282458</ele>
        <time>2026-01-16T00:35:44.006Z</time>
      </trkpt>
      <trkpt lat="46.776765" lon="9.139112">
        <ele>739.435769</ele>
        <time>2026-01-16T00:35:48.939Z</time>
      </trkpt>
      <trkpt lat="46.776687" lon="9.138684">
        <ele>739.833614</ele>
        <time>2026-01-16T00:35:54.131Z</time>
      </trkpt>
      <trkpt lat="46.776561" lon="9.138254">
        <ele>740.378024</ele>
        <time>2026-01-16T00:36:00.419Z</time>
      </trkpt>
      <trkpt lat="46.776193" lon="9.137261">
        <ele>741.692260</ele>
        <time>2026-01-16T00:36:19.519Z</time>
      </trkpt>
      <trkpt lat="46.775878" lon="9.136250">
        <ele>742.764978</ele>
        <time>2026-01-16T00:36:36.758Z</time>
      </trkpt>
      <trkpt lat="46.775015" lon="9.132854">
        <ele>745.556323</ele>
        <time>2026-01-16T00:37:18.778Z</time>
      </trkpt>
      <trkpt lat="46.774907" lon="9.132050">
        <ele>746.443738</ele>
        <time>2026-01-16T00:37:32.534Z</time>
      </trkpt>
      <trkpt lat="46.774873" lon="9.131569">
        <ele>746.944467</ele>
        <time>2026-01-16T00:37:41.870Z</time>
      </trkpt>
      <trkpt lat="46.774865" lon="9.130039">
        <ele>747.889521</ele>
        <time>2026-01-16T00:38:09.615Z</time>
      </trkpt>
      <trkpt lat="46.774836" lon="9.129235">
        <ele>748.386811</ele>
        <time>2026-01-16T00:38:16.564Z</time>
      </trkpt>
      <trkpt lat="46.774791" lon="9.128792">
        <ele>748.053332</ele>
        <time>2026-01-16T00:38:19.717Z</time>
      </trkpt>
      <trkpt lat="46.774636" lon="9.127861">
        <ele>745.810101</ele>
        <time>2026-01-16T00:38:26.001Z</time>
      </trkpt>
      <trkpt lat="46.774505" lon="9.127342">
        <ele>744.515065</ele>
        <time>2026-01-16T00:38:29.575Z</time>
      </trkpt>
      <trkpt lat="46.774381" lon="9.126924">
        <ele>743.448534</ele>
        <time>2026-01-16T00:38:32.567Z</time>
      </trkpt>
      <trkpt lat="46.774158" lon="9.126349">
        <ele>742.552247</ele>
        <time>2026-01-16T00:38:37.373Z</time>
      </trkpt>
      <trkpt lat="46.773843" lon="9.125603">
        <ele>743.249290</ele>
        <time>2026-01-16T00:38:46.781Z</time>
      </trkpt>
      <trkpt lat="46.773178" lon="9.124088">
        <ele>744.856004</ele>
        <time>2026-01-16T00:39:19.113Z</time>
      </trkpt>
      <trkpt lat="46.772984" lon="9.123549">
        <ele>745.755917</ele>
        <time>2026-01-16T00:39:29.824Z</time>
      </trkpt>
      <trkpt lat="46.772238" lon="9.121206">
        <ele>749.776092</ele>
        <time>2026-01-16T00:40:08.743Z</time>
      </trkpt>
      <trkpt lat="46.771938" lon="9.120256">
        <ele>751.578066</ele>
        <time>2026-01-16T00:40:28.442Z</time>
      </trkpt>
      <trkpt lat="46.771834" lon="9.119896">
        <ele>752.251087</ele>
        <time>2026-01-16T00:40:35.659Z</time>
      </trkpt>
      <trkpt lat="46.771272" lon="9.117611">
        <ele>756.551205</ele>
        <time>2026-01-16T00:41:15.452Z</time>
      </trkpt>
      <trkpt lat="46.771024" lon="9.116740">
        <ele>757.769604</ele>
        <time>2026-01-16T00:41:33.825Z</time>
      </trkpt>
      <trkpt lat="46.770696" lon="9.115961">
        <ele>758.287331</ele>
        <time>2026-01-16T00:41:50.717Z</time>
      </trkpt>
      <trkpt lat="46.770550" lon="9.115696">
        <ele>758.479885</ele>
        <time>2026-01-16T00:41:55.595Z</time>
      </trkpt>
      <trkpt lat="46.769910" lon="9.114694">
        <ele>758.555426</ele>
        <time>2026-01-16T00:42:05.916Z</time>
      </trkpt>
      <trkpt lat="46.769628" lon="9.114155">
        <ele>757.682796</ele>
        <time>2026-01-16T00:42:10.491Z</time>
      </trkpt>
      <trkpt lat="46.769187" lon="9.113146">
        <ele>756.142850</ele>
        <time>2026-01-16T00:42:19.123Z</time>
      </trkpt>
      <trkpt lat="46.768243" lon="9.111434">
        <ele>757.202448</ele>
        <time>2026-01-16T00:42:48.952Z</time>
      </trkpt>
      <trkpt lat="46.768089" lon="9.111087">
        <ele>757.551231</ele>
        <time>2026-01-16T00:42:55.687Z</time>
      </trkpt>
      <trkpt lat="46.767839" lon="9.110338">
        <ele>758.183247</ele>
        <time>2026-01-16T00:43:08.477Z</time>
      </trkpt>
      <trkpt lat="46.767694" lon="9.109708">
        <ele>758.638249</ele>
        <time>2026-01-16T00:43:18.029Z</time>
      </trkpt>
      <trkpt lat="46.767497" lon="9.108664">
        <ele>759.379611</ele>
        <time>2026-01-16T00:43:31.625Z</time>
      </trkpt>
      <trkpt lat="46.767278" lon="9.107930">
        <ele>759.274870</ele>
        <time>2026-01-16T00:43:39.812Z</time>
      </trkpt>
      <trkpt lat="46.766975" lon="9.107247">
        <ele>758.387658</ele>
        <time>2026-01-16T00:43:46.692Z</time>
      </trkpt>
      <trkpt lat="46.765995" lon="9.105534">
        <ele>756.527854</ele>
        <time>2026-01-16T00:44:02.759Z</time>
      </trkpt>
      <trkpt lat="46.765802" lon="9.105036">
        <ele>756.320747</ele>
        <time>2026-01-16T00:44:07.319Z</time>
      </trkpt>
      <trkpt lat="46.765709" lon="9.104662">
        <ele>756.176730</ele>
        <time>2026-01-16T00:44:11.069Z</time>
      </trkpt>
      <trkpt lat="46.765488" lon="9.103036">
        <ele>756.722892</ele>
        <time>2026-01-16T00:44:35.615Z</time>
      </trkpt>
      <trkpt lat="46.765353" lon="9.102510">
        <ele>757.335055</ele>
        <time>2026-01-16T00:44:44.927Z</time>
      </trkpt>
      <trkpt lat="46.765159" lon="9.102070">
        <ele>757.905327</ele>
        <time>2026-01-16T00:44:52.730Z</time>
      </trkpt>
      <trkpt lat="46.764571" lon="9.101189">
        <ele>759.209215</ele>
        <time>2026-01-16T00:45:08.865Z</time>
      </trkpt>
      <trkpt lat="46.764387" lon="9.100867">
        <ele>759.634109</ele>
        <time>2026-01-16T00:45:14.296Z</time>
      </trkpt>
      <trkpt lat="46.764236" lon="9.100542">
        <ele>760.032026</ele>
        <time>2026-01-16T00:45:19.531Z</time>
      </trkpt>
      <trkpt lat="46.764092" lon="9.100163">
        <ele>760.471176</ele>
        <time>2026-01-16T00:45:25.687Z</time>
      </trkpt>
      <trkpt lat="46.763454" lon="9.098152">
        <ele>762.250688</ele>
        <time>2026-01-16T00:46:00.021Z</time>
      </trkpt>
      <trkpt lat="46.763259" lon="9.097691">
        <ele>762.607584</ele>
        <time>2026-01-16T00:46:06.733Z</time>
      </trkpt>
      <trkpt lat="46.762959" lon="9.097131">
        <ele>763.075872</ele>
        <time>2026-01-16T00:46:13.709Z</time>
      </trkpt>
      <trkpt lat="46.762071" lon="9.095841">
        <ele>762.228209</ele>
        <time>2026-01-16T00:46:29.085Z</time>
      </trkpt>
      <trkpt lat="46.761852" lon="9.095466">
        <ele>761.981568</ele>
        <time>2026-01-16T00:46:33.238Z</time>
      </trkpt>
      <trkpt lat="46.761660" lon="9.095054">
        <ele>761.859506</ele>
        <time>2026-01-16T00:46:37.672Z</time>
      </trkpt>
      <trkpt lat="46.761510" lon="9.094664">
        <ele>762.054899</ele>
        <time>2026-01-16T00:46:41.931Z</time>
      </trkpt>
      <trkpt lat="46.761036" lon="9.093139">
        <ele>762.786488</ele>
        <time>2026-01-16T00:47:01.172Z</time>
      </trkpt>
      <trkpt lat="46.760705" lon="9.092345">
        <ele>763.952531</ele>
        <time>2026-01-16T00:47:16.378Z</time>
      </trkpt>
      <trkpt lat="46.760239" lon="9.091258">
        <ele>766.248022</ele>
        <time>2026-01-16T00:47:41.740Z</time>
      </trkpt>
      <trkpt lat="46.759796" lon="9.090248">
        <ele>767.743817</ele>
        <time>2026-01-16T00:48:01.796Z</time>
      </trkpt>
      <trkpt lat="46.759493" lon="9.089670">
        <ele>767.912014</ele>
        <time>2026-01-16T00:48:10.052Z</time>
      </trkpt>
      <trkpt lat="46.758876" lon="9.088626">
        <ele>768.230659</ele>
        <time>2026-01-16T00:48:22.505Z</time>
      </trkpt>
      <trkpt lat="46.758729" lon="9.088311">
        <ele>768.163983</ele>
        <time>2026-01-16T00:48:25.896Z</time>
      </trkpt>
      <trkpt lat="46.758619" lon="9.087999">
        <ele>768.051038</ele>
        <time>2026-01-16T00:48:29.095Z</time>
      </trkpt>
      <trkpt lat="46.758517" lon="9.087592">
        <ele>767.911542</ele>
        <time>2026-01-16T00:48:33.139Z</time>
      </trkpt>
      <trkpt lat="46.757805" lon="9.083591">
        <ele>766.989995</ele>
        <time>2026-01-16T00:49:10.855Z</time>
      </trkpt>
      <trkpt lat="46.757743" lon="9.083038">
        <ele>767.687600</ele>
        <time>2026-01-16T00:49:18.059Z</time>
      </trkpt>
      <trkpt lat="46.757749" lon="9.082481">
        <ele>768.463040</ele>
        <time>2026-01-16T00:49:26.511Z</time>
      </trkpt>
      <trkpt lat="46.757813" lon="9.082006">
        <ele>769.136906</ele>
        <time>2026-01-16T00:49:34.922Z</time>
      </trkpt>
      <trkpt lat="46.758097" lon="9.080494">
        <ele>771.262282</ele>
        <time>2026-01-16T00:50:03.559Z</time>
      </trkpt>
      <trkpt lat="46.758142" lon="9.079994">
        <ele>771.905707</ele>
        <time>2026-01-16T00:50:11.965Z</time>
      </trkpt>
      <trkpt lat="46.758146" lon="9.079609">
        <ele>772.396980</ele>
        <time>2026-01-16T00:50:17.919Z</time>
      </trkpt>
      <trkpt lat="46.758029" lon="9.076457">
        <ele>775.173292</ele>
        <time>2026-01-16T00:50:59.807Z</time>
      </trkpt>
      <trkpt lat="46.758000" lon="9.075619">
        <ele>775.594553</ele>
        <time>2026-01-16T00:51:09.768Z</time>
      </trkpt>
      <trkpt lat="46.757979" lon="9.074811">
        <ele>775.449843</ele>
        <time>2026-01-16T00:51:17.894Z</time>
      </trkpt>
      <trkpt lat="46.757994" lon="9.073297">
        <ele>775.178858</ele>
        <time>2026-01-16T00:51:31.115Z</time>
      </trkpt>
      <trkpt lat="46.757946" lon="9.072694">
        <ele>775.266333</ele>
        <time>2026-01-16T00:51:36.865Z</time>
      </trkpt>
      <trkpt lat="46.757822" lon="9.072022">
        <ele>775.459660</ele>
        <time>2026-01-16T00:51:44.057Z</time>
      </trkpt>
      <trkpt lat="46.757575" lon="9.071184">
        <ele>775.713079</ele>
        <time>2026-01-16T00:51:55.557Z</time>
      </trkpt>
      <trkpt lat="46.757483" lon="9.070867">
        <ele>775.808715</ele>
        <time>2026-01-16T00:52:00.018Z</time>
      </trkpt>
      <trkpt lat="46.757141" lon="9.069768">
        <ele>776.483100</ele>
        <time>2026-01-16T00:52:14.950Z</time>
      </trkpt>
      <trkpt lat="46.756897" lon="9.068973">
        <ele>777.031664</ele>
        <time>2026-01-16T00:52:25.935Z</time>
      </trkpt>
      <trkpt lat="46.756757" lon="9.068430">
        <ele>777.397013</ele>
        <time>2026-01-16T00:52:33.289Z</time>
      </trkpt>
      <trkpt lat="46.756671" lon="9.067928">
        <ele>777.872988</ele>
        <time>2026-01-16T00:52:39.837Z</time>
      </trkpt>
      <trkpt lat="46.756652" lon="9.067431">
        <ele>778.429964</ele>
        <time>2026-01-16T00:52:46.567Z</time>
      </trkpt>
      <trkpt lat="46.756718" lon="9.066851">
        <ele>779.087839</ele>
        <time>2026-01-16T00:52:54.950Z</time>
      </trkpt>
      <trkpt lat="46.757086" lon="9.065422">
        <ele>780.921998</ele>
        <time>2026-01-16T00:53:19.009Z</time>
      </trkpt>
      <trkpt lat="46.757170" lon="9.064979">
        <ele>781.633393</ele>
        <time>2026-01-16T00:53:26.898Z</time>
      </trkpt>
      <trkpt lat="46.757218" lon="9.064580">
        <ele>782.260362</ele>
        <time>2026-01-16T00:53:33.763Z</time>
      </trkpt>
      <trkpt lat="46.757242" lon="9.063973">
        <ele>783.201360</ele>
        <time>2026-01-16T00:53:43.789Z</time>
      </trkpt>
      <trkpt lat="46.757210" lon="9.063383">
        <ele>784.117343</ele>
        <time>2026-01-16T00:53:53.439Z</time>
      </trkpt>
      <trkpt lat="46.757107" lon="9.062685">
        <ele>785.219634</ele>
        <time>2026-01-16T00:54:04.914Z</time>
      </trkpt>
      <trkpt lat="46.757000" lon="9.062255">
        <ele>785.924850</ele>
        <time>2026-01-16T00:54:11.906Z</time>
      </trkpt>
      <trkpt lat="46.756811" lon="9.061698">
        <ele>786.883013</ele>
        <time>2026-01-16T00:54:21.373Z</time>
      </trkpt>
      <trkpt lat="46.756640" lon="9.061313">
        <ele>787.590305</ele>
        <time>2026-01-16T00:54:28.677Z</time>
      </trkpt>
      <trkpt lat="46.755552" lon="9.059277">
        <ele>792.384530</ele>
        <time>2026-01-16T00:55:14.947Z</time>
      </trkpt>
      <trkpt lat="46.755333" lon="9.058927">
        <ele>793.313907</ele>
        <time>2026-01-16T00:55:23.766Z</time>
      </trkpt>
      <trkpt lat="46.755158" lon="9.058697">
        <ele>794.061289</ele>
        <time>2026-01-16T00:55:29.962Z</time>
      </trkpt>
      <trkpt lat="46.754887" lon="9.058418">
        <ele>795.275605</ele>
        <time>2026-01-16T00:55:38.427Z</time>
      </trkpt>
      <trkpt lat="46.753976" lon="9.057711">
        <ele>799.053592</ele>
        <time>2026-01-16T00:56:08.141Z</time>
      </trkpt>
      <trkpt lat="46.753603" lon="9.057349">
        <ele>801.168608</ele>
        <time>2026-01-16T00:56:22.694Z</time>
      </trkpt>
      <trkpt lat="46.753306" lon="9.056974">
        <ele>804.390730</ele>
        <time>2026-01-16T00:56:36.745Z</time>
      </trkpt>
      <trkpt lat="46.753044" lon="9.056556">
        <ele>807.575472</ele>
        <time>2026-01-16T00:56:54.220Z</time>
      </trkpt>
      <trkpt lat="46.752803" lon="9.056045">
        <ele>811.062850</ele>
        <time>2026-01-16T00:57:17.210Z</time>
      </trkpt>
      <trkpt lat="46.752695" lon="9.055768">
        <ele>812.854493</ele>
        <time>2026-01-16T00:57:29.860Z</time>
      </trkpt>
      <trkpt lat="46.752516" lon="9.055103">
        <ele>816.897845</ele>
        <time>2026-01-16T00:58:01.235Z</time>
      </trkpt>
      <trkpt lat="46.752145" lon="9.053472">
        <ele>826.702766</ele>
        <time>2026-01-16T00:59:04.232Z</time>
      </trkpt>
      <trkpt lat="46.751816" lon="9.052327">
        <ele>831.071432</ele>
        <time>2026-01-16T00:59:28.605Z</time>
      </trkpt>
      <trkpt lat="46.751359" lon="9.049930">
        <ele>833.957293</ele>
        <time>2026-01-16T01:00:05.299Z</time>
      </trkpt>
      <trkpt lat="46.750396" lon="9.046156">
        <ele>832.492227</ele>
        <time>2026-01-16T01:00:37.962Z</time>
      </trkpt>
      <trkpt lat="46.749896" lon="9.043414">
        <ele>835.166056</ele>
        <time>2026-01-16T01:01:16.796Z</time>
      </trkpt>
      <trkpt lat="46.749291" lon="9.040729">
        <ele>841.514596</ele>
        <time>2026-01-16T01:02:21.172Z</time>
      </trkpt>
      <trkpt lat="46.748988" lon="9.039541">
        <ele>840.865174</ele>
        <time>2026-01-16T01:02:34.044Z</time>
      </trkpt>
      <trkpt lat="46.748842" lon="9.038754">
        <ele>839.733589</ele>
        <time>2026-01-16T01:02:39.579Z</time>
      </trkpt>
      <trkpt lat="46.748681" lon="9.037060">
        <ele>838.324078</ele>
        <time>2026-01-16T01:02:50.959Z</time>
      </trkpt>
      <trkpt lat="46.748578" lon="9.036580">
        <ele>838.178577</ele>
        <time>2026-01-16T01:02:55.251Z</time>
      </trkpt>
      <trkpt lat="46.748453" lon="9.036174">
        <ele>838.049820</ele>
        <time>2026-01-16T01:03:00.065Z</time>
      </trkpt>
      <trkpt lat="46.748343" lon="9.035890">
        <ele>837.955449</ele>
        <time>2026-01-16T01:03:04.411Z</time>
      </trkpt>
      <trkpt lat="46.748123" lon="9.035437">
        <ele>838.154341</ele>
        <time>2026-01-16T01:03:13.960Z</time>
      </trkpt>
      <trkpt lat="46.747457" lon="9.034512">
        <ele>843.640536</ele>
        <time>2026-01-16T01:03:51.565Z</time>
      </trkpt>
      <trkpt lat="46.747009" lon="9.033702">
        <ele>847.896773</ele>
        <time>2026-01-16T01:04:24.741Z</time>
      </trkpt>
      <trkpt lat="46.746215" lon="9.032167">
        <ele>851.313214</ele>
        <time>2026-01-16T01:05:08.452Z</time>
      </trkpt>
      <trkpt lat="46.745497" lon="9.030167">
        <ele>851.338480</ele>
        <time>2026-01-16T01:05:24.217Z</time>
      </trkpt>
      <trkpt lat="46.745393" lon="9.029796">
        <ele>850.958179</ele>
        <time>2026-01-16T01:05:27.516Z</time>
      </trkpt>
      <trkpt lat="46.745124" lon="9.028494">
        <ele>850.439890</ele>
        <time>2026-01-16T01:05:44.383Z</time>
      </trkpt>
      <trkpt lat="46.744682" lon="9.027239">
        <ele>851.148462</ele>
        <time>2026-01-16T01:06:05.947Z</time>
      </trkpt>
      <trkpt lat="46.744539" lon="9.026604">
        <ele>851.484112</ele>
        <time>2026-01-16T01:06:14.794Z</time>
      </trkpt>
      <trkpt lat="46.744268" lon="9.025078">
        <ele>845.584005</ele>
        <time>2026-01-16T01:06:25.432Z</time>
      </trkpt>
      <trkpt lat="46.744227" lon="9.024544">
        <ele>843.553431</ele>
        <time>2026-01-16T01:06:28.646Z</time>
      </trkpt>
      <trkpt lat="46.744270" lon="9.024163">
        <ele>842.094263</ele>
        <time>2026-01-16T01:06:30.939Z</time>
      </trkpt>
      <trkpt lat="46.744334" lon="9.023924">
        <ele>841.022097</ele>
        <time>2026-01-16T01:06:32.447Z</time>
      </trkpt>
      <trkpt lat="46.744657" lon="9.023126">
        <ele>836.717378</ele>
        <time>2026-01-16T01:06:37.886Z</time>
      </trkpt>
      <trkpt lat="46.744727" lon="9.022887">
        <ele>835.510166</ele>
        <time>2026-01-16T01:06:39.445Z</time>
      </trkpt>
      <trkpt lat="46.744764" lon="9.022600">
        <ele>834.153774</ele>
        <time>2026-01-16T01:06:41.250Z</time>
      </trkpt>
      <trkpt lat="46.744732" lon="9.022186">
        <ele>832.218705</ele>
        <time>2026-01-16T01:06:43.950Z</time>
      </trkpt>
      <trkpt lat="46.744613" lon="9.021847">
        <ele>830.449605</ele>
        <time>2026-01-16T01:06:46.542Z</time>
      </trkpt>
      <trkpt lat="46.744425" lon="9.021569">
        <ele>829.271206</ele>
        <time>2026-01-16T01:06:49.463Z</time>
      </trkpt>
      <trkpt lat="46.744264" lon="9.021431">
        <ele>829.085161</ele>
        <time>2026-01-16T01:06:51.881Z</time>
      </trkpt>
      <trkpt lat="46.743762" lon="9.021167">
        <ele>828.553482</ele>
        <time>2026-01-16T01:06:58.751Z</time>
      </trkpt>
      <trkpt lat="46.743593" lon="9.021043">
        <ele>828.365005</ele>
        <time>2026-01-16T01:07:01.259Z</time>
      </trkpt>
      <trkpt lat="46.743501" lon="9.020950">
        <ele>828.253491</ele>
        <time>2026-01-16T01:07:02.722Z</time>
      </trkpt>
      <trkpt lat="46.743331" lon="9.020709">
        <ele>828.017334</ele>
        <time>2026-01-16T01:07:05.991Z</time>
      </trkpt>
      <trkpt lat="46.743200" lon="9.020423">
        <ele>827.782447</ele>
        <time>2026-01-16T01:07:09.146Z</time>
      </trkpt>
      <trkpt lat="46.743115" lon="9.020112">
        <ele>827.561843</ele>
        <time>2026-01-16T01:07:12.345Z</time>
      </trkpt>
      <trkpt lat="46.742601" lon="9.017510">
        <ele>826.288177</ele>
        <time>2026-01-16T01:07:35.154Z</time>
      </trkpt>
      <trkpt lat="46.742556" lon="9.017283">
        <ele>826.426914</ele>
        <time>2026-01-16T01:07:37.526Z</time>
      </trkpt>
      <trkpt lat="46.742501" lon="9.016758">
        <ele>826.738726</ele>
        <time>2026-01-16T01:07:43.404Z</time>
      </trkpt>
      <trkpt lat="46.742538" lon="9.016245">
        <ele>827.041574</ele>
        <time>2026-01-16T01:07:49.875Z</time>
      </trkpt>
      <trkpt lat="46.742861" lon="9.014119">
        <ele>829.459757</ele>
        <time>2026-01-16T01:08:22.251Z</time>
      </trkpt>
      <trkpt lat="46.742891" lon="9.013923">
        <ele>829.813544</ele>
        <time>2026-01-16T01:08:25.651Z</time>
      </trkpt>
      <trkpt lat="46.742931" lon="9.013643">
        <ele>830.317404</ele>
        <time>2026-01-16T01:08:30.616Z</time>
      </trkpt>
      <trkpt lat="46.742977" lon="9.013301">
        <ele>830.931375</ele>
        <time>2026-01-16T01:08:36.901Z</time>
      </trkpt>
      <trkpt lat="46.743030" lon="9.012862">
        <ele>831.716639</ele>
        <time>2026-01-16T01:08:45.281Z</time>
      </trkpt>
      <trkpt lat="46.743330" lon="9.009373">
        <ele>839.237296</ele>
        <time>2026-01-16T01:09:55.929Z</time>
      </trkpt>
      <trkpt lat="46.743370" lon="9.009090">
        <ele>839.536511</ele>
        <time>2026-01-16T01:10:00.733Z</time>
      </trkpt>
      <trkpt lat="46.743487" lon="9.008603">
        <ele>840.070893</ele>
        <time>2026-01-16T01:10:08.552Z</time>
      </trkpt>
      <trkpt lat="46.743603" lon="9.008284">
        <ele>840.444843</ele>
        <time>2026-01-16T01:10:13.242Z</time>
      </trkpt>
      <trkpt lat="46.744070" lon="9.007409">
        <ele>841.464764</ele>
        <time>2026-01-16T01:10:24.238Z</time>
      </trkpt>
      <trkpt lat="46.744415" lon="9.006811">
        <ele>841.679355</ele>
        <time>2026-01-16T01:10:32.044Z</time>
      </trkpt>
      <trkpt lat="46.744616" lon="9.006412">
        <ele>841.815298</ele>
        <time>2026-01-16T01:10:37.554Z</time>
      </trkpt>
      <trkpt lat="46.744635" lon="9.006469">
        <ele>841.832698</ele>
        <time>2026-01-16T01:10:38.190Z</time>
      </trkpt>
      <trkpt lat="46.744656" lon="9.006414">
        <ele>841.849982</ele>
        <time>2026-01-16T01:10:38.978Z</time>
      </trkpt>
      <trkpt lat="46.744750" lon="9.006163">
        <ele>841.928503</ele>
        <time>2026-01-16T01:10:42.238Z</time>
      </trkpt>
      <trkpt lat="46.744864" lon="9.005717">
        <ele>842.059175</ele>
        <time>2026-01-16T01:10:47.876Z</time>
      </trkpt>
      <trkpt lat="46.744912" lon="9.005373">
        <ele>842.212060</ele>
        <time>2026-01-16T01:10:52.347Z</time>
      </trkpt>
      <trkpt lat="46.744928" lon="9.005039">
        <ele>842.616765</ele>
        <time>2026-01-16T01:10:56.758Z</time>
      </trkpt>
      <trkpt lat="46.744927" lon="9.004928">
        <ele>842.750947</ele>
        <time>2026-01-16T01:10:58.246Z</time>
      </trkpt>
      <trkpt lat="46.744888" lon="9.004017">
        <ele>843.854257</ele>
        <time>2026-01-16T01:11:11.927Z</time>
      </trkpt>
      <trkpt lat="46.744943" lon="9.003596">
        <ele>844.372303</ele>
        <time>2026-01-16T01:11:19.266Z</time>
      </trkpt>
      <trkpt lat="46.745002" lon="9.003282">
        <ele>844.765857</ele>
        <time>2026-01-16T01:11:24.605Z</time>
      </trkpt>
      <trkpt lat="46.745062" lon="9.003091">
        <ele>845.019830</ele>
        <time>2026-01-16T01:11:27.944Z</time>
      </trkpt>
      <trkpt lat="46.745352" lon="9.002331">
        <ele>846.811991</ele>
        <time>2026-01-16T01:11:41.212Z</time>
      </trkpt>
      <trkpt lat="46.745420" lon="9.002083">
        <ele>847.449684</ele>
        <time>2026-01-16T01:11:45.718Z</time>
      </trkpt>
      <trkpt lat="46.745439" lon="9.001794">
        <ele>848.142786</ele>
        <time>2026-01-16T01:11:51.177Z</time>
      </trkpt>
      <trkpt lat="46.745429" lon="9.001630">
        <ele>848.535853</ele>
        <time>2026-01-16T01:11:54.518Z</time>
      </trkpt>
      <trkpt lat="46.745371" lon="9.001294">
        <ele>849.363051</ele>
        <time>2026-01-16T01:12:01.717Z</time>
      </trkpt>
      <trkpt lat="46.745246" lon="9.000911">
        <ele>850.375808</ele>
        <time>2026-01-16T01:12:10.717Z</time>
      </trkpt>
      <trkpt lat="46.745437" lon="9.000636">
        <ele>851.310581</ele>
        <time>2026-01-16T01:12:19.687Z</time>
      </trkpt>
      <trkpt lat="46.745547" lon="9.000332">
        <ele>852.141298</ele>
        <time>2026-01-16T01:12:28.279Z</time>
      </trkpt>
      <trkpt lat="46.745646" lon="8.999834">
        <ele>853.401581</ele>
        <time>2026-01-16T01:12:41.126Z</time>
      </trkpt>
      <trkpt lat="46.745699" lon="8.999392">
        <ele>854.492173</ele>
        <time>2026-01-16T01:12:52.633Z</time>
      </trkpt>
      <trkpt lat="46.745738" lon="8.999031">
        <ele>855.380409</ele>
        <time>2026-01-16T01:13:01.291Z</time>
      </trkpt>
      <trkpt lat="46.745522" lon="8.998739">
        <ele>856.424740</ele>
        <time>2026-01-16T01:13:09.411Z</time>
      </trkpt>
      <trkpt lat="46.745275" lon="8.998295">
        <ele>857.814724</ele>
        <time>2026-01-16T01:13:17.360Z</time>
      </trkpt>
      <trkpt lat="46.745165" lon="8.998152">
        <ele>857.836858</ele>
        <time>2026-01-16T01:13:19.653Z</time>
      </trkpt>
      <trkpt lat="46.744948" lon="8.997828">
        <ele>857.486785</ele>
        <time>2026-01-16T01:13:23.457Z</time>
      </trkpt>
      <trkpt lat="46.744516" lon="8.997653">
        <ele>856.981235</ele>
        <time>2026-01-16T01:13:28.444Z</time>
      </trkpt>
      <trkpt lat="46.744413" lon="8.997571">
        <ele>856.848932</ele>
        <time>2026-01-16T01:13:29.758Z</time>
      </trkpt>
      <trkpt lat="46.744356" lon="8.997516">
        <ele>856.771878</ele>
        <time>2026-01-16T01:13:30.529Z</time>
      </trkpt>
      <trkpt lat="46.744234" lon="8.997355">
        <ele>856.586400</ele>
        <time>2026-01-16T01:13:32.388Z</time>
      </trkpt>
      <trkpt lat="46.744160" lon="8.997181">
        <ele>856.428160</ele>
        <time>2026-01-16T01:13:33.998Z</time>
      </trkpt>
      <trkpt lat="46.743768" lon="8.995479">
        <ele>854.602763</ele>
        <time>2026-01-16T01:13:47.873Z</time>
      </trkpt>
      <trkpt lat="46.743603" lon="8.995111">
        <ele>854.095477</ele>
        <time>2026-01-16T01:13:51.156Z</time>
      </trkpt>
      <trkpt lat="46.743407" lon="8.994828">
        <ele>853.631342</ele>
        <time>2026-01-16T01:13:54.217Z</time>
      </trkpt>
      <trkpt lat="46.743359" lon="8.994523">
        <ele>853.270358</ele>
        <time>2026-01-16T01:13:56.669Z</time>
      </trkpt>
      <trkpt lat="46.743339" lon="8.994365">
        <ele>853.085018</ele>
        <time>2026-01-16T01:13:57.929Z</time>
      </trkpt>
      <trkpt lat="46.743298" lon="8.994286">
        <ele>852.970705</ele>
        <time>2026-01-16T01:13:58.710Z</time>
      </trkpt>
      <trkpt lat="46.743249" lon="8.994266">
        <ele>852.902357</ele>
        <time>2026-01-16T01:13:59.276Z</time>
      </trkpt>
      <trkpt lat="46.743248" lon="8.994218">
        <ele>852.904567</ele>
        <time>2026-01-16T01:13:59.674Z</time>
      </trkpt>
      <trkpt lat="46.743217" lon="8.993129">
        <ele>852.954724</ele>
        <time>2026-01-16T01:14:08.991Z</time>
      </trkpt>
      <trkpt lat="46.743190" lon="8.991768">
        <ele>853.017380</ele>
        <time>2026-01-16T01:14:26.065Z</time>
      </trkpt>
      <trkpt lat="46.743131" lon="8.991004">
        <ele>854.091630</ele>
        <time>2026-01-16T01:14:36.307Z</time>
      </trkpt>
      <trkpt lat="46.743079" lon="8.990341">
        <ele>855.175833</ele>
        <time>2026-01-16T01:14:47.677Z</time>
      </trkpt>
      <trkpt lat="46.743021" lon="8.989670">
        <ele>856.274641</ele>
        <time>2026-01-16T01:15:00.271Z</time>
      </trkpt>
      <trkpt lat="46.742978" lon="8.989192">
        <ele>857.057908</ele>
        <time>2026-01-16T01:15:09.434Z</time>
      </trkpt>
      <trkpt lat="46.742954" lon="8.989020">
        <ele>857.339843</ele>
        <time>2026-01-16T01:15:12.653Z</time>
      </trkpt>
      <trkpt lat="46.742914" lon="8.988865">
        <ele>857.593404</ele>
        <time>2026-01-16T01:15:15.662Z</time>
      </trkpt>
      <trkpt lat="46.742693" lon="8.988111">
        <ele>858.848878</ele>
        <time>2026-01-16T01:15:29.954Z</time>
      </trkpt>
      <trkpt lat="46.742605" lon="8.987809">
        <ele>859.351281</ele>
        <time>2026-01-16T01:15:35.511Z</time>
      </trkpt>
      <trkpt lat="46.742431" lon="8.987144">
        <ele>860.441041</ele>
        <time>2026-01-16T01:15:46.572Z</time>
      </trkpt>
      <trkpt lat="46.742418" lon="8.987042">
        <ele>860.599874</ele>
        <time>2026-01-16T01:15:48.210Z</time>
      </trkpt>
      <trkpt lat="46.742414" lon="8.987016">
        <ele>860.640669</ele>
        <time>2026-01-16T01:15:48.643Z</time>
      </trkpt>
      <trkpt lat="46.742394" lon="8.986615">
        <ele>861.256200</ele>
        <time>2026-01-16T01:15:55.126Z</time>
      </trkpt>
      <trkpt lat="46.742487" lon="8.985161">
        <ele>861.754115</ele>
        <time>2026-01-16T01:16:12.899Z</time>
      </trkpt>
      <trkpt lat="46.742486" lon="8.985135">
        <ele>861.762302</ele>
        <time>2026-01-16T01:16:13.169Z</time>
      </trkpt>
      <trkpt lat="46.742483" lon="8.985065">
        <ele>861.784351</ele>
        <time>2026-01-16T01:16:13.932Z</time>
      </trkpt>
      <trkpt lat="46.742385" lon="8.984616">
        <ele>861.932489</ele>
        <time>2026-01-16T01:16:18.684Z</time>
      </trkpt>
      <trkpt lat="46.742371" lon="8.984503">
        <ele>861.968589</ele>
        <time>2026-01-16T01:16:19.748Z</time>
      </trkpt>
      <trkpt lat="46.742359" lon="8.984143">
        <ele>862.081896</ele>
        <time>2026-01-16T01:16:23.056Z</time>
      </trkpt>
      <trkpt lat="46.742380" lon="8.983774">
        <ele>862.373185</ele>
        <time>2026-01-16T01:16:26.424Z</time>
      </trkpt>
      <trkpt lat="46.742441" lon="8.983377">
        <ele>862.829530</ele>
        <time>2026-01-16T01:16:30.052Z</time>
      </trkpt>
      <trkpt lat="46.742571" lon="8.982701">
        <ele>863.617044</ele>
        <time>2026-01-16T01:16:37.950Z</time>
      </trkpt>
      <trkpt lat="46.742603" lon="8.982429">
        <ele>863.926591</ele>
        <time>2026-01-16T01:16:42.411Z</time>
      </trkpt>
      <trkpt lat="46.742585" lon="8.981825">
        <ele>864.604696</ele>
        <time>2026-01-16T01:16:53.611Z</time>
      </trkpt>
      <trkpt lat="46.742161" lon="8.979158">
        <ele>871.751983</ele>
        <time>2026-01-16T01:17:53.177Z</time>
      </trkpt>
      <trkpt lat="46.742038" lon="8.978770">
        <ele>872.990141</ele>
        <time>2026-01-16T01:18:02.809Z</time>
      </trkpt>
      <trkpt lat="46.741890" lon="8.978435">
        <ele>874.161461</ele>
        <time>2026-01-16T01:18:11.656Z</time>
      </trkpt>
      <trkpt lat="46.741231" lon="8.977452">
        <ele>878.202669</ele>
        <time>2026-01-16T01:18:41.616Z</time>
      </trkpt>
      <trkpt lat="46.741194" lon="8.977398">
        <ele>878.427077</ele>
        <time>2026-01-16T01:18:43.200Z</time>
      </trkpt>
      <trkpt lat="46.740874" lon="8.976930">
        <ele>880.374557</ele>
        <time>2026-01-16T01:18:57.261Z</time>
      </trkpt>
      <trkpt lat="46.740656" lon="8.976550">
        <ele>882.094962</ele>
        <time>2026-01-16T01:19:08.337Z</time>
      </trkpt>
      <trkpt lat="46.739643" lon="8.974457">
        <ele>890.922830</ele>
        <time>2026-01-16T01:20:11.835Z</time>
      </trkpt>
      <trkpt lat="46.739520" lon="8.974204">
        <ele>891.952318</ele>
        <time>2026-01-16T01:20:19.378Z</time>
      </trkpt>
      <trkpt lat="46.739454" lon="8.974066">
        <ele>892.510818</ele>
        <time>2026-01-16T01:20:23.480Z</time>
      </trkpt>
      <trkpt lat="46.738971" lon="8.973069">
        <ele>896.562974</ele>
        <time>2026-01-16T01:20:52.389Z</time>
      </trkpt>
      <trkpt lat="46.738898" lon="8.972941">
        <ele>897.115646</ele>
        <time>2026-01-16T01:20:56.133Z</time>
      </trkpt>
      <trkpt lat="46.738681" lon="8.972673">
        <ele>898.439814</ele>
        <time>2026-01-16T01:21:04.914Z</time>
      </trkpt>
      <trkpt lat="46.738410" lon="8.972499">
        <ele>899.642402</ele>
        <time>2026-01-16T01:21:13.985Z</time>
      </trkpt>
      <trkpt lat="46.737770" lon="8.972280">
        <ele>902.312453</ele>
        <time>2026-01-16T01:21:34.551Z</time>
      </trkpt>
      <trkpt lat="46.737477" lon="8.972126">
        <ele>903.577403</ele>
        <time>2026-01-16T01:21:44.296Z</time>
      </trkpt>
      <trkpt lat="46.737191" lon="8.971897">
        <ele>904.902479</ele>
        <time>2026-01-16T01:21:54.332Z</time>
      </trkpt>
      <trkpt lat="46.736688" lon="8.971310">
        <ele>906.941957</ele>
        <time>2026-01-16T01:22:13.909Z</time>
      </trkpt>
      <trkpt lat="46.736592" lon="8.971194">
        <ele>907.305589</ele>
        <time>2026-01-16T01:22:17.577Z</time>
      </trkpt>
      <trkpt lat="46.735819" lon="8.970252">
        <ele>910.243773</ele>
        <time>2026-01-16T01:22:42.108Z</time>
      </trkpt>
      <trkpt lat="46.735303" lon="8.969499">
        <ele>913.115640</ele>
        <time>2026-01-16T01:22:59.427Z</time>
      </trkpt>
      <trkpt lat="46.735006" lon="8.968931">
        <ele>915.185783</ele>
        <time>2026-01-16T01:23:14.564Z</time>
      </trkpt>
      <trkpt lat="46.734645" lon="8.968011">
        <ele>918.257596</ele>
        <time>2026-01-16T01:23:42.047Z</time>
      </trkpt>
      <trkpt lat="46.734517" lon="8.967567">
        <ele>920.154458</ele>
        <time>2026-01-16T01:23:55.929Z</time>
      </trkpt>
      <trkpt lat="46.734039" lon="8.965533">
        <ele>928.733069</ele>
        <time>2026-01-16T01:24:51.868Z</time>
      </trkpt>
      <trkpt lat="46.733991" lon="8.965330">
        <ele>929.558528</ele>
        <time>2026-01-16T01:24:57.006Z</time>
      </trkpt>
      <trkpt lat="46.733690" lon="8.964248">
        <ele>934.034392</ele>
        <time>2026-01-16T01:25:26.748Z</time>
      </trkpt>
      <trkpt lat="46.733660" lon="8.964023">
        <ele>934.912979</ele>
        <time>2026-01-16T01:25:32.725Z</time>
      </trkpt>
      <trkpt lat="46.733679" lon="8.963702">
        <ele>936.147944</ele>
        <time>2026-01-16T01:25:41.134Z</time>
      </trkpt>
      <trkpt lat="46.733929" lon="8.962719">
        <ele>939.901710</ele>
        <time>2026-01-16T01:26:07.924Z</time>
      </trkpt>
      <trkpt lat="46.733960" lon="8.962533">
        <ele>940.487487</ele>
        <time>2026-01-16T01:26:12.681Z</time>
      </trkpt>
      <trkpt lat="46.733951" lon="8.962245">
        <ele>941.369727</ele>
        <time>2026-01-16T01:26:19.674Z</time>
      </trkpt>
      <trkpt lat="46.733811" lon="8.961701">
        <ele>943.147941</ele>
        <time>2026-01-16T01:26:32.225Z</time>
      </trkpt>
      <trkpt lat="46.733805" lon="8.961675">
        <ele>943.231894</ele>
        <time>2026-01-16T01:26:32.819Z</time>
      </trkpt>
      <trkpt lat="46.733790" lon="8.961522">
        <ele>943.704865</ele>
        <time>2026-01-16T01:26:35.973Z</time>
      </trkpt>
      <trkpt lat="46.733792" lon="8.961329">
        <ele>944.295544</ele>
        <time>2026-01-16T01:26:39.878Z</time>
      </trkpt>
      <trkpt lat="46.733816" lon="8.960834">
        <ele>945.814111</ele>
        <time>2026-01-16T01:26:49.761Z</time>
      </trkpt>
      <trkpt lat="46.733864" lon="8.960404">
        <ele>947.165833</ele>
        <time>2026-01-16T01:26:58.776Z</time>
      </trkpt>
      <trkpt lat="46.734155" lon="8.959558">
        <ele>950.265172</ele>
        <time>2026-01-16T01:27:20.174Z</time>
      </trkpt>
      <trkpt lat="46.734266" lon="8.958824">
        <ele>952.726311</ele>
        <time>2026-01-16T01:27:38.592Z</time>
      </trkpt>
      <trkpt lat="46.734301" lon="8.958671">
        <ele>953.254445</ele>
        <time>2026-01-16T01:27:42.644Z</time>
      </trkpt>
      <trkpt lat="46.734561" lon="8.957919">
        <ele>955.859991</ele>
        <time>2026-01-16T01:28:03.182Z</time>
      </trkpt>
      <trkpt lat="46.734605" lon="8.957685">
        <ele>956.429118</ele>
        <time>2026-01-16T01:28:08.894Z</time>
      </trkpt>
      <trkpt lat="46.734601" lon="8.957248">
        <ele>957.454191</ele>
        <time>2026-01-16T01:28:19.036Z</time>
      </trkpt>
      <trkpt lat="46.734474" lon="8.956287">
        <ele>959.749734</ele>
        <time>2026-01-16T01:28:36.658Z</time>
      </trkpt>
      <trkpt lat="46.734400" lon="8.955823">
        <ele>960.867123</ele>
        <time>2026-01-16T01:28:43.618Z</time>
      </trkpt>
      <trkpt lat="46.734267" lon="8.955507">
        <ele>961.756970</ele>
        <time>2026-01-16T01:28:49.353Z</time>
      </trkpt>
      <trkpt lat="46.734193" lon="8.955389">
        <ele>962.203047</ele>
        <time>2026-01-16T01:28:51.970Z</time>
      </trkpt>
      <trkpt lat="46.734142" lon="8.955303">
        <ele>962.520223</ele>
        <time>2026-01-16T01:28:54.005Z</time>
      </trkpt>
      <trkpt lat="46.733727" lon="8.954620">
        <ele>965.065909</ele>
        <time>2026-01-16T01:29:14.401Z</time>
      </trkpt>
      <trkpt lat="46.733527" lon="8.954177">
        <ele>966.545411</ele>
        <time>2026-01-16T01:29:27.348Z</time>
      </trkpt>
      <trkpt lat="46.733324" lon="8.953548">
        <ele>968.484480</ele>
        <time>2026-01-16T01:29:44.467Z</time>
      </trkpt>
      <trkpt lat="46.733189" lon="8.953171">
        <ele>968.701421</ele>
        <time>2026-01-16T01:29:54.202Z</time>
      </trkpt>
      <trkpt lat="46.733037" lon="8.952883">
        <ele>968.351965</ele>
        <time>2026-01-16T01:30:00.745Z</time>
      </trkpt>
      <trkpt lat="46.732835" lon="8.952601">
        <ele>967.959812</ele>
        <time>2026-01-16T01:30:05.274Z</time>
      </trkpt>
      <trkpt lat="46.732637" lon="8.952405">
        <ele>967.624192</ele>
        <time>2026-01-16T01:30:07.710Z</time>
      </trkpt>
      <trkpt lat="46.732436" lon="8.952264">
        <ele>967.311359</ele>
        <time>2026-01-16T01:30:09.837Z</time>
      </trkpt>
      <trkpt lat="46.731944" lon="8.952001">
        <ele>966.576382</ele>
        <time>2026-01-16T01:30:14.736Z</time>
      </trkpt>
      <trkpt lat="46.731681" lon="8.951781">
        <ele>966.749042</ele>
        <time>2026-01-16T01:30:17.646Z</time>
      </trkpt>
      <trkpt lat="46.731381" lon="8.951391">
        <ele>967.407002</ele>
        <time>2026-01-16T01:30:21.666Z</time>
      </trkpt>
      <trkpt lat="46.731205" lon="8.951029">
        <ele>967.905128</ele>
        <time>2026-01-16T01:30:25.238Z</time>
      </trkpt>
      <trkpt lat="46.731072" lon="8.950642">
        <ele>968.391020</ele>
        <time>2026-01-16T01:30:32.784Z</time>
      </trkpt>
      <trkpt lat="46.730823" lon="8.949666">
        <ele>970.647601</ele>
        <time>2026-01-16T01:31:04.478Z</time>
      </trkpt>
      <trkpt lat="46.730742" lon="8.949359">
        <ele>973.157105</ele>
        <time>2026-01-16T01:31:16.562Z</time>
      </trkpt>
      <trkpt lat="46.730033" lon="8.946895">
        <ele>993.652795</ele>
        <time>2026-01-16T01:33:13.544Z</time>
      </trkpt>
      <trkpt lat="46.729936" lon="8.946334">
        <ele>998.182974</ele>
        <time>2026-01-16T01:33:39.051Z</time>
      </trkpt>
      <trkpt lat="46.729775" lon="8.945040">
        <ele>1008.480465</ele>
        <time>2026-01-16T01:34:33.075Z</time>
      </trkpt>
      <trkpt lat="46.729611" lon="8.943749">
        <ele>1016.622764</ele>
        <time>2026-01-16T01:35:22.345Z</time>
      </trkpt>
      <trkpt lat="46.729502" lon="8.943206">
        <ele>1019.979453</ele>
        <time>2026-01-16T01:35:41.261Z</time>
      </trkpt>
      <trkpt lat="46.729473" lon="8.943090">
        <ele>1020.711978</ele>
        <time>2026-01-16T01:35:45.251Z</time>
      </trkpt>
      <trkpt lat="46.729206" lon="8.942136">
        <ele>1026.231105</ele>
        <time>2026-01-16T01:36:16.037Z</time>
      </trkpt>
      <trkpt lat="46.728920" lon="8.941269">
        <ele>1029.371625</ele>
        <time>2026-01-16T01:36:40.689Z</time>
      </trkpt>
      <trkpt lat="46.728388" lon="8.939985">
        <ele>1034.192907</ele>
        <time>2026-01-16T01:37:10.075Z</time>
      </trkpt>
      <trkpt lat="46.728265" lon="8.939743">
        <ele>1034.802577</ele>
        <time>2026-01-16T01:37:16.301Z</time>
      </trkpt>
      <trkpt lat="46.728003" lon="8.939320">
        <ele>1035.956292</ele>
        <time>2026-01-16T01:37:28.337Z</time>
      </trkpt>
      <trkpt lat="46.727925" lon="8.939160">
        <ele>1036.353617</ele>
        <time>2026-01-16T01:37:32.353Z</time>
      </trkpt>
      <trkpt lat="46.727874" lon="8.938727">
        <ele>1037.242714</ele>
        <time>2026-01-16T01:37:40.676Z</time>
      </trkpt>
      <trkpt lat="46.727867" lon="8.938655">
        <ele>1037.389877</ele>
        <time>2026-01-16T01:37:42.108Z</time>
      </trkpt>
      <trkpt lat="46.727832" lon="8.938260">
        <ele>1038.195884</ele>
        <time>2026-01-16T01:37:48.542Z</time>
      </trkpt>
      <trkpt lat="46.727763" lon="8.937993">
        <ele>1038.773333</ele>
        <time>2026-01-16T01:37:53.110Z</time>
      </trkpt>
      <trkpt lat="46.727679" lon="8.937816">
        <ele>1039.208996</ele>
        <time>2026-01-16T01:37:56.669Z</time>
      </trkpt>
      <trkpt lat="46.727451" lon="8.937335">
        <ele>1039.145865</ele>
        <time>2026-01-16T01:38:06.256Z</time>
      </trkpt>
      <trkpt lat="46.727213" lon="8.936482">
        <ele>1038.716517</ele>
        <time>2026-01-16T01:38:14.883Z</time>
      </trkpt>
      <trkpt lat="46.727136" lon="8.936205">
        <ele>1038.577165</ele>
        <time>2026-01-16T01:38:16.983Z</time>
      </trkpt>
      <trkpt lat="46.727077" lon="8.935939">
        <ele>1038.446826</ele>
        <time>2026-01-16T01:38:18.975Z</time>
      </trkpt>
      <trkpt lat="46.726996" lon="8.935430">
        <ele>1038.203219</ele>
        <time>2026-01-16T01:38:22.783Z</time>
      </trkpt>
      <trkpt lat="46.726921" lon="8.935120">
        <ele>1038.018516</ele>
        <time>2026-01-16T01:38:25.213Z</time>
      </trkpt>
      <trkpt lat="46.726838" lon="8.934703">
        <ele>1037.756049</ele>
        <time>2026-01-16T01:38:28.552Z</time>
      </trkpt>
      <trkpt lat="46.726595" lon="8.933355">
        <ele>1036.913541</ele>
        <time>2026-01-16T01:38:40.600Z</time>
      </trkpt>
      <trkpt lat="46.726506" lon="8.932839">
        <ele>1036.591920</ele>
        <time>2026-01-16T01:38:46.977Z</time>
      </trkpt>
      <trkpt lat="46.726417" lon="8.932324">
        <ele>1036.211917</ele>
        <time>2026-01-16T01:38:52.761Z</time>
      </trkpt>
      <trkpt lat="46.726334" lon="8.931525">
        <ele>1035.627128</ele>
        <time>2026-01-16T01:39:00.162Z</time>
      </trkpt>
      <trkpt lat="46.726133" lon="8.928713">
        <ele>1033.479300</ele>
        <time>2026-01-16T01:39:21.575Z</time>
      </trkpt>
      <trkpt lat="46.726106" lon="8.927616">
        <ele>1032.610678</ele>
        <time>2026-01-16T01:39:31.422Z</time>
      </trkpt>
      <trkpt lat="46.726141" lon="8.925850">
        <ele>1033.085821</ele>
        <time>2026-01-16T01:39:53.069Z</time>
      </trkpt>
      <trkpt lat="46.726133" lon="8.924919">
        <ele>1033.293990</ele>
        <time>2026-01-16T01:40:03.982Z</time>
      </trkpt>
      <trkpt lat="46.726067" lon="8.924008">
        <ele>1032.643185</ele>
        <time>2026-01-16T01:40:12.386Z</time>
      </trkpt>
      <trkpt lat="46.725973" lon="8.923263">
        <ele>1032.105024</ele>
        <time>2026-01-16T01:40:18.452Z</time>
      </trkpt>
      <trkpt lat="46.725497" lon="8.920305">
        <ele>1028.946780</ele>
        <time>2026-01-16T01:40:41.687Z</time>
      </trkpt>
      <trkpt lat="46.725353" lon="8.919177">
        <ele>1027.758240</ele>
        <time>2026-01-16T01:40:50.848Z</time>
      </trkpt>
      <trkpt lat="46.725219" lon="8.918328">
        <ele>1026.944859</ele>
        <time>2026-01-16T01:40:57.810Z</time>
      </trkpt>
      <trkpt lat="46.724875" lon="8.916843">
        <ele>1025.267220</ele>
        <time>2026-01-16T01:41:10.513Z</time>
      </trkpt>
      <trkpt lat="46.724649" lon="8.915302">
        <ele>1023.093434</ele>
        <time>2026-01-16T01:41:23.228Z</time>
      </trkpt>
      <trkpt lat="46.724548" lon="8.914817">
        <ele>1022.394225</ele>
        <time>2026-01-16T01:41:26.753Z</time>
      </trkpt>
      <trkpt lat="46.724356" lon="8.914164">
        <ele>1020.175117</ele>
        <time>2026-01-16T01:41:31.370Z</time>
      </trkpt>
      <trkpt lat="46.723525" lon="8.911878">
        <ele>1012.960505</ele>
        <time>2026-01-16T01:41:47.919Z</time>
      </trkpt>
      <trkpt lat="46.723472" lon="8.911607">
        <ele>1012.625761</ele>
        <time>2026-01-16T01:41:50.283Z</time>
      </trkpt>
      <trkpt lat="46.723368" lon="8.910699">
        <ele>1011.532264</ele>
        <time>2026-01-16T01:41:58.746Z</time>
      </trkpt>
      <trkpt lat="46.723279" lon="8.910195">
        <ele>1010.914056</ele>
        <time>2026-01-16T01:42:04.411Z</time>
      </trkpt>
      <trkpt lat="46.722805" lon="8.908757">
        <ele>1010.290665</ele>
        <time>2026-01-16T01:42:18.518Z</time>
      </trkpt>
      <trkpt lat="46.722181" lon="8.904614">
        <ele>1009.291414</ele>
        <time>2026-01-16T01:43:00.503Z</time>
      </trkpt>
      <trkpt lat="46.721969" lon="8.903737">
        <ele>1008.647452</ele>
        <time>2026-01-16T01:43:07.238Z</time>
      </trkpt>
      <trkpt lat="46.721937" lon="8.903528">
        <ele>1008.499156</ele>
        <time>2026-01-16T01:43:08.799Z</time>
      </trkpt>
      <trkpt lat="46.721821" lon="8.902175">
        <ele>1008.053200</ele>
        <time>2026-01-16T01:43:20.376Z</time>
      </trkpt>
      <trkpt lat="46.721825" lon="8.901355">
        <ele>1009.674615</ele>
        <time>2026-01-16T01:43:34.437Z</time>
      </trkpt>
      <trkpt lat="46.721695" lon="8.900239">
        <ele>1011.912897</ele>
        <time>2026-01-16T01:43:57.871Z</time>
      </trkpt>
      <trkpt lat="46.721646" lon="8.899076">
        <ele>1014.567071</ele>
        <time>2026-01-16T01:44:24.118Z</time>
      </trkpt>
      <trkpt lat="46.721706" lon="8.898626">
        <ele>1015.709591</ele>
        <time>2026-01-16T01:44:32.725Z</time>
      </trkpt>
      <trkpt lat="46.721704" lon="8.898275">
        <ele>1016.584394</ele>
        <time>2026-01-16T01:44:39.361Z</time>
      </trkpt>
      <trkpt lat="46.721654" lon="8.897921">
        <ele>1017.485174</ele>
        <time>2026-01-16T01:44:46.327Z</time>
      </trkpt>
      <trkpt lat="46.721539" lon="8.897240">
        <ele>1019.233120</ele>
        <time>2026-01-16T01:45:00.661Z</time>
      </trkpt>
      <trkpt lat="46.721411" lon="8.896977">
        <ele>1019.867147</ele>
        <time>2026-01-16T01:45:07.378Z</time>
      </trkpt>
      <trkpt lat="46.720918" lon="8.896200">
        <ele>1021.790215</ele>
        <time>2026-01-16T01:45:26.679Z</time>
      </trkpt>
      <trkpt lat="46.720899" lon="8.896176">
        <ele>1021.856809</ele>
        <time>2026-01-16T01:45:27.375Z</time>
      </trkpt>
      <trkpt lat="46.720798" lon="8.896077">
        <ele>1022.179224</ele>
        <time>2026-01-16T01:45:30.725Z</time>
      </trkpt>
      <trkpt lat="46.720246" lon="8.895741">
        <ele>1023.764025</ele>
        <time>2026-01-16T01:45:45.787Z</time>
      </trkpt>
      <trkpt lat="46.720031" lon="8.895577">
        <ele>1024.255520</ele>
        <time>2026-01-16T01:45:50.794Z</time>
      </trkpt>
      <trkpt lat="46.719851" lon="8.895366">
        <ele>1024.465581</ele>
        <time>2026-01-16T01:45:54.998Z</time>
      </trkpt>
      <trkpt lat="46.719220" lon="8.894200">
        <ele>1025.391992</ele>
        <time>2026-01-16T01:46:09.394Z</time>
      </trkpt>
      <trkpt lat="46.719002" lon="8.893762">
        <ele>1025.729541</ele>
        <time>2026-01-16T01:46:17.034Z</time>
      </trkpt>
      <trkpt lat="46.718665" lon="8.892969">
        <ele>1027.716592</ele>
        <time>2026-01-16T01:46:33.388Z</time>
      </trkpt>
      <trkpt lat="46.717074" lon="8.889981">
        <ele>1038.042342</ele>
        <time>2026-01-16T01:47:54.672Z</time>
      </trkpt>
      <trkpt lat="46.716672" lon="8.889214">
        <ele>1041.014156</ele>
        <time>2026-01-16T01:48:18.276Z</time>
      </trkpt>
      <trkpt lat="46.716480" lon="8.888651">
        <ele>1042.983188</ele>
        <time>2026-01-16T01:48:33.995Z</time>
      </trkpt>
      <trkpt lat="46.716287" lon="8.887572">
        <ele>1046.475070</ele>
        <time>2026-01-16T01:49:00.623Z</time>
      </trkpt>
      <trkpt lat="46.716240" lon="8.887237">
        <ele>1047.545832</ele>
        <time>2026-01-16T01:49:07.950Z</time>
      </trkpt>
      <trkpt lat="46.716125" lon="8.885784">
        <ele>1050.824518</ele>
        <time>2026-01-16T01:49:32.921Z</time>
      </trkpt>
      <trkpt lat="46.716032" lon="8.885294">
        <ele>1051.877223</ele>
        <time>2026-01-16T01:49:40.085Z</time>
      </trkpt>
      <trkpt lat="46.715809" lon="8.884628">
        <ele>1053.411845</ele>
        <time>2026-01-16T01:49:53.039Z</time>
      </trkpt>
      <trkpt lat="46.715535" lon="8.883788">
        <ele>1056.619537</ele>
        <time>2026-01-16T01:50:17.189Z</time>
      </trkpt>
      <trkpt lat="46.715496" lon="8.883569">
        <ele>1057.458309</ele>
        <time>2026-01-16T01:50:22.842Z</time>
      </trkpt>
      <trkpt lat="46.715433" lon="8.882673">
        <ele>1060.797208</ele>
        <time>2026-01-16T01:50:46.070Z</time>
      </trkpt>
      <trkpt lat="46.715388" lon="8.882487">
        <ele>1061.528381</ele>
        <time>2026-01-16T01:50:51.381Z</time>
      </trkpt>
      <trkpt lat="46.715182" lon="8.881927">
        <ele>1063.812028</ele>
        <time>2026-01-16T01:51:09.238Z</time>
      </trkpt>
      <trkpt lat="46.715119" lon="8.881607">
        <ele>1064.845085</ele>
        <time>2026-01-16T01:51:17.824Z</time>
      </trkpt>
      <trkpt lat="46.715057" lon="8.880989">
        <ele>1066.783109</ele>
        <time>2026-01-16T01:51:31.072Z</time>
      </trkpt>
      <trkpt lat="46.714970" lon="8.880568">
        <ele>1068.147486</ele>
        <time>2026-01-16T01:51:39.722Z</time>
      </trkpt>
      <trkpt lat="46.714455" lon="8.878650">
        <ele>1074.296432</ele>
        <time>2026-01-16T01:52:25.166Z</time>
      </trkpt>
      <trkpt lat="46.714351" lon="8.878341">
        <ele>1075.276933</ele>
        <time>2026-01-16T01:52:32.564Z</time>
      </trkpt>
      <trkpt lat="46.714079" lon="8.877721">
        <ele>1077.373562</ele>
        <time>2026-01-16T01:52:48.417Z</time>
      </trkpt>
      <trkpt lat="46.713964" lon="8.877390">
        <ele>1078.430545</ele>
        <time>2026-01-16T01:52:56.340Z</time>
      </trkpt>
      <trkpt lat="46.713712" lon="8.876506">
        <ele>1080.841263</ele>
        <time>2026-01-16T01:53:16.248Z</time>
      </trkpt>
      <trkpt lat="46.713325" lon="8.875651">
        <ele>1083.320819</ele>
        <time>2026-01-16T01:53:36.016Z</time>
      </trkpt>
      <trkpt lat="46.713216" lon="8.875307">
        <ele>1084.237995</ele>
        <time>2026-01-16T01:53:42.575Z</time>
      </trkpt>
      <trkpt lat="46.713160" lon="8.874950">
        <ele>1085.124354</ele>
        <time>2026-01-16T01:53:49.299Z</time>
      </trkpt>
      <trkpt lat="46.713126" lon="8.874318">
        <ele>1087.264344</ele>
        <time>2026-01-16T01:54:02.411Z</time>
      </trkpt>
      <trkpt lat="46.713083" lon="8.874019">
        <ele>1088.360308</ele>
        <time>2026-01-16T01:54:09.363Z</time>
      </trkpt>
      <trkpt lat="46.713025" lon="8.873807">
        <ele>1089.179138</ele>
        <time>2026-01-16T01:54:14.932Z</time>
      </trkpt>
      <trkpt lat="46.712531" lon="8.872466">
        <ele>1094.640191</ele>
        <time>2026-01-16T01:54:56.603Z</time>
      </trkpt>
      <trkpt lat="46.712294" lon="8.871976">
        <ele>1096.471001</ele>
        <time>2026-01-16T01:55:12.483Z</time>
      </trkpt>
      <trkpt lat="46.712021" lon="8.871519">
        <ele>1098.293242</ele>
        <time>2026-01-16T01:55:26.235Z</time>
      </trkpt>
      <trkpt lat="46.711556" lon="8.870901">
        <ele>1101.051711</ele>
        <time>2026-01-16T01:55:44.832Z</time>
      </trkpt>
      <trkpt lat="46.711113" lon="8.870400">
        <ele>1103.566582</ele>
        <time>2026-01-16T01:56:00.330Z</time>
      </trkpt>
      <trkpt lat="46.710896" lon="8.870146">
        <ele>1104.872274</ele>
        <time>2026-01-16T01:56:08.717Z</time>
      </trkpt>
      <trkpt lat="46.710704" lon="8.869805">
        <ele>1106.291993</ele>
        <time>2026-01-16T01:56:18.422Z</time>
      </trkpt>
      <trkpt lat="46.710633" lon="8.869593">
        <ele>1107.051144</ele>
        <time>2026-01-16T01:56:23.947Z</time>
      </trkpt>
      <trkpt lat="46.710491" lon="8.868982">
        <ele>1109.126962</ele>
        <time>2026-01-16T01:56:40.138Z</time>
      </trkpt>
      <trkpt lat="46.710399" lon="8.868730">
        <ele>1110.045571</ele>
        <time>2026-01-16T01:56:47.391Z</time>
      </trkpt>
      <trkpt lat="46.710315" lon="8.868571">
        <ele>1110.691412</ele>
        <time>2026-01-16T01:56:52.342Z</time>
      </trkpt>
      <trkpt lat="46.710135" lon="8.868334">
        <ele>1111.929854</ele>
        <time>2026-01-16T01:57:01.148Z</time>
      </trkpt>
      <trkpt lat="46.709617" lon="8.867813">
        <ele>1115.312947</ele>
        <time>2026-01-16T01:57:24.516Z</time>
      </trkpt>
      <trkpt lat="46.709367" lon="8.867444">
        <ele>1117.225329</ele>
        <time>2026-01-16T01:57:37.847Z</time>
      </trkpt>
      <trkpt lat="46.709226" lon="8.867151">
        <ele>1118.544978</ele>
        <time>2026-01-16T01:57:46.863Z</time>
      </trkpt>
      <trkpt lat="46.708459" lon="8.865249">
        <ele>1126.127403</ele>
        <time>2026-01-16T01:58:38.998Z</time>
      </trkpt>
      <trkpt lat="46.708196" lon="8.864589">
        <ele>1128.676834</ele>
        <time>2026-01-16T01:58:59.013Z</time>
      </trkpt>
      <trkpt lat="46.708036" lon="8.864085">
        <ele>1129.914045</ele>
        <time>2026-01-16T01:59:11.133Z</time>
      </trkpt>
      <trkpt lat="46.707960" lon="8.863686">
        <ele>1130.408218</ele>
        <time>2026-01-16T01:59:18.702Z</time>
      </trkpt>
      <trkpt lat="46.707903" lon="8.862875">
        <ele>1131.381092</ele>
        <time>2026-01-16T01:59:31.881Z</time>
      </trkpt>
      <trkpt lat="46.707886" lon="8.862592">
        <ele>1131.720102</ele>
        <time>2026-01-16T01:59:35.460Z</time>
      </trkpt>
      <trkpt lat="46.707871" lon="8.862318">
        <ele>1132.048120</ele>
        <time>2026-01-16T01:59:38.115Z</time>
      </trkpt>
      <trkpt lat="46.707849" lon="8.861915">
        <ele>1132.530560</ele>
        <time>2026-01-16T01:59:41.416Z</time>
      </trkpt>
      <trkpt lat="46.707847" lon="8.861879">
        <ele>1132.573662</ele>
        <time>2026-01-16T01:59:41.707Z</time>
      </trkpt>
      <trkpt lat="46.707828" lon="8.861538">
        <ele>1133.002532</ele>
        <time>2026-01-16T01:59:44.524Z</time>
      </trkpt>
      <trkpt lat="46.707825" lon="8.861469">
        <ele>1133.091083</ele>
        <time>2026-01-16T01:59:45.113Z</time>
      </trkpt>
      <trkpt lat="46.707793" lon="8.860917">
        <ele>1133.800593</ele>
        <time>2026-01-16T01:59:50.967Z</time>
      </trkpt>
      <trkpt lat="46.707791" lon="8.860878">
        <ele>1133.850683</ele>
        <time>2026-01-16T01:59:51.472Z</time>
      </trkpt>
      <trkpt lat="46.707759" lon="8.860467">
        <ele>1134.380465</ele>
        <time>2026-01-16T01:59:57.759Z</time>
      </trkpt>
      <trkpt lat="46.707707" lon="8.860076">
        <ele>1134.890581</ele>
        <time>2026-01-16T02:00:05.138Z</time>
      </trkpt>
      <trkpt lat="46.707592" lon="8.859547">
        <ele>1135.601346</ele>
        <time>2026-01-16T02:00:16.111Z</time>
      </trkpt>
      <trkpt lat="46.707499" lon="8.859239">
        <ele>1136.032378</ele>
        <time>2026-01-16T02:00:22.570Z</time>
      </trkpt>
      <trkpt lat="46.707293" lon="8.858712">
        <ele>1137.164003</ele>
        <time>2026-01-16T02:00:34.991Z</time>
      </trkpt>
      <trkpt lat="46.707068" lon="8.858188">
        <ele>1138.330816</ele>
        <time>2026-01-16T02:00:48.533Z</time>
      </trkpt>
      <trkpt lat="46.706980" lon="8.857983">
        <ele>1138.787262</ele>
        <time>2026-01-16T02:00:53.914Z</time>
      </trkpt>
      <trkpt lat="46.706964" lon="8.857943">
        <ele>1138.874658</ele>
        <time>2026-01-16T02:00:54.960Z</time>
      </trkpt>
      <trkpt lat="46.706320" lon="8.856451">
        <ele>1141.075689</ele>
        <time>2026-01-16T02:01:19.598Z</time>
      </trkpt>
      <trkpt lat="46.706223" lon="8.856261">
        <ele>1141.100139</ele>
        <time>2026-01-16T02:01:21.473Z</time>
      </trkpt>
      <trkpt lat="46.706125" lon="8.856084">
        <ele>1141.123621</ele>
        <time>2026-01-16T02:01:23.250Z</time>
      </trkpt>
      <trkpt lat="46.705801" lon="8.855610">
        <ele>1141.192704</ele>
        <time>2026-01-16T02:01:28.855Z</time>
      </trkpt>
      <trkpt lat="46.705692" lon="8.855413">
        <ele>1141.218833</ele>
        <time>2026-01-16T02:01:31.092Z</time>
      </trkpt>
      <trkpt lat="46.705493" lon="8.854794">
        <ele>1141.601696</ele>
        <time>2026-01-16T02:01:37.562Z</time>
      </trkpt>
      <trkpt lat="46.705413" lon="8.854572">
        <ele>1142.622256</ele>
        <time>2026-01-16T02:01:40.817Z</time>
      </trkpt>
      <trkpt lat="46.705522" lon="8.854398">
        <ele>1143.581309</ele>
        <time>2026-01-16T02:01:44.789Z</time>
      </trkpt>
      <trkpt lat="46.705582" lon="8.854185">
        <ele>1144.518380</ele>
        <time>2026-01-16T02:01:49.467Z</time>
      </trkpt>
      <trkpt lat="46.705556" lon="8.853936">
        <ele>1145.543348</ele>
        <time>2026-01-16T02:01:55.786Z</time>
      </trkpt>
      <trkpt lat="46.705123" lon="8.852436">
        <ele>1152.203442</ele>
        <time>2026-01-16T02:02:51.174Z</time>
      </trkpt>
      <trkpt lat="46.705089" lon="8.852325">
        <ele>1152.785098</ele>
        <time>2026-01-16T02:02:55.654Z</time>
      </trkpt>
      <trkpt lat="46.705056" lon="8.852217">
        <ele>1153.350803</ele>
        <time>2026-01-16T02:02:59.842Z</time>
      </trkpt>
      <trkpt lat="46.704552" lon="8.850553">
        <ele>1162.054309</ele>
        <time>2026-01-16T02:03:55.671Z</time>
      </trkpt>
      <trkpt lat="46.704432" lon="8.850240">
        <ele>1163.770036</ele>
        <time>2026-01-16T02:04:04.406Z</time>
      </trkpt>
      <trkpt lat="46.704266" lon="8.849997">
        <ele>1165.020543</ele>
        <time>2026-01-16T02:04:12.388Z</time>
      </trkpt>
      <trkpt lat="46.703723" lon="8.849617">
        <ele>1167.413021</ele>
        <time>2026-01-16T02:04:29.787Z</time>
      </trkpt>
      <trkpt lat="46.703446" lon="8.849437">
        <ele>1168.617652</ele>
        <time>2026-01-16T02:04:37.896Z</time>
      </trkpt>
      <trkpt lat="46.703101" lon="8.849213">
        <ele>1170.117798</ele>
        <time>2026-01-16T02:04:49.401Z</time>
      </trkpt>
      <trkpt lat="46.703009" lon="8.849149">
        <ele>1170.522705</ele>
        <time>2026-01-16T02:04:52.605Z</time>
      </trkpt>
      <trkpt lat="46.702302" lon="8.848659">
        <ele>1174.211788</ele>
        <time>2026-01-16T02:05:16.381Z</time>
      </trkpt>
      <trkpt lat="46.702028" lon="8.848313">
        <ele>1176.072368</ele>
        <time>2026-01-16T02:05:28.304Z</time>
      </trkpt>
      <trkpt lat="46.701466" lon="8.847149">
        <ele>1181.176748</ele>
        <time>2026-01-16T02:06:05.006Z</time>
      </trkpt>
      <trkpt lat="46.701298" lon="8.846817">
        <ele>1183.298679</ele>
        <time>2026-01-16T02:06:17.493Z</time>
      </trkpt>
      <trkpt lat="46.701225" lon="8.846660">
        <ele>1184.274200</ele>
        <time>2026-01-16T02:06:23.496Z</time>
      </trkpt>
      <trkpt lat="46.701172" lon="8.846537">
        <ele>1185.021277</ele>
        <time>2026-01-16T02:06:28.054Z</time>
      </trkpt>
      <trkpt lat="46.701164" lon="8.846515">
        <ele>1185.149343</ele>
        <time>2026-01-16T02:06:28.865Z</time>
      </trkpt>
      <trkpt lat="46.701053" lon="8.846128">
        <ele>1187.306711</ele>
        <time>2026-01-16T02:06:42.169Z</time>
      </trkpt>
      <trkpt lat="46.701010" lon="8.845684">
        <ele>1189.612830</ele>
        <time>2026-01-16T02:06:57.223Z</time>
      </trkpt>
      <trkpt lat="46.701002" lon="8.845411">
        <ele>1191.018133</ele>
        <time>2026-01-16T02:07:06.024Z</time>
      </trkpt>
      <trkpt lat="46.700988" lon="8.844966">
        <ele>1193.309148</ele>
        <time>2026-01-16T02:07:19.649Z</time>
      </trkpt>
      <trkpt lat="46.700950" lon="8.844650">
        <ele>1194.812881</ele>
        <time>2026-01-16T02:07:29.567Z</time>
      </trkpt>
      <trkpt lat="46.700870" lon="8.844498">
        <ele>1195.553739</ele>
        <time>2026-01-16T02:07:35.559Z</time>
      </trkpt>
      <trkpt lat="46.700772" lon="8.844403">
        <ele>1196.217234</ele>
        <time>2026-01-16T02:07:41.013Z</time>
      </trkpt>
      <trkpt lat="46.700631" lon="8.844357">
        <ele>1197.031860</ele>
        <time>2026-01-16T02:07:47.444Z</time>
      </trkpt>
      <trkpt lat="46.700480" lon="8.844386">
        <ele>1197.890565</ele>
        <time>2026-01-16T02:07:53.952Z</time>
      </trkpt>
      <trkpt lat="46.700339" lon="8.844426">
        <ele>1198.700443</ele>
        <time>2026-01-16T02:07:59.649Z</time>
      </trkpt>
      <trkpt lat="46.700274" lon="8.844446">
        <ele>1199.074989</ele>
        <time>2026-01-16T02:08:02.174Z</time>
      </trkpt>
      <trkpt lat="46.700133" lon="8.844483">
        <ele>1199.882732</ele>
        <time>2026-01-16T02:08:07.445Z</time>
      </trkpt>
      <trkpt lat="46.699619" lon="8.844611">
        <ele>1202.822673</ele>
        <time>2026-01-16T02:08:24.722Z</time>
      </trkpt>
      <trkpt lat="46.698929" lon="8.844792">
        <ele>1206.029960</ele>
        <time>2026-01-16T02:08:45.465Z</time>
      </trkpt>
      <trkpt lat="46.698654" lon="8.844770">
        <ele>1207.071626</ele>
        <time>2026-01-16T02:08:53.475Z</time>
      </trkpt>
      <trkpt lat="46.698512" lon="8.844714">
        <ele>1207.627995</ele>
        <time>2026-01-16T02:08:57.656Z</time>
      </trkpt>
      <trkpt lat="46.698382" lon="8.844619">
        <ele>1208.177976</ele>
        <time>2026-01-16T02:09:01.875Z</time>
      </trkpt>
      <trkpt lat="46.698080" lon="8.844349">
        <ele>1209.517824</ele>
        <time>2026-01-16T02:09:12.559Z</time>
      </trkpt>
      <trkpt lat="46.697468" lon="8.843802">
        <ele>1211.431806</ele>
        <time>2026-01-16T02:09:35.758Z</time>
      </trkpt>
      <trkpt lat="46.697451" lon="8.843787">
        <ele>1211.441471</ele>
        <time>2026-01-16T02:09:36.432Z</time>
      </trkpt>
      <trkpt lat="46.696513" lon="8.842950">
        <ele>1211.976373</ele>
        <time>2026-01-16T02:10:01.676Z</time>
      </trkpt>
      <trkpt lat="46.696103" lon="8.842590">
        <ele>1212.146768</ele>
        <time>2026-01-16T02:10:06.174Z</time>
      </trkpt>
      <trkpt lat="46.695919" lon="8.842488">
        <ele>1211.954162</ele>
        <time>2026-01-16T02:10:07.983Z</time>
      </trkpt>
      <trkpt lat="46.695781" lon="8.842469">
        <ele>1211.818537</ele>
        <time>2026-01-16T02:10:09.266Z</time>
      </trkpt>
      <trkpt lat="46.695457" lon="8.842551">
        <ele>1211.496782</ele>
        <time>2026-01-16T02:10:12.360Z</time>
      </trkpt>
      <trkpt lat="46.695317" lon="8.842534">
        <ele>1211.359326</ele>
        <time>2026-01-16T02:10:13.722Z</time>
      </trkpt>
      <trkpt lat="46.695211" lon="8.842429">
        <ele>1211.233939</ele>
        <time>2026-01-16T02:10:15.011Z</time>
      </trkpt>
      <trkpt lat="46.695147" lon="8.842237">
        <ele>1211.090679</ele>
        <time>2026-01-16T02:10:16.534Z</time>
      </trkpt>
      <trkpt lat="46.695188" lon="8.841773">
        <ele>1210.776719</ele>
        <time>2026-01-16T02:10:20.603Z</time>
      </trkpt>
      <trkpt lat="46.695178" lon="8.841505">
        <ele>1210.596601</ele>
        <time>2026-01-16T02:10:24.934Z</time>
      </trkpt>
      <trkpt lat="46.695048" lon="8.840625">
        <ele>1215.118244</ele>
        <time>2026-01-16T02:10:54.457Z</time>
      </trkpt>
      <trkpt lat="46.694834" lon="8.838280">
        <ele>1230.722156</ele>
        <time>2026-01-16T02:12:41.551Z</time>
      </trkpt>
      <trkpt lat="46.694782" lon="8.838073">
        <ele>1231.489391</ele>
        <time>2026-01-16T02:12:49.271Z</time>
      </trkpt>
      <trkpt lat="46.694698" lon="8.837955">
        <ele>1232.081286</ele>
        <time>2026-01-16T02:12:54.883Z</time>
      </trkpt>
      <trkpt lat="46.694568" lon="8.837891">
        <ele>1232.777533</ele>
        <time>2026-01-16T02:13:00.896Z</time>
      </trkpt>
      <trkpt lat="46.694426" lon="8.837906">
        <ele>1233.499967</ele>
        <time>2026-01-16T02:13:06.546Z</time>
      </trkpt>
      <trkpt lat="46.693530" lon="8.838506">
        <ele>1238.486411</ele>
        <time>2026-01-16T02:13:26.753Z</time>
      </trkpt>
      <trkpt lat="46.693232" lon="8.838624">
        <ele>1238.879095</ele>
        <time>2026-01-16T02:13:30.618Z</time>
      </trkpt>
      <trkpt lat="46.693002" lon="8.838668">
        <ele>1239.174085</ele>
        <time>2026-01-16T02:13:34.003Z</time>
      </trkpt>
      <trkpt lat="46.692737" lon="8.838669">
        <ele>1239.511077</ele>
        <time>2026-01-16T02:13:38.618Z</time>
      </trkpt>
      <trkpt lat="46.692524" lon="8.838631">
        <ele>1239.783961</ele>
        <time>2026-01-16T02:13:42.768Z</time>
      </trkpt>
      <trkpt lat="46.692269" lon="8.838537">
        <ele>1240.118441</ele>
        <time>2026-01-16T02:13:48.156Z</time>
      </trkpt>
      <trkpt lat="46.692073" lon="8.838420">
        <ele>1240.387770</ele>
        <time>2026-01-16T02:13:52.924Z</time>
      </trkpt>
      <trkpt lat="46.691906" lon="8.838291">
        <ele>1240.628106</ele>
        <time>2026-01-16T02:13:57.763Z</time>
      </trkpt>
      <trkpt lat="46.691616" lon="8.837996">
        <ele>1241.269619</ele>
        <time>2026-01-16T02:14:07.932Z</time>
      </trkpt>
      <trkpt lat="46.690799" lon="8.837067">
        <ele>1243.403342</ele>
        <time>2026-01-16T02:14:32.825Z</time>
      </trkpt>
      <trkpt lat="46.690156" lon="8.836270">
        <ele>1244.934879</ele>
        <time>2026-01-16T02:14:49.302Z</time>
      </trkpt>
      <trkpt lat="46.689758" lon="8.835662">
        <ele>1245.755741</ele>
        <time>2026-01-16T02:15:00.730Z</time>
      </trkpt>
      <trkpt lat="46.689468" lon="8.835154">
        <ele>1246.401266</ele>
        <time>2026-01-16T02:15:10.033Z</time>
      </trkpt>
      <trkpt lat="46.689162" lon="8.834523">
        <ele>1247.317902</ele>
        <time>2026-01-16T02:15:21.335Z</time>
      </trkpt>
      <trkpt lat="46.688803" lon="8.833629">
        <ele>1249.662619</ele>
        <time>2026-01-16T02:15:36.919Z</time>
      </trkpt>
      <trkpt lat="46.688268" lon="8.831868">
        <ele>1255.269646</ele>
        <time>2026-01-16T02:16:18.125Z</time>
      </trkpt>
      <trkpt lat="46.688143" lon="8.831619">
        <ele>1256.794874</ele>
        <time>2026-01-16T02:16:29.154Z</time>
      </trkpt>
      <trkpt lat="46.687922" lon="8.831427">
        <ele>1258.648770</ele>
        <time>2026-01-16T02:16:42.595Z</time>
      </trkpt>
      <trkpt lat="46.687748" lon="8.831393">
        <ele>1259.913837</ele>
        <time>2026-01-16T02:16:52.113Z</time>
      </trkpt>
      <trkpt lat="46.687550" lon="8.831451">
        <ele>1261.369155</ele>
        <time>2026-01-16T02:17:02.592Z</time>
      </trkpt>
      <trkpt lat="46.687373" lon="8.831628">
        <ele>1262.915878</ele>
        <time>2026-01-16T02:17:13.309Z</time>
      </trkpt>
      <trkpt lat="46.687275" lon="8.831834">
        <ele>1264.155088</ele>
        <time>2026-01-16T02:17:21.661Z</time>
      </trkpt>
      <trkpt lat="46.687157" lon="8.832357">
        <ele>1265.907614</ele>
        <time>2026-01-16T02:17:39.814Z</time>
      </trkpt>
      <trkpt lat="46.687109" lon="8.833743">
        <ele>1265.751734</ele>
        <time>2026-01-16T02:17:59.853Z</time>
      </trkpt>
      <trkpt lat="46.687059" lon="8.834103">
        <ele>1265.710477</ele>
        <time>2026-01-16T02:18:02.424Z</time>
      </trkpt>
      <trkpt lat="46.686980" lon="8.834414">
        <ele>1265.673226</ele>
        <time>2026-01-16T02:18:04.557Z</time>
      </trkpt>
      <trkpt lat="46.686836" lon="8.834793">
        <ele>1265.531821</ele>
        <time>2026-01-16T02:18:07.222Z</time>
      </trkpt>
      <trkpt lat="46.686624" lon="8.835160">
        <ele>1264.981525</ele>
        <time>2026-01-16T02:18:10.150Z</time>
      </trkpt>
      <trkpt lat="46.686438" lon="8.835350">
        <ele>1264.601783</ele>
        <time>2026-01-16T02:18:12.207Z</time>
      </trkpt>
      <trkpt lat="46.686238" lon="8.835453">
        <ele>1264.247132</ele>
        <time>2026-01-16T02:18:14.181Z</time>
      </trkpt>
      <trkpt lat="46.686047" lon="8.835480">
        <ele>1263.926286</ele>
        <time>2026-01-16T02:18:16.052Z</time>
      </trkpt>
      <trkpt lat="46.685827" lon="8.835427">
        <ele>1263.553461</ele>
        <time>2026-01-16T02:18:18.460Z</time>
      </trkpt>
      <trkpt lat="46.685622" lon="8.835292">
        <ele>1263.177353</ele>
        <time>2026-01-16T02:18:21.561Z</time>
      </trkpt>
      <trkpt lat="46.685394" lon="8.835030">
        <ele>1262.691937</ele>
        <time>2026-01-16T02:18:28.549Z</time>
      </trkpt>
      <trkpt lat="46.684165" lon="8.832966">
        <ele>1282.025271</ele>
        <time>2026-01-16T02:20:29.123Z</time>
      </trkpt>
      <trkpt lat="46.683734" lon="8.832332">
        <ele>1285.645714</ele>
        <time>2026-01-16T02:21:03.151Z</time>
      </trkpt>
      <trkpt lat="46.683133" lon="8.831646">
        <ele>1290.159079</ele>
        <time>2026-01-16T02:21:28.883Z</time>
      </trkpt>
      <trkpt lat="46.682759" lon="8.831172">
        <ele>1292.382020</ele>
        <time>2026-01-16T02:21:38.187Z</time>
      </trkpt>
      <trkpt lat="46.682472" lon="8.830669">
        <ele>1292.155724</ele>
        <time>2026-01-16T02:21:44.192Z</time>
      </trkpt>
      <trkpt lat="46.682342" lon="8.830381">
        <ele>1292.036476</ele>
        <time>2026-01-16T02:21:46.980Z</time>
      </trkpt>
      <trkpt lat="46.682202" lon="8.829941">
        <ele>1291.868709</ele>
        <time>2026-01-16T02:21:50.858Z</time>
      </trkpt>
      <trkpt lat="46.682072" lon="8.829413">
        <ele>1291.674669</ele>
        <time>2026-01-16T02:21:55.480Z</time>
      </trkpt>
      <trkpt lat="46.681360" lon="8.825557">
        <ele>1291.112142</ele>
        <time>2026-01-16T02:22:30.391Z</time>
      </trkpt>
      <trkpt lat="46.681168" lon="8.823842">
        <ele>1292.874275</ele>
        <time>2026-01-16T02:22:58.263Z</time>
      </trkpt>
      <trkpt lat="46.681067" lon="8.822090">
        <ele>1298.177792</ele>
        <time>2026-01-16T02:23:39.577Z</time>
      </trkpt>
      <trkpt lat="46.681139" lon="8.820191">
        <ele>1301.302408</ele>
        <time>2026-01-16T02:24:23.003Z</time>
      </trkpt>
      <trkpt lat="46.681128" lon="8.819666">
        <ele>1301.650292</ele>
        <time>2026-01-16T02:24:29.327Z</time>
      </trkpt>
      <trkpt lat="46.681034" lon="8.818835">
        <ele>1302.208119</ele>
        <time>2026-01-16T02:24:35.651Z</time>
      </trkpt>
      <trkpt lat="46.681009" lon="8.818435">
        <ele>1302.218278</ele>
        <time>2026-01-16T02:24:38.324Z</time>
      </trkpt>
      <trkpt lat="46.681030" lon="8.817705">
        <ele>1301.975134</ele>
        <time>2026-01-16T02:24:43.120Z</time>
      </trkpt>
      <trkpt lat="46.681102" lon="8.816934">
        <ele>1301.716195</ele>
        <time>2026-01-16T02:24:49.151Z</time>
      </trkpt>
      <trkpt lat="46.681106" lon="8.816403">
        <ele>1301.539478</ele>
        <time>2026-01-16T02:24:56.952Z</time>
      </trkpt>
      <trkpt lat="46.681138" lon="8.815712">
        <ele>1303.607013</ele>
        <time>2026-01-16T02:25:12.891Z</time>
      </trkpt>
      <trkpt lat="46.681308" lon="8.814557">
        <ele>1310.594939</ele>
        <time>2026-01-16T02:25:53.779Z</time>
      </trkpt>
      <trkpt lat="46.681359" lon="8.814056">
        <ele>1313.591068</ele>
        <time>2026-01-16T02:26:14.457Z</time>
      </trkpt>
      <trkpt lat="46.681432" lon="8.811924">
        <ele>1326.606802</ele>
        <time>2026-01-16T02:27:40.674Z</time>
      </trkpt>
      <trkpt lat="46.681437" lon="8.811769">
        <ele>1327.563119</ele>
        <time>2026-01-16T02:27:46.176Z</time>
      </trkpt>
      <trkpt lat="46.681417" lon="8.810419">
        <ele>1333.659743</ele>
        <time>2026-01-16T02:28:23.735Z</time>
      </trkpt>
      <trkpt lat="46.681305" lon="8.809434">
        <ele>1334.900198</ele>
        <time>2026-01-16T02:28:38.728Z</time>
      </trkpt>
      <trkpt lat="46.681287" lon="8.809278">
        <ele>1335.096734</ele>
        <time>2026-01-16T02:28:40.411Z</time>
      </trkpt>
      <trkpt lat="46.681057" lon="8.807451">
        <ele>1336.208557</ele>
        <time>2026-01-16T02:28:56.503Z</time>
      </trkpt>
      <trkpt lat="46.680679" lon="8.804458">
        <ele>1336.445900</ele>
        <time>2026-01-16T02:29:27.717Z</time>
      </trkpt>
      <trkpt lat="46.680635" lon="8.803707">
        <ele>1336.770673</ele>
        <time>2026-01-16T02:29:37.845Z</time>
      </trkpt>
      <trkpt lat="46.680648" lon="8.801636">
        <ele>1338.996730</ele>
        <time>2026-01-16T02:30:05.766Z</time>
      </trkpt>
      <trkpt lat="46.680731" lon="8.800605">
        <ele>1340.386201</ele>
        <time>2026-01-16T02:30:22.393Z</time>
      </trkpt>
      <trkpt lat="46.680894" lon="8.799117">
        <ele>1345.232600</ele>
        <time>2026-01-16T02:30:55.389Z</time>
      </trkpt>
      <trkpt lat="46.680942" lon="8.798107">
        <ele>1348.644710</ele>
        <time>2026-01-16T02:31:23.051Z</time>
      </trkpt>
      <trkpt lat="46.680902" lon="8.796587">
        <ele>1355.675430</ele>
        <time>2026-01-16T02:32:03.623Z</time>
      </trkpt>
      <trkpt lat="46.680873" lon="8.796368">
        <ele>1356.752718</ele>
        <time>2026-01-16T02:32:09.853Z</time>
      </trkpt>
      <trkpt lat="46.680725" lon="8.795694">
        <ele>1360.170810</ele>
        <time>2026-01-16T02:32:31.519Z</time>
      </trkpt>
      <trkpt lat="46.680679" lon="8.795156">
        <ele>1362.911436</ele>
        <time>2026-01-16T02:32:50.192Z</time>
      </trkpt>
      <trkpt lat="46.680695" lon="8.794857">
        <ele>1364.595016</ele>
        <time>2026-01-16T02:33:01.250Z</time>
      </trkpt>
      <trkpt lat="46.680737" lon="8.794583">
        <ele>1366.171079</ele>
        <time>2026-01-16T02:33:12.294Z</time>
      </trkpt>
      <trkpt lat="46.681150" lon="8.792867">
        <ele>1376.379613</ele>
        <time>2026-01-16T02:34:14.995Z</time>
      </trkpt>
      <trkpt lat="46.681200" lon="8.792465">
        <ele>1377.886268</ele>
        <time>2026-01-16T02:34:23.575Z</time>
      </trkpt>
      <trkpt lat="46.681198" lon="8.792158">
        <ele>1378.902817</ele>
        <time>2026-01-16T02:34:29.228Z</time>
      </trkpt>
      <trkpt lat="46.681073" lon="8.791189">
        <ele>1382.167489</ele>
        <time>2026-01-16T02:34:46.934Z</time>
      </trkpt>
      <trkpt lat="46.681059" lon="8.790790">
        <ele>1383.490343</ele>
        <time>2026-01-16T02:34:55.421Z</time>
      </trkpt>
      <trkpt lat="46.681091" lon="8.790367">
        <ele>1384.899425</ele>
        <time>2026-01-16T02:35:06.523Z</time>
      </trkpt>
      <trkpt lat="46.681244" lon="8.789307">
        <ele>1387.640538</ele>
        <time>2026-01-16T02:35:40.870Z</time>
      </trkpt>
      <trkpt lat="46.681295" lon="8.788945">
        <ele>1388.525019</ele>
        <time>2026-01-16T02:35:51.687Z</time>
      </trkpt>
      <trkpt lat="46.681292" lon="8.788467">
        <ele>1389.669099</ele>
        <time>2026-01-16T02:36:01.929Z</time>
      </trkpt>
      <trkpt lat="46.681223" lon="8.788103">
        <ele>1390.572931</ele>
        <time>2026-01-16T02:36:06.427Z</time>
      </trkpt>
      <trkpt lat="46.681109" lon="8.787769">
        <ele>1391.465785</ele>
        <time>2026-01-16T02:36:09.238Z</time>
      </trkpt>
      <trkpt lat="46.680726" lon="8.786691">
        <ele>1391.625545</ele>
        <time>2026-01-16T02:36:17.408Z</time>
      </trkpt>
      <trkpt lat="46.680683" lon="8.786317">
        <ele>1391.596643</ele>
        <time>2026-01-16T02:36:20.156Z</time>
      </trkpt>
      <trkpt lat="46.680728" lon="8.785959">
        <ele>1391.568905</ele>
        <time>2026-01-16T02:36:23.394Z</time>
      </trkpt>
      <trkpt lat="46.680826" lon="8.785697">
        <ele>1391.546162</ele>
        <time>2026-01-16T02:36:27.927Z</time>
      </trkpt>
      <trkpt lat="46.680981" lon="8.785476">
        <ele>1391.522075</ele>
        <time>2026-01-16T02:36:34.733Z</time>
      </trkpt>
      <trkpt lat="46.681860" lon="8.784632">
        <ele>1395.725022</ele>
        <time>2026-01-16T02:37:20.978Z</time>
      </trkpt>
      <trkpt lat="46.682023" lon="8.784423">
        <ele>1396.690014</ele>
        <time>2026-01-16T02:37:28.868Z</time>
      </trkpt>
      <trkpt lat="46.682105" lon="8.784141">
        <ele>1397.624048</ele>
        <time>2026-01-16T02:37:34.876Z</time>
      </trkpt>
      <trkpt lat="46.682080" lon="8.783908">
        <ele>1398.343233</ele>
        <time>2026-01-16T02:37:38.524Z</time>
      </trkpt>
      <trkpt lat="46.682020" lon="8.783765">
        <ele>1398.854414</ele>
        <time>2026-01-16T02:37:40.677Z</time>
      </trkpt>
      <trkpt lat="46.681960" lon="8.783687">
        <ele>1399.211783</ele>
        <time>2026-01-16T02:37:42.105Z</time>
      </trkpt>
      <trkpt lat="46.681788" lon="8.783585">
        <ele>1399.591644</ele>
        <time>2026-01-16T02:37:44.947Z</time>
      </trkpt>
      <trkpt lat="46.681314" lon="8.783537">
        <ele>1399.933274</ele>
        <time>2026-01-16T02:37:52.082Z</time>
      </trkpt>
      <trkpt lat="46.681052" lon="8.783426">
        <ele>1400.129449</ele>
        <time>2026-01-16T02:37:56.102Z</time>
      </trkpt>
      <trkpt lat="46.680858" lon="8.783264">
        <ele>1400.290205</ele>
        <time>2026-01-16T02:37:59.363Z</time>
      </trkpt>
      <trkpt lat="46.680774" lon="8.783119">
        <ele>1400.383819</ele>
        <time>2026-01-16T02:38:01.330Z</time>
      </trkpt>
      <trkpt lat="46.680732" lon="8.782980">
        <ele>1400.458741</ele>
        <time>2026-01-16T02:38:03.019Z</time>
      </trkpt>
      <trkpt lat="46.680713" lon="8.782827">
        <ele>1400.535439</ele>
        <time>2026-01-16T02:38:04.998Z</time>
      </trkpt>
      <trkpt lat="46.680724" lon="8.782681">
        <ele>1400.607891</ele>
        <time>2026-01-16T02:38:07.009Z</time>
      </trkpt>
      <trkpt lat="46.680834" lon="8.782213">
        <ele>1400.816447</ele>
        <time>2026-01-16T02:38:14.705Z</time>
      </trkpt>
      <trkpt lat="46.680983" lon="8.781773">
        <ele>1400.896549</ele>
        <time>2026-01-16T02:38:22.480Z</time>
      </trkpt>
      <trkpt lat="46.681281" lon="8.781115">
        <ele>1401.025260</ele>
        <time>2026-01-16T02:38:31.324Z</time>
      </trkpt>
      <trkpt lat="46.681452" lon="8.780689">
        <ele>1401.105832</ele>
        <time>2026-01-16T02:38:35.605Z</time>
      </trkpt>
      <trkpt lat="46.681558" lon="8.780140">
        <ele>1401.198935</ele>
        <time>2026-01-16T02:38:40.432Z</time>
      </trkpt>
      <trkpt lat="46.681570" lon="8.780000">
        <ele>1401.221967</ele>
        <time>2026-01-16T02:38:41.603Z</time>
      </trkpt>
      <trkpt lat="46.681564" lon="8.779548">
        <ele>1401.432518</ele>
        <time>2026-01-16T02:38:45.526Z</time>
      </trkpt>
      <trkpt lat="46.681494" lon="8.778329">
        <ele>1402.028655</ele>
        <time>2026-01-16T02:39:00.218Z</time>
      </trkpt>
      <trkpt lat="46.681438" lon="8.777753">
        <ele>1402.312165</ele>
        <time>2026-01-16T02:39:08.950Z</time>
      </trkpt>
      <trkpt lat="46.681421" lon="8.777675">
        <ele>1402.352049</ele>
        <time>2026-01-16T02:39:10.164Z</time>
      </trkpt>
      <trkpt lat="46.681342" lon="8.777399">
        <ele>1402.497791</ele>
        <time>2026-01-16T02:39:14.773Z</time>
      </trkpt>
      <trkpt lat="46.681104" lon="8.776807">
        <ele>1402.476831</ele>
        <time>2026-01-16T02:39:24.618Z</time>
      </trkpt>
      <trkpt lat="46.681075" lon="8.776736">
        <ele>1402.473425</ele>
        <time>2026-01-16T02:39:25.712Z</time>
      </trkpt>
      <trkpt lat="46.681062" lon="8.776705">
        <ele>1402.471927</ele>
        <time>2026-01-16T02:39:26.172Z</time>
      </trkpt>
      <trkpt lat="46.680921" lon="8.776370">
        <ele>1402.455727</ele>
        <time>2026-01-16T02:39:30.562Z</time>
      </trkpt>
      <trkpt lat="46.680841" lon="8.776187">
        <ele>1402.446782</ele>
        <time>2026-01-16T02:39:32.588Z</time>
      </trkpt>
      <trkpt lat="46.680679" lon="8.775914">
        <ele>1402.431903</ele>
        <time>2026-01-16T02:39:35.664Z</time>
      </trkpt>
      <trkpt lat="46.680585" lon="8.775763">
        <ele>1402.423499</ele>
        <time>2026-01-16T02:39:37.307Z</time>
      </trkpt>
      <trkpt lat="46.680407" lon="8.775483">
        <ele>1402.407764</ele>
        <time>2026-01-16T02:39:40.306Z</time>
      </trkpt>
      <trkpt lat="46.680382" lon="8.775446">
        <ele>1402.405623</ele>
        <time>2026-01-16T02:39:40.712Z</time>
      </trkpt>
      <trkpt lat="46.680123" lon="8.774988">
        <ele>1402.499806</ele>
        <time>2026-01-16T02:39:45.452Z</time>
      </trkpt>
      <trkpt lat="46.680089" lon="8.774912">
        <ele>1402.525034</ele>
        <time>2026-01-16T02:39:46.194Z</time>
      </trkpt>
      <trkpt lat="46.680001" lon="8.774700">
        <ele>1402.593931</ele>
        <time>2026-01-16T02:39:48.286Z</time>
      </trkpt>
      <trkpt lat="46.679955" lon="8.774578">
        <ele>1402.632639</ele>
        <time>2026-01-16T02:39:49.518Z</time>
      </trkpt>
      <trkpt lat="46.679890" lon="8.774419">
        <ele>1402.684103</ele>
        <time>2026-01-16T02:39:51.215Z</time>
      </trkpt>
      <trkpt lat="46.679673" lon="8.773906">
        <ele>1402.851679</ele>
        <time>2026-01-16T02:39:57.541Z</time>
      </trkpt>
      <trkpt lat="46.679633" lon="8.773814">
        <ele>1402.881964</ele>
        <time>2026-01-16T02:39:58.863Z</time>
      </trkpt>
      <trkpt lat="46.679589" lon="8.773710">
        <ele>1402.915938</ele>
        <time>2026-01-16T02:40:00.355Z</time>
      </trkpt>
      <trkpt lat="46.679293" lon="8.773027">
        <ele>1403.224313</ele>
        <time>2026-01-16T02:40:12.878Z</time>
      </trkpt>
      <trkpt lat="46.679205" lon="8.772756">
        <ele>1403.769135</ele>
        <time>2026-01-16T02:40:18.542Z</time>
      </trkpt>
      <trkpt lat="46.679129" lon="8.772364">
        <ele>1404.509357</ele>
        <time>2026-01-16T02:40:26.620Z</time>
      </trkpt>
      <trkpt lat="46.679060" lon="8.771277">
        <ele>1406.493047</ele>
        <time>2026-01-16T02:40:46.057Z</time>
      </trkpt>
      <trkpt lat="46.679052" lon="8.771128">
        <ele>1406.764632</ele>
        <time>2026-01-16T02:40:48.641Z</time>
      </trkpt>
      <trkpt lat="46.679028" lon="8.770706">
        <ele>1407.534105</ele>
        <time>2026-01-16T02:40:55.931Z</time>
      </trkpt>
      <trkpt lat="46.679014" lon="8.770153">
        <ele>1408.470198</ele>
        <time>2026-01-16T02:41:05.345Z</time>
      </trkpt>
      <trkpt lat="46.679033" lon="8.769405">
        <ele>1409.685053</ele>
        <time>2026-01-16T02:41:18.011Z</time>
      </trkpt>
      <trkpt lat="46.679046" lon="8.769117">
        <ele>1410.153494</ele>
        <time>2026-01-16T02:41:22.730Z</time>
      </trkpt>
      <trkpt lat="46.679062" lon="8.768570">
        <ele>1411.042095</ele>
        <time>2026-01-16T02:41:31.802Z</time>
      </trkpt>
      <trkpt lat="46.679090" lon="8.768092">
        <ele>1411.820723</ele>
        <time>2026-01-16T02:41:39.973Z</time>
      </trkpt>
      <trkpt lat="46.679287" lon="8.766543">
        <ele>1413.461545</ele>
        <time>2026-01-16T02:42:05.187Z</time>
      </trkpt>
      <trkpt lat="46.679430" lon="8.765861">
        <ele>1414.144231</ele>
        <time>2026-01-16T02:42:15.459Z</time>
      </trkpt>
      <trkpt lat="46.679544" lon="8.765458">
        <ele>1414.561527</ele>
        <time>2026-01-16T02:42:20.381Z</time>
      </trkpt>
      <trkpt lat="46.679558" lon="8.765398">
        <ele>1414.622195</ele>
        <time>2026-01-16T02:42:20.995Z</time>
      </trkpt>
      <trkpt lat="46.679677" lon="8.764702">
        <ele>1414.152102</ele>
        <time>2026-01-16T02:42:26.865Z</time>
      </trkpt>
      <trkpt lat="46.679710" lon="8.764476">
        <ele>1413.982618</ele>
        <time>2026-01-16T02:42:28.689Z</time>
      </trkpt>
      <trkpt lat="46.679780" lon="8.764051">
        <ele>1413.662024</ele>
        <time>2026-01-16T02:42:32.587Z</time>
      </trkpt>
      <trkpt lat="46.679935" lon="8.763573">
        <ele>1413.274222</ele>
        <time>2026-01-16T02:42:36.868Z</time>
      </trkpt>
      <trkpt lat="46.680026" lon="8.763380">
        <ele>1413.102449</ele>
        <time>2026-01-16T02:42:38.824Z</time>
      </trkpt>
      <trkpt lat="46.680238" lon="8.763080">
        <ele>1412.786549</ele>
        <time>2026-01-16T02:42:42.228Z</time>
      </trkpt>
      <trkpt lat="46.680277" lon="8.763019">
        <ele>1412.720727</ele>
        <time>2026-01-16T02:42:42.881Z</time>
      </trkpt>
      <trkpt lat="46.680435" lon="8.762790">
        <ele>1412.282859</ele>
        <time>2026-01-16T02:42:45.246Z</time>
      </trkpt>
      <trkpt lat="46.680524" lon="8.762531">
        <ele>1411.892317</ele>
        <time>2026-01-16T02:42:47.347Z</time>
      </trkpt>
      <trkpt lat="46.680514" lon="8.762228">
        <ele>1411.483333</ele>
        <time>2026-01-16T02:42:49.687Z</time>
      </trkpt>
      <trkpt lat="46.680467" lon="8.762082">
        <ele>1411.265901</ele>
        <time>2026-01-16T02:42:50.876Z</time>
      </trkpt>
      <trkpt lat="46.680378" lon="8.761945">
        <ele>1411.011527</ele>
        <time>2026-01-16T02:42:52.281Z</time>
      </trkpt>
      <trkpt lat="46.680204" lon="8.761833">
        <ele>1410.637734</ele>
        <time>2026-01-16T02:42:54.412Z</time>
      </trkpt>
      <trkpt lat="46.679949" lon="8.761838">
        <ele>1410.136575</ele>
        <time>2026-01-16T02:42:57.121Z</time>
      </trkpt>
      <trkpt lat="46.679583" lon="8.761889">
        <ele>1409.414051</ele>
        <time>2026-01-16T02:43:01.093Z</time>
      </trkpt>
      <trkpt lat="46.679407" lon="8.761873">
        <ele>1409.147060</ele>
        <time>2026-01-16T02:43:03.024Z</time>
      </trkpt>
      <trkpt lat="46.679250" lon="8.761796">
        <ele>1409.022522</ele>
        <time>2026-01-16T02:43:04.835Z</time>
      </trkpt>
      <trkpt lat="46.678387" lon="8.761204">
        <ele>1408.305438</ele>
        <time>2026-01-16T02:43:17.087Z</time>
      </trkpt>
      <trkpt lat="46.677870" lon="8.760738">
        <ele>1407.848428</ele>
        <time>2026-01-16T02:43:26.755Z</time>
      </trkpt>
      <trkpt lat="46.677842" lon="8.760709">
        <ele>1407.808295</ele>
        <time>2026-01-16T02:43:27.232Z</time>
      </trkpt>
      <trkpt lat="46.677440" lon="8.760248">
        <ele>1407.167748</ele>
        <time>2026-01-16T02:43:33.750Z</time>
      </trkpt>
      <trkpt lat="46.677166" lon="8.759806">
        <ele>1406.655940</ele>
        <time>2026-01-16T02:43:38.546Z</time>
      </trkpt>
      <trkpt lat="46.676355" lon="8.758021">
        <ele>1404.556245</ele>
        <time>2026-01-16T02:43:54.921Z</time>
      </trkpt>
      <trkpt lat="46.676149" lon="8.757417">
        <ele>1403.782143</ele>
        <time>2026-01-16T02:44:00.052Z</time>
      </trkpt>
      <trkpt lat="46.676061" lon="8.756973">
        <ele>1403.251749</ele>
        <time>2026-01-16T02:44:03.567Z</time>
      </trkpt>
      <trkpt lat="46.676038" lon="8.756825">
        <ele>1403.077593</ele>
        <time>2026-01-16T02:44:04.723Z</time>
      </trkpt>
      <trkpt lat="46.675824" lon="8.755162">
        <ele>1402.320925</ele>
        <time>2026-01-16T02:44:18.937Z</time>
      </trkpt>
      <trkpt lat="46.675801" lon="8.754825">
        <ele>1402.250501</ele>
        <time>2026-01-16T02:44:22.149Z</time>
      </trkpt>
      <trkpt lat="46.675811" lon="8.754356">
        <ele>1402.152927</ele>
        <time>2026-01-16T02:44:27.179Z</time>
      </trkpt>
      <trkpt lat="46.675874" lon="8.753882">
        <ele>1402.052528</ele>
        <time>2026-01-16T02:44:32.894Z</time>
      </trkpt>
      <trkpt lat="46.675899" lon="8.753759">
        <ele>1402.118135</ele>
        <time>2026-01-16T02:44:34.401Z</time>
      </trkpt>
      <trkpt lat="46.676080" lon="8.752767">
        <ele>1403.517491</ele>
        <time>2026-01-16T02:44:48.442Z</time>
      </trkpt>
      <trkpt lat="46.676088" lon="8.752579">
        <ele>1403.774276</ele>
        <time>2026-01-16T02:44:51.217Z</time>
      </trkpt>
      <trkpt lat="46.676088" lon="8.752526">
        <ele>1403.846529</ele>
        <time>2026-01-16T02:44:52.016Z</time>
      </trkpt>
      <trkpt lat="46.676037" lon="8.752173">
        <ele>1404.338312</ele>
        <time>2026-01-16T02:44:58.276Z</time>
      </trkpt>
      <trkpt lat="46.675772" lon="8.751254">
        <ele>1405.704754</ele>
        <time>2026-01-16T02:45:17.526Z</time>
      </trkpt>
      <trkpt lat="46.675659" lon="8.750958">
        <ele>1406.206812</ele>
        <time>2026-01-16T02:45:23.049Z</time>
      </trkpt>
      <trkpt lat="46.675483" lon="8.750673">
        <ele>1406.775131</ele>
        <time>2026-01-16T02:45:29.082Z</time>
      </trkpt>
      <trkpt lat="46.675441" lon="8.750622">
        <ele>1406.893223</ele>
        <time>2026-01-16T02:45:30.404Z</time>
      </trkpt>
      <trkpt lat="46.675082" lon="8.750192">
        <ele>1407.897024</ele>
        <time>2026-01-16T02:45:40.707Z</time>
      </trkpt>
      <trkpt lat="46.675024" lon="8.750123">
        <ele>1408.058756</ele>
        <time>2026-01-16T02:45:42.348Z</time>
      </trkpt>
      <trkpt lat="46.674756" lon="8.749794">
        <ele>1408.815695</ele>
        <time>2026-01-16T02:45:50.756Z</time>
      </trkpt>
      <trkpt lat="46.674426" lon="8.749387">
        <ele>1409.880873</ele>
        <time>2026-01-16T02:45:59.454Z</time>
      </trkpt>
      <trkpt lat="46.674165" lon="8.749080">
        <ele>1410.982456</ele>
        <time>2026-01-16T02:46:07.161Z</time>
      </trkpt>
      <trkpt lat="46.674115" lon="8.749024">
        <ele>1411.189566</ele>
        <time>2026-01-16T02:46:08.876Z</time>
      </trkpt>
      <trkpt lat="46.673484" lon="8.748321">
        <ele>1413.798199</ele>
        <time>2026-01-16T02:46:32.408Z</time>
      </trkpt>
      <trkpt lat="46.673151" lon="8.747911">
        <ele>1415.229954</ele>
        <time>2026-01-16T02:46:46.113Z</time>
      </trkpt>
      <trkpt lat="46.672919" lon="8.747542">
        <ele>1416.494521</ele>
        <time>2026-01-16T02:46:57.072Z</time>
      </trkpt>
      <trkpt lat="46.672702" lon="8.747098">
        <ele>1417.899157</ele>
        <time>2026-01-16T02:47:08.883Z</time>
      </trkpt>
      <trkpt lat="46.672554" lon="8.746713">
        <ele>1419.036294</ele>
        <time>2026-01-16T02:47:18.018Z</time>
      </trkpt>
      <trkpt lat="46.672395" lon="8.746112">
        <ele>1420.696063</ele>
        <time>2026-01-16T02:47:30.103Z</time>
      </trkpt>
      <trkpt lat="46.672233" lon="8.745197">
        <ele>1423.224301</ele>
        <time>2026-01-16T02:47:48.733Z</time>
      </trkpt>
      <trkpt lat="46.672192" lon="8.745039">
        <ele>1423.701340</ele>
        <time>2026-01-16T02:47:52.312Z</time>
      </trkpt>
      <trkpt lat="46.672120" lon="8.744905">
        <ele>1424.181977</ele>
        <time>2026-01-16T02:47:55.932Z</time>
      </trkpt>
      <trkpt lat="46.672042" lon="8.744823">
        <ele>1424.577805</ele>
        <time>2026-01-16T02:47:58.968Z</time>
      </trkpt>
      <trkpt lat="46.671889" lon="8.744741">
        <ele>1425.248730</ele>
        <time>2026-01-16T02:48:04.108Z</time>
      </trkpt>
      <trkpt lat="46.671799" lon="8.744701">
        <ele>1425.635980</ele>
        <time>2026-01-16T02:48:07.161Z</time>
      </trkpt>
      <trkpt lat="46.671072" lon="8.744376">
        <ele>1428.765662</ele>
        <time>2026-01-16T02:48:31.628Z</time>
      </trkpt>
      <trkpt lat="46.670943" lon="8.744319">
        <ele>1429.320447</ele>
        <time>2026-01-16T02:48:36.116Z</time>
      </trkpt>
      <trkpt lat="46.670515" lon="8.744134">
        <ele>1431.160091</ele>
        <time>2026-01-16T02:48:50.817Z</time>
      </trkpt>
      <trkpt lat="46.670475" lon="8.744392">
        <ele>1431.908159</ele>
        <time>2026-01-16T02:49:13.901Z</time>
      </trkpt>
      <trkpt lat="46.669987" lon="8.744290">
        <ele>1433.940070</ele>
        <time>2026-01-16T02:50:16.411Z</time>
      </trkpt>
      <trkpt lat="46.669698" lon="8.744571">
        <ele>1435.371994</ele>
        <time>2026-01-16T02:51:00.870Z</time>
      </trkpt>
      <trkpt lat="46.669538" lon="8.744562">
        <ele>1436.031937</ele>
        <time>2026-01-16T02:51:21.602Z</time>
      </trkpt>
      <trkpt lat="46.669264" lon="8.744868">
        <ele>1437.250123</ele>
        <time>2026-01-16T02:52:06.998Z</time>
      </trkpt>
      <trkpt lat="46.668785" lon="8.745319">
        <ele>1438.598143</ele>
        <time>2026-01-16T02:53:15.924Z</time>
      </trkpt>
      <trkpt lat="46.668625" lon="8.745527">
        <ele>1439.104967</ele>
        <time>2026-01-16T02:53:41.460Z</time>
      </trkpt>
      <trkpt lat="46.668441" lon="8.745475">
        <ele>1439.548007</ele>
        <time>2026-01-16T02:54:03.672Z</time>
      </trkpt>
      <trkpt lat="46.668414" lon="8.745629">
        <ele>1439.805830</ele>
        <time>2026-01-16T02:54:05.689Z</time>
      </trkpt>
      <trkpt lat="46.668344" lon="8.745789">
        <ele>1440.113621</ele>
        <time>2026-01-16T02:54:08.378Z</time>
      </trkpt>
      <trkpt lat="46.668232" lon="8.745892">
        <ele>1440.426676</ele>
        <time>2026-01-16T02:54:11.154Z</time>
      </trkpt>
      <trkpt lat="46.668054" lon="8.745982">
        <ele>1440.872036</ele>
        <time>2026-01-16T02:54:15.090Z</time>
      </trkpt>
      <trkpt lat="46.667975" lon="8.745952">
        <ele>1441.065011</ele>
        <time>2026-01-16T02:54:16.865Z</time>
      </trkpt>
      <trkpt lat="46.667786" lon="8.745702">
        <ele>1442.106879</ele>
        <time>2026-01-16T02:54:22.238Z</time>
      </trkpt>
      <trkpt lat="46.667701" lon="8.745672">
        <ele>1442.518808</ele>
        <time>2026-01-16T02:54:23.962Z</time>
      </trkpt>
      <trkpt lat="46.667548" lon="8.745702">
        <ele>1443.245940</ele>
        <time>2026-01-16T02:54:27.310Z</time>
      </trkpt>
      <trkpt lat="46.667457" lon="8.745682">
        <ele>1443.679401</ele>
        <time>2026-01-16T02:54:29.621Z</time>
      </trkpt>
      <trkpt lat="46.667363" lon="8.745615">
        <ele>1444.172270</ele>
        <time>2026-01-16T02:54:32.804Z</time>
      </trkpt>
      <trkpt lat="46.667250" lon="8.745480">
        <ele>1444.860509</ele>
        <time>2026-01-16T02:54:38.319Z</time>
      </trkpt>
      <trkpt lat="46.667099" lon="8.745219">
        <ele>1445.963912</ele>
        <time>2026-01-16T02:54:48.189Z</time>
      </trkpt>
      <trkpt lat="46.666521" lon="8.744032">
        <ele>1450.518448</ele>
        <time>2026-01-16T02:55:29.610Z</time>
      </trkpt>
      <trkpt lat="46.665966" lon="8.743072">
        <ele>1453.948935</ele>
        <time>2026-01-16T02:55:56.181Z</time>
      </trkpt>
      <trkpt lat="46.665793" lon="8.742731">
        <ele>1455.107872</ele>
        <time>2026-01-16T02:56:03.059Z</time>
      </trkpt>
      <trkpt lat="46.664642" lon="8.739945">
        <ele>1463.049821</ele>
        <time>2026-01-16T02:57:02.957Z</time>
      </trkpt>
      <trkpt lat="46.664587" lon="8.739788">
        <ele>1463.931582</ele>
        <time>2026-01-16T02:57:07.554Z</time>
      </trkpt>
      <trkpt lat="46.664480" lon="8.739372">
        <ele>1466.228502</ele>
        <time>2026-01-16T02:57:20.036Z</time>
      </trkpt>
      <trkpt lat="46.664433" lon="8.739065">
        <ele>1467.854782</ele>
        <time>2026-01-16T02:57:29.694Z</time>
      </trkpt>
      <trkpt lat="46.664304" lon="8.736935">
        <ele>1478.704646</ele>
        <time>2026-01-16T02:58:43.894Z</time>
      </trkpt>
      <trkpt lat="46.663985" lon="8.734951">
        <ele>1488.292269</ele>
        <time>2026-01-16T02:59:39.631Z</time>
      </trkpt>
      <trkpt lat="46.663914" lon="8.733859">
        <ele>1493.302617</ele>
        <time>2026-01-16T03:00:09.973Z</time>
      </trkpt>
      <trkpt lat="46.663859" lon="8.733432">
        <ele>1495.278298</ele>
        <time>2026-01-16T03:00:23.079Z</time>
      </trkpt>
      <trkpt lat="46.663759" lon="8.732858">
        <ele>1497.971351</ele>
        <time>2026-01-16T03:00:41.337Z</time>
      </trkpt>
      <trkpt lat="46.663143" lon="8.730330">
        <ele>1507.245132</ele>
        <time>2026-01-16T03:01:53.518Z</time>
      </trkpt>
      <trkpt lat="46.663043" lon="8.729483">
        <ele>1509.180024</ele>
        <time>2026-01-16T03:02:04.243Z</time>
      </trkpt>
      <trkpt lat="46.662783" lon="8.728730">
        <ele>1509.589683</ele>
        <time>2026-01-16T03:02:10.478Z</time>
      </trkpt>
      <trkpt lat="46.662596" lon="8.727786">
        <ele>1510.067192</ele>
        <time>2026-01-16T03:02:18.465Z</time>
      </trkpt>
      <trkpt lat="46.662563" lon="8.727546">
        <ele>1510.186149</ele>
        <time>2026-01-16T03:02:22.080Z</time>
      </trkpt>
      <trkpt lat="46.662556" lon="8.726869">
        <ele>1513.397439</ele>
        <time>2026-01-16T03:02:37.929Z</time>
      </trkpt>
      <trkpt lat="46.662335" lon="8.726046">
        <ele>1520.052912</ele>
        <time>2026-01-16T03:03:12.891Z</time>
      </trkpt>
      <trkpt lat="46.662182" lon="8.725098">
        <ele>1527.386976</ele>
        <time>2026-01-16T03:04:03.019Z</time>
      </trkpt>
      <trkpt lat="46.662145" lon="8.724668">
        <ele>1530.643678</ele>
        <time>2026-01-16T03:04:25.274Z</time>
      </trkpt>
      <trkpt lat="46.662137" lon="8.723814">
        <ele>1537.000830</ele>
        <time>2026-01-16T03:05:05.467Z</time>
      </trkpt>
      <trkpt lat="46.662093" lon="8.723415">
        <ele>1540.008794</ele>
        <time>2026-01-16T03:05:22.834Z</time>
      </trkpt>
      <trkpt lat="46.662015" lon="8.723111">
        <ele>1542.424517</ele>
        <time>2026-01-16T03:05:35.888Z</time>
      </trkpt>
      <trkpt lat="46.661015" lon="8.720110">
        <ele>1561.444091</ele>
        <time>2026-01-16T03:07:18.320Z</time>
      </trkpt>
      <trkpt lat="46.660784" lon="8.719594">
        <ele>1564.822555</ele>
        <time>2026-01-16T03:07:34.582Z</time>
      </trkpt>
      <trkpt lat="46.660581" lon="8.719166">
        <ele>1567.840510</ele>
        <time>2026-01-16T03:07:49.623Z</time>
      </trkpt>
      <trkpt lat="46.660306" lon="8.718557">
        <ele>1572.069314</ele>
        <time>2026-01-16T03:08:13.623Z</time>
      </trkpt>
      <trkpt lat="46.659816" lon="8.717207">
        <ele>1581.007369</ele>
        <time>2026-01-16T03:09:13.366Z</time>
      </trkpt>
      <trkpt lat="46.658947" lon="8.715584">
        <ele>1593.256722</ele>
        <time>2026-01-16T03:10:22.603Z</time>
      </trkpt>
      <trkpt lat="46.658495" lon="8.714584">
        <ele>1599.018059</ele>
        <time>2026-01-16T03:10:55.052Z</time>
      </trkpt>
      <trkpt lat="46.657397" lon="8.712965">
        <ele>1611.751968</ele>
        <time>2026-01-16T03:12:02.184Z</time>
      </trkpt>
      <trkpt lat="46.657289" lon="8.712736">
        <ele>1613.709965</ele>
        <time>2026-01-16T03:12:12.495Z</time>
      </trkpt>
      <trkpt lat="46.656892" lon="8.711623">
        <ele>1622.549178</ele>
        <time>2026-01-16T03:13:04.973Z</time>
      </trkpt>
      <trkpt lat="46.656712" lon="8.711230">
        <ele>1625.751878</ele>
        <time>2026-01-16T03:13:28.825Z</time>
      </trkpt>
      <trkpt lat="46.656436" lon="8.710792">
        <ele>1629.570747</ele>
        <time>2026-01-16T03:13:57.399Z</time>
      </trkpt>
      <trkpt lat="46.656042" lon="8.710332">
        <ele>1634.295302</ele>
        <time>2026-01-16T03:14:28.383Z</time>
      </trkpt>
      <trkpt lat="46.655868" lon="8.710108">
        <ele>1636.468054</ele>
        <time>2026-01-16T03:14:39.414Z</time>
      </trkpt>
      <trkpt lat="46.655722" lon="8.709674">
        <ele>1639.572320</ele>
        <time>2026-01-16T03:14:52.911Z</time>
      </trkpt>
      <trkpt lat="46.655621" lon="8.709393">
        <ele>1641.282961</ele>
        <time>2026-01-16T03:15:00.291Z</time>
      </trkpt>
      <trkpt lat="46.655238" lon="8.708796">
        <ele>1641.354482</ele>
        <time>2026-01-16T03:15:09.531Z</time>
      </trkpt>
      <trkpt lat="46.655169" lon="8.708537">
        <ele>1641.378797</ele>
        <time>2026-01-16T03:15:11.684Z</time>
      </trkpt>
      <trkpt lat="46.655067" lon="8.707810">
        <ele>1641.443742</ele>
        <time>2026-01-16T03:15:16.934Z</time>
      </trkpt>
      <trkpt lat="46.654947" lon="8.706851">
        <ele>1642.214030</ele>
        <time>2026-01-16T03:15:25.753Z</time>
      </trkpt>
      <trkpt lat="46.654884" lon="8.706228">
        <ele>1644.044640</ele>
        <time>2026-01-16T03:15:36.172Z</time>
      </trkpt>
      <trkpt lat="46.654879" lon="8.706128">
        <ele>1644.336110</ele>
        <time>2026-01-16T03:15:38.187Z</time>
      </trkpt>
      <trkpt lat="46.654839" lon="8.704103">
        <ele>1650.579093</ele>
        <time>2026-01-16T03:16:33.743Z</time>
      </trkpt>
      <trkpt lat="46.654839" lon="8.704103">
        <ele>1650.579093</ele>
        <time>2026-01-16T03:16:33.750Z</time>
      </trkpt>
      <trkpt lat="46.654668" lon="8.702267">
        <ele>1657.698259</ele>
        <time>2026-01-16T03:17:22.370Z</time>
      </trkpt>
      <trkpt lat="46.654551" lon="8.701875">
        <ele>1659.386317</ele>
        <time>2026-01-16T03:17:30.779Z</time>
      </trkpt>
      <trkpt lat="46.654460" lon="8.701738">
        <ele>1660.346599</ele>
        <time>2026-01-16T03:17:34.837Z</time>
      </trkpt>
      <trkpt lat="46.654065" lon="8.701379">
        <ele>1663.763043</ele>
        <time>2026-01-16T03:17:51.491Z</time>
      </trkpt>
      <trkpt lat="46.653904" lon="8.701059">
        <ele>1665.761536</ele>
        <time>2026-01-16T03:18:02.865Z</time>
      </trkpt>
      <trkpt lat="46.653820" lon="8.700823">
        <ele>1667.100603</ele>
        <time>2026-01-16T03:18:10.881Z</time>
      </trkpt>
      <trkpt lat="46.653800" lon="8.700687">
        <ele>1667.801191</ele>
        <time>2026-01-16T03:18:15.202Z</time>
      </trkpt>
      <trkpt lat="46.653844" lon="8.699943">
        <ele>1671.562661</ele>
        <time>2026-01-16T03:18:41.312Z</time>
      </trkpt>
      <trkpt lat="46.653832" lon="8.699726">
        <ele>1672.725979</ele>
        <time>2026-01-16T03:18:50.488Z</time>
      </trkpt>
      <trkpt lat="46.653502" lon="8.698549">
        <ele>1680.735409</ele>
        <time>2026-01-16T03:19:42.840Z</time>
      </trkpt>
      <trkpt lat="46.653408" lon="8.698315">
        <ele>1682.443429</ele>
        <time>2026-01-16T03:19:52.291Z</time>
      </trkpt>
      <trkpt lat="46.653294" lon="8.698127">
        <ele>1684.023730</ele>
        <time>2026-01-16T03:20:00.274Z</time>
      </trkpt>
      <trkpt lat="46.652886" lon="8.697576">
        <ele>1689.056141</ele>
        <time>2026-01-16T03:20:24.475Z</time>
      </trkpt>
      <trkpt lat="46.652246" lon="8.696575">
        <ele>1694.908649</ele>
        <time>2026-01-16T03:21:04.241Z</time>
      </trkpt>
      <trkpt lat="46.652089" lon="8.696329">
        <ele>1696.345733</ele>
        <time>2026-01-16T03:21:12.376Z</time>
      </trkpt>
      <trkpt lat="46.651824" lon="8.696083">
        <ele>1698.304228</ele>
        <time>2026-01-16T03:21:22.983Z</time>
      </trkpt>
      <trkpt lat="46.651653" lon="8.696004">
        <ele>1699.422331</ele>
        <time>2026-01-16T03:21:29.498Z</time>
      </trkpt>
      <trkpt lat="46.651303" lon="8.695968">
        <ele>1701.864504</ele>
        <time>2026-01-16T03:21:43.225Z</time>
      </trkpt>
      <trkpt lat="46.651172" lon="8.695958">
        <ele>1702.821428</ele>
        <time>2026-01-16T03:21:48.751Z</time>
      </trkpt>
      <trkpt lat="46.651010" lon="8.695901">
        <ele>1704.037158</ele>
        <time>2026-01-16T03:21:55.172Z</time>
      </trkpt>
      <trkpt lat="46.650935" lon="8.695835">
        <ele>1704.676336</ele>
        <time>2026-01-16T03:21:58.345Z</time>
      </trkpt>
      <trkpt lat="46.650831" lon="8.695656">
        <ele>1705.850628</ele>
        <time>2026-01-16T03:22:04.799Z</time>
      </trkpt>
      <trkpt lat="46.650473" lon="8.694227">
        <ele>1713.448427</ele>
        <time>2026-01-16T03:22:56.896Z</time>
      </trkpt>
      <trkpt lat="46.650327" lon="8.693778">
        <ele>1715.730948</ele>
        <time>2026-01-16T03:23:12.901Z</time>
      </trkpt>
      <trkpt lat="46.650122" lon="8.693262">
        <ele>1718.469961</ele>
        <time>2026-01-16T03:23:28.914Z</time>
      </trkpt>
      <trkpt lat="46.649990" lon="8.693142">
        <ele>1719.511307</ele>
        <time>2026-01-16T03:23:34.809Z</time>
      </trkpt>
      <trkpt lat="46.649911" lon="8.693132">
        <ele>1720.042022</ele>
        <time>2026-01-16T03:23:37.722Z</time>
      </trkpt>
      <trkpt lat="46.649593" lon="8.693233">
        <ele>1722.220298</ele>
        <time>2026-01-16T03:23:49.710Z</time>
      </trkpt>
      <trkpt lat="46.649456" lon="8.693243">
        <ele>1723.138349</ele>
        <time>2026-01-16T03:23:54.465Z</time>
      </trkpt>
      <trkpt lat="46.649365" lon="8.693172">
        <ele>1723.829238</ele>
        <time>2026-01-16T03:23:57.968Z</time>
      </trkpt>
      <trkpt lat="46.649329" lon="8.693106">
        <ele>1724.216529</ele>
        <time>2026-01-16T03:23:59.799Z</time>
      </trkpt>
      <trkpt lat="46.649029" lon="8.691363">
        <ele>1736.210644</ele>
        <time>2026-01-16T03:24:57.235Z</time>
      </trkpt>
      <trkpt lat="46.649020" lon="8.690960">
        <ele>1739.024601</ele>
        <time>2026-01-16T03:25:16.006Z</time>
      </trkpt>
      <trkpt lat="46.649168" lon="8.689429">
        <ele>1751.820908</ele>
        <time>2026-01-16T03:26:34.350Z</time>
      </trkpt>
      <trkpt lat="46.649205" lon="8.687900">
        <ele>1765.920388</ele>
        <time>2026-01-16T03:27:46.588Z</time>
      </trkpt>
      <trkpt lat="46.649145" lon="8.687672">
        <ele>1768.048569</ele>
        <time>2026-01-16T03:27:56.919Z</time>
      </trkpt>
      <trkpt lat="46.648623" lon="8.686970">
        <ele>1775.104078</ele>
        <time>2026-01-16T03:28:40.386Z</time>
      </trkpt>
      <trkpt lat="46.648591" lon="8.686862">
        <ele>1775.906032</ele>
        <time>2026-01-16T03:28:45.060Z</time>
      </trkpt>
      <trkpt lat="46.648589" lon="8.686664">
        <ele>1777.256054</ele>
        <time>2026-01-16T03:28:52.656Z</time>
      </trkpt>
      <trkpt lat="46.648627" lon="8.686529">
        <ele>1778.250793</ele>
        <time>2026-01-16T03:28:58.001Z</time>
      </trkpt>
      <trkpt lat="46.648754" lon="8.686376">
        <ele>1779.887510</ele>
        <time>2026-01-16T03:29:06.462Z</time>
      </trkpt>
      <trkpt lat="46.649165" lon="8.686174">
        <ele>1784.195334</ele>
        <time>2026-01-16T03:29:27.159Z</time>
      </trkpt>
      <trkpt lat="46.649265" lon="8.686147">
        <ele>1785.205380</ele>
        <time>2026-01-16T03:29:31.735Z</time>
      </trkpt>
      <trkpt lat="46.649362" lon="8.686163">
        <ele>1785.989843</ele>
        <time>2026-01-16T03:29:36.018Z</time>
      </trkpt>
      <trkpt lat="46.649456" lon="8.686221">
        <ele>1786.696399</ele>
        <time>2026-01-16T03:29:40.454Z</time>
      </trkpt>
      <trkpt lat="46.649517" lon="8.686300">
        <ele>1787.261320</ele>
        <time>2026-01-16T03:29:43.853Z</time>
      </trkpt>
      <trkpt lat="46.649616" lon="8.686514">
        <ele>1788.487410</ele>
        <time>2026-01-16T03:29:51.202Z</time>
      </trkpt>
      <trkpt lat="46.649765" lon="8.687002">
        <ele>1791.024989</ele>
        <time>2026-01-16T03:30:05.567Z</time>
      </trkpt>
      <trkpt lat="46.649849" lon="8.687534">
        <ele>1793.618610</ele>
        <time>2026-01-16T03:30:19.028Z</time>
      </trkpt>
      <trkpt lat="46.649896" lon="8.687569">
        <ele>1793.983950</ele>
        <time>2026-01-16T03:30:20.873Z</time>
      </trkpt>
      <trkpt lat="46.649977" lon="8.687517">
        <ele>1794.596599</ele>
        <time>2026-01-16T03:30:24.153Z</time>
      </trkpt>
      <trkpt lat="46.649980" lon="8.687419">
        <ele>1795.062674</ele>
        <time>2026-01-16T03:30:26.664Z</time>
      </trkpt>
      <trkpt lat="46.649808" lon="8.686536">
        <ele>1800.146251</ele>
        <time>2026-01-16T03:30:55.783Z</time>
      </trkpt>
      <trkpt lat="46.649768" lon="8.686100">
        <ele>1803.307138</ele>
        <time>2026-01-16T03:31:12.985Z</time>
      </trkpt>
      <trkpt lat="46.649744" lon="8.685584">
        <ele>1807.023541</ele>
        <time>2026-01-16T03:31:35.391Z</time>
      </trkpt>
      <trkpt lat="46.649811" lon="8.684220">
        <ele>1816.846400</ele>
        <time>2026-01-16T03:32:34.417Z</time>
      </trkpt>
      <trkpt lat="46.649783" lon="8.684040">
        <ele>1817.594908</ele>
        <time>2026-01-16T03:32:41.304Z</time>
      </trkpt>
      <trkpt lat="46.649664" lon="8.683660">
        <ele>1819.288808</ele>
        <time>2026-01-16T03:32:55.213Z</time>
      </trkpt>
      <trkpt lat="46.649657" lon="8.683548">
        <ele>1819.744910</ele>
        <time>2026-01-16T03:32:58.631Z</time>
      </trkpt>
      <trkpt lat="46.649704" lon="8.683459">
        <ele>1820.200304</ele>
        <time>2026-01-16T03:33:01.876Z</time>
      </trkpt>
      <trkpt lat="46.649772" lon="8.683436">
        <ele>1820.612732</ele>
        <time>2026-01-16T03:33:04.761Z</time>
      </trkpt>
      <trkpt lat="46.649849" lon="8.683529">
        <ele>1821.203663</ele>
        <time>2026-01-16T03:33:08.720Z</time>
      </trkpt>
      <trkpt lat="46.649943" lon="8.684279">
        <ele>1824.295603</ele>
        <time>2026-01-16T03:33:25.085Z</time>
      </trkpt>
      <trkpt lat="46.650116" lon="8.684859">
        <ele>1826.860272</ele>
        <time>2026-01-16T03:33:38.380Z</time>
      </trkpt>
      <trkpt lat="46.650139" lon="8.685058">
        <ele>1827.672762</ele>
        <time>2026-01-16T03:33:41.819Z</time>
      </trkpt>
      <trkpt lat="46.650127" lon="8.685561">
        <ele>1829.656609</ele>
        <time>2026-01-16T03:33:50.620Z</time>
      </trkpt>
      <trkpt lat="46.650137" lon="8.685622">
        <ele>1829.903811</ele>
        <time>2026-01-16T03:33:51.838Z</time>
      </trkpt>
      <trkpt lat="46.650191" lon="8.685676">
        <ele>1830.279908</ele>
        <time>2026-01-16T03:33:53.653Z</time>
      </trkpt>
      <trkpt lat="46.650271" lon="8.685641">
        <ele>1830.759542</ele>
        <time>2026-01-16T03:33:56.250Z</time>
      </trkpt>
      <trkpt lat="46.650289" lon="8.685534">
        <ele>1831.193778</ele>
        <time>2026-01-16T03:33:58.565Z</time>
      </trkpt>
      <trkpt lat="46.650239" lon="8.684682">
        <ele>1834.564305</ele>
        <time>2026-01-16T03:34:20.342Z</time>
      </trkpt>
      <trkpt lat="46.650155" lon="8.684174">
        <ele>1836.623935</ele>
        <time>2026-01-16T03:34:37.077Z</time>
      </trkpt>
      <trkpt lat="46.650149" lon="8.684030">
        <ele>1837.192577</ele>
        <time>2026-01-16T03:34:42.006Z</time>
      </trkpt>
      <trkpt lat="46.650176" lon="8.683815">
        <ele>1838.242666</ele>
        <time>2026-01-16T03:34:49.072Z</time>
      </trkpt>
      <trkpt lat="46.650359" lon="8.682999">
        <ele>1844.096943</ele>
        <time>2026-01-16T03:35:20.248Z</time>
      </trkpt>
      <trkpt lat="46.650804" lon="8.681711">
        <ele>1853.930402</ele>
        <time>2026-01-16T03:36:19.121Z</time>
      </trkpt>
      <trkpt lat="46.650881" lon="8.681163">
        <ele>1857.485859</ele>
        <time>2026-01-16T03:36:40.005Z</time>
      </trkpt>
      <trkpt lat="46.650915" lon="8.681048">
        <ele>1858.233381</ele>
        <time>2026-01-16T03:36:44.401Z</time>
      </trkpt>
      <trkpt lat="46.650993" lon="8.681018">
        <ele>1858.934994</ele>
        <time>2026-01-16T03:36:48.452Z</time>
      </trkpt>
      <trkpt lat="46.651030" lon="8.681066">
        <ele>1859.365883</ele>
        <time>2026-01-16T03:36:50.909Z</time>
      </trkpt>
      <trkpt lat="46.651044" lon="8.681147">
        <ele>1859.864545</ele>
        <time>2026-01-16T03:36:53.722Z</time>
      </trkpt>
      <trkpt lat="46.650902" lon="8.682601">
        <ele>1868.632330</ele>
        <time>2026-01-16T03:37:40.723Z</time>
      </trkpt>
      <trkpt lat="46.650902" lon="8.683015">
        <ele>1871.103911</ele>
        <time>2026-01-16T03:37:55.363Z</time>
      </trkpt>
      <trkpt lat="46.651027" lon="8.684010">
        <ele>1876.976747</ele>
        <time>2026-01-16T03:38:29.748Z</time>
      </trkpt>
      <trkpt lat="46.651063" lon="8.684095">
        <ele>1877.556052</ele>
        <time>2026-01-16T03:38:33.059Z</time>
      </trkpt>
      <trkpt lat="46.651125" lon="8.684106">
        <ele>1878.083802</ele>
        <time>2026-01-16T03:38:36.159Z</time>
      </trkpt>
      <trkpt lat="46.651186" lon="8.684007">
        <ele>1878.855418</ele>
        <time>2026-01-16T03:38:40.513Z</time>
      </trkpt>
      <trkpt lat="46.651260" lon="8.683353">
        <ele>1882.699913</ele>
        <time>2026-01-16T03:39:03.067Z</time>
      </trkpt>
      <trkpt lat="46.651311" lon="8.683137">
        <ele>1884.024788</ele>
        <time>2026-01-16T03:39:10.751Z</time>
      </trkpt>
      <trkpt lat="46.651506" lon="8.682519">
        <ele>1887.851553</ele>
        <time>2026-01-16T03:39:33.325Z</time>
      </trkpt>
      <trkpt lat="46.651728" lon="8.681643">
        <ele>1892.830175</ele>
        <time>2026-01-16T03:40:01.875Z</time>
      </trkpt>
      <trkpt lat="46.651900" lon="8.681078">
        <ele>1896.125472</ele>
        <time>2026-01-16T03:40:22.439Z</time>
      </trkpt>
      <trkpt lat="46.651932" lon="8.680870">
        <ele>1897.261952</ele>
        <time>2026-01-16T03:40:29.654Z</time>
      </trkpt>
      <trkpt lat="46.651935" lon="8.680245">
        <ele>1900.559550</ele>
        <time>2026-01-16T03:40:49.582Z</time>
      </trkpt>
      <trkpt lat="46.652044" lon="8.679457">
        <ele>1903.589504</ele>
        <time>2026-01-16T03:41:11.409Z</time>
      </trkpt>
      <trkpt lat="46.652119" lon="8.679412">
        <ele>1904.034910</ele>
        <time>2026-01-16T03:41:14.215Z</time>
      </trkpt>
      <trkpt lat="46.652182" lon="8.679512">
        <ele>1904.546534</ele>
        <time>2026-01-16T03:41:17.296Z</time>
      </trkpt>
      <trkpt lat="46.652196" lon="8.680261">
        <ele>1907.370812</ele>
        <time>2026-01-16T03:41:33.307Z</time>
      </trkpt>
      <trkpt lat="46.652308" lon="8.680746">
        <ele>1909.299618</ele>
        <time>2026-01-16T03:41:44.661Z</time>
      </trkpt>
      <trkpt lat="46.652316" lon="8.680882">
        <ele>1909.814125</ele>
        <time>2026-01-16T03:41:47.909Z</time>
      </trkpt>
      <trkpt lat="46.652282" lon="8.681221">
        <ele>1911.569865</ele>
        <time>2026-01-16T03:41:56.478Z</time>
      </trkpt>
      <trkpt lat="46.652168" lon="8.681595">
        <ele>1914.063678</ele>
        <time>2026-01-16T03:42:08.011Z</time>
      </trkpt>
      <trkpt lat="46.652192" lon="8.681684">
        <ele>1914.646408</ele>
        <time>2026-01-16T03:42:10.917Z</time>
      </trkpt>
      <trkpt lat="46.652263" lon="8.681710">
        <ele>1915.296359</ele>
        <time>2026-01-16T03:42:14.207Z</time>
      </trkpt>
      <trkpt lat="46.652307" lon="8.681660">
        <ele>1915.791779</ele>
        <time>2026-01-16T03:42:16.799Z</time>
      </trkpt>
      <trkpt lat="46.652441" lon="8.681182">
        <ele>1918.938325</ele>
        <time>2026-01-16T03:42:34.626Z</time>
      </trkpt>
      <trkpt lat="46.652707" lon="8.680037">
        <ele>1926.304845</ele>
        <time>2026-01-16T03:43:23.227Z</time>
      </trkpt>
      <trkpt lat="46.653033" lon="8.679249">
        <ele>1932.110344</ele>
        <time>2026-01-16T03:44:03.274Z</time>
      </trkpt>
      <trkpt lat="46.653714" lon="8.678007">
        <ele>1942.141595</ele>
        <time>2026-01-16T03:44:57.075Z</time>
      </trkpt>
      <trkpt lat="46.653764" lon="8.677980">
        <ele>1942.631831</ele>
        <time>2026-01-16T03:44:58.584Z</time>
      </trkpt>
      <trkpt lat="46.653805" lon="8.677996">
        <ele>1943.000843</ele>
        <time>2026-01-16T03:45:00.116Z</time>
      </trkpt>
      <trkpt lat="46.653836" lon="8.678056">
        <ele>1943.413899</ele>
        <time>2026-01-16T03:45:02.047Z</time>
      </trkpt>
      <trkpt lat="46.653840" lon="8.678131">
        <ele>1943.827661</ele>
        <time>2026-01-16T03:45:03.531Z</time>
      </trkpt>
      <trkpt lat="46.653647" lon="8.678646">
        <ele>1947.054977</ele>
        <time>2026-01-16T03:45:18.593Z</time>
      </trkpt>
      <trkpt lat="46.653535" lon="8.678890">
        <ele>1948.669472</ele>
        <time>2026-01-16T03:45:26.291Z</time>
      </trkpt>
      <trkpt lat="46.653290" lon="8.679209">
        <ele>1951.302495</ele>
        <time>2026-01-16T03:45:40.327Z</time>
      </trkpt>
      <trkpt lat="46.653278" lon="8.679293">
        <ele>1951.774421</ele>
        <time>2026-01-16T03:45:43.200Z</time>
      </trkpt>
      <trkpt lat="46.653298" lon="8.679348">
        <ele>1952.116766</ele>
        <time>2026-01-16T03:45:45.118Z</time>
      </trkpt>
      <trkpt lat="46.653385" lon="8.679368">
        <ele>1952.822534</ele>
        <time>2026-01-16T03:45:48.899Z</time>
      </trkpt>
      <trkpt lat="46.653919" lon="8.678745">
        <ele>1958.890813</ele>
        <time>2026-01-16T03:46:25.422Z</time>
      </trkpt>
      <trkpt lat="46.654126" lon="8.678420">
        <ele>1962.710989</ele>
        <time>2026-01-16T03:46:47.373Z</time>
      </trkpt>
      <trkpt lat="46.654279" lon="8.678133">
        <ele>1965.842100</ele>
        <time>2026-01-16T03:47:05.352Z</time>
      </trkpt>
      <trkpt lat="46.654561" lon="8.677491">
        <ele>1972.409468</ele>
        <time>2026-01-16T03:47:42.837Z</time>
      </trkpt>
      <trkpt lat="46.654657" lon="8.676783">
        <ele>1978.627671</ele>
        <time>2026-01-16T03:48:14.615Z</time>
      </trkpt>
      <trkpt lat="46.654753" lon="8.676626">
        <ele>1980.303514</ele>
        <time>2026-01-16T03:48:23.537Z</time>
      </trkpt>
      <trkpt lat="46.654911" lon="8.676571">
        <ele>1981.874435</ele>
        <time>2026-01-16T03:48:33.615Z</time>
      </trkpt>
      <trkpt lat="46.655067" lon="8.676673">
        <ele>1983.527967</ele>
        <time>2026-01-16T03:48:44.156Z</time>
      </trkpt>
      <trkpt lat="46.655399" lon="8.676988">
        <ele>1987.359317</ele>
        <time>2026-01-16T03:49:07.291Z</time>
      </trkpt>
      <trkpt lat="46.655504" lon="8.677081">
        <ele>1988.547617</ele>
        <time>2026-01-16T03:49:14.036Z</time>
      </trkpt>
      <trkpt lat="46.655611" lon="8.677140">
        <ele>1989.653971</ele>
        <time>2026-01-16T03:49:20.253Z</time>
      </trkpt>
      <trkpt lat="46.655708" lon="8.677147">
        <ele>1990.593143</ele>
        <time>2026-01-16T03:49:25.401Z</time>
      </trkpt>
      <trkpt lat="46.655811" lon="8.677117">
        <ele>1991.608896</ele>
        <time>2026-01-16T03:49:30.509Z</time>
      </trkpt>
      <trkpt lat="46.655918" lon="8.677033">
        <ele>1992.784277</ele>
        <time>2026-01-16T03:49:36.171Z</time>
      </trkpt>
      <trkpt lat="46.656262" lon="8.676558">
        <ele>1997.357097</ele>
        <time>2026-01-16T03:49:56.952Z</time>
      </trkpt>
      <trkpt lat="46.656360" lon="8.676388">
        <ele>1998.708615</ele>
        <time>2026-01-16T03:50:03.616Z</time>
      </trkpt>
      <trkpt lat="46.656598" lon="8.675658">
        <ele>2003.628563</ele>
        <time>2026-01-16T03:50:28.761Z</time>
      </trkpt>
      <trkpt lat="46.656926" lon="8.674980">
        <ele>2008.678278</ele>
        <time>2026-01-16T03:50:57.547Z</time>
      </trkpt>
      <trkpt lat="46.657102" lon="8.674302">
        <ele>2013.091083</ele>
        <time>2026-01-16T03:51:25.988Z</time>
      </trkpt>
      <trkpt lat="46.657194" lon="8.674100">
        <ele>2014.694964</ele>
        <time>2026-01-16T03:51:35.978Z</time>
      </trkpt>
      <trkpt lat="46.657349" lon="8.673946">
        <ele>2016.514230</ele>
        <time>2026-01-16T03:51:47.047Z</time>
      </trkpt>
      <trkpt lat="46.658164" lon="8.673455">
        <ele>2025.066338</ele>
        <time>2026-01-16T03:52:35.613Z</time>
      </trkpt>
      <trkpt lat="46.658314" lon="8.673267">
        <ele>2026.985028</ele>
        <time>2026-01-16T03:52:45.712Z</time>
      </trkpt>
      <trkpt lat="46.658401" lon="8.672958">
        <ele>2029.207911</ele>
        <time>2026-01-16T03:52:57.886Z</time>
      </trkpt>
      <trkpt lat="46.658493" lon="8.671879">
        <ele>2033.264561</ele>
        <time>2026-01-16T03:53:33.546Z</time>
      </trkpt>
      <trkpt lat="46.658514" lon="8.671638">
        <ele>2033.996259</ele>
        <time>2026-01-16T03:53:40.092Z</time>
      </trkpt>
      <trkpt lat="46.658577" lon="8.671344">
        <ele>2034.923914</ele>
        <time>2026-01-16T03:53:47.873Z</time>
      </trkpt>
      <trkpt lat="46.658673" lon="8.671218">
        <ele>2035.490921</ele>
        <time>2026-01-16T03:53:52.146Z</time>
      </trkpt>
      <trkpt lat="46.658829" lon="8.671129">
        <ele>2036.226112</ele>
        <time>2026-01-16T03:53:57.220Z</time>
      </trkpt>
      <trkpt lat="46.659050" lon="8.671115">
        <ele>2037.196849</ele>
        <time>2026-01-16T03:54:02.445Z</time>
      </trkpt>
      <trkpt lat="46.659443" lon="8.671283">
        <ele>2038.009061</ele>
        <time>2026-01-16T03:54:08.286Z</time>
      </trkpt>
      <trkpt lat="46.659605" lon="8.671332">
        <ele>2037.197378</ele>
        <time>2026-01-16T03:54:09.970Z</time>
      </trkpt>
      <trkpt lat="46.659829" lon="8.671338">
        <ele>2036.098294</ele>
        <time>2026-01-16T03:54:12.057Z</time>
      </trkpt>
      <trkpt lat="46.659967" lon="8.671274">
        <ele>2035.387826</ele>
        <time>2026-01-16T03:54:13.386Z</time>
      </trkpt>
      <trkpt lat="46.660181" lon="8.671132">
        <ele>2034.234243</ele>
        <time>2026-01-16T03:54:15.521Z</time>
      </trkpt>
      <trkpt lat="46.660525" lon="8.670772">
        <ele>2032.156463</ele>
        <time>2026-01-16T03:54:19.353Z</time>
      </trkpt>
      <trkpt lat="46.660719" lon="8.670531">
        <ele>2030.905783</ele>
        <time>2026-01-16T03:54:21.646Z</time>
      </trkpt>
      <trkpt lat="46.661021" lon="8.670073">
        <ele>2029.177551</ele>
        <time>2026-01-16T03:54:25.608Z</time>
      </trkpt>
      <trkpt lat="46.661167" lon="8.669799">
        <ele>2028.520423</ele>
        <time>2026-01-16T03:54:27.853Z</time>
      </trkpt>
      <trkpt lat="46.661409" lon="8.669249">
        <ele>2027.282795</ele>
        <time>2026-01-16T03:54:32.299Z</time>
      </trkpt>
      <trkpt lat="46.661509" lon="8.668937">
        <ele>2026.630484</ele>
        <time>2026-01-16T03:54:34.901Z</time>
      </trkpt>
      <trkpt lat="46.661616" lon="8.668340">
        <ele>2025.461634</ele>
        <time>2026-01-16T03:54:40.102Z</time>
      </trkpt>
      <trkpt lat="46.661731" lon="8.666714">
        <ele>2025.234330</ele>
        <time>2026-01-16T03:54:58.970Z</time>
      </trkpt>
      <trkpt lat="46.661800" lon="8.665735">
        <ele>2025.621773</ele>
        <time>2026-01-16T03:55:11.791Z</time>
      </trkpt>
      <trkpt lat="46.661790" lon="8.665132">
        <ele>2025.774505</ele>
        <time>2026-01-16T03:55:19.003Z</time>
      </trkpt>
      <trkpt lat="46.661729" lon="8.664662">
        <ele>2025.779073</ele>
        <time>2026-01-16T03:55:24.370Z</time>
      </trkpt>
      <trkpt lat="46.659881" lon="8.656589">
        <ele>2025.893807</ele>
        <time>2026-01-16T03:56:49.712Z</time>
      </trkpt>
      <trkpt lat="46.659319" lon="8.654533">
        <ele>2025.194992</ele>
        <time>2026-01-16T03:57:13.398Z</time>
      </trkpt>
      <trkpt lat="46.658678" lon="8.652764">
        <ele>2023.126643</ele>
        <time>2026-01-16T03:57:28.822Z</time>
      </trkpt>
      <trkpt lat="46.658530" lon="8.652373">
        <ele>2022.092386</ele>
        <time>2026-01-16T03:57:31.939Z</time>
      </trkpt>
      <trkpt lat="46.657917" lon="8.650696">
        <ele>2017.655875</ele>
        <time>2026-01-16T03:57:44.768Z</time>
      </trkpt>
      <trkpt lat="46.657830" lon="8.650346">
        <ele>2016.499243</ele>
        <time>2026-01-16T03:57:47.276Z</time>
      </trkpt>
      <trkpt lat="46.657793" lon="8.650094">
        <ele>2015.698520</ele>
        <time>2026-01-16T03:57:49.001Z</time>
      </trkpt>
      <trkpt lat="46.657772" lon="8.649651">
        <ele>2014.318763</ele>
        <time>2026-01-16T03:57:51.970Z</time>
      </trkpt>
      <trkpt lat="46.657822" lon="8.648936">
        <ele>2012.085634</ele>
        <time>2026-01-16T03:57:56.697Z</time>
      </trkpt>
      <trkpt lat="46.657820" lon="8.648626">
        <ele>2011.122368</ele>
        <time>2026-01-16T03:57:58.700Z</time>
      </trkpt>
      <trkpt lat="46.657769" lon="8.648204">
        <ele>2009.790970</ele>
        <time>2026-01-16T03:58:01.445Z</time>
      </trkpt>
      <trkpt lat="46.657668" lon="8.647794">
        <ele>2008.055404</ele>
        <time>2026-01-16T03:58:04.215Z</time>
      </trkpt>
      <trkpt lat="46.657296" lon="8.646778">
        <ele>2003.352832</ele>
        <time>2026-01-16T03:58:11.509Z</time>
      </trkpt>
      <trkpt lat="46.657178" lon="8.646310">
        <ele>2001.316738</ele>
        <time>2026-01-16T03:58:14.633Z</time>
      </trkpt>
      <trkpt lat="46.657057" lon="8.645618">
        <ele>1998.358446</ele>
        <time>2026-01-16T03:58:19.090Z</time>
      </trkpt>
      <trkpt lat="46.656965" lon="8.644621">
        <ele>1993.936705</ele>
        <time>2026-01-16T03:58:25.332Z</time>
      </trkpt>
      <trkpt lat="46.656826" lon="8.643906">
        <ele>1990.670283</ele>
        <time>2026-01-16T03:58:29.957Z</time>
      </trkpt>
      <trkpt lat="46.656704" lon="8.643518">
        <ele>1988.794379</ele>
        <time>2026-01-16T03:58:32.631Z</time>
      </trkpt>
      <trkpt lat="46.656255" lon="8.642439">
        <ele>1983.714592</ele>
        <time>2026-01-16T03:58:40.588Z</time>
      </trkpt>
      <trkpt lat="46.656053" lon="8.641811">
        <ele>1981.005985</ele>
        <time>2026-01-16T03:58:45.029Z</time>
      </trkpt>
      <trkpt lat="46.655465" lon="8.639264">
        <ele>1971.441051</ele>
        <time>2026-01-16T03:59:02.141Z</time>
      </trkpt>
      <trkpt lat="46.655330" lon="8.638814">
        <ele>1969.789759</ele>
        <time>2026-01-16T03:59:05.422Z</time>
      </trkpt>
      <trkpt lat="46.655186" lon="8.638465">
        <ele>1968.420574</ele>
        <time>2026-01-16T03:59:08.177Z</time>
      </trkpt>
      <trkpt lat="46.655052" lon="8.638220">
        <ele>1967.513058</ele>
        <time>2026-01-16T03:59:10.337Z</time>
      </trkpt>
      <trkpt lat="46.654814" lon="8.637918">
        <ele>1966.187971</ele>
        <time>2026-01-16T03:59:13.506Z</time>
      </trkpt>
      <trkpt lat="46.654622" lon="8.637747">
        <ele>1965.243181</ele>
        <time>2026-01-16T03:59:15.748Z</time>
      </trkpt>
      <trkpt lat="46.654111" lon="8.637394">
        <ele>1962.868826</ele>
        <time>2026-01-16T03:59:21.258Z</time>
      </trkpt>
      <trkpt lat="46.653769" lon="8.637034">
        <ele>1961.097384</ele>
        <time>2026-01-16T03:59:25.258Z</time>
      </trkpt>
      <trkpt lat="46.653501" lon="8.636587">
        <ele>1958.756232</ele>
        <time>2026-01-16T03:59:29.064Z</time>
      </trkpt>
      <trkpt lat="46.653143" lon="8.635751">
        <ele>1954.680378</ele>
        <time>2026-01-16T03:59:35.281Z</time>
      </trkpt>
      <trkpt lat="46.652906" lon="8.635277">
        <ele>1952.254662</ele>
        <time>2026-01-16T03:59:38.952Z</time>
      </trkpt>
      <trkpt lat="46.652568" lon="8.634691">
        <ele>1948.793689</ele>
        <time>2026-01-16T03:59:43.704Z</time>
      </trkpt>
      <trkpt lat="46.652357" lon="8.634378">
        <ele>1946.390006</ele>
        <time>2026-01-16T03:59:46.394Z</time>
      </trkpt>
      <trkpt lat="46.651853" lon="8.633719">
        <ele>1940.984276</ele>
        <time>2026-01-16T03:59:52.368Z</time>
      </trkpt>
      <trkpt lat="46.650410" lon="8.632188">
        <ele>1926.614453</ele>
        <time>2026-01-16T04:00:07.962Z</time>
      </trkpt>
      <trkpt lat="46.649985" lon="8.631679">
        <ele>1922.163283</ele>
        <time>2026-01-16T04:00:12.873Z</time>
      </trkpt>
      <trkpt lat="46.649645" lon="8.631233">
        <ele>1918.921142</ele>
        <time>2026-01-16T04:00:17.016Z</time>
      </trkpt>
      <trkpt lat="46.646928" lon="8.627380">
        <ele>1892.703415</ele>
        <time>2026-01-16T04:00:51.353Z</time>
      </trkpt>
      <trkpt lat="46.646353" lon="8.626593">
        <ele>1885.989687</ele>
        <time>2026-01-16T04:00:58.215Z</time>
      </trkpt>
      <trkpt lat="46.645711" lon="8.625870">
        <ele>1879.071718</ele>
        <time>2026-01-16T04:01:05.207Z</time>
      </trkpt>
      <trkpt lat="46.645350" lon="8.625490">
        <ele>1875.263966</ele>
        <time>2026-01-16T04:01:09.085Z</time>
      </trkpt>
      <trkpt lat="46.645192" lon="8.625294">
        <ele>1873.489740</ele>
        <time>2026-01-16T04:01:10.906Z</time>
      </trkpt>
      <trkpt lat="46.644991" lon="8.624945">
        <ele>1870.816074</ele>
        <time>2026-01-16T04:01:13.661Z</time>
      </trkpt>
      <trkpt lat="46.644560" lon="8.623879">
        <ele>1863.634512</ele>
        <time>2026-01-16T04:01:21.235Z</time>
      </trkpt>
      <trkpt lat="46.643251" lon="8.621122">
        <ele>1842.336970</ele>
        <time>2026-01-16T04:01:41.389Z</time>
      </trkpt>
      <trkpt lat="46.642934" lon="8.620339">
        <ele>1835.540486</ele>
        <time>2026-01-16T04:01:46.600Z</time>
      </trkpt>
      <trkpt lat="46.642572" lon="8.619093">
        <ele>1828.864981</ele>
        <time>2026-01-16T04:01:54.450Z</time>
      </trkpt>
      <trkpt lat="46.642340" lon="8.618070">
        <ele>1825.091087</ele>
        <time>2026-01-16T04:02:01.656Z</time>
      </trkpt>
      <trkpt lat="46.642193" lon="8.617013">
        <ele>1822.256292</ele>
        <time>2026-01-16T04:02:19.437Z</time>
      </trkpt>
      <trkpt lat="46.642142" lon="8.616328">
        <ele>1821.459941</ele>
        <time>2026-01-16T04:02:29.626Z</time>
      </trkpt>
      <trkpt lat="46.642115" lon="8.615842">
        <ele>1820.896395</ele>
        <time>2026-01-16T04:02:33.898Z</time>
      </trkpt>
      <trkpt lat="46.642040" lon="8.614807">
        <ele>1819.693515</ele>
        <time>2026-01-16T04:02:40.759Z</time>
      </trkpt>
      <trkpt lat="46.641838" lon="8.613060">
        <ele>1810.560771</ele>
        <time>2026-01-16T04:02:51.511Z</time>
      </trkpt>
      <trkpt lat="46.641709" lon="8.611867">
        <ele>1804.194734</ele>
        <time>2026-01-16T04:02:58.822Z</time>
      </trkpt>
      <trkpt lat="46.641674" lon="8.611176">
        <ele>1800.354748</ele>
        <time>2026-01-16T04:03:03.044Z</time>
      </trkpt>
      <trkpt lat="46.641657" lon="8.610079">
        <ele>1794.273533</ele>
        <time>2026-01-16T04:03:09.697Z</time>
      </trkpt>
      <trkpt lat="46.641634" lon="8.609846">
        <ele>1792.968948</ele>
        <time>2026-01-16T04:03:11.120Z</time>
      </trkpt>
      <trkpt lat="46.641537" lon="8.609413">
        <ele>1790.474960</ele>
        <time>2026-01-16T04:03:13.860Z</time>
      </trkpt>
      <trkpt lat="46.641193" lon="8.608533">
        <ele>1785.002004</ele>
        <time>2026-01-16T04:03:19.919Z</time>
      </trkpt>
      <trkpt lat="46.641061" lon="8.607811">
        <ele>1780.963870</ele>
        <time>2026-01-16T04:03:24.442Z</time>
      </trkpt>
      <trkpt lat="46.641022" lon="8.607690">
        <ele>1780.241428</ele>
        <time>2026-01-16T04:03:25.266Z</time>
      </trkpt>
      <trkpt lat="46.640954" lon="8.607591">
        <ele>1779.484572</ele>
        <time>2026-01-16T04:03:26.133Z</time>
      </trkpt>
      <trkpt lat="46.640872" lon="8.607552">
        <ele>1778.805525</ele>
        <time>2026-01-16T04:03:26.919Z</time>
      </trkpt>
      <trkpt lat="46.640791" lon="8.607571">
        <ele>1778.159678</ele>
        <time>2026-01-16T04:03:27.669Z</time>
      </trkpt>
      <trkpt lat="46.640722" lon="8.607648">
        <ele>1777.479053</ele>
        <time>2026-01-16T04:03:28.465Z</time>
      </trkpt>
      <trkpt lat="46.640684" lon="8.607778">
        <ele>1776.808855</ele>
        <time>2026-01-16T04:03:29.360Z</time>
      </trkpt>
      <trkpt lat="46.640696" lon="8.607978">
        <ele>1775.856567</ele>
        <time>2026-01-16T04:03:30.628Z</time>
      </trkpt>
      <trkpt lat="46.640850" lon="8.608629">
        <ele>1772.590487</ele>
        <time>2026-01-16T04:03:34.983Z</time>
      </trkpt>
      <trkpt lat="46.640866" lon="8.609002">
        <ele>1770.817768</ele>
        <time>2026-01-16T04:03:37.340Z</time>
      </trkpt>
      <trkpt lat="46.640802" lon="8.609378">
        <ele>1768.980275</ele>
        <time>2026-01-16T04:03:39.763Z</time>
      </trkpt>
      <trkpt lat="46.640558" lon="8.610055">
        <ele>1765.353444</ele>
        <time>2026-01-16T04:03:44.442Z</time>
      </trkpt>
      <trkpt lat="46.640502" lon="8.610304">
        <ele>1763.600363</ele>
        <time>2026-01-16T04:03:46.008Z</time>
      </trkpt>
      <trkpt lat="46.640488" lon="8.610597">
        <ele>1761.472985</ele>
        <time>2026-01-16T04:03:47.755Z</time>
      </trkpt>
      <trkpt lat="46.640520" lon="8.611067">
        <ele>1758.052005</ele>
        <time>2026-01-16T04:03:50.519Z</time>
      </trkpt>
      <trkpt lat="46.640493" lon="8.611359">
        <ele>1755.917910</ele>
        <time>2026-01-16T04:03:52.240Z</time>
      </trkpt>
      <trkpt lat="46.640441" lon="8.611482">
        <ele>1754.871648</ele>
        <time>2026-01-16T04:03:53.079Z</time>
      </trkpt>
      <trkpt lat="46.640366" lon="8.611570">
        <ele>1753.855617</ele>
        <time>2026-01-16T04:03:53.894Z</time>
      </trkpt>
      <trkpt lat="46.640265" lon="8.611614">
        <ele>1752.743455</ele>
        <time>2026-01-16T04:03:54.786Z</time>
      </trkpt>
      <trkpt lat="46.640173" lon="8.611606">
        <ele>1751.771153</ele>
        <time>2026-01-16T04:03:55.570Z</time>
      </trkpt>
      <trkpt lat="46.640032" lon="8.611486">
        <ele>1750.048317</ele>
        <time>2026-01-16T04:03:56.955Z</time>
      </trkpt>
      <trkpt lat="46.639915" lon="8.611200">
        <ele>1747.636905</ele>
        <time>2026-01-16T04:03:58.891Z</time>
      </trkpt>
      <trkpt lat="46.639726" lon="8.610383">
        <ele>1742.015712</ele>
        <time>2026-01-16T04:04:03.942Z</time>
      </trkpt>
      <trkpt lat="46.639647" lon="8.609815">
        <ele>1738.373433</ele>
        <time>2026-01-16T04:04:07.378Z</time>
      </trkpt>
      <trkpt lat="46.639631" lon="8.609530">
        <ele>1736.576284</ele>
        <time>2026-01-16T04:04:09.097Z</time>
      </trkpt>
      <trkpt lat="46.639637" lon="8.608914">
        <ele>1732.704450</ele>
        <time>2026-01-16T04:04:12.842Z</time>
      </trkpt>
      <trkpt lat="46.639722" lon="8.607399">
        <ele>1723.559409</ele>
        <time>2026-01-16T04:04:22.110Z</time>
      </trkpt>
      <trkpt lat="46.639630" lon="8.605602">
        <ele>1712.306392</ele>
        <time>2026-01-16T04:04:32.924Z</time>
      </trkpt>
      <trkpt lat="46.639665" lon="8.604882">
        <ele>1705.901901</ele>
        <time>2026-01-16T04:04:37.128Z</time>
      </trkpt>
      <trkpt lat="46.639731" lon="8.604380">
        <ele>1701.366773</ele>
        <time>2026-01-16T04:04:40.059Z</time>
      </trkpt>
      <trkpt lat="46.639979" lon="8.603311">
        <ele>1691.354824</ele>
        <time>2026-01-16T04:04:46.470Z</time>
      </trkpt>
      <trkpt lat="46.639984" lon="8.603183">
        <ele>1690.562690</ele>
        <time>2026-01-16T04:04:47.200Z</time>
      </trkpt>
      <trkpt lat="46.639972" lon="8.603076">
        <ele>1690.044243</ele>
        <time>2026-01-16T04:04:47.825Z</time>
      </trkpt>
      <trkpt lat="46.639938" lon="8.603001">
        <ele>1689.614472</ele>
        <time>2026-01-16T04:04:48.337Z</time>
      </trkpt>
      <trkpt lat="46.639872" lon="8.602935">
        <ele>1689.056876</ele>
        <time>2026-01-16T04:04:49.009Z</time>
      </trkpt>
      <trkpt lat="46.639800" lon="8.602917">
        <ele>1688.548073</ele>
        <time>2026-01-16T04:04:49.625Z</time>
      </trkpt>
      <trkpt lat="46.639718" lon="8.602949">
        <ele>1687.956811</ele>
        <time>2026-01-16T04:04:50.338Z</time>
      </trkpt>
      <trkpt lat="46.639650" lon="8.603030">
        <ele>1687.344980</ele>
        <time>2026-01-16T04:04:51.087Z</time>
      </trkpt>
      <trkpt lat="46.639454" lon="8.603508">
        <ele>1684.682590</ele>
        <time>2026-01-16T04:04:54.455Z</time>
      </trkpt>
      <trkpt lat="46.639164" lon="8.604404">
        <ele>1679.945720</ele>
        <time>2026-01-16T04:05:01.564Z</time>
      </trkpt>
      <trkpt lat="46.639107" lon="8.604636">
        <ele>1678.767404</ele>
        <time>2026-01-16T04:05:04.209Z</time>
      </trkpt>
      <trkpt lat="46.638942" lon="8.605768">
        <ele>1674.772621</ele>
        <time>2026-01-16T04:05:13.312Z</time>
      </trkpt>
      <trkpt lat="46.638689" lon="8.606527">
        <ele>1671.930819</ele>
        <time>2026-01-16T04:05:18.636Z</time>
      </trkpt>
      <trkpt lat="46.638624" lon="8.606910">
        <ele>1670.601976</ele>
        <time>2026-01-16T04:05:21.024Z</time>
      </trkpt>
      <trkpt lat="46.638596" lon="8.607362">
        <ele>1668.632595</ele>
        <time>2026-01-16T04:05:23.738Z</time>
      </trkpt>
      <trkpt lat="46.638522" lon="8.607691">
        <ele>1666.518797</ele>
        <time>2026-01-16T04:05:25.799Z</time>
      </trkpt>
      <trkpt lat="46.637956" lon="8.608705">
        <ele>1658.539841</ele>
        <time>2026-01-16T04:05:33.590Z</time>
      </trkpt>
      <trkpt lat="46.637855" lon="8.609033">
        <ele>1656.344986</ele>
        <time>2026-01-16T04:05:35.709Z</time>
      </trkpt>
      <trkpt lat="46.637773" lon="8.609530">
        <ele>1653.270841</ele>
        <time>2026-01-16T04:05:38.774Z</time>
      </trkpt>
      <trkpt lat="46.637740" lon="8.609630">
        <ele>1652.673237</ele>
        <time>2026-01-16T04:05:39.444Z</time>
      </trkpt>
      <trkpt lat="46.637673" lon="8.609721">
        <ele>1651.954562</ele>
        <time>2026-01-16T04:05:40.266Z</time>
      </trkpt>
      <trkpt lat="46.637577" lon="8.609766">
        <ele>1651.163428</ele>
        <time>2026-01-16T04:05:41.166Z</time>
      </trkpt>
      <trkpt lat="46.637477" lon="8.609728">
        <ele>1650.352698</ele>
        <time>2026-01-16T04:05:42.100Z</time>
      </trkpt>
      <trkpt lat="46.637429" lon="8.609662">
        <ele>1649.834854</ele>
        <time>2026-01-16T04:05:42.700Z</time>
      </trkpt>
      <trkpt lat="46.637395" lon="8.609506">
        <ele>1648.953281</ele>
        <time>2026-01-16T04:05:43.723Z</time>
      </trkpt>
      <trkpt lat="46.637437" lon="8.609281">
        <ele>1647.697384</ele>
        <time>2026-01-16T04:05:45.189Z</time>
      </trkpt>
      <trkpt lat="46.637689" lon="8.608642">
        <ele>1643.728246</ele>
        <time>2026-01-16T04:05:49.755Z</time>
      </trkpt>
      <trkpt lat="46.637840" lon="8.608159">
        <ele>1640.869714</ele>
        <time>2026-01-16T04:05:53.046Z</time>
      </trkpt>
      <trkpt lat="46.637900" lon="8.607753">
        <ele>1637.892561</ele>
        <time>2026-01-16T04:05:55.559Z</time>
      </trkpt>
      <trkpt lat="46.637894" lon="8.607300">
        <ele>1633.395644</ele>
        <time>2026-01-16T04:05:58.187Z</time>
      </trkpt>
      <trkpt lat="46.637800" lon="8.606817">
        <ele>1628.412951</ele>
        <time>2026-01-16T04:06:01.036Z</time>
      </trkpt>
      <trkpt lat="46.637427" lon="8.605925">
        <ele>1618.047044</ele>
        <time>2026-01-16T04:06:06.914Z</time>
      </trkpt>
      <trkpt lat="46.637371" lon="8.605737">
        <ele>1616.013078</ele>
        <time>2026-01-16T04:06:08.075Z</time>
      </trkpt>
      <trkpt lat="46.637328" lon="8.605398">
        <ele>1613.132577</ele>
        <time>2026-01-16T04:06:10.037Z</time>
      </trkpt>
      <trkpt lat="46.637354" lon="8.605012">
        <ele>1611.547516</ele>
        <time>2026-01-16T04:06:12.279Z</time>
      </trkpt>
      <trkpt lat="46.637460" lon="8.604612">
        <ele>1609.795288</ele>
        <time>2026-01-16T04:06:14.837Z</time>
      </trkpt>
      <trkpt lat="46.637690" lon="8.604066">
        <ele>1607.177455</ele>
        <time>2026-01-16T04:06:18.998Z</time>
      </trkpt>
      <trkpt lat="46.638362" lon="8.602696">
        <ele>1601.470819</ele>
        <time>2026-01-16T04:06:35.223Z</time>
      </trkpt>
      <trkpt lat="46.638488" lon="8.602458">
        <ele>1600.817372</ele>
        <time>2026-01-16T04:06:37.810Z</time>
      </trkpt>
      <trkpt lat="46.638583" lon="8.602333">
        <ele>1600.411944</ele>
        <time>2026-01-16T04:06:39.332Z</time>
      </trkpt>
      <trkpt lat="46.638769" lon="8.602159">
        <ele>1599.711898</ele>
        <time>2026-01-16T04:06:41.827Z</time>
      </trkpt>
      <trkpt lat="46.639484" lon="8.601734">
        <ele>1597.266379</ele>
        <time>2026-01-16T04:06:49.064Z</time>
      </trkpt>
      <trkpt lat="46.639603" lon="8.601569">
        <ele>1596.136561</ele>
        <time>2026-01-16T04:06:50.528Z</time>
      </trkpt>
      <trkpt lat="46.639630" lon="8.601466">
        <ele>1595.495227</ele>
        <time>2026-01-16T04:06:51.192Z</time>
      </trkpt>
      <trkpt lat="46.639627" lon="8.601324">
        <ele>1594.668822</ele>
        <time>2026-01-16T04:06:52.069Z</time>
      </trkpt>
      <trkpt lat="46.639567" lon="8.601149">
        <ele>1593.530980</ele>
        <time>2026-01-16T04:06:53.269Z</time>
      </trkpt>
      <trkpt lat="46.639500" lon="8.601073">
        <ele>1592.811487</ele>
        <time>2026-01-16T04:06:54.013Z</time>
      </trkpt>
      <trkpt lat="46.639388" lon="8.601019">
        <ele>1591.811942</ele>
        <time>2026-01-16T04:06:55.054Z</time>
      </trkpt>
      <trkpt lat="46.639196" lon="8.601063">
        <ele>1590.165235</ele>
        <time>2026-01-16T04:06:56.763Z</time>
      </trkpt>
      <trkpt lat="46.638918" lon="8.601256">
        <ele>1587.556029</ele>
        <time>2026-01-16T04:06:59.449Z</time>
      </trkpt>
      <trkpt lat="46.638628" lon="8.601521">
        <ele>1584.655496</ele>
        <time>2026-01-16T04:07:02.394Z</time>
      </trkpt>
      <trkpt lat="46.638320" lon="8.601902">
        <ele>1581.152663</ele>
        <time>2026-01-16T04:07:05.896Z</time>
      </trkpt>
      <trkpt lat="46.637763" lon="8.602871">
        <ele>1572.890890</ele>
        <time>2026-01-16T04:07:13.373Z</time>
      </trkpt>
      <trkpt lat="46.637002" lon="8.603930">
        <ele>1563.542769</ele>
        <time>2026-01-16T04:07:22.440Z</time>
      </trkpt>
      <trkpt lat="46.636865" lon="8.604152">
        <ele>1562.291942</ele>
        <time>2026-01-16T04:07:24.287Z</time>
      </trkpt>
      <trkpt lat="46.636607" lon="8.604685">
        <ele>1559.559143</ele>
        <time>2026-01-16T04:07:28.547Z</time>
      </trkpt>
      <trkpt lat="46.636302" lon="8.605560">
        <ele>1555.446959</ele>
        <time>2026-01-16T04:07:35.595Z</time>
      </trkpt>
      <trkpt lat="46.636068" lon="8.606323">
        <ele>1551.440817</ele>
        <time>2026-01-16T04:07:40.590Z</time>
      </trkpt>
      <trkpt lat="46.635972" lon="8.606619">
        <ele>1549.689492</ele>
        <time>2026-01-16T04:07:42.536Z</time>
      </trkpt>
      <trkpt lat="46.635867" lon="8.606809">
        <ele>1548.384685</ele>
        <time>2026-01-16T04:07:44.021Z</time>
      </trkpt>
      <trkpt lat="46.635799" lon="8.606875">
        <ele>1547.747988</ele>
        <time>2026-01-16T04:07:44.758Z</time>
      </trkpt>
      <trkpt lat="46.635657" lon="8.606918">
        <ele>1546.617935</ele>
        <time>2026-01-16T04:07:46.090Z</time>
      </trkpt>
      <trkpt lat="46.635564" lon="8.606886">
        <ele>1545.873379</ele>
        <time>2026-01-16T04:07:46.986Z</time>
      </trkpt>
      <trkpt lat="46.635469" lon="8.606784">
        <ele>1544.953781</ele>
        <time>2026-01-16T04:07:48.149Z</time>
      </trkpt>
      <trkpt lat="46.635405" lon="8.606579">
        <ele>1543.749006</ele>
        <time>2026-01-16T04:07:49.592Z</time>
      </trkpt>
      <trkpt lat="46.635410" lon="8.606421">
        <ele>1542.902821</ele>
        <time>2026-01-16T04:07:50.562Z</time>
      </trkpt>
      <trkpt lat="46.635479" lon="8.606242">
        <ele>1541.804598</ele>
        <time>2026-01-16T04:07:51.783Z</time>
      </trkpt>
      <trkpt lat="46.635866" lon="8.605738">
        <ele>1537.778066</ele>
        <time>2026-01-16T04:07:56.174Z</time>
      </trkpt>
      <trkpt lat="46.635983" lon="8.605525">
        <ele>1536.332316</ele>
        <time>2026-01-16T04:07:57.786Z</time>
      </trkpt>
      <trkpt lat="46.636100" lon="8.605108">
        <ele>1533.944721</ele>
        <time>2026-01-16T04:08:00.636Z</time>
      </trkpt>
      <trkpt lat="46.636192" lon="8.604250">
        <ele>1529.342027</ele>
        <time>2026-01-16T04:08:06.013Z</time>
      </trkpt>
      <trkpt lat="46.636243" lon="8.603993">
        <ele>1527.924128</ele>
        <time>2026-01-16T04:08:07.590Z</time>
      </trkpt>
      <trkpt lat="46.636420" lon="8.603488">
        <ele>1525.428853</ele>
        <time>2026-01-16T04:08:10.973Z</time>
      </trkpt>
      <trkpt lat="46.636951" lon="8.602237">
        <ele>1521.813469</ele>
        <time>2026-01-16T04:08:22.185Z</time>
      </trkpt>
      <trkpt lat="46.637220" lon="8.601465">
        <ele>1519.685362</ele>
        <time>2026-01-16T04:08:28.952Z</time>
      </trkpt>
      <trkpt lat="46.637427" lon="8.600760">
        <ele>1516.801020</ele>
        <time>2026-01-16T04:08:33.819Z</time>
      </trkpt>
      <trkpt lat="46.637524" lon="8.600301">
        <ele>1514.896549</ele>
        <time>2026-01-16T04:08:36.743Z</time>
      </trkpt>
      <trkpt lat="46.637523" lon="8.600073">
        <ele>1513.992376</ele>
        <time>2026-01-16T04:08:38.146Z</time>
      </trkpt>
      <trkpt lat="46.637485" lon="8.599901">
        <ele>1513.275855</ele>
        <time>2026-01-16T04:08:39.264Z</time>
      </trkpt>
      <trkpt lat="46.637371" lon="8.599694">
        <ele>1512.223546</ele>
        <time>2026-01-16T04:08:40.934Z</time>
      </trkpt>
      <trkpt lat="46.637212" lon="8.599583">
        <ele>1511.205180</ele>
        <time>2026-01-16T04:08:42.556Z</time>
      </trkpt>
      <trkpt lat="46.637024" lon="8.599583">
        <ele>1510.119369</ele>
        <time>2026-01-16T04:08:44.299Z</time>
      </trkpt>
      <trkpt lat="46.636873" lon="8.599690">
        <ele>1509.149507</ele>
        <time>2026-01-16T04:08:45.850Z</time>
      </trkpt>
      <trkpt lat="46.636752" lon="8.599888">
        <ele>1507.856502</ele>
        <time>2026-01-16T04:08:47.521Z</time>
      </trkpt>
      <trkpt lat="46.636661" lon="8.600272">
        <ele>1505.832771</ele>
        <time>2026-01-16T04:08:50.093Z</time>
      </trkpt>
      <trkpt lat="46.636595" lon="8.600963">
        <ele>1502.357219</ele>
        <time>2026-01-16T04:08:54.709Z</time>
      </trkpt>
      <trkpt lat="46.636502" lon="8.601537">
        <ele>1499.419145</ele>
        <time>2026-01-16T04:08:58.539Z</time>
      </trkpt>
      <trkpt lat="46.636445" lon="8.601732">
        <ele>1498.363330</ele>
        <time>2026-01-16T04:08:59.809Z</time>
      </trkpt>
      <trkpt lat="46.636271" lon="8.602071">
        <ele>1496.254793</ele>
        <time>2026-01-16T04:09:02.256Z</time>
      </trkpt>
      <trkpt lat="46.636103" lon="8.602241">
        <ele>1494.040170</ele>
        <time>2026-01-16T04:09:03.967Z</time>
      </trkpt>
      <trkpt lat="46.635943" lon="8.602319">
        <ele>1492.084136</ele>
        <time>2026-01-16T04:09:05.363Z</time>
      </trkpt>
      <trkpt lat="46.635792" lon="8.602326">
        <ele>1490.332710</ele>
        <time>2026-01-16T04:09:06.626Z</time>
      </trkpt>
      <trkpt lat="46.635614" lon="8.602254">
        <ele>1488.191048</ele>
        <time>2026-01-16T04:09:08.164Z</time>
      </trkpt>
      <trkpt lat="46.635483" lon="8.602118">
        <ele>1486.326008</ele>
        <time>2026-01-16T04:09:09.524Z</time>
      </trkpt>
      <trkpt lat="46.635382" lon="8.601932">
        <ele>1484.438380</ele>
        <time>2026-01-16T04:09:10.904Z</time>
      </trkpt>
      <trkpt lat="46.635332" lon="8.601751">
        <ele>1482.885356</ele>
        <time>2026-01-16T04:09:12.059Z</time>
      </trkpt>
      <trkpt lat="46.635318" lon="8.601497">
        <ele>1480.856963</ele>
        <time>2026-01-16T04:09:13.554Z</time>
      </trkpt>
      <trkpt lat="46.635347" lon="8.601278">
        <ele>1479.081558</ele>
        <time>2026-01-16T04:09:14.855Z</time>
      </trkpt>
      <trkpt lat="46.635559" lon="8.600610">
        <ele>1473.622067</ele>
        <time>2026-01-16T04:09:19.154Z</time>
      </trkpt>
      <trkpt lat="46.635608" lon="8.600320">
        <ele>1471.738848</ele>
        <time>2026-01-16T04:09:20.955Z</time>
      </trkpt>
      <trkpt lat="46.635584" lon="8.600017">
        <ele>1469.815537</ele>
        <time>2026-01-16T04:09:22.807Z</time>
      </trkpt>
      <trkpt lat="46.635515" lon="8.599813">
        <ele>1468.381562</ele>
        <time>2026-01-16T04:09:24.182Z</time>
      </trkpt>
      <trkpt lat="46.635398" lon="8.599644">
        <ele>1466.868237</ele>
        <time>2026-01-16T04:09:25.633Z</time>
      </trkpt>
      <trkpt lat="46.635217" lon="8.599484">
        <ele>1464.923783</ele>
        <time>2026-01-16T04:09:27.473Z</time>
      </trkpt>
      <trkpt lat="46.634835" lon="8.599150">
        <ele>1460.832003</ele>
        <time>2026-01-16T04:09:31.309Z</time>
      </trkpt>
      <trkpt lat="46.634672" lon="8.598935">
        <ele>1458.812392</ele>
        <time>2026-01-16T04:09:33.192Z</time>
      </trkpt>
      <trkpt lat="46.634536" lon="8.598664">
        <ele>1457.734957</ele>
        <time>2026-01-16T04:09:35.200Z</time>
      </trkpt>
      <trkpt lat="46.634437" lon="8.598343">
        <ele>1456.712668</ele>
        <time>2026-01-16T04:09:37.380Z</time>
      </trkpt>
      <trkpt lat="46.634378" lon="8.597913">
        <ele>1455.438769</ele>
        <time>2026-01-16T04:09:40.261Z</time>
      </trkpt>
      <trkpt lat="46.634387" lon="8.597558">
        <ele>1454.406747</ele>
        <time>2026-01-16T04:09:42.830Z</time>
      </trkpt>
      <trkpt lat="46.634458" lon="8.597232">
        <ele>1453.413180</ele>
        <time>2026-01-16T04:09:45.802Z</time>
      </trkpt>
      <trkpt lat="46.634577" lon="8.597022">
        <ele>1452.622183</ele>
        <time>2026-01-16T04:09:47.978Z</time>
      </trkpt>
      <trkpt lat="46.634733" lon="8.596904">
        <ele>1451.878455</ele>
        <time>2026-01-16T04:09:49.848Z</time>
      </trkpt>
      <trkpt lat="46.634879" lon="8.596879">
        <ele>1451.256494</ele>
        <time>2026-01-16T04:09:51.419Z</time>
      </trkpt>
      <trkpt lat="46.635037" lon="8.596930">
        <ele>1450.745453</ele>
        <time>2026-01-16T04:09:53.138Z</time>
      </trkpt>
      <trkpt lat="46.635324" lon="8.597133">
        <ele>1449.926984</ele>
        <time>2026-01-16T04:09:56.559Z</time>
      </trkpt>
      <trkpt lat="46.635432" lon="8.597122">
        <ele>1449.649259</ele>
        <time>2026-01-16T04:09:57.746Z</time>
      </trkpt>
      <trkpt lat="46.635510" lon="8.597031">
        <ele>1449.392883</ele>
        <time>2026-01-16T04:09:58.784Z</time>
      </trkpt>
      <trkpt lat="46.635522" lon="8.596868">
        <ele>1449.104128</ele>
        <time>2026-01-16T04:10:00.005Z</time>
      </trkpt>
      <trkpt lat="46.635450" lon="8.596742">
        <ele>1448.815390</ele>
        <time>2026-01-16T04:10:01.230Z</time>
      </trkpt>
      <trkpt lat="46.635331" lon="8.596694">
        <ele>1448.498631</ele>
        <time>2026-01-16T04:10:02.511Z</time>
      </trkpt>
      <trkpt lat="46.635124" lon="8.596707">
        <ele>1447.967128</ele>
        <time>2026-01-16T04:10:04.572Z</time>
      </trkpt>
      <trkpt lat="46.635013" lon="8.596683">
        <ele>1447.679262</ele>
        <time>2026-01-16T04:10:05.717Z</time>
      </trkpt>
      <trkpt lat="46.634889" lon="8.596588">
        <ele>1447.319840</ele>
        <time>2026-01-16T04:10:07.131Z</time>
      </trkpt>
      <trkpt lat="46.634823" lon="8.596446">
        <ele>1447.017803</ele>
        <time>2026-01-16T04:10:08.291Z</time>
      </trkpt>
      <trkpt lat="46.634847" lon="8.596380">
        <ele>1446.886253</ele>
        <time>2026-01-16T04:10:08.812Z</time>
      </trkpt>
      <trkpt lat="46.634827" lon="8.596310">
        <ele>1446.752705</ele>
        <time>2026-01-16T04:10:09.312Z</time>
      </trkpt>
      <trkpt lat="46.634770" lon="8.596293">
        <ele>1446.603450</ele>
        <time>2026-01-16T04:10:09.891Z</time>
      </trkpt>
      <trkpt lat="46.634729" lon="8.596354">
        <ele>1446.453094</ele>
        <time>2026-01-16T04:10:10.490Z</time>
      </trkpt>
      <trkpt lat="46.634727" lon="8.596383">
        <ele>1446.401756</ele>
        <time>2026-01-16T04:10:10.705Z</time>
      </trkpt>
      <trkpt lat="46.634678" lon="8.596396">
        <ele>1446.326831</ele>
        <time>2026-01-16T04:10:12.269Z</time>
      </trkpt>
      <trkpt lat="46.634518" lon="8.595963">
        <ele>1445.827073</ele>
        <time>2026-01-16T04:10:23.478Z</time>
      </trkpt>
      <trkpt lat="46.634172" lon="8.595567">
        <ele>1445.175711</ele>
        <time>2026-01-16T04:10:37.932Z</time>
      </trkpt>
      <trkpt lat="46.634059" lon="8.595333">
        <ele>1444.884957</ele>
        <time>2026-01-16T04:10:51.546Z</time>
      </trkpt>
      <trkpt lat="46.633994" lon="8.595268">
        <ele>1444.768248</ele>
        <time>2026-01-16T04:10:54.131Z</time>
      </trkpt>
      <trkpt lat="46.633951" lon="8.595267">
        <ele>1444.704593</ele>
        <time>2026-01-16T04:10:55.452Z</time>
      </trkpt>
      <trkpt lat="46.633741" lon="8.595333">
        <ele>1444.386602</ele>
        <time>2026-01-16T04:11:02.258Z</time>
      </trkpt>
      <trkpt lat="46.633714" lon="8.594860">
        <ele>1443.904201</ele>
        <time>2026-01-16T04:11:13.674Z</time>
      </trkpt>
      <trkpt lat="46.633689" lon="8.594773">
        <ele>1443.808346</ele>
        <time>2026-01-16T04:11:16.028Z</time>
      </trkpt>
      <trkpt lat="46.633606" lon="8.594504">
        <ele>1443.570836</ele>
        <time>2026-01-16T04:11:23.370Z</time>
      </trkpt>
      <trkpt lat="46.633607" lon="8.594453">
        <ele>1443.533132</ele>
        <time>2026-01-16T04:11:23.827Z</time>
      </trkpt>
      <trkpt lat="46.633584" lon="8.594271">
        <ele>1443.396377</ele>
        <time>2026-01-16T04:11:25.536Z</time>
      </trkpt>
      <trkpt lat="46.633471" lon="8.594041">
        <ele>1443.187383</ele>
        <time>2026-01-16T04:11:28.006Z</time>
      </trkpt>
      <trkpt lat="46.632882" lon="8.594489">
        <ele>1442.472245</ele>
        <time>2026-01-16T04:11:36.128Z</time>
      </trkpt>
      <trkpt lat="46.632642" lon="8.593792">
        <ele>1441.896027</ele>
        <time>2026-01-16T04:11:54.195Z</time>
      </trkpt>
      <trkpt lat="46.632551" lon="8.593525">
        <ele>1441.482881</ele>
        <time>2026-01-16T04:11:56.505Z</time>
      </trkpt>
      <trkpt lat="46.632536" lon="8.593480">
        <ele>1441.388951</ele>
        <time>2026-01-16T04:11:56.881Z</time>
      </trkpt>
      <trkpt lat="46.632511" lon="8.593404">
        <ele>1441.230710</ele>
        <time>2026-01-16T04:11:57.511Z</time>
      </trkpt>
      <trkpt lat="46.632374" lon="8.592994">
        <ele>1440.374508</ele>
        <time>2026-01-16T04:12:00.789Z</time>
      </trkpt>
      <trkpt lat="46.632282" lon="8.592718">
        <ele>1439.798405</ele>
        <time>2026-01-16T04:12:02.934Z</time>
      </trkpt>
      <trkpt lat="46.632175" lon="8.592399">
        <ele>1439.131747</ele>
        <time>2026-01-16T04:12:05.409Z</time>
      </trkpt>
      <trkpt lat="46.632165" lon="8.592369">
        <ele>1439.069127</ele>
        <time>2026-01-16T04:12:05.639Z</time>
      </trkpt>
      <trkpt lat="46.632124" lon="8.592243">
        <ele>1438.807305</ele>
        <time>2026-01-16T04:12:06.602Z</time>
      </trkpt>
      <trkpt lat="46.632060" lon="8.592048">
        <ele>1438.401461</ele>
        <time>2026-01-16T04:12:08.090Z</time>
      </trkpt>
      <trkpt lat="46.631950" lon="8.591713">
        <ele>1437.704181</ele>
        <time>2026-01-16T04:12:10.623Z</time>
      </trkpt>
      <trkpt lat="46.631939" lon="8.591679">
        <ele>1437.633604</ele>
        <time>2026-01-16T04:12:10.884Z</time>
      </trkpt>
      <trkpt lat="46.631934" lon="8.591663">
        <ele>1437.600595</ele>
        <time>2026-01-16T04:12:11.000Z</time>
      </trkpt>
      <trkpt lat="46.631627" lon="8.590741">
        <ele>1436.225940</ele>
        <time>2026-01-16T04:12:18.233Z</time>
      </trkpt>
      <trkpt lat="46.630587" lon="8.587614">
        <ele>1433.885552</ele>
        <time>2026-01-16T04:12:47.901Z</time>
      </trkpt>
      <trkpt lat="46.630446" lon="8.587183">
        <ele>1433.783698</ele>
        <time>2026-01-16T04:12:53.036Z</time>
      </trkpt>
      <trkpt lat="46.630446" lon="8.587065">
        <ele>1433.758523</ele>
        <time>2026-01-16T04:12:54.358Z</time>
      </trkpt>
      <trkpt lat="46.630521" lon="8.586860">
        <ele>1433.708967</ele>
        <time>2026-01-16T04:12:57.029Z</time>
      </trkpt>
      <trkpt lat="46.630303" lon="8.586630">
        <ele>1433.697950</ele>
        <time>2026-01-16T04:13:01.720Z</time>
      </trkpt>
      <trkpt lat="46.629312" lon="8.585142">
        <ele>1434.794984</ele>
        <time>2026-01-16T04:13:27.672Z</time>
      </trkpt>
      <trkpt lat="46.629393" lon="8.585162">
        <ele>1434.858301</ele>
        <time>2026-01-16T04:13:33.334Z</time>
      </trkpt>
      <trkpt lat="46.626933" lon="8.581482">
        <ele>1438.130389</ele>
        <time>2026-01-16T04:14:35.681Z</time>
      </trkpt>
      <trkpt lat="46.626452" lon="8.580984">
        <ele>1439.668634</ele>
        <time>2026-01-16T04:14:50.866Z</time>
      </trkpt>
      <trkpt lat="46.626080" lon="8.580730">
        <ele>1441.324461</ele>
        <time>2026-01-16T04:15:02.391Z</time>
      </trkpt>
      <trkpt lat="46.625356" lon="8.580341">
        <ele>1444.434536</ele>
        <time>2026-01-16T04:15:26.710Z</time>
      </trkpt>
      <trkpt lat="46.624995" lon="8.580061">
        <ele>1446.100451</ele>
        <time>2026-01-16T04:15:42.730Z</time>
      </trkpt>
      <trkpt lat="46.624905" lon="8.579973">
        <ele>1446.559247</ele>
        <time>2026-01-16T04:15:47.123Z</time>
      </trkpt>
      <trkpt lat="46.624556" lon="8.579477">
        <ele>1448.623174</ele>
        <time>2026-01-16T04:16:06.283Z</time>
      </trkpt>
      <trkpt lat="46.624424" lon="8.579227">
        <ele>1449.539722</ele>
        <time>2026-01-16T04:16:13.893Z</time>
      </trkpt>
      <trkpt lat="46.624236" lon="8.578720">
        <ele>1451.214396</ele>
        <time>2026-01-16T04:16:26.776Z</time>
      </trkpt>
      <trkpt lat="46.624121" lon="8.578186">
        <ele>1452.840995</ele>
        <time>2026-01-16T04:16:37.740Z</time>
      </trkpt>
      <trkpt lat="46.623998" lon="8.577371">
        <ele>1453.367488</ele>
        <time>2026-01-16T04:16:47.564Z</time>
      </trkpt>
      <trkpt lat="46.623464" lon="8.575427">
        <ele>1453.672628</ele>
        <time>2026-01-16T04:17:05.177Z</time>
      </trkpt>
      <trkpt lat="46.623311" lon="8.575082">
        <ele>1454.396903</ele>
        <time>2026-01-16T04:17:10.440Z</time>
      </trkpt>
      <trkpt lat="46.622696" lon="8.573906">
        <ele>1457.003762</ele>
        <time>2026-01-16T04:17:39.371Z</time>
      </trkpt>
      <trkpt lat="46.622354" lon="8.573347">
        <ele>1458.503350</ele>
        <time>2026-01-16T04:17:53.875Z</time>
      </trkpt>
      <trkpt lat="46.622259" lon="8.573271">
        <ele>1458.965104</ele>
        <time>2026-01-16T04:17:56.967Z</time>
      </trkpt>
      <trkpt lat="46.622382" lon="8.573472">
        <ele>1459.752738</ele>
        <time>2026-01-16T04:18:09.835Z</time>
      </trkpt>
      <trkpt lat="46.622022" lon="8.573027">
        <ele>1461.764427</ele>
        <time>2026-01-16T04:18:26.031Z</time>
      </trkpt>
      <trkpt lat="46.621784" lon="8.572786">
        <ele>1462.999367</ele>
        <time>2026-01-16T04:18:35.335Z</time>
      </trkpt>
      <trkpt lat="46.621007" lon="8.572104">
        <ele>1466.577077</ele>
        <time>2026-01-16T04:19:05.075Z</time>
      </trkpt>
      <trkpt lat="46.620809" lon="8.571915">
        <ele>1467.333840</ele>
        <time>2026-01-16T04:19:12.641Z</time>
      </trkpt>
      <trkpt lat="46.620227" lon="8.571300">
        <ele>1469.632425</ele>
        <time>2026-01-16T04:19:30.503Z</time>
      </trkpt>
      <trkpt lat="46.619827" lon="8.570821">
        <ele>1471.287865</ele>
        <time>2026-01-16T04:19:41.547Z</time>
      </trkpt>
      <trkpt lat="46.619588" lon="8.570525">
        <ele>1473.391137</ele>
        <time>2026-01-16T04:19:49.358Z</time>
      </trkpt>
      <trkpt lat="46.618980" lon="8.569625">
        <ele>1479.847090</ele>
        <time>2026-01-16T04:20:26.189Z</time>
      </trkpt>
      <trkpt lat="46.618589" lon="8.568951">
        <ele>1484.358994</ele>
        <time>2026-01-16T04:21:02.018Z</time>
      </trkpt>
      <trkpt lat="46.618378" lon="8.568542">
        <ele>1487.066777</ele>
        <time>2026-01-16T04:21:22.613Z</time>
      </trkpt>
      <trkpt lat="46.618030" lon="8.567689">
        <ele>1492.360424</ele>
        <time>2026-01-16T04:22:02.636Z</time>
      </trkpt>
      <trkpt lat="46.617887" lon="8.567312">
        <ele>1494.658330</ele>
        <time>2026-01-16T04:22:15.524Z</time>
      </trkpt>
      <trkpt lat="46.617869" lon="8.567264">
        <ele>1494.950129</ele>
        <time>2026-01-16T04:22:17.047Z</time>
      </trkpt>
      <trkpt lat="46.617742" lon="8.566955">
        <ele>1496.871494</ele>
        <time>2026-01-16T04:22:24.345Z</time>
      </trkpt>
      <trkpt lat="46.617679" lon="8.566801">
        <ele>1497.827896</ele>
        <time>2026-01-16T04:22:28.037Z</time>
      </trkpt>
      <trkpt lat="46.617649" lon="8.566729">
        <ele>1498.277228</ele>
        <time>2026-01-16T04:22:29.449Z</time>
      </trkpt>
      <trkpt lat="46.617601" lon="8.566615">
        <ele>1498.827637</ele>
        <time>2026-01-16T04:22:32.824Z</time>
      </trkpt>
      <trkpt lat="46.617621" lon="8.566557">
        <ele>1498.827150</ele>
        <time>2026-01-16T04:22:33.733Z</time>
      </trkpt>
      <trkpt lat="46.617605" lon="8.566465">
        <ele>1498.826437</ele>
        <time>2026-01-16T04:22:36.029Z</time>
      </trkpt>
      <trkpt lat="46.617690" lon="8.566277">
        <ele>1498.824748</ele>
        <time>2026-01-16T04:22:40.404Z</time>
      </trkpt>
      <trkpt lat="46.617728" lon="8.566171">
        <ele>1498.823851</ele>
        <time>2026-01-16T04:22:41.827Z</time>
      </trkpt>
      <trkpt lat="46.617812" lon="8.565902">
        <ele>1498.821633</ele>
        <time>2026-01-16T04:22:45.549Z</time>
      </trkpt>
      <trkpt lat="46.617909" lon="8.565564">
        <ele>1498.818884</ele>
        <time>2026-01-16T04:22:48.840Z</time>
      </trkpt>
      <trkpt lat="46.617945" lon="8.565404">
        <ele>1498.817621</ele>
        <time>2026-01-16T04:22:50.286Z</time>
      </trkpt>
      <trkpt lat="46.617996" lon="8.564941">
        <ele>1498.814102</ele>
        <time>2026-01-16T04:22:53.658Z</time>
      </trkpt>
      <trkpt lat="46.617963" lon="8.564394">
        <ele>1498.809981</ele>
        <time>2026-01-16T04:22:57.835Z</time>
      </trkpt>
      <trkpt lat="46.617869" lon="8.563986">
        <ele>1499.030084</ele>
        <time>2026-01-16T04:23:01.547Z</time>
      </trkpt>
      <trkpt lat="46.617720" lon="8.563612">
        <ele>1499.522378</ele>
        <time>2026-01-16T04:23:05.556Z</time>
      </trkpt>
      <trkpt lat="46.616238" lon="8.560846">
        <ele>1504.291276</ele>
        <time>2026-01-16T04:24:07.218Z</time>
      </trkpt>
      <trkpt lat="46.616095" lon="8.560464">
        <ele>1505.008834</ele>
        <time>2026-01-16T04:24:14.524Z</time>
      </trkpt>
      <trkpt lat="46.616016" lon="8.560142">
        <ele>1505.572798</ele>
        <time>2026-01-16T04:24:20.014Z</time>
      </trkpt>
      <trkpt lat="46.615974" lon="8.559838">
        <ele>1506.084253</ele>
        <time>2026-01-16T04:24:24.819Z</time>
      </trkpt>
      <trkpt lat="46.615954" lon="8.559591">
        <ele>1506.331277</ele>
        <time>2026-01-16T04:24:28.539Z</time>
      </trkpt>
      <trkpt lat="46.615961" lon="8.558570">
        <ele>1507.302645</ele>
        <time>2026-01-16T04:24:42.159Z</time>
      </trkpt>
      <trkpt lat="46.615932" lon="8.558170">
        <ele>1507.685296</ele>
        <time>2026-01-16T04:24:47.569Z</time>
      </trkpt>
      <trkpt lat="46.615879" lon="8.557873">
        <ele>1507.977224</ele>
        <time>2026-01-16T04:24:51.982Z</time>
      </trkpt>
      <trkpt lat="46.615725" lon="8.557373">
        <ele>1508.498528</ele>
        <time>2026-01-16T04:25:00.090Z</time>
      </trkpt>
      <trkpt lat="46.615221" lon="8.556105">
        <ele>1508.422860</ele>
        <time>2026-01-16T04:25:19.148Z</time>
      </trkpt>
      <trkpt lat="46.615067" lon="8.555499">
        <ele>1508.338597</ele>
        <time>2026-01-16T04:25:25.121Z</time>
      </trkpt>
      <trkpt lat="46.614951" lon="8.554377">
        <ele>1507.378806</ele>
        <time>2026-01-16T04:25:33.348Z</time>
      </trkpt>
      <trkpt lat="46.614890" lon="8.553979">
        <ele>1506.689715</ele>
        <time>2026-01-16T04:25:36.212Z</time>
      </trkpt>
      <trkpt lat="46.614747" lon="8.553414">
        <ele>1505.672210</ele>
        <time>2026-01-16T04:25:40.485Z</time>
      </trkpt>
      <trkpt lat="46.614369" lon="8.552084">
        <ele>1503.397740</ele>
        <time>2026-01-16T04:25:51.059Z</time>
      </trkpt>
      <trkpt lat="46.613808" lon="8.550180">
        <ele>1500.827194</ele>
        <time>2026-01-16T04:26:07.087Z</time>
      </trkpt>
      <trkpt lat="46.613310" lon="8.548984">
        <ele>1500.130330</ele>
        <time>2026-01-16T04:26:18.302Z</time>
      </trkpt>
      <trkpt lat="46.613149" lon="8.548528">
        <ele>1499.936659</ele>
        <time>2026-01-16T04:26:22.715Z</time>
      </trkpt>
      <trkpt lat="46.613039" lon="8.548137">
        <ele>1499.777056</ele>
        <time>2026-01-16T04:26:27.016Z</time>
      </trkpt>
      <trkpt lat="46.612851" lon="8.547236">
        <ele>1499.973898</ele>
        <time>2026-01-16T04:26:39.075Z</time>
      </trkpt>
      <trkpt lat="46.612580" lon="8.546130">
        <ele>1500.935609</ele>
        <time>2026-01-16T04:26:56.845Z</time>
      </trkpt>
      <trkpt lat="46.610783" lon="8.540707">
        <ele>1504.051584</ele>
        <time>2026-01-16T04:28:11.970Z</time>
      </trkpt>
      <trkpt lat="46.610707" lon="8.540408">
        <ele>1503.965059</ele>
        <time>2026-01-16T04:28:14.732Z</time>
      </trkpt>
      <trkpt lat="46.610642" lon="8.539815">
        <ele>1503.201247</ele>
        <time>2026-01-16T04:28:19.511Z</time>
      </trkpt>
      <trkpt lat="46.610676" lon="8.539320">
        <ele>1502.568488</ele>
        <time>2026-01-16T04:28:23.273Z</time>
      </trkpt>
      <trkpt lat="46.610760" lon="8.538854">
        <ele>1501.955691</ele>
        <time>2026-01-16T04:28:26.807Z</time>
      </trkpt>
      <trkpt lat="46.610889" lon="8.538255">
        <ele>1501.157227</ele>
        <time>2026-01-16T04:28:31.259Z</time>
      </trkpt>
      <trkpt lat="46.610943" lon="8.537840">
        <ele>1500.659097</ele>
        <time>2026-01-16T04:28:34.258Z</time>
      </trkpt>
      <trkpt lat="46.610941" lon="8.537342">
        <ele>1500.172936</ele>
        <time>2026-01-16T04:28:37.990Z</time>
      </trkpt>
      <trkpt lat="46.610888" lon="8.537001">
        <ele>1499.831634</ele>
        <time>2026-01-16T04:28:40.774Z</time>
      </trkpt>
      <trkpt lat="46.610804" lon="8.536681">
        <ele>1499.497216</ele>
        <time>2026-01-16T04:28:43.534Z</time>
      </trkpt>
      <trkpt lat="46.610572" lon="8.536041">
        <ele>1498.790787</ele>
        <time>2026-01-16T04:28:49.518Z</time>
      </trkpt>
      <trkpt lat="46.610528" lon="8.535925">
        <ele>1498.661430</ele>
        <time>2026-01-16T04:28:50.620Z</time>
      </trkpt>
      <trkpt lat="46.610062" lon="8.534687">
        <ele>1498.833181</ele>
        <time>2026-01-16T04:29:03.332Z</time>
      </trkpt>
      <trkpt lat="46.603319" lon="8.516852">
        <ele>1512.451750</ele>
        <time>2026-01-16T04:33:25.837Z</time>
      </trkpt>
      <trkpt lat="46.603245" lon="8.516656">
        <ele>1512.951344</ele>
        <time>2026-01-16T04:33:29.771Z</time>
      </trkpt>
      <trkpt lat="46.602688" lon="8.515184">
        <ele>1516.705364</ele>
        <time>2026-01-16T04:34:04.279Z</time>
      </trkpt>
      <trkpt lat="46.602378" lon="8.514076">
        <ele>1519.838957</ele>
        <time>2026-01-16T04:34:31.590Z</time>
      </trkpt>
      <trkpt lat="46.602371" lon="8.514045">
        <ele>1519.929205</ele>
        <time>2026-01-16T04:34:32.314Z</time>
      </trkpt>
      <trkpt lat="46.601788" lon="8.511559">
        <ele>1526.379667</ele>
        <time>2026-01-16T04:35:26.761Z</time>
      </trkpt>
      <trkpt lat="46.601478" lon="8.510243">
        <ele>1528.980083</ele>
        <time>2026-01-16T04:35:49.709Z</time>
      </trkpt>
      <trkpt lat="46.601461" lon="8.510166">
        <ele>1529.131260</ele>
        <time>2026-01-16T04:35:50.914Z</time>
      </trkpt>
      <trkpt lat="46.601414" lon="8.509967">
        <ele>1529.524594</ele>
        <time>2026-01-16T04:35:53.947Z</time>
      </trkpt>
      <trkpt lat="46.601132" lon="8.508669">
        <ele>1531.242353</ele>
        <time>2026-01-16T04:36:14.165Z</time>
      </trkpt>
      <trkpt lat="46.601046" lon="8.507907">
        <ele>1532.207333</ele>
        <time>2026-01-16T04:36:25.590Z</time>
      </trkpt>
      <trkpt lat="46.601026" lon="8.507313">
        <ele>1532.965754</ele>
        <time>2026-01-16T04:36:34.808Z</time>
      </trkpt>
      <trkpt lat="46.601023" lon="8.507098">
        <ele>1533.273673</ele>
        <time>2026-01-16T04:36:38.276Z</time>
      </trkpt>
      <trkpt lat="46.600998" lon="8.506510">
        <ele>1534.117233</ele>
        <time>2026-01-16T04:36:47.893Z</time>
      </trkpt>
      <trkpt lat="46.600944" lon="8.506025">
        <ele>1534.820757</ele>
        <time>2026-01-16T04:36:55.700Z</time>
      </trkpt>
      <trkpt lat="46.600853" lon="8.505579">
        <ele>1535.486944</ele>
        <time>2026-01-16T04:37:03.307Z</time>
      </trkpt>
      <trkpt lat="46.600728" lon="8.505182">
        <ele>1536.112252</ele>
        <time>2026-01-16T04:37:10.415Z</time>
      </trkpt>
      <trkpt lat="46.600578" lon="8.504834">
        <ele>1536.699034</ele>
        <time>2026-01-16T04:37:16.814Z</time>
      </trkpt>
      <trkpt lat="46.600399" lon="8.504503">
        <ele>1537.293913</ele>
        <time>2026-01-16T04:37:23.114Z</time>
      </trkpt>
      <trkpt lat="46.600054" lon="8.503950">
        <ele>1538.348799</ele>
        <time>2026-01-16T04:37:34.422Z</time>
      </trkpt>
      <trkpt lat="46.599586" lon="8.503234">
        <ele>1539.744444</ele>
        <time>2026-01-16T04:37:50.388Z</time>
      </trkpt>
      <trkpt lat="46.599498" lon="8.503105">
        <ele>1540.001169</ele>
        <time>2026-01-16T04:37:53.449Z</time>
      </trkpt>
      <trkpt lat="46.599483" lon="8.503084">
        <ele>1540.043949</ele>
        <time>2026-01-16T04:37:53.927Z</time>
      </trkpt>
      <trkpt lat="46.599447" lon="8.503032">
        <ele>1540.148202</ele>
        <time>2026-01-16T04:37:55.182Z</time>
      </trkpt>
      <trkpt lat="46.599220" lon="8.502693">
        <ele>1541.013226</ele>
        <time>2026-01-16T04:38:02.886Z</time>
      </trkpt>
      <trkpt lat="46.598983" lon="8.502330">
        <ele>1541.984951</ele>
        <time>2026-01-16T04:38:10.962Z</time>
      </trkpt>
      <trkpt lat="46.598856" lon="8.502207">
        <ele>1542.415795</ele>
        <time>2026-01-16T04:38:14.623Z</time>
      </trkpt>
      <trkpt lat="46.598744" lon="8.502122">
        <ele>1542.772539</ele>
        <time>2026-01-16T04:38:17.790Z</time>
      </trkpt>
      <trkpt lat="46.598693" lon="8.502094">
        <ele>1542.926485</ele>
        <time>2026-01-16T04:38:19.194Z</time>
      </trkpt>
      <trkpt lat="46.598390" lon="8.502002">
        <ele>1543.800668</ele>
        <time>2026-01-16T04:38:27.074Z</time>
      </trkpt>
      <trkpt lat="46.597918" lon="8.501825">
        <ele>1545.177270</ele>
        <time>2026-01-16T04:38:40.689Z</time>
      </trkpt>
      <trkpt lat="46.597536" lon="8.501625">
        <ele>1547.188891</ele>
        <time>2026-01-16T04:38:53.409Z</time>
      </trkpt>
      <trkpt lat="46.597337" lon="8.501499">
        <ele>1548.358409</ele>
        <time>2026-01-16T04:39:00.949Z</time>
      </trkpt>
      <trkpt lat="46.597170" lon="8.501360">
        <ele>1549.395170</ele>
        <time>2026-01-16T04:39:08.036Z</time>
      </trkpt>
      <trkpt lat="46.597007" lon="8.501154">
        <ele>1550.558565</ele>
        <time>2026-01-16T04:39:16.092Z</time>
      </trkpt>
      <trkpt lat="46.596636" lon="8.500400">
        <ele>1553.992633</ele>
        <time>2026-01-16T04:39:40.348Z</time>
      </trkpt>
      <trkpt lat="46.596525" lon="8.500192">
        <ele>1554.967859</ele>
        <time>2026-01-16T04:39:47.666Z</time>
      </trkpt>
      <trkpt lat="46.596044" lon="8.499777">
        <ele>1559.639654</ele>
        <time>2026-01-16T04:40:11.504Z</time>
      </trkpt>
      <trkpt lat="46.595940" lon="8.499645">
        <ele>1560.806102</ele>
        <time>2026-01-16T04:40:17.801Z</time>
      </trkpt>
      <trkpt lat="46.595881" lon="8.499522">
        <ele>1561.677365</ele>
        <time>2026-01-16T04:40:22.753Z</time>
      </trkpt>
      <trkpt lat="46.595488" lon="8.498322">
        <ele>1569.398428</ele>
        <time>2026-01-16T04:41:10.480Z</time>
      </trkpt>
      <trkpt lat="46.595486" lon="8.498237">
        <ele>1569.892420</ele>
        <time>2026-01-16T04:41:13.710Z</time>
      </trkpt>
      <trkpt lat="46.595556" lon="8.497923">
        <ele>1572.122162</ele>
        <time>2026-01-16T04:41:26.682Z</time>
      </trkpt>
      <trkpt lat="46.595553" lon="8.497787">
        <ele>1573.072585</ele>
        <time>2026-01-16T04:41:31.995Z</time>
      </trkpt>
      <trkpt lat="46.595513" lon="8.497675">
        <ele>1573.954239</ele>
        <time>2026-01-16T04:41:36.937Z</time>
      </trkpt>
      <trkpt lat="46.595453" lon="8.497595">
        <ele>1574.781414</ele>
        <time>2026-01-16T04:41:41.557Z</time>
      </trkpt>
      <trkpt lat="46.595092" lon="8.497362">
        <ele>1578.795678</ele>
        <time>2026-01-16T04:42:04.001Z</time>
      </trkpt>
      <trkpt lat="46.594603" lon="8.497077">
        <ele>1584.150162</ele>
        <time>2026-01-16T04:42:32.912Z</time>
      </trkpt>
      <trkpt lat="46.594427" lon="8.496905">
        <ele>1586.305166</ele>
        <time>2026-01-16T04:42:43.888Z</time>
      </trkpt>
      <trkpt lat="46.592859" lon="8.494571">
        <ele>1610.119648</ele>
        <time>2026-01-16T04:44:54.564Z</time>
      </trkpt>
      <trkpt lat="46.592794" lon="8.494377">
        <ele>1611.587674</ele>
        <time>2026-01-16T04:45:03.452Z</time>
      </trkpt>
      <trkpt lat="46.592720" lon="8.494109">
        <ele>1613.552191</ele>
        <time>2026-01-16T04:45:15.822Z</time>
      </trkpt>
      <trkpt lat="46.592604" lon="8.493952">
        <ele>1615.120202</ele>
        <time>2026-01-16T04:45:25.990Z</time>
      </trkpt>
      <trkpt lat="46.592110" lon="8.493746">
        <ele>1620.206635</ele>
        <time>2026-01-16T04:45:58.100Z</time>
      </trkpt>
      <trkpt lat="46.591891" lon="8.493690">
        <ele>1622.407519</ele>
        <time>2026-01-16T04:46:09.171Z</time>
      </trkpt>
      <trkpt lat="46.591346" lon="8.493655">
        <ele>1627.638331</ele>
        <time>2026-01-16T04:46:29.812Z</time>
      </trkpt>
      <trkpt lat="46.591131" lon="8.493725">
        <ele>1629.643310</ele>
        <time>2026-01-16T04:46:37.383Z</time>
      </trkpt>
      <trkpt lat="46.591034" lon="8.493845">
        <ele>1630.801946</ele>
        <time>2026-01-16T04:46:42.222Z</time>
      </trkpt>
      <trkpt lat="46.590943" lon="8.494067">
        <ele>1632.418536</ele>
        <time>2026-01-16T04:46:49.654Z</time>
      </trkpt>
      <trkpt lat="46.590825" lon="8.494606">
        <ele>1635.956296</ele>
        <time>2026-01-16T04:47:09.220Z</time>
      </trkpt>
      <trkpt lat="46.590770" lon="8.494665">
        <ele>1636.578126</ele>
        <time>2026-01-16T04:47:13.018Z</time>
      </trkpt>
      <trkpt lat="46.590721" lon="8.494660">
        <ele>1637.025145</ele>
        <time>2026-01-16T04:47:15.773Z</time>
      </trkpt>
      <trkpt lat="46.590680" lon="8.494613">
        <ele>1637.500135</ele>
        <time>2026-01-16T04:47:18.746Z</time>
      </trkpt>
      <trkpt lat="46.590668" lon="8.494533">
        <ele>1638.012227</ele>
        <time>2026-01-16T04:47:21.939Z</time>
      </trkpt>
      <trkpt lat="46.590773" lon="8.494228">
        <ele>1640.145629</ele>
        <time>2026-01-16T04:47:36.184Z</time>
      </trkpt>
      <trkpt lat="46.590816" lon="8.494013">
        <ele>1641.546002</ele>
        <time>2026-01-16T04:47:46.495Z</time>
      </trkpt>
      <trkpt lat="46.590783" lon="8.493593">
        <ele>1644.959094</ele>
        <time>2026-01-16T04:48:07.019Z</time>
      </trkpt>
      <trkpt lat="46.590673" lon="8.493255">
        <ele>1648.150844</ele>
        <time>2026-01-16T04:48:25.600Z</time>
      </trkpt>
      <trkpt lat="46.590565" lon="8.493064">
        <ele>1650.261789</ele>
        <time>2026-01-16T04:48:37.865Z</time>
      </trkpt>
      <trkpt lat="46.590427" lon="8.492889">
        <ele>1652.535069</ele>
        <time>2026-01-16T04:48:50.876Z</time>
      </trkpt>
      <trkpt lat="46.590299" lon="8.492784">
        <ele>1654.359885</ele>
        <time>2026-01-16T04:49:02.258Z</time>
      </trkpt>
      <trkpt lat="46.590034" lon="8.492675">
        <ele>1657.779867</ele>
        <time>2026-01-16T04:49:22.700Z</time>
      </trkpt>
      <trkpt lat="46.589562" lon="8.492664">
        <ele>1663.642382</ele>
        <time>2026-01-16T04:49:49.161Z</time>
      </trkpt>
      <trkpt lat="46.589514" lon="8.492608">
        <ele>1664.406432</ele>
        <time>2026-01-16T04:49:51.914Z</time>
      </trkpt>
      <trkpt lat="46.589497" lon="8.492453">
        <ele>1665.449058</ele>
        <time>2026-01-16T04:49:56.533Z</time>
      </trkpt>
      <trkpt lat="46.589523" lon="8.492350">
        <ele>1666.176243</ele>
        <time>2026-01-16T04:49:59.784Z</time>
      </trkpt>
      <trkpt lat="46.589599" lon="8.492216">
        <ele>1667.327650</ele>
        <time>2026-01-16T04:50:05.087Z</time>
      </trkpt>
      <trkpt lat="46.589787" lon="8.491982">
        <ele>1669.713356</ele>
        <time>2026-01-16T04:50:17.225Z</time>
      </trkpt>
      <trkpt lat="46.589953" lon="8.491862">
        <ele>1671.500806</ele>
        <time>2026-01-16T04:50:27.213Z</time>
      </trkpt>
      <trkpt lat="46.590079" lon="8.491819">
        <ele>1672.748838</ele>
        <time>2026-01-16T04:50:34.662Z</time>
      </trkpt>
      <trkpt lat="46.590441" lon="8.491797">
        <ele>1676.242779</ele>
        <time>2026-01-16T04:50:56.210Z</time>
      </trkpt>
      <trkpt lat="46.590764" lon="8.491598">
        <ele>1679.625259</ele>
        <time>2026-01-16T04:51:14.784Z</time>
      </trkpt>
      <trkpt lat="46.590936" lon="8.491478">
        <ele>1681.464701</ele>
        <time>2026-01-16T04:51:24.074Z</time>
      </trkpt>
      <trkpt lat="46.591094" lon="8.491379">
        <ele>1683.084616</ele>
        <time>2026-01-16T04:51:32.858Z</time>
      </trkpt>
      <trkpt lat="46.591193" lon="8.491352">
        <ele>1684.028119</ele>
        <time>2026-01-16T04:51:38.158Z</time>
      </trkpt>
      <trkpt lat="46.591604" lon="8.491452">
        <ele>1687.931496</ele>
        <time>2026-01-16T04:52:01.189Z</time>
      </trkpt>
      <trkpt lat="46.591656" lon="8.491427">
        <ele>1688.444488</ele>
        <time>2026-01-16T04:52:04.228Z</time>
      </trkpt>
      <trkpt lat="46.591680" lon="8.491312">
        <ele>1689.218139</ele>
        <time>2026-01-16T04:52:08.661Z</time>
      </trkpt>
      <trkpt lat="46.591605" lon="8.491222">
        <ele>1690.128743</ele>
        <time>2026-01-16T04:52:13.791Z</time>
      </trkpt>
      <trkpt lat="46.591338" lon="8.491147">
        <ele>1692.675965</ele>
        <time>2026-01-16T04:52:27.449Z</time>
      </trkpt>
      <trkpt lat="46.590868" lon="8.490867">
        <ele>1697.433229</ele>
        <time>2026-01-16T04:52:53.488Z</time>
      </trkpt>
      <trkpt lat="46.590751" lon="8.490862">
        <ele>1698.529668</ele>
        <time>2026-01-16T04:52:59.835Z</time>
      </trkpt>
      <trkpt lat="46.590271" lon="8.490949">
        <ele>1701.650181</ele>
        <time>2026-01-16T04:53:25.615Z</time>
      </trkpt>
      <trkpt lat="46.589977" lon="8.490941">
        <ele>1703.531584</ele>
        <time>2026-01-16T04:53:39.911Z</time>
      </trkpt>
      <trkpt lat="46.589723" lon="8.490889">
        <ele>1705.172735</ele>
        <time>2026-01-16T04:53:50.881Z</time>
      </trkpt>
      <trkpt lat="46.589139" lon="8.490690">
        <ele>1709.010374</ele>
        <time>2026-01-16T04:54:09.827Z</time>
      </trkpt>
      <trkpt lat="46.588943" lon="8.490728">
        <ele>1710.279240</ele>
        <time>2026-01-16T04:54:14.848Z</time>
      </trkpt>
      <trkpt lat="46.588706" lon="8.490898">
        <ele>1712.010097</ele>
        <time>2026-01-16T04:54:21.289Z</time>
      </trkpt>
      <trkpt lat="46.588568" lon="8.490877">
        <ele>1712.919002</ele>
        <time>2026-01-16T04:54:24.273Z</time>
      </trkpt>
      <trkpt lat="46.588274" lon="8.490578">
        <ele>1715.268624</ele>
        <time>2026-01-16T04:54:34.256Z</time>
      </trkpt>
      <trkpt lat="46.587678" lon="8.489667">
        <ele>1720.930912</ele>
        <time>2026-01-16T04:55:13.837Z</time>
      </trkpt>
      <trkpt lat="46.587636" lon="8.489538">
        <ele>1721.573521</ele>
        <time>2026-01-16T04:55:19.633Z</time>
      </trkpt>
      <trkpt lat="46.587647" lon="8.489469">
        <ele>1721.892395</ele>
        <time>2026-01-16T04:55:22.707Z</time>
      </trkpt>
      <trkpt lat="46.587701" lon="8.489400">
        <ele>1722.865868</ele>
        <time>2026-01-16T04:55:27.636Z</time>
      </trkpt>
      <trkpt lat="46.587801" lon="8.489422">
        <ele>1724.248629</ele>
        <time>2026-01-16T04:55:34.352Z</time>
      </trkpt>
      <trkpt lat="46.588089" lon="8.489872">
        <ele>1730.026411</ele>
        <time>2026-01-16T04:56:04.455Z</time>
      </trkpt>
      <trkpt lat="46.588226" lon="8.489971">
        <ele>1732.117768</ele>
        <time>2026-01-16T04:56:15.949Z</time>
      </trkpt>
      <trkpt lat="46.588368" lon="8.489998">
        <ele>1734.075729</ele>
        <time>2026-01-16T04:56:26.919Z</time>
      </trkpt>
      <trkpt lat="46.588606" lon="8.489931">
        <ele>1737.390054</ele>
        <time>2026-01-16T04:56:46.192Z</time>
      </trkpt>
      <trkpt lat="46.588706" lon="8.489934">
        <ele>1738.757567</ele>
        <time>2026-01-16T04:56:53.021Z</time>
      </trkpt>
      <trkpt lat="46.589142" lon="8.490019">
        <ele>1744.771919</ele>
        <time>2026-01-16T04:57:23.108Z</time>
      </trkpt>
      <trkpt lat="46.589400" lon="8.490145">
        <ele>1748.377578</ele>
        <time>2026-01-16T04:57:43.689Z</time>
      </trkpt>
      <trkpt lat="46.589671" lon="8.490154">
        <ele>1751.870404</ele>
        <time>2026-01-16T04:58:04.011Z</time>
      </trkpt>
      <trkpt lat="46.589765" lon="8.490111">
        <ele>1753.140062</ele>
        <time>2026-01-16T04:58:11.210Z</time>
      </trkpt>
      <trkpt lat="46.589874" lon="8.490009">
        <ele>1754.809913</ele>
        <time>2026-01-16T04:58:20.449Z</time>
      </trkpt>
      <trkpt lat="46.590302" lon="8.489449">
        <ele>1762.226357</ele>
        <time>2026-01-16T04:58:59.679Z</time>
      </trkpt>
      <trkpt lat="46.590544" lon="8.489196">
        <ele>1766.065932</ele>
        <time>2026-01-16T04:59:19.141Z</time>
      </trkpt>
      <trkpt lat="46.591219" lon="8.488844">
        <ele>1773.663435</ele>
        <time>2026-01-16T05:00:00.210Z</time>
      </trkpt>
      <trkpt lat="46.591477" lon="8.488490">
        <ele>1776.901861</ele>
        <time>2026-01-16T05:00:16.253Z</time>
      </trkpt>
      <trkpt lat="46.591572" lon="8.488408">
        <ele>1777.910596</ele>
        <time>2026-01-16T05:00:21.013Z</time>
      </trkpt>
      <trkpt lat="46.591658" lon="8.488373">
        <ele>1778.726132</ele>
        <time>2026-01-16T05:00:24.950Z</time>
      </trkpt>
      <trkpt lat="46.592519" lon="8.488318">
        <ele>1786.613408</ele>
        <time>2026-01-16T05:01:07.537Z</time>
      </trkpt>
      <trkpt lat="46.592548" lon="8.488284">
        <ele>1786.964741</ele>
        <time>2026-01-16T05:01:09.592Z</time>
      </trkpt>
      <trkpt lat="46.592559" lon="8.488195">
        <ele>1787.550977</ele>
        <time>2026-01-16T05:01:12.967Z</time>
      </trkpt>
      <trkpt lat="46.592503" lon="8.488119">
        <ele>1788.273378</ele>
        <time>2026-01-16T05:01:17.156Z</time>
      </trkpt>
      <trkpt lat="46.592266" lon="8.488143">
        <ele>1790.514654</ele>
        <time>2026-01-16T05:01:30.593Z</time>
      </trkpt>
      <trkpt lat="46.591703" lon="8.487915">
        <ele>1796.027862</ele>
        <time>2026-01-16T05:02:05.133Z</time>
      </trkpt>
      <trkpt lat="46.591490" lon="8.487910">
        <ele>1798.037575</ele>
        <time>2026-01-16T05:02:17.751Z</time>
      </trkpt>
      <trkpt lat="46.590992" lon="8.488220">
        <ele>1803.093597</ele>
        <time>2026-01-16T05:02:47.383Z</time>
      </trkpt>
      <trkpt lat="46.590151" lon="8.488311">
        <ele>1805.977203</ele>
        <time>2026-01-16T05:03:12.116Z</time>
      </trkpt>
      <trkpt lat="46.589507" lon="8.488964">
        <ele>1808.661145</ele>
        <time>2026-01-16T05:03:26.883Z</time>
      </trkpt>
      <trkpt lat="46.589435" lon="8.489001">
        <ele>1808.922240</ele>
        <time>2026-01-16T05:03:28.396Z</time>
      </trkpt>
      <trkpt lat="46.589337" lon="8.488978">
        <ele>1809.295333</ele>
        <time>2026-01-16T05:03:30.343Z</time>
      </trkpt>
      <trkpt lat="46.588610" lon="8.488057">
        <ele>1814.876450</ele>
        <time>2026-01-16T05:03:59.593Z</time>
      </trkpt>
      <trkpt lat="46.588009" lon="8.487401">
        <ele>1819.226479</ele>
        <time>2026-01-16T05:04:38.338Z</time>
      </trkpt>
      <trkpt lat="46.587826" lon="8.487128">
        <ele>1821.087345</ele>
        <time>2026-01-16T05:04:51.296Z</time>
      </trkpt>
      <trkpt lat="46.587577" lon="8.486657">
        <ele>1824.179018</ele>
        <time>2026-01-16T05:05:10.710Z</time>
      </trkpt>
      <trkpt lat="46.586970" lon="8.485299">
        <ele>1832.607374</ele>
        <time>2026-01-16T05:05:56.062Z</time>
      </trkpt>
      <trkpt lat="46.586648" lon="8.484839">
        <ele>1837.282168</ele>
        <time>2026-01-16T05:06:17.973Z</time>
      </trkpt>
      <trkpt lat="46.586633" lon="8.484760">
        <ele>1837.901679</ele>
        <time>2026-01-16T05:06:20.690Z</time>
      </trkpt>
      <trkpt lat="46.586656" lon="8.484688">
        <ele>1838.501826</ele>
        <time>2026-01-16T05:06:23.786Z</time>
      </trkpt>
      <trkpt lat="46.586706" lon="8.484663">
        <ele>1839.083308</ele>
        <time>2026-01-16T05:06:26.888Z</time>
      </trkpt>
      <trkpt lat="46.586767" lon="8.484689">
        <ele>1839.782404</ele>
        <time>2026-01-16T05:06:30.268Z</time>
      </trkpt>
      <trkpt lat="46.587942" lon="8.486081">
        <ele>1856.406277</ele>
        <time>2026-01-16T05:08:10.391Z</time>
      </trkpt>
      <trkpt lat="46.589196" lon="8.486954">
        <ele>1871.513044</ele>
        <time>2026-01-16T05:09:24.327Z</time>
      </trkpt>
      <trkpt lat="46.589550" lon="8.487161">
        <ele>1876.002750</ele>
        <time>2026-01-16T05:09:49.931Z</time>
      </trkpt>
      <trkpt lat="46.589644" lon="8.487193">
        <ele>1877.168675</ele>
        <time>2026-01-16T05:09:57.024Z</time>
      </trkpt>
      <trkpt lat="46.589738" lon="8.487174">
        <ele>1878.314846</ele>
        <time>2026-01-16T05:10:03.990Z</time>
      </trkpt>
      <trkpt lat="46.589863" lon="8.487047">
        <ele>1880.156085</ele>
        <time>2026-01-16T05:10:15.533Z</time>
      </trkpt>
      <trkpt lat="46.590027" lon="8.486399">
        <ele>1885.887444</ele>
        <time>2026-01-16T05:10:48.427Z</time>
      </trkpt>
      <trkpt lat="46.590068" lon="8.485993">
        <ele>1889.293319</ele>
        <time>2026-01-16T05:11:06.233Z</time>
      </trkpt>
      <trkpt lat="46.590062" lon="8.485873">
        <ele>1890.291918</ele>
        <time>2026-01-16T05:11:11.439Z</time>
      </trkpt>
      <trkpt lat="46.589974" lon="8.485728">
        <ele>1891.897494</ele>
        <time>2026-01-16T05:11:19.569Z</time>
      </trkpt>
      <trkpt lat="46.589869" lon="8.485700">
        <ele>1893.186734</ele>
        <time>2026-01-16T05:11:25.986Z</time>
      </trkpt>
      <trkpt lat="46.589792" lon="8.485747">
        <ele>1894.195192</ele>
        <time>2026-01-16T05:11:30.977Z</time>
      </trkpt>
      <trkpt lat="46.589586" lon="8.486028">
        <ele>1896.201647</ele>
        <time>2026-01-16T05:11:46.062Z</time>
      </trkpt>
      <trkpt lat="46.589500" lon="8.486104">
        <ele>1896.901527</ele>
        <time>2026-01-16T05:11:50.735Z</time>
      </trkpt>
      <trkpt lat="46.589387" lon="8.486118">
        <ele>1897.690383</ele>
        <time>2026-01-16T05:11:55.422Z</time>
      </trkpt>
      <trkpt lat="46.589269" lon="8.486032">
        <ele>1898.608371</ele>
        <time>2026-01-16T05:12:00.511Z</time>
      </trkpt>
      <trkpt lat="46.588013" lon="8.484103">
        <ele>1910.994918</ele>
        <time>2026-01-16T05:13:09.768Z</time>
      </trkpt>
      <trkpt lat="46.587913" lon="8.483897">
        <ele>1912.115958</ele>
        <time>2026-01-16T05:13:17.376Z</time>
      </trkpt>
      <trkpt lat="46.587660" lon="8.483241">
        <ele>1915.459587</ele>
        <time>2026-01-16T05:13:39.315Z</time>
      </trkpt>
      <trkpt lat="46.587405" lon="8.482505">
        <ele>1919.326125</ele>
        <time>2026-01-16T05:14:02.087Z</time>
      </trkpt>
      <trkpt lat="46.587115" lon="8.480676">
        <ele>1930.144525</ele>
        <time>2026-01-16T05:15:00.108Z</time>
      </trkpt>
      <trkpt lat="46.587136" lon="8.480326">
        <ele>1932.169437</ele>
        <time>2026-01-16T05:15:14.084Z</time>
      </trkpt>
      <trkpt lat="46.587394" lon="8.479123">
        <ele>1941.986956</ele>
        <time>2026-01-16T05:16:08.177Z</time>
      </trkpt>
      <trkpt lat="46.587550" lon="8.477834">
        <ele>1952.791093</ele>
        <time>2026-01-16T05:17:08.684Z</time>
      </trkpt>
      <trkpt lat="46.587619" lon="8.477736">
        <ele>1953.949244</ele>
        <time>2026-01-16T05:17:14.700Z</time>
      </trkpt>
      <trkpt lat="46.587727" lon="8.477735">
        <ele>1955.236030</ele>
        <time>2026-01-16T05:17:21.363Z</time>
      </trkpt>
      <trkpt lat="46.587811" lon="8.477844">
        <ele>1956.468714</ele>
        <time>2026-01-16T05:17:28.164Z</time>
      </trkpt>
      <trkpt lat="46.588526" lon="8.479304">
        <ele>1969.962676</ele>
        <time>2026-01-16T05:18:41.978Z</time>
      </trkpt>
      <trkpt lat="46.588650" lon="8.479506">
        <ele>1972.001324</ele>
        <time>2026-01-16T05:18:52.072Z</time>
      </trkpt>
      <trkpt lat="46.588884" lon="8.479776">
        <ele>1975.190109</ele>
        <time>2026-01-16T05:19:08.388Z</time>
      </trkpt>
      <trkpt lat="46.589058" lon="8.479936">
        <ele>1977.028909</ele>
        <time>2026-01-16T05:19:19.638Z</time>
      </trkpt>
      <trkpt lat="46.589524" lon="8.480360">
        <ele>1981.938781</ele>
        <time>2026-01-16T05:19:48.322Z</time>
      </trkpt>
      <trkpt lat="46.589667" lon="8.480436">
        <ele>1983.298818</ele>
        <time>2026-01-16T05:19:56.041Z</time>
      </trkpt>
      <trkpt lat="46.589745" lon="8.480434">
        <ele>1983.995743</ele>
        <time>2026-01-16T05:20:00.060Z</time>
      </trkpt>
      <trkpt lat="46.589810" lon="8.480394">
        <ele>1984.626215</ele>
        <time>2026-01-16T05:20:03.562Z</time>
      </trkpt>
      <trkpt lat="46.589878" lon="8.480289">
        <ele>1985.511976</ele>
        <time>2026-01-16T05:20:08.677Z</time>
      </trkpt>
      <trkpt lat="46.589906" lon="8.480185">
        <ele>1986.197710</ele>
        <time>2026-01-16T05:20:12.519Z</time>
      </trkpt>
      <trkpt lat="46.589901" lon="8.480023">
        <ele>1987.193274</ele>
        <time>2026-01-16T05:20:18.006Z</time>
      </trkpt>
      <trkpt lat="46.589861" lon="8.479917">
        <ele>1987.935693</ele>
        <time>2026-01-16T05:20:22.029Z</time>
      </trkpt>
      <trkpt lat="46.589303" lon="8.479020">
        <ele>1993.846825</ele>
        <time>2026-01-16T05:21:00.651Z</time>
      </trkpt>
      <trkpt lat="46.589219" lon="8.478819">
        <ele>1994.800790</ele>
        <time>2026-01-16T05:21:07.434Z</time>
      </trkpt>
      <trkpt lat="46.589043" lon="8.477277">
        <ele>2001.139503</ele>
        <time>2026-01-16T05:21:45.011Z</time>
      </trkpt>
      <trkpt lat="46.589060" lon="8.476866">
        <ele>2002.617197</ele>
        <time>2026-01-16T05:21:53.454Z</time>
      </trkpt>
      <trkpt lat="46.589289" lon="8.475574">
        <ele>2007.229058</ele>
        <time>2026-01-16T05:22:21.909Z</time>
      </trkpt>
      <trkpt lat="46.589540" lon="8.474835">
        <ele>2010.078295</ele>
        <time>2026-01-16T05:22:41.929Z</time>
      </trkpt>
      <trkpt lat="46.589644" lon="8.474221">
        <ele>2014.330029</ele>
        <time>2026-01-16T05:23:01.391Z</time>
      </trkpt>
      <trkpt lat="46.589806" lon="8.473746">
        <ele>2018.378771</ele>
        <time>2026-01-16T05:23:21.200Z</time>
      </trkpt>
      <trkpt lat="46.590021" lon="8.473424">
        <ele>2021.806611</ele>
        <time>2026-01-16T05:23:40.327Z</time>
      </trkpt>
      <trkpt lat="46.590413" lon="8.472499">
        <ele>2030.103937</ele>
        <time>2026-01-16T05:24:32.950Z</time>
      </trkpt>
      <trkpt lat="46.590509" lon="8.472434">
        <ele>2031.249370</ele>
        <time>2026-01-16T05:24:40.771Z</time>
      </trkpt>
      <trkpt lat="46.590848" lon="8.472386">
        <ele>2034.875632</ele>
        <time>2026-01-16T05:25:06.023Z</time>
      </trkpt>
      <trkpt lat="46.591007" lon="8.472232">
        <ele>2036.909138</ele>
        <time>2026-01-16T05:25:19.447Z</time>
      </trkpt>
      <trkpt lat="46.591061" lon="8.472120">
        <ele>2037.910141</ele>
        <time>2026-01-16T05:25:25.820Z</time>
      </trkpt>
      <trkpt lat="46.591359" lon="8.471089">
        <ele>2046.093392</ele>
        <time>2026-01-16T05:26:09.388Z</time>
      </trkpt>
      <trkpt lat="46.591433" lon="8.469943">
        <ele>2051.423875</ele>
        <time>2026-01-16T05:26:39.281Z</time>
      </trkpt>
      <trkpt lat="46.591575" lon="8.469147">
        <ele>2053.587701</ele>
        <time>2026-01-16T05:26:55.496Z</time>
      </trkpt>
      <trkpt lat="46.591718" lon="8.468182">
        <ele>2056.185132</ele>
        <time>2026-01-16T05:27:12.638Z</time>
      </trkpt>
      <trkpt lat="46.591736" lon="8.467887">
        <ele>2056.784274</ele>
        <time>2026-01-16T05:27:17.424Z</time>
      </trkpt>
      <trkpt lat="46.591961" lon="8.466506">
        <ele>2058.792566</ele>
        <time>2026-01-16T05:27:37.827Z</time>
      </trkpt>
      <trkpt lat="46.591944" lon="8.466027">
        <ele>2059.471255</ele>
        <time>2026-01-16T05:27:44.955Z</time>
      </trkpt>
      <trkpt lat="46.592102" lon="8.464977">
        <ele>2062.039288</ele>
        <time>2026-01-16T05:28:04.360Z</time>
      </trkpt>
      <trkpt lat="46.592080" lon="8.464541">
        <ele>2063.565222</ele>
        <time>2026-01-16T05:28:13.154Z</time>
      </trkpt>
      <trkpt lat="46.592341" lon="8.463795">
        <ele>2066.487147</ele>
        <time>2026-01-16T05:28:29.889Z</time>
      </trkpt>
      <trkpt lat="46.592387" lon="8.463545">
        <ele>2067.390496</ele>
        <time>2026-01-16T05:28:35.755Z</time>
      </trkpt>
      <trkpt lat="46.592392" lon="8.463276">
        <ele>2068.329766</ele>
        <time>2026-01-16T05:28:43.450Z</time>
      </trkpt>
      <trkpt lat="46.592352" lon="8.462845">
        <ele>2070.428894</ele>
        <time>2026-01-16T05:28:59.631Z</time>
      </trkpt>
      <trkpt lat="46.592455" lon="8.462136">
        <ele>2076.348391</ele>
        <time>2026-01-16T05:29:31.133Z</time>
      </trkpt>
      <trkpt lat="46.592552" lon="8.461831">
        <ele>2079.093672</ele>
        <time>2026-01-16T05:29:46.473Z</time>
      </trkpt>
      <trkpt lat="46.592778" lon="8.461529">
        <ele>2082.740942</ele>
        <time>2026-01-16T05:30:07.745Z</time>
      </trkpt>
      <trkpt lat="46.592909" lon="8.461352">
        <ele>2084.865853</ele>
        <time>2026-01-16T05:30:20.801Z</time>
      </trkpt>
      <trkpt lat="46.593047" lon="8.461094">
        <ele>2087.536491</ele>
        <time>2026-01-16T05:30:36.810Z</time>
      </trkpt>
      <trkpt lat="46.593288" lon="8.460502">
        <ele>2092.452705</ele>
        <time>2026-01-16T05:31:09.031Z</time>
      </trkpt>
      <trkpt lat="46.593403" lon="8.460218">
        <ele>2094.342514</ele>
        <time>2026-01-16T05:31:20.577Z</time>
      </trkpt>
      <trkpt lat="46.593820" lon="8.459201">
        <ele>2101.131940</ele>
        <time>2026-01-16T05:31:52.126Z</time>
      </trkpt>
      <trkpt lat="46.594112" lon="8.458698">
        <ele>2104.906847</ele>
        <time>2026-01-16T05:32:13.531Z</time>
      </trkpt>
      <trkpt lat="46.594707" lon="8.457676">
        <ele>2111.546904</ele>
        <time>2026-01-16T05:32:57.654Z</time>
      </trkpt>
      <trkpt lat="46.594814" lon="8.457374">
        <ele>2113.196529</ele>
        <time>2026-01-16T05:33:09.521Z</time>
      </trkpt>
      <trkpt lat="46.594825" lon="8.457295">
        <ele>2113.587866</ele>
        <time>2026-01-16T05:33:12.105Z</time>
      </trkpt>
      <trkpt lat="46.594824" lon="8.456987">
        <ele>2115.083211</ele>
        <time>2026-01-16T05:33:21.988Z</time>
      </trkpt>
      <trkpt lat="46.594701" lon="8.456330">
        <ele>2118.389189</ele>
        <time>2026-01-16T05:33:39.350Z</time>
      </trkpt>
      <trkpt lat="46.594675" lon="8.456213">
        <ele>2118.698655</ele>
        <time>2026-01-16T05:33:41.781Z</time>
      </trkpt>
      <trkpt lat="46.594598" lon="8.455991">
        <ele>2119.179427</ele>
        <time>2026-01-16T05:33:46.243Z</time>
      </trkpt>
      <trkpt lat="46.594289" lon="8.455507">
        <ele>2120.456687</ele>
        <time>2026-01-16T05:33:56.863Z</time>
      </trkpt>
      <trkpt lat="46.593962" lon="8.455151">
        <ele>2121.605660</ele>
        <time>2026-01-16T05:34:07.023Z</time>
      </trkpt>
      <trkpt lat="46.591766" lon="8.453748">
        <ele>2127.497367</ele>
        <time>2026-01-16T05:35:04.215Z</time>
      </trkpt>
      <trkpt lat="46.591629" lon="8.453625">
        <ele>2127.921771</ele>
        <time>2026-01-16T05:35:07.883Z</time>
      </trkpt>
      <trkpt lat="46.591559" lon="8.453497">
        <ele>2128.275387</ele>
        <time>2026-01-16T05:35:10.457Z</time>
      </trkpt>
      <trkpt lat="46.590705" lon="8.451120">
        <ele>2135.013024</ele>
        <time>2026-01-16T05:36:00.480Z</time>
      </trkpt>
      <trkpt lat="46.590487" lon="8.450171">
        <ele>2140.113991</ele>
        <time>2026-01-16T05:36:28.544Z</time>
      </trkpt>
      <trkpt lat="46.590153" lon="8.449228">
        <ele>2145.522200</ele>
        <time>2026-01-16T05:37:06.403Z</time>
      </trkpt>
      <trkpt lat="46.589354" lon="8.446021">
        <ele>2168.903804</ele>
        <time>2026-01-16T05:39:20.899Z</time>
      </trkpt>
      <trkpt lat="46.589210" lon="8.445523">
        <ele>2172.264165</ele>
        <time>2026-01-16T05:39:40.047Z</time>
      </trkpt>
      <trkpt lat="46.588244" lon="8.442953">
        <ele>2191.090731</ele>
        <time>2026-01-16T05:41:17.465Z</time>
      </trkpt>
      <trkpt lat="46.588041" lon="8.442360">
        <ele>2195.496589</ele>
        <time>2026-01-16T05:41:43.842Z</time>
      </trkpt>
      <trkpt lat="46.587954" lon="8.442016">
        <ele>2197.934323</ele>
        <time>2026-01-16T05:41:59.483Z</time>
      </trkpt>
      <trkpt lat="46.587847" lon="8.440542">
        <ele>2207.695583</ele>
        <time>2026-01-16T05:43:02.408Z</time>
      </trkpt>
      <trkpt lat="46.587779" lon="8.439957">
        <ele>2211.597682</ele>
        <time>2026-01-16T05:43:24.207Z</time>
      </trkpt>
      <trkpt lat="46.587312" lon="8.437870">
        <ele>2223.849804</ele>
        <time>2026-01-16T05:44:24.187Z</time>
      </trkpt>
      <trkpt lat="46.587239" lon="8.436496">
        <ele>2231.578871</ele>
        <time>2026-01-16T05:45:08.857Z</time>
      </trkpt>
      <trkpt lat="46.587254" lon="8.436258">
        <ele>2233.509485</ele>
        <time>2026-01-16T05:45:18.123Z</time>
      </trkpt>
      <trkpt lat="46.588057" lon="8.433176">
        <ele>2259.692214</ele>
        <time>2026-01-16T05:47:47.786Z</time>
      </trkpt>
      <trkpt lat="46.588089" lon="8.432966">
        <ele>2261.347317</ele>
        <time>2026-01-16T05:47:56.881Z</time>
      </trkpt>
      <trkpt lat="46.588064" lon="8.432823">
        <ele>2262.482685</ele>
        <time>2026-01-16T05:48:03.036Z</time>
      </trkpt>
      <trkpt lat="46.588047" lon="8.432781">
        <ele>2262.857743</ele>
        <time>2026-01-16T05:48:04.975Z</time>
      </trkpt>
      <trkpt lat="46.587952" lon="8.432610">
        <ele>2264.549670</ele>
        <time>2026-01-16T05:48:13.789Z</time>
      </trkpt>
      <trkpt lat="46.587676" lon="8.432119">
        <ele>2269.430546</ele>
        <time>2026-01-16T05:48:37.725Z</time>
      </trkpt>
      <trkpt lat="46.587336" lon="8.431401">
        <ele>2274.679047</ele>
        <time>2026-01-16T05:49:07.000Z</time>
      </trkpt>
      <trkpt lat="46.587239" lon="8.431255">
        <ele>2275.801868</ele>
        <time>2026-01-16T05:49:13.335Z</time>
      </trkpt>
      <trkpt lat="46.587107" lon="8.431145">
        <ele>2277.025707</ele>
        <time>2026-01-16T05:49:20.187Z</time>
      </trkpt>
      <trkpt lat="46.586645" lon="8.430865">
        <ele>2281.052257</ele>
        <time>2026-01-16T05:49:42.401Z</time>
      </trkpt>
      <trkpt lat="46.586162" lon="8.430373">
        <ele>2285.865023</ele>
        <time>2026-01-16T05:50:08.845Z</time>
      </trkpt>
      <trkpt lat="46.585492" lon="8.430034">
        <ele>2292.622877</ele>
        <time>2026-01-16T05:50:44.052Z</time>
      </trkpt>
      <trkpt lat="46.585104" lon="8.429546">
        <ele>2297.508831</ele>
        <time>2026-01-16T05:51:12.873Z</time>
      </trkpt>
      <trkpt lat="46.584703" lon="8.429158">
        <ele>2302.096657</ele>
        <time>2026-01-16T05:51:40.156Z</time>
      </trkpt>
      <trkpt lat="46.584382" lon="8.428789">
        <ele>2306.917681</ele>
        <time>2026-01-16T05:52:03.480Z</time>
      </trkpt>
      <trkpt lat="46.584183" lon="8.428685">
        <ele>2309.473196</ele>
        <time>2026-01-16T05:52:16.383Z</time>
      </trkpt>
      <trkpt lat="46.583643" lon="8.428484">
        <ele>2316.209709</ele>
        <time>2026-01-16T05:52:53.526Z</time>
      </trkpt>
      <trkpt lat="46.583512" lon="8.428400">
        <ele>2317.939883</ele>
        <time>2026-01-16T05:53:03.450Z</time>
      </trkpt>
      <trkpt lat="46.583359" lon="8.428183">
        <ele>2320.522198</ele>
        <time>2026-01-16T05:53:18.128Z</time>
      </trkpt>
      <trkpt lat="46.583075" lon="8.427417">
        <ele>2327.127777</ele>
        <time>2026-01-16T05:53:57.001Z</time>
      </trkpt>
      <trkpt lat="46.582920" lon="8.427231">
        <ele>2329.117889</ele>
        <time>2026-01-16T05:54:09.636Z</time>
      </trkpt>
      <trkpt lat="46.582802" lon="8.427165">
        <ele>2330.370086</ele>
        <time>2026-01-16T05:54:17.440Z</time>
      </trkpt>
      <trkpt lat="46.582633" lon="8.427152">
        <ele>2332.046393</ele>
        <time>2026-01-16T05:54:27.751Z</time>
      </trkpt>
      <trkpt lat="46.581851" lon="8.427463">
        <ele>2340.076375</ele>
        <time>2026-01-16T05:55:11.518Z</time>
      </trkpt>
      <trkpt lat="46.581708" lon="8.427480">
        <ele>2341.497531</ele>
        <time>2026-01-16T05:55:17.574Z</time>
      </trkpt>
      <trkpt lat="46.581627" lon="8.427442">
        <ele>2342.203256</ele>
        <time>2026-01-16T05:55:20.963Z</time>
      </trkpt>
      <trkpt lat="46.581545" lon="8.427356">
        <ele>2342.610354</ele>
        <time>2026-01-16T05:55:24.592Z</time>
      </trkpt>
      <trkpt lat="46.581054" lon="8.426730">
        <ele>2345.239584</ele>
        <time>2026-01-16T05:55:43.916Z</time>
      </trkpt>
      <trkpt lat="46.580913" lon="8.426652">
        <ele>2345.847100</ele>
        <time>2026-01-16T05:55:47.975Z</time>
      </trkpt>
      <trkpt lat="46.580801" lon="8.426692">
        <ele>2346.311552</ele>
        <time>2026-01-16T05:55:51.000Z</time>
      </trkpt>
      <trkpt lat="46.580448" lon="8.427031">
        <ele>2348.014978</ele>
        <time>2026-01-16T05:56:02.843Z</time>
      </trkpt>
      <trkpt lat="46.580351" lon="8.427042">
        <ele>2348.406814</ele>
        <time>2026-01-16T05:56:05.524Z</time>
      </trkpt>
      <trkpt lat="46.580259" lon="8.426957">
        <ele>2348.845725</ele>
        <time>2026-01-16T05:56:08.579Z</time>
      </trkpt>
      <trkpt lat="46.579881" lon="8.426474">
        <ele>2351.730187</ele>
        <time>2026-01-16T05:56:21.348Z</time>
      </trkpt>
      <trkpt lat="46.579666" lon="8.426074">
        <ele>2353.930154</ele>
        <time>2026-01-16T05:56:31.863Z</time>
      </trkpt>
      <trkpt lat="46.579483" lon="8.425906">
        <ele>2355.294094</ele>
        <time>2026-01-16T05:56:39.467Z</time>
      </trkpt>
      <trkpt lat="46.579442" lon="8.425830">
        <ele>2355.712673</ele>
        <time>2026-01-16T05:56:42.138Z</time>
      </trkpt>
      <trkpt lat="46.579443" lon="8.425772">
        <ele>2355.964038</ele>
        <time>2026-01-16T05:56:43.810Z</time>
      </trkpt>
      <trkpt lat="46.579471" lon="8.425728">
        <ele>2356.223825</ele>
        <time>2026-01-16T05:56:45.501Z</time>
      </trkpt>
      <trkpt lat="46.579557" lon="8.425732">
        <ele>2356.766182</ele>
        <time>2026-01-16T05:56:49.243Z</time>
      </trkpt>
      <trkpt lat="46.579784" lon="8.426140">
        <ele>2359.040370</ele>
        <time>2026-01-16T05:57:06.901Z</time>
      </trkpt>
      <trkpt lat="46.579917" lon="8.426287">
        <ele>2360.093182</ele>
        <time>2026-01-16T05:57:16.133Z</time>
      </trkpt>
      <trkpt lat="46.580103" lon="8.426431">
        <ele>2362.056483</ele>
        <time>2026-01-16T05:57:28.141Z</time>
      </trkpt>
      <trkpt lat="46.580178" lon="8.426433">
        <ele>2362.940179</ele>
        <time>2026-01-16T05:57:32.554Z</time>
      </trkpt>
      <trkpt lat="46.580247" lon="8.426365">
        <ele>2363.921975</ele>
        <time>2026-01-16T05:57:37.595Z</time>
      </trkpt>
      <trkpt lat="46.580264" lon="8.426224">
        <ele>2365.081122</ele>
        <time>2026-01-16T05:57:43.751Z</time>
      </trkpt>
      <trkpt lat="46.580235" lon="8.426131">
        <ele>2365.908042</ele>
        <time>2026-01-16T05:57:48.309Z</time>
      </trkpt>
      <trkpt lat="46.580168" lon="8.426070">
        <ele>2366.839153</ele>
        <time>2026-01-16T05:57:53.600Z</time>
      </trkpt>
      <trkpt lat="46.579930" lon="8.425948">
        <ele>2369.811884</ele>
        <time>2026-01-16T05:58:11.810Z</time>
      </trkpt>
      <trkpt lat="46.579852" lon="8.425869">
        <ele>2370.931508</ele>
        <time>2026-01-16T05:58:18.845Z</time>
      </trkpt>
      <trkpt lat="46.579535" lon="8.425207">
        <ele>2377.464548</ele>
        <time>2026-01-16T05:58:55.024Z</time>
      </trkpt>
      <trkpt lat="46.579470" lon="8.425114">
        <ele>2378.538538</ele>
        <time>2026-01-16T05:59:00.542Z</time>
      </trkpt>
      <trkpt lat="46.579136" lon="8.424892">
        <ele>2382.600478</ele>
        <time>2026-01-16T05:59:22.431Z</time>
      </trkpt>
      <trkpt lat="46.578951" lon="8.424857">
        <ele>2384.209294</ele>
        <time>2026-01-16T05:59:33.090Z</time>
      </trkpt>
      <trkpt lat="46.578905" lon="8.424863">
        <ele>2384.607576</ele>
        <time>2026-01-16T05:59:35.682Z</time>
      </trkpt>
      <trkpt lat="46.578654" lon="8.424919">
        <ele>2386.797428</ele>
        <time>2026-01-16T05:59:49.641Z</time>
      </trkpt>
      <trkpt lat="46.578503" lon="8.424841">
        <ele>2388.179252</ele>
        <time>2026-01-16T05:59:57.730Z</time>
      </trkpt>
      <trkpt lat="46.578201" lon="8.424471">
        <ele>2391.584080</ele>
        <time>2026-01-16T06:00:14.985Z</time>
      </trkpt>
      <trkpt lat="46.577902" lon="8.424005">
        <ele>2395.362805</ele>
        <time>2026-01-16T06:00:32.345Z</time>
      </trkpt>
      <trkpt lat="46.577863" lon="8.423962">
        <ele>2395.784803</ele>
        <time>2026-01-16T06:00:34.593Z</time>
      </trkpt>
      <trkpt lat="46.577551" lon="8.423651">
        <ele>2398.463610</ele>
        <time>2026-01-16T06:00:54.205Z</time>
      </trkpt>
      <trkpt lat="46.577317" lon="8.423263">
        <ele>2400.446613</ele>
        <time>2026-01-16T06:01:11.884Z</time>
      </trkpt>
      <trkpt lat="46.576745" lon="8.422321">
        <ele>2405.275392</ele>
        <time>2026-01-16T06:01:43.184Z</time>
      </trkpt>
      <trkpt lat="46.576290" lon="8.421562">
        <ele>2407.518615</ele>
        <time>2026-01-16T06:02:01.021Z</time>
      </trkpt>
      <trkpt lat="46.576090" lon="8.421236">
        <ele>2407.593232</ele>
        <time>2026-01-16T06:02:07.676Z</time>
      </trkpt>
      <trkpt lat="46.575966" lon="8.421038">
        <ele>2407.638972</ele>
        <time>2026-01-16T06:02:11.139Z</time>
      </trkpt>
      <trkpt lat="46.575442" lon="8.420468">
        <ele>2407.801515</ele>
        <time>2026-01-16T06:02:19.919Z</time>
      </trkpt>
      <trkpt lat="46.575096" lon="8.419575">
        <ele>2407.730576</ele>
        <time>2026-01-16T06:02:27.403Z</time>
      </trkpt>
      <trkpt lat="46.574592" lon="8.419104">
        <ele>2407.457409</ele>
        <time>2026-01-16T06:02:33.404Z</time>
      </trkpt>
      <trkpt lat="46.574404" lon="8.418806">
        <ele>2407.330618</ele>
        <time>2026-01-16T06:02:36.608Z</time>
      </trkpt>
      <trkpt lat="46.574100" lon="8.418013">
        <ele>2407.357247</ele>
        <time>2026-01-16T06:02:50.939Z</time>
      </trkpt>
      <trkpt lat="46.573781" lon="8.416667">
        <ele>2412.792980</ele>
        <time>2026-01-16T06:03:32.791Z</time>
      </trkpt>
      <trkpt lat="46.573421" lon="8.415898">
        <ele>2416.345122</ele>
        <time>2026-01-16T06:04:01.347Z</time>
      </trkpt>
      <trkpt lat="46.573293" lon="8.415712">
        <ele>2416.990863</ele>
        <time>2026-01-16T06:04:07.371Z</time>
      </trkpt>
      <trkpt lat="46.572778" lon="8.415279">
        <ele>2416.214053</ele>
        <time>2026-01-16T06:04:18.940Z</time>
      </trkpt>
      <trkpt lat="46.572744" lon="8.415245">
        <ele>2416.160172</ele>
        <time>2026-01-16T06:04:19.421Z</time>
      </trkpt>
      <trkpt lat="46.572685" lon="8.415184">
        <ele>2416.065643</ele>
        <time>2026-01-16T06:04:20.264Z</time>
      </trkpt>
      <trkpt lat="46.572518" lon="8.414983">
        <ele>2415.782580</ele>
        <time>2026-01-16T06:04:22.595Z</time>
      </trkpt>
      <trkpt lat="46.572369" lon="8.414736">
        <ele>2415.487566</ele>
        <time>2026-01-16T06:04:24.876Z</time>
      </trkpt>
      <trkpt lat="46.572207" lon="8.414357">
        <ele>2415.086909</ele>
        <time>2026-01-16T06:04:27.845Z</time>
      </trkpt>
      <trkpt lat="46.572099" lon="8.413954">
        <ele>2414.664797</ele>
        <time>2026-01-16T06:04:30.621Z</time>
      </trkpt>
      <trkpt lat="46.572032" lon="8.413474">
        <ele>2412.956962</ele>
        <time>2026-01-16T06:04:33.730Z</time>
      </trkpt>
      <trkpt lat="46.571945" lon="8.412002">
        <ele>2407.805395</ele>
        <time>2026-01-16T06:04:43.062Z</time>
      </trkpt>
      <trkpt lat="46.571700" lon="8.410617">
        <ele>2404.571937</ele>
        <time>2026-01-16T06:04:52.845Z</time>
      </trkpt>
      <trkpt lat="46.571693" lon="8.410326">
        <ele>2404.199585</ele>
        <time>2026-01-16T06:04:55.353Z</time>
      </trkpt>
      <trkpt lat="46.571723" lon="8.410058">
        <ele>2403.852360</ele>
        <time>2026-01-16T06:04:58.342Z</time>
      </trkpt>
      <trkpt lat="46.571788" lon="8.409826">
        <ele>2403.531991</ele>
        <time>2026-01-16T06:05:01.404Z</time>
      </trkpt>
      <trkpt lat="46.571893" lon="8.409593">
        <ele>2403.175724</ele>
        <time>2026-01-16T06:05:04.797Z</time>
      </trkpt>
      <trkpt lat="46.572400" lon="8.408911">
        <ele>2400.684314</ele>
        <time>2026-01-16T06:05:13.297Z</time>
      </trkpt>
      <trkpt lat="46.572532" lon="8.408689">
        <ele>2399.015690</ele>
        <time>2026-01-16T06:05:15.212Z</time>
      </trkpt>
      <trkpt lat="46.572643" lon="8.408414">
        <ele>2397.202793</ele>
        <time>2026-01-16T06:05:17.179Z</time>
      </trkpt>
      <trkpt lat="46.572732" lon="8.408006">
        <ele>2394.769411</ele>
        <time>2026-01-16T06:05:19.705Z</time>
      </trkpt>
      <trkpt lat="46.572985" lon="8.406437">
        <ele>2387.006507</ele>
        <time>2026-01-16T06:05:29.056Z</time>
      </trkpt>
      <trkpt lat="46.573079" lon="8.406052">
        <ele>2386.530213</ele>
        <time>2026-01-16T06:05:31.598Z</time>
      </trkpt>
      <trkpt lat="46.573244" lon="8.405625">
        <ele>2385.959171</ele>
        <time>2026-01-16T06:05:35.376Z</time>
      </trkpt>
      <trkpt lat="46.573532" lon="8.405154">
        <ele>2385.224304</ele>
        <time>2026-01-16T06:05:46.661Z</time>
      </trkpt>
      <trkpt lat="46.573772" lon="8.404840">
        <ele>2384.676904</ele>
        <time>2026-01-16T06:05:59.230Z</time>
      </trkpt>
      <trkpt lat="46.573957" lon="8.404646">
        <ele>2384.186343</ele>
        <time>2026-01-16T06:06:07.151Z</time>
      </trkpt>
      <trkpt lat="46.574335" lon="8.404361">
        <ele>2380.681068</ele>
        <time>2026-01-16T06:06:14.457Z</time>
      </trkpt>
      <trkpt lat="46.574422" lon="8.404246">
        <ele>2379.713256</ele>
        <time>2026-01-16T06:06:15.654Z</time>
      </trkpt>
      <trkpt lat="46.574496" lon="8.404082">
        <ele>2378.602998</ele>
        <time>2026-01-16T06:06:16.934Z</time>
      </trkpt>
      <trkpt lat="46.574551" lon="8.403774">
        <ele>2376.802009</ele>
        <time>2026-01-16T06:06:18.893Z</time>
      </trkpt>
      <trkpt lat="46.574531" lon="8.402237">
        <ele>2367.520327</ele>
        <time>2026-01-16T06:06:27.646Z</time>
      </trkpt>
      <trkpt lat="46.574534" lon="8.401938">
        <ele>2365.128530</ele>
        <time>2026-01-16T06:06:29.334Z</time>
      </trkpt>
      <trkpt lat="46.574563" lon="8.401724">
        <ele>2363.383916</ele>
        <time>2026-01-16T06:06:30.577Z</time>
      </trkpt>
      <trkpt lat="46.574668" lon="8.401250">
        <ele>2359.400656</ele>
        <time>2026-01-16T06:06:33.450Z</time>
      </trkpt>
      <trkpt lat="46.575118" lon="8.399854">
        <ele>2347.348865</ele>
        <time>2026-01-16T06:06:42.709Z</time>
      </trkpt>
      <trkpt lat="46.575245" lon="8.399219">
        <ele>2343.041285</ele>
        <time>2026-01-16T06:06:46.797Z</time>
      </trkpt>
      <trkpt lat="46.575284" lon="8.398672">
        <ele>2339.459292</ele>
        <time>2026-01-16T06:06:50.064Z</time>
      </trkpt>
      <trkpt lat="46.575267" lon="8.398158">
        <ele>2336.107486</ele>
        <time>2026-01-16T06:06:53.070Z</time>
      </trkpt>
      <trkpt lat="46.575183" lon="8.397147">
        <ele>2329.565703</ele>
        <time>2026-01-16T06:06:59.062Z</time>
      </trkpt>
      <trkpt lat="46.575182" lon="8.396842">
        <ele>2327.666982</ele>
        <time>2026-01-16T06:07:00.880Z</time>
      </trkpt>
      <trkpt lat="46.575247" lon="8.396397">
        <ele>2324.834899</ele>
        <time>2026-01-16T06:07:03.603Z</time>
      </trkpt>
      <trkpt lat="46.575418" lon="8.395722">
        <ele>2320.356593</ele>
        <time>2026-01-16T06:07:07.924Z</time>
      </trkpt>
      <trkpt lat="46.575471" lon="8.395299">
        <ele>2317.679941</ele>
        <time>2026-01-16T06:07:10.511Z</time>
      </trkpt>
      <trkpt lat="46.575378" lon="8.393276">
        <ele>2307.835116</ele>
        <time>2026-01-16T06:07:22.784Z</time>
      </trkpt>
      <trkpt lat="46.575405" lon="8.392871">
        <ele>2305.992354</ele>
        <time>2026-01-16T06:07:25.495Z</time>
      </trkpt>
      <trkpt lat="46.575490" lon="8.392367">
        <ele>2303.642157</ele>
        <time>2026-01-16T06:07:29.024Z</time>
      </trkpt>
      <trkpt lat="46.575579" lon="8.392069">
        <ele>2301.851977</ele>
        <time>2026-01-16T06:07:31.261Z</time>
      </trkpt>
      <trkpt lat="46.575719" lon="8.391760">
        <ele>2299.740824</ele>
        <time>2026-01-16T06:07:33.791Z</time>
      </trkpt>
      <trkpt lat="46.575884" lon="8.391495">
        <ele>2297.701164</ele>
        <time>2026-01-16T06:07:36.141Z</time>
      </trkpt>
      <trkpt lat="46.576150" lon="8.391141">
        <ele>2294.709360</ele>
        <time>2026-01-16T06:07:39.373Z</time>
      </trkpt>
      <trkpt lat="46.576191" lon="8.391010">
        <ele>2293.888258</ele>
        <time>2026-01-16T06:07:40.235Z</time>
      </trkpt>
      <trkpt lat="46.576173" lon="8.390875">
        <ele>2293.103798</ele>
        <time>2026-01-16T06:07:41.051Z</time>
      </trkpt>
      <trkpt lat="46.576143" lon="8.390827">
        <ele>2292.733720</ele>
        <time>2026-01-16T06:07:41.435Z</time>
      </trkpt>
      <trkpt lat="46.576069" lon="8.390791">
        <ele>2292.086184</ele>
        <time>2026-01-16T06:07:42.098Z</time>
      </trkpt>
      <trkpt lat="46.575962" lon="8.390845">
        <ele>2291.146302</ele>
        <time>2026-01-16T06:07:43.056Z</time>
      </trkpt>
      <trkpt lat="46.575485" lon="8.391378">
        <ele>2284.870020</ele>
        <time>2026-01-16T06:07:48.065Z</time>
      </trkpt>
      <trkpt lat="46.575323" lon="8.391624">
        <ele>2281.848979</ele>
        <time>2026-01-16T06:07:49.998Z</time>
      </trkpt>
      <trkpt lat="46.575225" lon="8.391834">
        <ele>2279.598111</ele>
        <time>2026-01-16T06:07:51.437Z</time>
      </trkpt>
      <trkpt lat="46.575162" lon="8.392047">
        <ele>2277.541806</ele>
        <time>2026-01-16T06:07:52.755Z</time>
      </trkpt>
      <trkpt lat="46.575097" lon="8.392701">
        <ele>2271.681854</ele>
        <time>2026-01-16T06:07:56.524Z</time>
      </trkpt>
      <trkpt lat="46.575029" lon="8.392868">
        <ele>2269.960583</ele>
        <time>2026-01-16T06:07:57.651Z</time>
      </trkpt>
      <trkpt lat="46.574968" lon="8.392897">
        <ele>2269.132686</ele>
        <time>2026-01-16T06:07:58.200Z</time>
      </trkpt>
      <trkpt lat="46.574898" lon="8.392869">
        <ele>2268.196124</ele>
        <time>2026-01-16T06:07:58.815Z</time>
      </trkpt>
      <trkpt lat="46.574840" lon="8.392714">
        <ele>2266.631125</ele>
        <time>2026-01-16T06:07:59.868Z</time>
      </trkpt>
      <trkpt lat="46.574899" lon="8.392077">
        <ele>2264.515567</ele>
        <time>2026-01-16T06:08:03.850Z</time>
      </trkpt>
      <trkpt lat="46.574949" lon="8.391781">
        <ele>2264.046534</ele>
        <time>2026-01-16T06:08:06.047Z</time>
      </trkpt>
      <trkpt lat="46.575070" lon="8.391352">
        <ele>2263.332985</ele>
        <time>2026-01-16T06:08:10.177Z</time>
      </trkpt>
      <trkpt lat="46.575182" lon="8.391108">
        <ele>2262.881507</ele>
        <time>2026-01-16T06:08:13.426Z</time>
      </trkpt>
      <trkpt lat="46.575562" lon="8.390466">
        <ele>2261.577842</ele>
        <time>2026-01-16T06:08:26.728Z</time>
      </trkpt>
      <trkpt lat="46.575918" lon="8.390001">
        <ele>2259.212112</ele>
        <time>2026-01-16T06:08:32.511Z</time>
      </trkpt>
      <trkpt lat="46.576055" lon="8.389819">
        <ele>2258.065164</ele>
        <time>2026-01-16T06:08:34.330Z</time>
      </trkpt>
      <trkpt lat="46.576177" lon="8.389645">
        <ele>2257.008954</ele>
        <time>2026-01-16T06:08:36.031Z</time>
      </trkpt>
      <trkpt lat="46.576255" lon="8.389501">
        <ele>2256.229866</ele>
        <time>2026-01-16T06:08:37.253Z</time>
      </trkpt>
      <trkpt lat="46.576452" lon="8.388872">
        <ele>2253.292554</ele>
        <time>2026-01-16T06:08:41.380Z</time>
      </trkpt>
      <trkpt lat="46.576572" lon="8.388681">
        <ele>2252.192952</ele>
        <time>2026-01-16T06:08:42.909Z</time>
      </trkpt>
      <trkpt lat="46.576872" lon="8.388359">
        <ele>2249.662596</ele>
        <time>2026-01-16T06:08:46.115Z</time>
      </trkpt>
      <trkpt lat="46.576920" lon="8.388252">
        <ele>2248.596657</ele>
        <time>2026-01-16T06:08:46.858Z</time>
      </trkpt>
      <trkpt lat="46.576913" lon="8.388119">
        <ele>2247.483841</ele>
        <time>2026-01-16T06:08:47.651Z</time>
      </trkpt>
      <trkpt lat="46.576859" lon="8.388056">
        <ele>2246.643738</ele>
        <time>2026-01-16T06:08:48.243Z</time>
      </trkpt>
      <trkpt lat="46.576799" lon="8.388059">
        <ele>2245.915098</ele>
        <time>2026-01-16T06:08:48.769Z</time>
      </trkpt>
      <trkpt lat="46.576641" lon="8.388224">
        <ele>2243.554566</ele>
        <time>2026-01-16T06:08:50.452Z</time>
      </trkpt>
      <trkpt lat="46.576355" lon="8.388593">
        <ele>2238.914996</ele>
        <time>2026-01-16T06:08:53.755Z</time>
      </trkpt>
      <trkpt lat="46.576056" lon="8.389116">
        <ele>2233.239884</ele>
        <time>2026-01-16T06:08:57.651Z</time>
      </trkpt>
      <trkpt lat="46.575896" lon="8.389275">
        <ele>2230.888173</ele>
        <time>2026-01-16T06:08:59.284Z</time>
      </trkpt>
      <trkpt lat="46.575746" lon="8.389356">
        <ele>2228.946275</ele>
        <time>2026-01-16T06:09:00.620Z</time>
      </trkpt>
      <trkpt lat="46.575531" lon="8.389418">
        <ele>2225.851750</ele>
        <time>2026-01-16T06:09:02.432Z</time>
      </trkpt>
      <trkpt lat="46.575381" lon="8.389493">
        <ele>2223.509987</ele>
        <time>2026-01-16T06:09:03.745Z</time>
      </trkpt>
      <trkpt lat="46.575214" lon="8.389654">
        <ele>2220.552116</ele>
        <time>2026-01-16T06:09:05.396Z</time>
      </trkpt>
      <trkpt lat="46.574960" lon="8.390045">
        <ele>2215.092293</ele>
        <time>2026-01-16T06:09:08.427Z</time>
      </trkpt>
      <trkpt lat="46.574669" lon="8.390338">
        <ele>2209.867255</ele>
        <time>2026-01-16T06:09:11.337Z</time>
      </trkpt>
      <trkpt lat="46.574411" lon="8.390705">
        <ele>2204.539722</ele>
        <time>2026-01-16T06:09:14.343Z</time>
      </trkpt>
      <trkpt lat="46.574353" lon="8.390729">
        <ele>2203.649438</ele>
        <time>2026-01-16T06:09:14.852Z</time>
      </trkpt>
      <trkpt lat="46.574293" lon="8.390653">
        <ele>2202.474849</ele>
        <time>2026-01-16T06:09:15.533Z</time>
      </trkpt>
      <trkpt lat="46.574306" lon="8.390519">
        <ele>2201.579901</ele>
        <time>2026-01-16T06:09:16.325Z</time>
      </trkpt>
      <trkpt lat="46.574649" lon="8.390040">
        <ele>2199.842464</ele>
        <time>2026-01-16T06:09:20.638Z</time>
      </trkpt>
      <trkpt lat="46.574762" lon="8.389830">
        <ele>2199.172566</ele>
        <time>2026-01-16T06:09:23.299Z</time>
      </trkpt>
      <trkpt lat="46.574942" lon="8.389258">
        <ele>2197.592356</ele>
        <time>2026-01-16T06:09:32.952Z</time>
      </trkpt>
      <trkpt lat="46.575098" lon="8.389057">
        <ele>2196.830861</ele>
        <time>2026-01-16T06:09:36.475Z</time>
      </trkpt>
      <trkpt lat="46.575306" lon="8.388900">
        <ele>2195.974572</ele>
        <time>2026-01-16T06:09:39.648Z</time>
      </trkpt>
      <trkpt lat="46.575559" lon="8.388732">
        <ele>2194.588297</ele>
        <time>2026-01-16T06:09:42.592Z</time>
      </trkpt>
      <trkpt lat="46.575701" lon="8.388550">
        <ele>2192.657078</ele>
        <time>2026-01-16T06:09:44.376Z</time>
      </trkpt>
      <trkpt lat="46.576172" lon="8.387350">
        <ele>2182.964040</ele>
        <time>2026-01-16T06:09:52.501Z</time>
      </trkpt>
      <trkpt lat="46.576434" lon="8.386822">
        <ele>2178.396187</ele>
        <time>2026-01-16T06:09:56.194Z</time>
      </trkpt>
      <trkpt lat="46.576456" lon="8.386738">
        <ele>2177.765649</ele>
        <time>2026-01-16T06:09:56.709Z</time>
      </trkpt>
      <trkpt lat="46.576444" lon="8.386664">
        <ele>2177.232328</ele>
        <time>2026-01-16T06:09:57.151Z</time>
      </trkpt>
      <trkpt lat="46.576406" lon="8.386606">
        <ele>2176.620872</ele>
        <time>2026-01-16T06:09:57.608Z</time>
      </trkpt>
      <trkpt lat="46.576319" lon="8.386583">
        <ele>2175.400051</ele>
        <time>2026-01-16T06:09:58.365Z</time>
      </trkpt>
      <trkpt lat="46.576267" lon="8.386613">
        <ele>2174.627730</ele>
        <time>2026-01-16T06:09:58.848Z</time>
      </trkpt>
      <trkpt lat="46.575860" lon="8.387344">
        <ele>2165.700074</ele>
        <time>2026-01-16T06:10:04.332Z</time>
      </trkpt>
      <trkpt lat="46.575860" lon="8.387344">
        <ele>2165.700074</ele>
        <time>2026-01-16T06:10:04.332Z</time>
      </trkpt>
      <trkpt lat="46.575543" lon="8.387821">
        <ele>2159.403437</ele>
        <time>2026-01-16T06:10:08.136Z</time>
      </trkpt>
      <trkpt lat="46.575396" lon="8.388003">
        <ele>2156.738403</ele>
        <time>2026-01-16T06:10:09.735Z</time>
      </trkpt>
      <trkpt lat="46.575277" lon="8.388096">
        <ele>2154.873384</ele>
        <time>2026-01-16T06:10:10.853Z</time>
      </trkpt>
      <trkpt lat="46.575144" lon="8.388159">
        <ele>2152.942255</ele>
        <time>2026-01-16T06:10:12.016Z</time>
      </trkpt>
      <trkpt lat="46.574897" lon="8.388218">
        <ele>2149.486978</ele>
        <time>2026-01-16T06:10:14.098Z</time>
      </trkpt>
      <trkpt lat="46.574650" lon="8.388275">
        <ele>2146.034936</ele>
        <time>2026-01-16T06:10:16.161Z</time>
      </trkpt>
      <trkpt lat="46.574413" lon="8.388416">
        <ele>2142.500557</ele>
        <time>2026-01-16T06:10:18.261Z</time>
      </trkpt>
      <trkpt lat="46.574323" lon="8.388515">
        <ele>2140.943089</ele>
        <time>2026-01-16T06:10:19.195Z</time>
      </trkpt>
      <trkpt lat="46.574232" lon="8.388692">
        <ele>2138.845847</ele>
        <time>2026-01-16T06:10:20.457Z</time>
      </trkpt>
      <trkpt lat="46.574135" lon="8.389062">
        <ele>2135.088422</ele>
        <time>2026-01-16T06:10:22.725Z</time>
      </trkpt>
      <trkpt lat="46.574000" lon="8.389418">
        <ele>2131.230584</ele>
        <time>2026-01-16T06:10:25.084Z</time>
      </trkpt>
      <trkpt lat="46.573854" lon="8.389629">
        <ele>2128.389853</ele>
        <time>2026-01-16T06:10:26.850Z</time>
      </trkpt>
      <trkpt lat="46.573630" lon="8.389887">
        <ele>2125.732133</ele>
        <time>2026-01-16T06:10:29.322Z</time>
      </trkpt>
      <trkpt lat="46.573539" lon="8.390056">
        <ele>2124.663807</ele>
        <time>2026-01-16T06:10:30.608Z</time>
      </trkpt>
      <trkpt lat="46.573446" lon="8.390325">
        <ele>2123.165361</ele>
        <time>2026-01-16T06:10:32.431Z</time>
      </trkpt>
      <trkpt lat="46.573255" lon="8.391303">
        <ele>2118.105726</ele>
        <time>2026-01-16T06:10:38.676Z</time>
      </trkpt>
      <trkpt lat="46.573124" lon="8.392724">
        <ele>2111.989198</ele>
        <time>2026-01-16T06:10:48.041Z</time>
      </trkpt>
      <trkpt lat="46.573004" lon="8.393287">
        <ele>2110.001595</ele>
        <time>2026-01-16T06:10:52.034Z</time>
      </trkpt>
      <trkpt lat="46.573004" lon="8.393718">
        <ele>2108.548258</ele>
        <time>2026-01-16T06:10:54.850Z</time>
      </trkpt>
      <trkpt lat="46.572847" lon="8.394273">
        <ele>2106.524527</ele>
        <time>2026-01-16T06:10:58.756Z</time>
      </trkpt>
      <trkpt lat="46.572804" lon="8.395468">
        <ele>2102.572347</ele>
        <time>2026-01-16T06:11:06.286Z</time>
      </trkpt>
      <trkpt lat="46.572781" lon="8.395597">
        <ele>2102.136188</ele>
        <time>2026-01-16T06:11:07.143Z</time>
      </trkpt>
      <trkpt lat="46.572730" lon="8.395685">
        <ele>2101.759489</ele>
        <time>2026-01-16T06:11:07.889Z</time>
      </trkpt>
      <trkpt lat="46.572649" lon="8.395727">
        <ele>2101.350091</ele>
        <time>2026-01-16T06:11:08.720Z</time>
      </trkpt>
      <trkpt lat="46.572548" lon="8.395659">
        <ele>2100.820236</ele>
        <time>2026-01-16T06:11:09.804Z</time>
      </trkpt>
      <trkpt lat="46.572517" lon="8.395532">
        <ele>2100.379164</ele>
        <time>2026-01-16T06:11:10.709Z</time>
      </trkpt>
      <trkpt lat="46.572610" lon="8.395176">
        <ele>2099.132752</ele>
        <time>2026-01-16T06:11:13.332Z</time>
      </trkpt>
      <trkpt lat="46.572666" lon="8.394966">
        <ele>2098.395564</ele>
        <time>2026-01-16T06:11:14.893Z</time>
      </trkpt>
      <trkpt lat="46.572686" lon="8.394780">
        <ele>2097.779421</ele>
        <time>2026-01-16T06:11:16.210Z</time>
      </trkpt>
      <trkpt lat="46.572670" lon="8.394274">
        <ele>2095.719330</ele>
        <time>2026-01-16T06:11:19.628Z</time>
      </trkpt>
      <trkpt lat="46.572723" lon="8.393735">
        <ele>2092.784581</ele>
        <time>2026-01-16T06:11:23.067Z</time>
      </trkpt>
      <trkpt lat="46.572702" lon="8.393040">
        <ele>2089.034956</ele>
        <time>2026-01-16T06:11:27.383Z</time>
      </trkpt>
      <trkpt lat="46.572798" lon="8.392393">
        <ele>2085.467359</ele>
        <time>2026-01-16T06:11:31.317Z</time>
      </trkpt>
      <trkpt lat="46.572790" lon="8.392096">
        <ele>2083.865321</ele>
        <time>2026-01-16T06:11:33.054Z</time>
      </trkpt>
      <trkpt lat="46.572728" lon="8.391550">
        <ele>2080.366384</ele>
        <time>2026-01-16T06:11:36.286Z</time>
      </trkpt>
      <trkpt lat="46.572721" lon="8.391218">
        <ele>2078.050574</ele>
        <time>2026-01-16T06:11:38.218Z</time>
      </trkpt>
      <trkpt lat="46.572848" lon="8.389851">
        <ele>2068.433146</ele>
        <time>2026-01-16T06:11:46.279Z</time>
      </trkpt>
      <trkpt lat="46.572942" lon="8.389270">
        <ele>2064.347983</ele>
        <time>2026-01-16T06:11:49.906Z</time>
      </trkpt>
      <trkpt lat="46.572941" lon="8.389197">
        <ele>2064.144284</ele>
        <time>2026-01-16T06:11:50.371Z</time>
      </trkpt>
      <trkpt lat="46.572905" lon="8.389140">
        <ele>2063.928338</ele>
        <time>2026-01-16T06:11:50.840Z</time>
      </trkpt>
      <trkpt lat="46.572846" lon="8.389128">
        <ele>2063.686566</ele>
        <time>2026-01-16T06:11:51.378Z</time>
      </trkpt>
      <trkpt lat="46.572798" lon="8.389193">
        <ele>2063.420424</ele>
        <time>2026-01-16T06:11:51.980Z</time>
      </trkpt>
      <trkpt lat="46.572681" lon="8.390014">
        <ele>2061.081262</ele>
        <time>2026-01-16T06:11:57.352Z</time>
      </trkpt>
      <trkpt lat="46.572443" lon="8.391002">
        <ele>2058.160553</ele>
        <time>2026-01-16T06:12:05.166Z</time>
      </trkpt>
      <trkpt lat="46.572406" lon="8.391270">
        <ele>2057.397941</ele>
        <time>2026-01-16T06:12:07.508Z</time>
      </trkpt>
      <trkpt lat="46.572419" lon="8.391825">
        <ele>2056.374018</ele>
        <time>2026-01-16T06:12:11.718Z</time>
      </trkpt>
      <trkpt lat="46.572387" lon="8.392155">
        <ele>2055.834805</ele>
        <time>2026-01-16T06:12:14.210Z</time>
      </trkpt>
      <trkpt lat="46.572313" lon="8.392391">
        <ele>2055.415119</ele>
        <time>2026-01-16T06:12:16.154Z</time>
      </trkpt>
      <trkpt lat="46.572142" lon="8.392793">
        <ele>2054.650246</ele>
        <time>2026-01-16T06:12:19.713Z</time>
      </trkpt>
      <trkpt lat="46.572067" lon="8.393054">
        <ele>2054.192547</ele>
        <time>2026-01-16T06:12:21.810Z</time>
      </trkpt>
      <trkpt lat="46.571727" lon="8.395211">
        <ele>2050.300239</ele>
        <time>2026-01-16T06:12:37.368Z</time>
      </trkpt>
      <trkpt lat="46.571606" lon="8.395623">
        <ele>2049.475082</ele>
        <time>2026-01-16T06:12:40.463Z</time>
      </trkpt>
      <trkpt lat="46.571479" lon="8.395933">
        <ele>2048.810434</ele>
        <time>2026-01-16T06:12:43.008Z</time>
      </trkpt>
      <trkpt lat="46.571368" lon="8.396174">
        <ele>2048.276151</ele>
        <time>2026-01-16T06:12:45.342Z</time>
      </trkpt>
      <trkpt lat="46.571129" lon="8.396512">
        <ele>2047.413906</ele>
        <time>2026-01-16T06:12:49.340Z</time>
      </trkpt>
      <trkpt lat="46.570920" lon="8.396716">
        <ele>2046.770869</ele>
        <time>2026-01-16T06:12:52.268Z</time>
      </trkpt>
      <trkpt lat="46.570761" lon="8.396801">
        <ele>2046.338082</ele>
        <time>2026-01-16T06:12:54.232Z</time>
      </trkpt>
      <trkpt lat="46.570651" lon="8.396821">
        <ele>2046.054860</ele>
        <time>2026-01-16T06:12:55.537Z</time>
      </trkpt>
      <trkpt lat="46.570526" lon="8.396792">
        <ele>2045.731466</ele>
        <time>2026-01-16T06:12:57.041Z</time>
      </trkpt>
      <trkpt lat="46.570482" lon="8.396764">
        <ele>2045.608765</ele>
        <time>2026-01-16T06:12:57.607Z</time>
      </trkpt>
      <trkpt lat="46.570442" lon="8.396673">
        <ele>2045.419057</ele>
        <time>2026-01-16T06:12:58.490Z</time>
      </trkpt>
      <trkpt lat="46.570433" lon="8.396579">
        <ele>2045.252364</ele>
        <time>2026-01-16T06:12:59.245Z</time>
      </trkpt>
      <trkpt lat="46.570472" lon="8.392332">
        <ele>2033.708300</ele>
        <time>2026-01-16T06:13:27.608Z</time>
      </trkpt>
      <trkpt lat="46.570381" lon="8.391033">
        <ele>2028.959256</ele>
        <time>2026-01-16T06:13:35.863Z</time>
      </trkpt>
      <trkpt lat="46.570208" lon="8.389760">
        <ele>2024.151356</ele>
        <time>2026-01-16T06:13:44.151Z</time>
      </trkpt>
      <trkpt lat="46.570109" lon="8.389368">
        <ele>2022.570271</ele>
        <time>2026-01-16T06:13:46.853Z</time>
      </trkpt>
      <trkpt lat="46.569708" lon="8.388351">
        <ele>2018.131550</ele>
        <time>2026-01-16T06:13:54.417Z</time>
      </trkpt>
      <trkpt lat="46.569479" lon="8.387612">
        <ele>2014.696423</ele>
        <time>2026-01-16T06:13:59.513Z</time>
      </trkpt>
      <trkpt lat="46.569174" lon="8.386983">
        <ele>2011.035088</ele>
        <time>2026-01-16T06:14:04.261Z</time>
      </trkpt>
      <trkpt lat="46.568945" lon="8.386307">
        <ele>2007.450349</ele>
        <time>2026-01-16T06:14:08.906Z</time>
      </trkpt>
      <trkpt lat="46.568783" lon="8.385960">
        <ele>2005.455139</ele>
        <time>2026-01-16T06:14:11.475Z</time>
      </trkpt>
      <trkpt lat="46.568334" lon="8.385267">
        <ele>2000.811333</ele>
        <time>2026-01-16T06:14:17.314Z</time>
      </trkpt>
      <trkpt lat="46.567885" lon="8.384395">
        <ele>1995.439423</ele>
        <time>2026-01-16T06:14:24.049Z</time>
      </trkpt>
      <trkpt lat="46.567425" lon="8.383689">
        <ele>1990.606481</ele>
        <time>2026-01-16T06:14:30.054Z</time>
      </trkpt>
      <trkpt lat="46.567122" lon="8.382842">
        <ele>1985.553864</ele>
        <time>2026-01-16T06:14:35.868Z</time>
      </trkpt>
      <trkpt lat="46.566915" lon="8.382463">
        <ele>1982.992410</ele>
        <time>2026-01-16T06:14:38.807Z</time>
      </trkpt>
      <trkpt lat="46.566434" lon="8.381816">
        <ele>1977.949618</ele>
        <time>2026-01-16T06:14:44.600Z</time>
      </trkpt>
      <trkpt lat="46.565915" lon="8.381369">
        <ele>1973.365059</ele>
        <time>2026-01-16T06:14:49.962Z</time>
      </trkpt>
      <trkpt lat="46.565767" lon="8.381208">
        <ele>1971.963199</ele>
        <time>2026-01-16T06:14:51.613Z</time>
      </trkpt>
      <trkpt lat="46.565596" lon="8.380960">
        <ele>1970.131510</ele>
        <time>2026-01-16T06:14:53.789Z</time>
      </trkpt>
      <trkpt lat="46.564941" lon="8.379458">
        <ele>1960.995409</ele>
        <time>2026-01-16T06:15:04.628Z</time>
      </trkpt>
      <trkpt lat="46.564682" lon="8.378827">
        <ele>1957.353898</ele>
        <time>2026-01-16T06:15:09.100Z</time>
      </trkpt>
      <trkpt lat="46.564016" lon="8.376041">
        <ele>1941.144000</ele>
        <time>2026-01-16T06:15:27.450Z</time>
      </trkpt>
      <trkpt lat="46.563989" lon="8.375775">
        <ele>1939.544697</ele>
        <time>2026-01-16T06:15:29.039Z</time>
      </trkpt>
      <trkpt lat="46.563980" lon="8.374925">
        <ele>1934.363329</ele>
        <time>2026-01-16T06:15:33.988Z</time>
      </trkpt>
      <trkpt lat="46.563749" lon="8.374056">
        <ele>1927.750335</ele>
        <time>2026-01-16T06:15:39.355Z</time>
      </trkpt>
      <trkpt lat="46.563579" lon="8.372590">
        <ele>1917.197865</ele>
        <time>2026-01-16T06:15:48.209Z</time>
      </trkpt>
      <trkpt lat="46.563349" lon="8.371941">
        <ele>1913.501885</ele>
        <time>2026-01-16T06:15:52.743Z</time>
      </trkpt>
      <trkpt lat="46.563257" lon="8.371359">
        <ele>1910.647524</ele>
        <time>2026-01-16T06:15:56.406Z</time>
      </trkpt>
      <trkpt lat="46.562508" lon="8.369803">
        <ele>1902.417970</ele>
        <time>2026-01-16T06:16:08.259Z</time>
      </trkpt>
      <trkpt lat="46.562100" lon="8.369273">
        <ele>1899.909860</ele>
        <time>2026-01-16T06:16:13.419Z</time>
      </trkpt>
      <trkpt lat="46.561898" lon="8.368937">
        <ele>1898.502864</ele>
        <time>2026-01-16T06:16:16.424Z</time>
      </trkpt>
      <trkpt lat="46.561478" lon="8.367589">
        <ele>1893.309752</ele>
        <time>2026-01-16T06:16:26.861Z</time>
      </trkpt>
      <trkpt lat="46.561249" lon="8.367017">
        <ele>1890.666763</ele>
        <time>2026-01-16T06:16:31.146Z</time>
      </trkpt>
      <trkpt lat="46.561141" lon="8.366624">
        <ele>1888.976793</ele>
        <time>2026-01-16T06:16:33.819Z</time>
      </trkpt>
      <trkpt lat="46.560989" lon="8.365628">
        <ele>1884.661117</ele>
        <time>2026-01-16T06:16:40.036Z</time>
      </trkpt>
      <trkpt lat="46.560932" lon="8.364352">
        <ele>1876.917916</ele>
        <time>2026-01-16T06:16:47.613Z</time>
      </trkpt>
      <trkpt lat="46.560958" lon="8.364192">
        <ele>1875.922333</ele>
        <time>2026-01-16T06:16:48.585Z</time>
      </trkpt>
      <trkpt lat="46.561001" lon="8.364167">
        <ele>1875.514492</ele>
        <time>2026-01-16T06:16:48.985Z</time>
      </trkpt>
      <trkpt lat="46.561058" lon="8.364192">
        <ele>1874.990159</ele>
        <time>2026-01-16T06:16:49.500Z</time>
      </trkpt>
      <trkpt lat="46.561091" lon="8.365060">
        <ele>1869.725904</ele>
        <time>2026-01-16T06:16:54.717Z</time>
      </trkpt>
      <trkpt lat="46.561124" lon="8.365399">
        <ele>1867.955663</ele>
        <time>2026-01-16T06:16:56.852Z</time>
      </trkpt>
      <trkpt lat="46.561194" lon="8.365761">
        <ele>1866.046049</ele>
        <time>2026-01-16T06:16:59.251Z</time>
      </trkpt>
      <trkpt lat="46.561371" lon="8.366271">
        <ele>1863.144965</ele>
        <time>2026-01-16T06:17:02.891Z</time>
      </trkpt>
      <trkpt lat="46.561689" lon="8.366835">
        <ele>1859.441063</ele>
        <time>2026-01-16T06:17:07.429Z</time>
      </trkpt>
      <trkpt lat="46.562397" lon="8.367991">
        <ele>1852.161254</ele>
        <time>2026-01-16T06:17:16.633Z</time>
      </trkpt>
      <trkpt lat="46.562484" lon="8.368201">
        <ele>1851.071417</ele>
        <time>2026-01-16T06:17:18.098Z</time>
      </trkpt>
      <trkpt lat="46.562555" lon="8.368540">
        <ele>1849.496157</ele>
        <time>2026-01-16T06:17:20.274Z</time>
      </trkpt>
      <trkpt lat="46.562637" lon="8.368621">
        <ele>1848.855312</ele>
        <time>2026-01-16T06:17:21.179Z</time>
      </trkpt>
      <trkpt lat="46.562724" lon="8.368607">
        <ele>1848.289420</ele>
        <time>2026-01-16T06:17:22.001Z</time>
      </trkpt>
      <trkpt lat="46.562775" lon="8.368530">
        <ele>1847.814168</ele>
        <time>2026-01-16T06:17:22.694Z</time>
      </trkpt>
      <trkpt lat="46.562782" lon="8.368384">
        <ele>1847.163606</ele>
        <time>2026-01-16T06:17:23.679Z</time>
      </trkpt>
      <trkpt lat="46.562663" lon="8.368064">
        <ele>1845.546444</ele>
        <time>2026-01-16T06:17:26.218Z</time>
      </trkpt>
      <trkpt lat="46.562101" lon="8.367023">
        <ele>1840.487585</ele>
        <time>2026-01-16T06:17:36.865Z</time>
      </trkpt>
      <trkpt lat="46.561856" lon="8.366395">
        <ele>1837.812051</ele>
        <time>2026-01-16T06:17:41.694Z</time>
      </trkpt>
      <trkpt lat="46.561790" lon="8.366104">
        <ele>1836.676603</ele>
        <time>2026-01-16T06:17:43.562Z</time>
      </trkpt>
      <trkpt lat="46.561617" lon="8.364845">
        <ele>1829.211649</ele>
        <time>2026-01-16T06:17:51.009Z</time>
      </trkpt>
      <trkpt lat="46.561378" lon="8.363775">
        <ele>1821.287289</ele>
        <time>2026-01-16T06:17:57.521Z</time>
      </trkpt>
      <trkpt lat="46.560334" lon="8.361672">
        <ele>1808.409345</ele>
        <time>2026-01-16T06:18:13.866Z</time>
      </trkpt>
      <trkpt lat="46.560266" lon="8.361494">
        <ele>1807.548703</ele>
        <time>2026-01-16T06:18:15.187Z</time>
      </trkpt>
      <trkpt lat="46.560230" lon="8.361335">
        <ele>1806.841186</ele>
        <time>2026-01-16T06:18:16.268Z</time>
      </trkpt>
      <trkpt lat="46.560209" lon="8.361081">
        <ele>1805.759910</ele>
        <time>2026-01-16T06:18:17.911Z</time>
      </trkpt>
      <trkpt lat="46.560264" lon="8.360471">
        <ele>1802.871600</ele>
        <time>2026-01-16T06:18:21.804Z</time>
      </trkpt>
      <trkpt lat="46.560194" lon="8.359323">
        <ele>1797.386013</ele>
        <time>2026-01-16T06:18:28.832Z</time>
      </trkpt>
      <trkpt lat="46.560140" lon="8.359074">
        <ele>1796.143293</ele>
        <time>2026-01-16T06:18:30.421Z</time>
      </trkpt>
      <trkpt lat="46.559879" lon="8.358529">
        <ele>1792.985774</ele>
        <time>2026-01-16T06:18:34.495Z</time>
      </trkpt>
      <trkpt lat="46.559859" lon="8.358399">
        <ele>1792.579992</ele>
        <time>2026-01-16T06:18:35.322Z</time>
      </trkpt>
      <trkpt lat="46.559911" lon="8.358310">
        <ele>1792.224236</ele>
        <time>2026-01-16T06:18:36.049Z</time>
      </trkpt>
      <trkpt lat="46.559970" lon="8.358295">
        <ele>1791.958900</ele>
        <time>2026-01-16T06:18:36.595Z</time>
      </trkpt>
      <trkpt lat="46.560028" lon="8.358330">
        <ele>1791.680717</ele>
        <time>2026-01-16T06:18:37.172Z</time>
      </trkpt>
      <trkpt lat="46.560083" lon="8.358436">
        <ele>1791.276217</ele>
        <time>2026-01-16T06:18:38.014Z</time>
      </trkpt>
      <trkpt lat="46.560379" lon="8.359541">
        <ele>1787.663913</ele>
        <time>2026-01-16T06:18:45.906Z</time>
      </trkpt>
      <trkpt lat="46.560658" lon="8.361060">
        <ele>1782.108583</ele>
        <time>2026-01-16T06:18:57.125Z</time>
      </trkpt>
      <trkpt lat="46.560757" lon="8.361410">
        <ele>1780.544902</ele>
        <time>2026-01-16T06:18:59.710Z</time>
      </trkpt>
      <trkpt lat="46.560810" lon="8.361522">
        <ele>1779.983148</ele>
        <time>2026-01-16T06:19:00.623Z</time>
      </trkpt>
      <trkpt lat="46.561842" lon="8.363022">
        <ele>1770.220800</ele>
        <time>2026-01-16T06:19:13.431Z</time>
      </trkpt>
      <trkpt lat="46.561937" lon="8.363080">
        <ele>1769.396355</ele>
        <time>2026-01-16T06:19:14.319Z</time>
      </trkpt>
      <trkpt lat="46.562054" lon="8.363039">
        <ele>1768.433338</ele>
        <time>2026-01-16T06:19:15.350Z</time>
      </trkpt>
      <trkpt lat="46.562295" lon="8.362713">
        <ele>1765.799711</ele>
        <time>2026-01-16T06:19:18.212Z</time>
      </trkpt>
      <trkpt lat="46.562326" lon="8.362653">
        <ele>1765.386786</ele>
        <time>2026-01-16T06:19:18.664Z</time>
      </trkpt>
      <trkpt lat="46.562336" lon="8.362632">
        <ele>1765.246243</ele>
        <time>2026-01-16T06:19:18.817Z</time>
      </trkpt>
      <trkpt lat="46.562406" lon="8.362487">
        <ele>1764.271471</ele>
        <time>2026-01-16T06:19:19.871Z</time>
      </trkpt>
      <trkpt lat="46.562452" lon="8.362365">
        <ele>1763.505944</ele>
        <time>2026-01-16T06:19:20.700Z</time>
      </trkpt>
      <trkpt lat="46.562478" lon="8.362253">
        <ele>1762.855565</ele>
        <time>2026-01-16T06:19:21.409Z</time>
      </trkpt>
      <trkpt lat="46.562461" lon="8.362137">
        <ele>1762.203017</ele>
        <time>2026-01-16T06:19:22.118Z</time>
      </trkpt>
      <trkpt lat="46.562284" lon="8.361598">
        <ele>1759.844890</ele>
        <time>2026-01-16T06:19:25.802Z</time>
      </trkpt>
      <trkpt lat="46.562209" lon="8.361453">
        <ele>1759.868307</ele>
        <time>2026-01-16T06:19:27.084Z</time>
      </trkpt>
      <trkpt lat="46.562115" lon="8.361292">
        <ele>1759.895565</ele>
        <time>2026-01-16T06:19:28.710Z</time>
      </trkpt>
      <trkpt lat="46.561872" lon="8.360864">
        <ele>1759.967199</ele>
        <time>2026-01-16T06:19:33.784Z</time>
      </trkpt>
      <trkpt lat="46.561292" lon="8.359868">
        <ele>1760.135647</ele>
        <time>2026-01-16T06:19:57.570Z</time>
      </trkpt>
      <trkpt lat="46.561018" lon="8.359630">
        <ele>1759.817360</ele>
        <time>2026-01-16T06:20:07.429Z</time>
      </trkpt>
      <trkpt lat="46.561006" lon="8.359621">
        <ele>1759.791976</ele>
        <time>2026-01-16T06:20:07.723Z</time>
      </trkpt>
      <trkpt lat="46.560809" lon="8.359440">
        <ele>1759.353896</ele>
        <time>2026-01-16T06:20:14.297Z</time>
      </trkpt>
      <trkpt lat="46.560694" lon="8.359226">
        <ele>1759.002798</ele>
        <time>2026-01-16T06:20:18.970Z</time>
      </trkpt>
      <trkpt lat="46.560400" lon="8.358173">
        <ele>1757.533663</ele>
        <time>2026-01-16T06:20:29.618Z</time>
      </trkpt>
      <trkpt lat="46.560279" lon="8.357964">
        <ele>1757.180475</ele>
        <time>2026-01-16T06:20:31.317Z</time>
      </trkpt>
      <trkpt lat="46.559982" lon="8.357568">
        <ele>1753.964191</ele>
        <time>2026-01-16T06:20:34.753Z</time>
      </trkpt>
      <trkpt lat="46.559301" lon="8.356696">
        <ele>1740.501902</ele>
        <time>2026-01-16T06:20:42.281Z</time>
      </trkpt>
      <trkpt lat="46.559015" lon="8.356191">
        <ele>1733.827314</ele>
        <time>2026-01-16T06:20:45.973Z</time>
      </trkpt>
      <trkpt lat="46.558851" lon="8.356067">
        <ele>1731.084823</ele>
        <time>2026-01-16T06:20:47.488Z</time>
      </trkpt>
      <trkpt lat="46.558301" lon="8.355924">
        <ele>1723.942057</ele>
        <time>2026-01-16T06:20:52.095Z</time>
      </trkpt>
      <trkpt lat="46.558171" lon="8.355944">
        <ele>1722.307314</ele>
        <time>2026-01-16T06:20:53.184Z</time>
      </trkpt>
      <trkpt lat="46.558006" lon="8.356097">
        <ele>1719.860221</ele>
        <time>2026-01-16T06:20:54.802Z</time>
      </trkpt>
      <trkpt lat="46.557647" lon="8.356688">
        <ele>1713.079358</ele>
        <time>2026-01-16T06:20:59.348Z</time>
      </trkpt>
      <trkpt lat="46.557596" lon="8.356716">
        <ele>1712.397660</ele>
        <time>2026-01-16T06:20:59.824Z</time>
      </trkpt>
      <trkpt lat="46.557549" lon="8.356698">
        <ele>1711.789879</ele>
        <time>2026-01-16T06:21:00.253Z</time>
      </trkpt>
      <trkpt lat="46.557509" lon="8.356611">
        <ele>1710.889954</ele>
        <time>2026-01-16T06:21:00.893Z</time>
      </trkpt>
      <trkpt lat="46.557525" lon="8.356490">
        <ele>1709.830426</ele>
        <time>2026-01-16T06:21:01.669Z</time>
      </trkpt>
      <trkpt lat="46.557840" lon="8.355946">
        <ele>1706.759571</ele>
        <time>2026-01-16T06:21:06.388Z</time>
      </trkpt>
      <trkpt lat="46.557904" lon="8.355795">
        <ele>1706.429389</ele>
        <time>2026-01-16T06:21:07.588Z</time>
      </trkpt>
      <trkpt lat="46.557911" lon="8.355656">
        <ele>1706.169957</ele>
        <time>2026-01-16T06:21:08.547Z</time>
      </trkpt>
      <trkpt lat="46.557872" lon="8.355518">
        <ele>1705.892230</ele>
        <time>2026-01-16T06:21:09.595Z</time>
      </trkpt>
      <trkpt lat="46.557691" lon="8.355321">
        <ele>1705.280226</ele>
        <time>2026-01-16T06:21:11.955Z</time>
      </trkpt>
      <trkpt lat="46.557666" lon="8.355298">
        <ele>1705.200145</ele>
        <time>2026-01-16T06:21:12.271Z</time>
      </trkpt>
      <trkpt lat="46.557487" lon="8.355160">
        <ele>1704.651703</ele>
        <time>2026-01-16T06:21:14.552Z</time>
      </trkpt>
      <trkpt lat="46.557377" lon="8.355122">
        <ele>1704.345640</ele>
        <time>2026-01-16T06:21:15.912Z</time>
      </trkpt>
      <trkpt lat="46.557186" lon="8.355136">
        <ele>1703.827936</ele>
        <time>2026-01-16T06:21:18.940Z</time>
      </trkpt>
      <trkpt lat="46.556650" lon="8.355264">
        <ele>1701.995529</ele>
        <time>2026-01-16T06:21:28.375Z</time>
      </trkpt>
      <trkpt lat="46.555835" lon="8.355287">
        <ele>1697.654087</ele>
        <time>2026-01-16T06:21:36.340Z</time>
      </trkpt>
      <trkpt lat="46.555468" lon="8.355227">
        <ele>1695.687161</ele>
        <time>2026-01-16T06:21:39.700Z</time>
      </trkpt>
      <trkpt lat="46.555418" lon="8.355253">
        <ele>1695.404353</ele>
        <time>2026-01-16T06:21:40.172Z</time>
      </trkpt>
      <trkpt lat="46.555396" lon="8.355310">
        <ele>1695.164962</ele>
        <time>2026-01-16T06:21:40.574Z</time>
      </trkpt>
      <trkpt lat="46.555397" lon="8.355399">
        <ele>1694.838966</ele>
        <time>2026-01-16T06:21:41.113Z</time>
      </trkpt>
      <trkpt lat="46.555442" lon="8.355477">
        <ele>1694.466079</ele>
        <time>2026-01-16T06:21:41.730Z</time>
      </trkpt>
      <trkpt lat="46.555882" lon="8.355487">
        <ele>1691.345316</ele>
        <time>2026-01-16T06:21:45.521Z</time>
      </trkpt>
      <trkpt lat="46.556244" lon="8.355559">
        <ele>1687.931132</ele>
        <time>2026-01-16T06:21:48.626Z</time>
      </trkpt>
      <trkpt lat="46.556563" lon="8.355537">
        <ele>1684.946901</ele>
        <time>2026-01-16T06:21:51.338Z</time>
      </trkpt>
      <trkpt lat="46.556621" lon="8.355604">
        <ele>1684.254742</ele>
        <time>2026-01-16T06:21:51.972Z</time>
      </trkpt>
      <trkpt lat="46.556618" lon="8.355735">
        <ele>1683.412522</ele>
        <time>2026-01-16T06:21:52.745Z</time>
      </trkpt>
      <trkpt lat="46.556532" lon="8.355798">
        <ele>1682.512698</ele>
        <time>2026-01-16T06:21:53.582Z</time>
      </trkpt>
      <trkpt lat="46.556112" lon="8.355729">
        <ele>1678.563063</ele>
        <time>2026-01-16T06:21:57.297Z</time>
      </trkpt>
      <trkpt lat="46.555386" lon="8.355848">
        <ele>1672.310421</ele>
        <time>2026-01-16T06:22:03.861Z</time>
      </trkpt>
      <trkpt lat="46.555236" lon="8.355894">
        <ele>1671.056452</ele>
        <time>2026-01-16T06:22:05.246Z</time>
      </trkpt>
      <trkpt lat="46.555044" lon="8.356008">
        <ele>1669.360047</ele>
        <time>2026-01-16T06:22:07.123Z</time>
      </trkpt>
      <trkpt lat="46.554968" lon="8.356075">
        <ele>1668.633061</ele>
        <time>2026-01-16T06:22:07.924Z</time>
      </trkpt>
      <trkpt lat="46.554920" lon="8.356122">
        <ele>1668.159716</ele>
        <time>2026-01-16T06:22:08.455Z</time>
      </trkpt>
      <trkpt lat="46.553580" lon="8.357379">
        <ele>1653.569472</ele>
        <time>2026-01-16T06:22:22.235Z</time>
      </trkpt>
      <trkpt lat="46.552461" lon="8.358232">
        <ele>1641.296735</ele>
        <time>2026-01-16T06:22:33.029Z</time>
      </trkpt>
      <trkpt lat="46.551979" lon="8.358683">
        <ele>1636.624187</ele>
        <time>2026-01-16T06:22:38.014Z</time>
      </trkpt>
      <trkpt lat="46.551342" lon="8.359013">
        <ele>1631.111517</ele>
        <time>2026-01-16T06:22:44.161Z</time>
      </trkpt>
      <trkpt lat="46.550626" lon="8.359455">
        <ele>1622.381769</ele>
        <time>2026-01-16T06:22:51.212Z</time>
      </trkpt>
      <trkpt lat="46.550096" lon="8.359633">
        <ele>1615.295774</ele>
        <time>2026-01-16T06:22:55.817Z</time>
      </trkpt>
      <trkpt lat="46.549940" lon="8.359712">
        <ele>1613.143868</ele>
        <time>2026-01-16T06:22:57.181Z</time>
      </trkpt>
      <trkpt lat="46.549563" lon="8.359960">
        <ele>1607.753550</ele>
        <time>2026-01-16T06:23:06.493Z</time>
      </trkpt>
      <trkpt lat="46.548840" lon="8.360406">
        <ele>1598.231732</ele>
        <time>2026-01-16T06:23:12.922Z</time>
      </trkpt>
      <trkpt lat="46.548686" lon="8.360436">
        <ele>1596.391413</ele>
        <time>2026-01-16T06:23:14.210Z</time>
      </trkpt>
      <trkpt lat="46.548389" lon="8.360370">
        <ele>1592.832812</ele>
        <time>2026-01-16T06:23:16.738Z</time>
      </trkpt>
      <trkpt lat="46.548267" lon="8.360297">
        <ele>1591.270237</ele>
        <time>2026-01-16T06:23:17.870Z</time>
      </trkpt>
      <trkpt lat="46.547735" lon="8.359661">
        <ele>1583.679522</ele>
        <time>2026-01-16T06:23:24.468Z</time>
      </trkpt>
      <trkpt lat="46.546965" lon="8.358728">
        <ele>1579.139244</ele>
        <time>2026-01-16T06:23:34.972Z</time>
      </trkpt>
      <trkpt lat="46.546841" lon="8.358651">
        <ele>1578.528473</ele>
        <time>2026-01-16T06:23:36.218Z</time>
      </trkpt>
      <trkpt lat="46.546666" lon="8.358641">
        <ele>1577.735152</ele>
        <time>2026-01-16T06:23:37.814Z</time>
      </trkpt>
      <trkpt lat="46.546269" lon="8.358630">
        <ele>1575.936509</ele>
        <time>2026-01-16T06:23:41.401Z</time>
      </trkpt>
      <trkpt lat="46.546130" lon="8.358553">
        <ele>1575.377771</ele>
        <time>2026-01-16T06:23:42.743Z</time>
      </trkpt>
      <trkpt lat="46.546026" lon="8.358437">
        <ele>1574.894136</ele>
        <time>2026-01-16T06:23:43.927Z</time>
      </trkpt>
      <trkpt lat="46.545778" lon="8.357879">
        <ele>1573.208175</ele>
        <time>2026-01-16T06:23:48.059Z</time>
      </trkpt>
      <trkpt lat="46.545510" lon="8.357525">
        <ele>1571.872196</ele>
        <time>2026-01-16T06:23:51.607Z</time>
      </trkpt>
      <trkpt lat="46.545425" lon="8.357367">
        <ele>1571.363149</ele>
        <time>2026-01-16T06:23:53.162Z</time>
      </trkpt>
      <trkpt lat="46.545319" lon="8.356456">
        <ele>1569.059151</ele>
        <time>2026-01-16T06:24:01.709Z</time>
      </trkpt>
      <trkpt lat="46.545218" lon="8.356155">
        <ele>1568.360882</ele>
        <time>2026-01-16T06:24:05.636Z</time>
      </trkpt>
      <trkpt lat="46.544682" lon="8.355208">
        <ele>1565.803831</ele>
        <time>2026-01-16T06:24:15.475Z</time>
      </trkpt>
      <trkpt lat="46.544424" lon="8.354942">
        <ele>1564.845050</ele>
        <time>2026-01-16T06:24:18.547Z</time>
      </trkpt>
      <trkpt lat="46.544353" lon="8.354921">
        <ele>1564.625412</ele>
        <time>2026-01-16T06:24:19.223Z</time>
      </trkpt>
      <trkpt lat="46.544307" lon="8.354952">
        <ele>1564.471717</ele>
        <time>2026-01-16T06:24:19.690Z</time>
      </trkpt>
      <trkpt lat="46.544282" lon="8.355026">
        <ele>1564.299821</ele>
        <time>2026-01-16T06:24:20.212Z</time>
      </trkpt>
      <trkpt lat="46.544288" lon="8.355090">
        <ele>1564.165149</ele>
        <time>2026-01-16T06:24:20.616Z</time>
      </trkpt>
      <trkpt lat="46.544504" lon="8.355616">
        <ele>1560.549459</ele>
        <time>2026-01-16T06:24:24.350Z</time>
      </trkpt>
      <trkpt lat="46.544530" lon="8.355842">
        <ele>1558.839126</ele>
        <time>2026-01-16T06:24:25.713Z</time>
      </trkpt>
      <trkpt lat="46.544508" lon="8.355935">
        <ele>1558.105049</ele>
        <time>2026-01-16T06:24:26.294Z</time>
      </trkpt>
      <trkpt lat="46.544411" lon="8.356100">
        <ele>1556.484884</ele>
        <time>2026-01-16T06:24:27.569Z</time>
      </trkpt>
      <trkpt lat="46.543997" lon="8.356495">
        <ele>1551.110990</ele>
        <time>2026-01-16T06:24:31.756Z</time>
      </trkpt>
      <trkpt lat="46.543882" lon="8.356665">
        <ele>1549.331184</ele>
        <time>2026-01-16T06:24:33.136Z</time>
      </trkpt>
      <trkpt lat="46.543831" lon="8.356887">
        <ele>1547.584134</ele>
        <time>2026-01-16T06:24:34.485Z</time>
      </trkpt>
      <trkpt lat="46.543844" lon="8.357660">
        <ele>1541.956949</ele>
        <time>2026-01-16T06:24:38.935Z</time>
      </trkpt>
      <trkpt lat="46.543787" lon="8.357806">
        <ele>1540.777337</ele>
        <time>2026-01-16T06:24:39.909Z</time>
      </trkpt>
      <trkpt lat="46.543659" lon="8.357874">
        <ele>1539.385145</ele>
        <time>2026-01-16T06:24:41.056Z</time>
      </trkpt>
      <trkpt lat="46.543185" lon="8.357759">
        <ele>1534.475855</ele>
        <time>2026-01-16T06:24:45.146Z</time>
      </trkpt>
      <trkpt lat="46.543015" lon="8.357632">
        <ele>1532.523302</ele>
        <time>2026-01-16T06:24:46.799Z</time>
      </trkpt>
      <trkpt lat="46.542900" lon="8.357426">
        <ele>1530.659055</ele>
        <time>2026-01-16T06:24:48.391Z</time>
      </trkpt>
      <trkpt lat="46.542381" lon="8.355420">
        <ele>1518.224133</ele>
        <time>2026-01-16T06:25:01.602Z</time>
      </trkpt>
      <trkpt lat="46.542264" lon="8.355234">
        <ele>1516.904334</ele>
        <time>2026-01-16T06:25:03.143Z</time>
      </trkpt>
      <trkpt lat="46.542052" lon="8.355058">
        <ele>1515.045849</ele>
        <time>2026-01-16T06:25:05.302Z</time>
      </trkpt>
      <trkpt lat="46.541778" lon="8.354853">
        <ele>1512.699963</ele>
        <time>2026-01-16T06:25:08.021Z</time>
      </trkpt>
      <trkpt lat="46.541470" lon="8.354325">
        <ele>1509.166436</ele>
        <time>2026-01-16T06:25:12.182Z</time>
      </trkpt>
      <trkpt lat="46.541053" lon="8.353907">
        <ele>1505.423252</ele>
        <time>2026-01-16T06:25:16.636Z</time>
      </trkpt>
      <trkpt lat="46.540757" lon="8.353550">
        <ele>1502.581029</ele>
        <time>2026-01-16T06:25:20.111Z</time>
      </trkpt>
      <trkpt lat="46.540077" lon="8.353000">
        <ele>1496.929674</ele>
        <time>2026-01-16T06:25:27.222Z</time>
      </trkpt>
      <trkpt lat="46.539983" lon="8.352895">
        <ele>1496.095356</ele>
        <time>2026-01-16T06:25:28.301Z</time>
      </trkpt>
      <trkpt lat="46.539558" lon="8.352179">
        <ele>1491.516870</ele>
        <time>2026-01-16T06:25:34.184Z</time>
      </trkpt>
      <trkpt lat="46.539019" lon="8.351453">
        <ele>1486.345365</ele>
        <time>2026-01-16T06:25:40.799Z</time>
      </trkpt>
      <trkpt lat="46.538920" lon="8.351286">
        <ele>1485.063225</ele>
        <time>2026-01-16T06:25:42.100Z</time>
      </trkpt>
      <trkpt lat="46.538479" lon="8.350170">
        <ele>1477.463546</ele>
        <time>2026-01-16T06:25:49.746Z</time>
      </trkpt>
      <trkpt lat="46.538414" lon="8.350114">
        <ele>1476.814953</ele>
        <time>2026-01-16T06:25:50.411Z</time>
      </trkpt>
      <trkpt lat="46.538348" lon="8.350150">
        <ele>1476.209831</ele>
        <time>2026-01-16T06:25:51.024Z</time>
      </trkpt>
      <trkpt lat="46.538326" lon="8.350210">
        <ele>1475.808353</ele>
        <time>2026-01-16T06:25:51.429Z</time>
      </trkpt>
      <trkpt lat="46.538329" lon="8.350286">
        <ele>1475.358850</ele>
        <time>2026-01-16T06:25:51.898Z</time>
      </trkpt>
      <trkpt lat="46.538489" lon="8.350682">
        <ele>1472.647018</ele>
        <time>2026-01-16T06:25:54.685Z</time>
      </trkpt>
      <trkpt lat="46.538654" lon="8.351525">
        <ele>1468.408712</ele>
        <time>2026-01-16T06:26:00.033Z</time>
      </trkpt>
      <trkpt lat="46.539096" lon="8.352529">
        <ele>1463.342122</ele>
        <time>2026-01-16T06:26:07.551Z</time>
      </trkpt>
      <trkpt lat="46.539245" lon="8.353009">
        <ele>1461.103805</ele>
        <time>2026-01-16T06:26:10.926Z</time>
      </trkpt>
      <trkpt lat="46.539338" lon="8.353341">
        <ele>1459.602765</ele>
        <time>2026-01-16T06:26:13.243Z</time>
      </trkpt>
      <trkpt lat="46.539422" lon="8.353534">
        <ele>1458.812147</ele>
        <time>2026-01-16T06:26:14.725Z</time>
      </trkpt>
      <trkpt lat="46.540470" lon="8.355043">
        <ele>1451.388987</ele>
        <time>2026-01-16T06:26:28.778Z</time>
      </trkpt>
      <trkpt lat="46.540521" lon="8.355148">
        <ele>1450.944030</ele>
        <time>2026-01-16T06:26:29.595Z</time>
      </trkpt>
      <trkpt lat="46.540540" lon="8.355265">
        <ele>1450.500416</ele>
        <time>2026-01-16T06:26:30.358Z</time>
      </trkpt>
      <trkpt lat="46.540503" lon="8.355567">
        <ele>1449.200041</ele>
        <time>2026-01-16T06:26:32.292Z</time>
      </trkpt>
      <trkpt lat="46.540511" lon="8.355737">
        <ele>1448.477699</ele>
        <time>2026-01-16T06:26:33.365Z</time>
      </trkpt>
      <trkpt lat="46.540806" lon="8.356775">
        <ele>1443.716659</ele>
        <time>2026-01-16T06:26:40.315Z</time>
      </trkpt>
      <trkpt lat="46.541051" lon="8.358324">
        <ele>1436.857071</ele>
        <time>2026-01-16T06:26:50.368Z</time>
      </trkpt>
      <trkpt lat="46.541125" lon="8.358607">
        <ele>1435.513189</ele>
        <time>2026-01-16T06:26:52.329Z</time>
      </trkpt>
      <trkpt lat="46.541441" lon="8.359484">
        <ele>1431.118613</ele>
        <time>2026-01-16T06:26:58.651Z</time>
      </trkpt>
      <trkpt lat="46.541429" lon="8.359605">
        <ele>1430.575971</ele>
        <time>2026-01-16T06:26:59.409Z</time>
      </trkpt>
      <trkpt lat="46.541386" lon="8.359644">
        <ele>1430.248910</ele>
        <time>2026-01-16T06:26:59.860Z</time>
      </trkpt>
      <trkpt lat="46.541340" lon="8.359642">
        <ele>1429.951927</ele>
        <time>2026-01-16T06:27:00.276Z</time>
      </trkpt>
      <trkpt lat="46.541277" lon="8.359533">
        <ele>1429.319967</ele>
        <time>2026-01-16T06:27:01.146Z</time>
      </trkpt>
      <trkpt lat="46.540971" lon="8.358706">
        <ele>1423.271420</ele>
        <time>2026-01-16T06:27:06.794Z</time>
      </trkpt>
      <trkpt lat="46.540791" lon="8.358403">
        <ele>1420.303625</ele>
        <time>2026-01-16T06:27:09.141Z</time>
      </trkpt>
      <trkpt lat="46.540448" lon="8.357913">
        <ele>1415.121216</ele>
        <time>2026-01-16T06:27:13.213Z</time>
      </trkpt>
      <trkpt lat="46.540024" lon="8.357422">
        <ele>1409.279384</ele>
        <time>2026-01-16T06:27:17.781Z</time>
      </trkpt>
      <trkpt lat="46.539246" lon="8.356517">
        <ele>1400.540844</ele>
        <time>2026-01-16T06:27:26.245Z</time>
      </trkpt>
      <trkpt lat="46.539053" lon="8.355967">
        <ele>1396.875984</ele>
        <time>2026-01-16T06:27:30.023Z</time>
      </trkpt>
      <trkpt lat="46.538679" lon="8.355269">
        <ele>1392.430242</ele>
        <time>2026-01-16T06:27:35.884Z</time>
      </trkpt>
      <trkpt lat="46.538499" lon="8.354713">
        <ele>1390.839675</ele>
        <time>2026-01-16T06:27:40.230Z</time>
      </trkpt>
      <trkpt lat="46.538251" lon="8.353930">
        <ele>1388.608433</ele>
        <time>2026-01-16T06:27:46.340Z</time>
      </trkpt>
      <trkpt lat="46.537662" lon="8.352814">
        <ele>1384.980706</ele>
        <time>2026-01-16T06:27:55.707Z</time>
      </trkpt>
      <trkpt lat="46.537315" lon="8.351976">
        <ele>1382.474359</ele>
        <time>2026-01-16T06:28:02.034Z</time>
      </trkpt>
      <trkpt lat="46.536905" lon="8.351249">
        <ele>1380.065419</ele>
        <time>2026-01-16T06:28:09.075Z</time>
      </trkpt>
      <trkpt lat="46.536631" lon="8.350436">
        <ele>1377.755063</ele>
        <time>2026-01-16T06:28:15.506Z</time>
      </trkpt>
      <trkpt lat="46.536416" lon="8.349974">
        <ele>1376.333138</ele>
        <time>2026-01-16T06:28:19.289Z</time>
      </trkpt>
      <trkpt lat="46.536355" lon="8.349885">
        <ele>1376.012864</ele>
        <time>2026-01-16T06:28:20.131Z</time>
      </trkpt>
      <trkpt lat="46.536259" lon="8.349788">
        <ele>1375.579610</ele>
        <time>2026-01-16T06:28:21.279Z</time>
      </trkpt>
      <trkpt lat="46.536104" lon="8.349700">
        <ele>1374.962955</ele>
        <time>2026-01-16T06:28:22.916Z</time>
      </trkpt>
      <trkpt lat="46.535754" lon="8.349629">
        <ele>1373.653348</ele>
        <time>2026-01-16T06:28:26.317Z</time>
      </trkpt>
      <trkpt lat="46.535676" lon="8.349619">
        <ele>1373.363172</ele>
        <time>2026-01-16T06:28:27.059Z</time>
      </trkpt>
      <trkpt lat="46.535614" lon="8.349611">
        <ele>1373.132508</ele>
        <time>2026-01-16T06:28:27.656Z</time>
      </trkpt>
      <trkpt lat="46.535324" lon="8.349575">
        <ele>1372.380947</ele>
        <time>2026-01-16T06:28:30.373Z</time>
      </trkpt>
      <trkpt lat="46.535123" lon="8.349512">
        <ele>1371.906771</ele>
        <time>2026-01-16T06:28:32.325Z</time>
      </trkpt>
      <trkpt lat="46.535005" lon="8.349424">
        <ele>1371.600933</ele>
        <time>2026-01-16T06:28:33.631Z</time>
      </trkpt>
      <trkpt lat="46.534574" lon="8.348937">
        <ele>1370.342064</ele>
        <time>2026-01-16T06:28:39.684Z</time>
      </trkpt>
      <trkpt lat="46.534452" lon="8.348747">
        <ele>1369.929747</ele>
        <time>2026-01-16T06:28:41.937Z</time>
      </trkpt>
      <trkpt lat="46.534356" lon="8.348847">
        <ele>1369.657391</ele>
        <time>2026-01-16T06:28:43.424Z</time>
      </trkpt>
      <trkpt lat="46.534332" lon="8.348916">
        <ele>1369.534733</ele>
        <time>2026-01-16T06:28:44.113Z</time>
      </trkpt>
      <trkpt lat="46.534245" lon="8.349164">
        <ele>1369.093102</ele>
        <time>2026-01-16T06:28:46.623Z</time>
      </trkpt>
      <trkpt lat="46.534235" lon="8.349192">
        <ele>1369.043053</ele>
        <time>2026-01-16T06:28:46.906Z</time>
      </trkpt>
      <trkpt lat="46.534346" lon="8.349331">
        <ele>1368.770336</ele>
        <time>2026-01-16T06:28:48.819Z</time>
      </trkpt>
      <trkpt lat="46.534436" lon="8.349511">
        <ele>1368.761950</ele>
        <time>2026-01-16T06:28:50.778Z</time>
      </trkpt>
      <trkpt lat="46.534869" lon="8.350524">
        <ele>1368.717007</ele>
        <time>2026-01-16T06:29:01.965Z</time>
      </trkpt>
      <trkpt lat="46.534969" lon="8.350637">
        <ele>1368.710068</ele>
        <time>2026-01-16T06:29:03.876Z</time>
      </trkpt>
      <trkpt lat="46.535223" lon="8.350755">
        <ele>1368.695461</ele>
        <time>2026-01-16T06:29:07.709Z</time>
      </trkpt>
      <trkpt lat="46.536117" lon="8.351170">
        <ele>1369.163643</ele>
        <time>2026-01-16T06:29:24.587Z</time>
      </trkpt>
      <trkpt lat="46.536161" lon="8.351260">
        <ele>1369.233168</ele>
        <time>2026-01-16T06:29:26.102Z</time>
      </trkpt>
      <trkpt lat="46.536210" lon="8.351494">
        <ele>1369.387187</ele>
        <time>2026-01-16T06:29:29.513Z</time>
      </trkpt>
      <trkpt lat="46.536232" lon="8.351645">
        <ele>1369.484376</ele>
        <time>2026-01-16T06:29:31.661Z</time>
      </trkpt>
      <trkpt lat="46.536218" lon="8.351732">
        <ele>1369.540636</ele>
        <time>2026-01-16T06:29:32.906Z</time>
      </trkpt>
      <trkpt lat="46.536199" lon="8.351925">
        <ele>1369.663401</ele>
        <time>2026-01-16T06:29:35.600Z</time>
      </trkpt>
      <trkpt lat="46.536496" lon="8.353859">
        <ele>1370.903176</ele>
        <time>2026-01-16T06:30:00.360Z</time>
      </trkpt>
      <trkpt lat="46.536637" lon="8.355004">
        <ele>1371.625720</ele>
        <time>2026-01-16T06:30:14.167Z</time>
      </trkpt>
      <trkpt lat="46.536637" lon="8.355678">
        <ele>1372.155910</ele>
        <time>2026-01-16T06:30:23.521Z</time>
      </trkpt>
      <trkpt lat="46.536572" lon="8.356298">
        <ele>1372.978146</ele>
        <time>2026-01-16T06:30:32.717Z</time>
      </trkpt>
      <trkpt lat="46.536500" lon="8.356607">
        <ele>1373.405871</ele>
        <time>2026-01-16T06:30:37.814Z</time>
      </trkpt>
      <trkpt lat="46.536423" lon="8.356827">
        <ele>1373.729491</ele>
        <time>2026-01-16T06:30:41.758Z</time>
      </trkpt>
      <trkpt lat="46.536325" lon="8.356922">
        <ele>1373.953988</ele>
        <time>2026-01-16T06:30:44.500Z</time>
      </trkpt>
      <trkpt lat="46.536323" lon="8.356994">
        <ele>1374.048461</ele>
        <time>2026-01-16T06:30:45.651Z</time>
      </trkpt>
      <trkpt lat="46.536349" lon="8.357176">
        <ele>1374.292164</ele>
        <time>2026-01-16T06:30:48.618Z</time>
      </trkpt>
      <trkpt lat="46.536336" lon="8.357271">
        <ele>1374.419155</ele>
        <time>2026-01-16T06:30:50.552Z</time>
      </trkpt>
      <trkpt lat="46.536329" lon="8.357394">
        <ele>1374.580966</ele>
        <time>2026-01-16T06:30:52.991Z</time>
      </trkpt>
      <trkpt lat="46.536362" lon="8.357762">
        <ele>1375.067516</ele>
        <time>2026-01-16T06:31:00.329Z</time>
      </trkpt>
      <trkpt lat="46.536366" lon="8.358016">
        <ele>1375.415095</ele>
        <time>2026-01-16T06:31:04.421Z</time>
      </trkpt>
      <trkpt lat="46.536297" lon="8.358616">
        <ele>1376.616396</ele>
        <time>2026-01-16T06:31:14.424Z</time>
      </trkpt>
      <trkpt lat="46.536319" lon="8.359318">
        <ele>1378.004118</ele>
        <time>2026-01-16T06:31:27.138Z</time>
      </trkpt>
      <trkpt lat="46.536292" lon="8.359572">
        <ele>1378.511662</ele>
        <time>2026-01-16T06:31:32.366Z</time>
      </trkpt>
      <trkpt lat="46.536277" lon="8.359644">
        <ele>1378.660223</ele>
        <time>2026-01-16T06:31:33.829Z</time>
      </trkpt>
      <trkpt lat="46.536208" lon="8.359835">
        <ele>1379.086252</ele>
        <time>2026-01-16T06:31:38.358Z</time>
      </trkpt>
      <trkpt lat="46.536263" lon="8.360284">
        <ele>1379.986870</ele>
        <time>2026-01-16T06:31:48.212Z</time>
      </trkpt>
      <trkpt lat="46.536313" lon="8.360406">
        <ele>1380.267309</ele>
        <time>2026-01-16T06:32:00.342Z</time>
      </trkpt>
      <trkpt lat="46.536664" lon="8.360794">
        <ele>1380.535431</ele>
        <time>2026-01-16T06:32:52.952Z</time>
      </trkpt>
      <trkpt lat="46.536752" lon="8.360855">
        <ele>1380.535431</ele>
        <time>2026-01-16T06:33:04.480Z</time>
      </trkpt>
      <trkpt lat="46.537043" lon="8.361264">
        <ele>1380.535431</ele>
        <time>2026-01-16T06:33:52.016Z</time>
      </trkpt>
      <trkpt lat="46.537110" lon="8.361185">
        <ele>1380.535431</ele>
        <time>2026-01-16T06:34:01.970Z</time>
      </trkpt>
      <trkpt lat="46.537127" lon="8.360868">
        <ele>1380.535431</ele>
        <time>2026-01-16T06:34:27.054Z</time>
      </trkpt>
      <trkpt lat="46.536967" lon="8.360864">
        <ele>1380.535431</ele>
        <time>2026-01-16T06:34:33.121Z</time>
      </trkpt>
      <trkpt lat="46.536947" lon="8.360840">
        <ele>1380.535431</ele>
        <time>2026-01-16T06:34:34.029Z</time>
      </trkpt>
    </trkseg>
  </trk>
</gpx>