<?xml version='1.0' encoding='UTF-8'?>
<gpx version="1.1" creator="https://www.komoot.de" xmlns="http://www.topografix.com/GPX/1/1" xmlns:xsi="http://www.w3.org/2001/XMLSchema-instance" xsi:schemaLocation="http://www.topografix.com/GPX/1/1 http://www.topografix.com/GPX/1/1/gpx.xsd">
  <metadata>
    <name>TDL2026T0 Derendingen- Zwiefalten</name>
    <author>
      <link href="https://www.komoot.de">
        <text>komoot</text>
        <type>text/html</type>
      </link>
    </author>
  </metadata>
  <wpt lat="48.487660" lon="9.067921">
    <name>Radweg entlang der Steinlach</name>
    <sym>Flag, Blue</sym>
  </wpt>
  <wpt lat="48.422443" lon="9.110084">
    <name>Waldstraße Öschingen–Gomaringen</name>
    <sym>Flag, Blue</sym>
  </wpt>
  <wpt lat="48.356940" lon="9.145825">
    <name>Laucherttal bis Mägerkingen</name>
    <sym>Flag, Blue</sym>
  </wpt>
  <wpt lat="48.256594" lon="9.448176">
    <name>Wimsen–Tigerfeld-Sträßle</name>
    <sym>Flag, Blue</sym>
  </wpt>
  <trk>
    <name>TDL2026T0 Derendingen- Zwiefalten</name>
    <type>racebike</type>
    <trkseg>
      <trkpt lat="48.487670" lon="9.067893">
        <ele>343.739689</ele>
        <time>2026-07-24T09:51:32.673Z</time>
      </trkpt>
      <trkpt lat="48.487557" lon="9.067806">
        <ele>343.739689</ele>
        <time>2026-07-24T09:51:34.092Z</time>
      </trkpt>
      <trkpt lat="48.487376" lon="9.067707">
        <ele>343.739689</ele>
        <time>2026-07-24T09:51:36.355Z</time>
      </trkpt>
      <trkpt lat="48.487071" lon="9.067645">
        <ele>343.739689</ele>
        <time>2026-07-24T09:51:40.340Z</time>
      </trkpt>
      <trkpt lat="48.486814" lon="9.067621">
        <ele>343.739689</ele>
        <time>2026-07-24T09:51:43.918Z</time>
      </trkpt>
      <trkpt lat="48.486640" lon="9.067648">
        <ele>343.918938</ele>
        <time>2026-07-24T09:51:46.439Z</time>
      </trkpt>
      <trkpt lat="48.486560" lon="9.067704">
        <ele>344.017596</ele>
        <time>2026-07-24T09:51:47.738Z</time>
      </trkpt>
      <trkpt lat="48.486407" lon="9.067899">
        <ele>344.241650</ele>
        <time>2026-07-24T09:51:50.735Z</time>
      </trkpt>
      <trkpt lat="48.486228" lon="9.068310">
        <ele>344.606295</ele>
        <time>2026-07-24T09:51:55.610Z</time>
      </trkpt>
      <trkpt lat="48.486142" lon="9.068447">
        <ele>344.746204</ele>
        <time>2026-07-24T09:51:57.493Z</time>
      </trkpt>
      <trkpt lat="48.486047" lon="9.068532">
        <ele>344.869761</ele>
        <time>2026-07-24T09:51:59.232Z</time>
      </trkpt>
      <trkpt lat="48.485951" lon="9.068569">
        <ele>344.980604</ele>
        <time>2026-07-24T09:52:00.817Z</time>
      </trkpt>
      <trkpt lat="48.485620" lon="9.068489">
        <ele>345.355610</ele>
        <time>2026-07-24T09:52:06.362Z</time>
      </trkpt>
      <trkpt lat="48.485029" lon="9.068255">
        <ele>346.093702</ele>
        <time>2026-07-24T09:52:16.572Z</time>
      </trkpt>
      <trkpt lat="48.484349" lon="9.067860">
        <ele>347.063629</ele>
        <time>2026-07-24T09:52:28.153Z</time>
      </trkpt>
      <trkpt lat="48.483963" lon="9.067579">
        <ele>347.634124</ele>
        <time>2026-07-24T09:52:34.322Z</time>
      </trkpt>
      <trkpt lat="48.483762" lon="9.067424">
        <ele>347.934602</ele>
        <time>2026-07-24T09:52:37.200Z</time>
      </trkpt>
      <trkpt lat="48.483557" lon="9.067272">
        <ele>348.273029</ele>
        <time>2026-07-24T09:52:41.368Z</time>
      </trkpt>
      <trkpt lat="48.482816" lon="9.066564">
        <ele>349.873696</ele>
        <time>2026-07-24T09:52:59.296Z</time>
      </trkpt>
      <trkpt lat="48.482058" lon="9.065896">
        <ele>351.449121</ele>
        <time>2026-07-24T09:53:14.730Z</time>
      </trkpt>
      <trkpt lat="48.481398" lon="9.065397">
        <ele>352.038854</ele>
        <time>2026-07-24T09:53:23.745Z</time>
      </trkpt>
      <trkpt lat="48.480657" lon="9.064962">
        <ele>352.674024</ele>
        <time>2026-07-24T09:53:36.842Z</time>
      </trkpt>
      <trkpt lat="48.479966" lon="9.064682">
        <ele>352.859956</ele>
        <time>2026-07-24T09:53:45.046Z</time>
      </trkpt>
      <trkpt lat="48.479393" lon="9.064572">
        <ele>352.853566</ele>
        <time>2026-07-24T09:53:51.620Z</time>
      </trkpt>
      <trkpt lat="48.478559" lon="9.064479">
        <ele>352.866344</ele>
        <time>2026-07-24T09:54:01.666Z</time>
      </trkpt>
      <trkpt lat="48.477584" lon="9.064515">
        <ele>353.090622</ele>
        <time>2026-07-24T09:54:12.395Z</time>
      </trkpt>
      <trkpt lat="48.476497" lon="9.064672">
        <ele>353.816862</ele>
        <time>2026-07-24T09:54:27.830Z</time>
      </trkpt>
      <trkpt lat="48.475386" lon="9.064835">
        <ele>355.546706</ele>
        <time>2026-07-24T09:54:48.656Z</time>
      </trkpt>
      <trkpt lat="48.474084" lon="9.064959">
        <ele>356.945184</ele>
        <time>2026-07-24T09:55:08.590Z</time>
      </trkpt>
      <trkpt lat="48.472876" lon="9.065003">
        <ele>357.898116</ele>
        <time>2026-07-24T09:55:25.635Z</time>
      </trkpt>
      <trkpt lat="48.472262" lon="9.064857">
        <ele>358.224458</ele>
        <time>2026-07-24T09:55:32.962Z</time>
      </trkpt>
      <trkpt lat="48.472007" lon="9.064637">
        <ele>358.378690</ele>
        <time>2026-07-24T09:55:36.564Z</time>
      </trkpt>
      <trkpt lat="48.471715" lon="9.064125">
        <ele>358.613772</ele>
        <time>2026-07-24T09:55:42.891Z</time>
      </trkpt>
      <trkpt lat="48.471580" lon="9.064028">
        <ele>358.711788</ele>
        <time>2026-07-24T09:55:45.455Z</time>
      </trkpt>
      <trkpt lat="48.471246" lon="9.063904">
        <ele>358.955726</ele>
        <time>2026-07-24T09:55:52.071Z</time>
      </trkpt>
      <trkpt lat="48.471213" lon="9.063996">
        <ele>359.004908</ele>
        <time>2026-07-24T09:55:52.952Z</time>
      </trkpt>
      <trkpt lat="48.470950" lon="9.064420">
        <ele>359.277914</ele>
        <time>2026-07-24T09:55:58.311Z</time>
      </trkpt>
      <trkpt lat="48.470808" lon="9.064728">
        <ele>359.454305</ele>
        <time>2026-07-24T09:56:02.314Z</time>
      </trkpt>
      <trkpt lat="48.470625" lon="9.065475">
        <ele>359.828748</ele>
        <time>2026-07-24T09:56:09.056Z</time>
      </trkpt>
      <trkpt lat="48.470569" lon="9.065847">
        <ele>359.958752</ele>
        <time>2026-07-24T09:56:11.799Z</time>
      </trkpt>
      <trkpt lat="48.470544" lon="9.066233">
        <ele>360.047223</ele>
        <time>2026-07-24T09:56:14.217Z</time>
      </trkpt>
      <trkpt lat="48.470493" lon="9.066455">
        <ele>360.100818</ele>
        <time>2026-07-24T09:56:15.872Z</time>
      </trkpt>
      <trkpt lat="48.470420" lon="9.066617">
        <ele>360.145499</ele>
        <time>2026-07-24T09:56:17.845Z</time>
      </trkpt>
      <trkpt lat="48.470306" lon="9.066650">
        <ele>360.185438</ele>
        <time>2026-07-24T09:56:19.886Z</time>
      </trkpt>
      <trkpt lat="48.470284" lon="9.066704">
        <ele>360.199896</ele>
        <time>2026-07-24T09:56:20.457Z</time>
      </trkpt>
      <trkpt lat="48.470392" lon="9.066817">
        <ele>360.245120</ele>
        <time>2026-07-24T09:56:21.822Z</time>
      </trkpt>
      <trkpt lat="48.470369" lon="9.066916">
        <ele>360.269049</ele>
        <time>2026-07-24T09:56:22.546Z</time>
      </trkpt>
      <trkpt lat="48.470375" lon="9.067020">
        <ele>360.292863</ele>
        <time>2026-07-24T09:56:23.360Z</time>
      </trkpt>
      <trkpt lat="48.470407" lon="9.067113">
        <ele>360.316764</ele>
        <time>2026-07-24T09:56:24.192Z</time>
      </trkpt>
      <trkpt lat="48.470239" lon="9.067377">
        <ele>360.400237</ele>
        <time>2026-07-24T09:56:27.490Z</time>
      </trkpt>
      <trkpt lat="48.469861" lon="9.068246">
        <ele>361.002408</ele>
        <time>2026-07-24T09:56:38.158Z</time>
      </trkpt>
      <trkpt lat="48.469351" lon="9.069409">
        <ele>362.413496</ele>
        <time>2026-07-24T09:56:53.232Z</time>
      </trkpt>
      <trkpt lat="48.469217" lon="9.069677">
        <ele>362.753187</ele>
        <time>2026-07-24T09:56:57.663Z</time>
      </trkpt>
      <trkpt lat="48.468865" lon="9.070339">
        <ele>363.808173</ele>
        <time>2026-07-24T09:57:07.863Z</time>
      </trkpt>
      <trkpt lat="48.468479" lon="9.070918">
        <ele>365.125034</ele>
        <time>2026-07-24T09:57:17.832Z</time>
      </trkpt>
      <trkpt lat="48.468191" lon="9.071236">
        <ele>365.988423</ele>
        <time>2026-07-24T09:57:23.674Z</time>
      </trkpt>
      <trkpt lat="48.467925" lon="9.071490">
        <ele>366.749975</ele>
        <time>2026-07-24T09:57:30.064Z</time>
      </trkpt>
      <trkpt lat="48.467587" lon="9.071726">
        <ele>367.655292</ele>
        <time>2026-07-24T09:57:38.932Z</time>
      </trkpt>
      <trkpt lat="48.467225" lon="9.071896">
        <ele>368.740767</ele>
        <time>2026-07-24T09:57:48.380Z</time>
      </trkpt>
      <trkpt lat="48.466844" lon="9.072022">
        <ele>369.857474</ele>
        <time>2026-07-24T09:57:57.528Z</time>
      </trkpt>
      <trkpt lat="48.465522" lon="9.072298">
        <ele>373.084928</ele>
        <time>2026-07-24T09:58:23.699Z</time>
      </trkpt>
      <trkpt lat="48.463790" lon="9.072730">
        <ele>374.536287</ele>
        <time>2026-07-24T09:58:47.875Z</time>
      </trkpt>
      <trkpt lat="48.462457" lon="9.073162">
        <ele>374.532752</ele>
        <time>2026-07-24T09:59:03.220Z</time>
      </trkpt>
      <trkpt lat="48.461468" lon="9.073521">
        <ele>374.911834</ele>
        <time>2026-07-24T09:59:15.296Z</time>
      </trkpt>
      <trkpt lat="48.461326" lon="9.073482">
        <ele>374.975983</ele>
        <time>2026-07-24T09:59:16.679Z</time>
      </trkpt>
      <trkpt lat="48.461187" lon="9.073380">
        <ele>375.044686</ele>
        <time>2026-07-24T09:59:18.245Z</time>
      </trkpt>
      <trkpt lat="48.461161" lon="9.073405">
        <ele>375.058391</ele>
        <time>2026-07-24T09:59:18.638Z</time>
      </trkpt>
      <trkpt lat="48.461075" lon="9.073443">
        <ele>375.098220</ele>
        <time>2026-07-24T09:59:20.038Z</time>
      </trkpt>
      <trkpt lat="48.460908" lon="9.073820">
        <ele>375.231841</ele>
        <time>2026-07-24T09:59:25.671Z</time>
      </trkpt>
      <trkpt lat="48.460770" lon="9.073913">
        <ele>375.299020</ele>
        <time>2026-07-24T09:59:28.082Z</time>
      </trkpt>
      <trkpt lat="48.460391" lon="9.074248">
        <ele>376.054436</ele>
        <time>2026-07-24T09:59:35.674Z</time>
      </trkpt>
      <trkpt lat="48.460050" lon="9.074644">
        <ele>376.904947</ele>
        <time>2026-07-24T09:59:43.332Z</time>
      </trkpt>
      <trkpt lat="48.459749" lon="9.075099">
        <ele>377.747154</ele>
        <time>2026-07-24T09:59:50.947Z</time>
      </trkpt>
      <trkpt lat="48.459218" lon="9.076044">
        <ele>379.350639</ele>
        <time>2026-07-24T10:00:07.005Z</time>
      </trkpt>
      <trkpt lat="48.458844" lon="9.076551">
        <ele>380.304072</ele>
        <time>2026-07-24T10:00:16.480Z</time>
      </trkpt>
      <trkpt lat="48.458423" lon="9.076988">
        <ele>381.273034</ele>
        <time>2026-07-24T10:00:25.146Z</time>
      </trkpt>
      <trkpt lat="48.456966" lon="9.078286">
        <ele>384.221685</ele>
        <time>2026-07-24T10:00:54.296Z</time>
      </trkpt>
      <trkpt lat="48.456505" lon="9.078775">
        <ele>385.163301</ele>
        <time>2026-07-24T10:01:03.829Z</time>
      </trkpt>
      <trkpt lat="48.456124" lon="9.079236">
        <ele>386.012539</ele>
        <time>2026-07-24T10:01:12.602Z</time>
      </trkpt>
      <trkpt lat="48.455691" lon="9.079808">
        <ele>387.021229</ele>
        <time>2026-07-24T10:01:22.969Z</time>
      </trkpt>
      <trkpt lat="48.455201" lon="9.080376">
        <ele>388.104203</ele>
        <time>2026-07-24T10:01:32.761Z</time>
      </trkpt>
      <trkpt lat="48.454982" lon="9.080566">
        <ele>388.553178</ele>
        <time>2026-07-24T10:01:38.105Z</time>
      </trkpt>
      <trkpt lat="48.454972" lon="9.080574">
        <ele>388.574326</ele>
        <time>2026-07-24T10:01:38.386Z</time>
      </trkpt>
      <trkpt lat="48.454878" lon="9.080647">
        <ele>388.771852</ele>
        <time>2026-07-24T10:01:40.763Z</time>
      </trkpt>
      <trkpt lat="48.454611" lon="9.080829">
        <ele>389.319240</ele>
        <time>2026-07-24T10:01:44.702Z</time>
      </trkpt>
      <trkpt lat="48.454504" lon="9.080895">
        <ele>389.535207</ele>
        <time>2026-07-24T10:01:46.819Z</time>
      </trkpt>
      <trkpt lat="48.454238" lon="9.081071">
        <ele>390.077864</ele>
        <time>2026-07-24T10:01:52.498Z</time>
      </trkpt>
      <trkpt lat="48.453925" lon="9.081322">
        <ele>390.740138</ele>
        <time>2026-07-24T10:01:58.835Z</time>
      </trkpt>
      <trkpt lat="48.453633" lon="9.081629">
        <ele>391.405148</ele>
        <time>2026-07-24T10:02:05.077Z</time>
      </trkpt>
      <trkpt lat="48.453334" lon="9.082045">
        <ele>392.117601</ele>
        <time>2026-07-24T10:02:11.666Z</time>
      </trkpt>
      <trkpt lat="48.453243" lon="9.082194">
        <ele>392.334709</ele>
        <time>2026-07-24T10:02:14.584Z</time>
      </trkpt>
      <trkpt lat="48.452956" lon="9.082769">
        <ele>393.106072</ele>
        <time>2026-07-24T10:02:23.628Z</time>
      </trkpt>
      <trkpt lat="48.452727" lon="9.083402">
        <ele>393.878945</ele>
        <time>2026-07-24T10:02:30.921Z</time>
      </trkpt>
      <trkpt lat="48.452623" lon="9.083738">
        <ele>394.276387</ele>
        <time>2026-07-24T10:02:34.424Z</time>
      </trkpt>
      <trkpt lat="48.452580" lon="9.083882">
        <ele>394.445661</ele>
        <time>2026-07-24T10:02:36.337Z</time>
      </trkpt>
      <trkpt lat="48.452492" lon="9.084178">
        <ele>394.838491</ele>
        <time>2026-07-24T10:02:40.322Z</time>
      </trkpt>
      <trkpt lat="48.452478" lon="9.084226">
        <ele>394.928943</ele>
        <time>2026-07-24T10:02:40.942Z</time>
      </trkpt>
      <trkpt lat="48.452445" lon="9.084347">
        <ele>395.154624</ele>
        <time>2026-07-24T10:02:42.427Z</time>
      </trkpt>
      <trkpt lat="48.452387" lon="9.084555">
        <ele>395.543842</ele>
        <time>2026-07-24T10:02:44.904Z</time>
      </trkpt>
      <trkpt lat="48.452295" lon="9.084720">
        <ele>395.915681</ele>
        <time>2026-07-24T10:02:47.301Z</time>
      </trkpt>
      <trkpt lat="48.452181" lon="9.084808">
        <ele>396.248777</ele>
        <time>2026-07-24T10:02:49.564Z</time>
      </trkpt>
      <trkpt lat="48.452048" lon="9.085000">
        <ele>396.727680</ele>
        <time>2026-07-24T10:02:52.977Z</time>
      </trkpt>
      <trkpt lat="48.452166" lon="9.085443">
        <ele>397.551178</ele>
        <time>2026-07-24T10:02:58.949Z</time>
      </trkpt>
      <trkpt lat="48.452295" lon="9.086049">
        <ele>398.649046</ele>
        <time>2026-07-24T10:03:09.492Z</time>
      </trkpt>
      <trkpt lat="48.452474" lon="9.087677">
        <ele>400.838239</ele>
        <time>2026-07-24T10:03:34.399Z</time>
      </trkpt>
      <trkpt lat="48.452386" lon="9.087994">
        <ele>401.245309</ele>
        <time>2026-07-24T10:03:38.449Z</time>
      </trkpt>
      <trkpt lat="48.452319" lon="9.088152">
        <ele>401.467453</ele>
        <time>2026-07-24T10:03:40.169Z</time>
      </trkpt>
      <trkpt lat="48.452143" lon="9.088284">
        <ele>401.818533</ele>
        <time>2026-07-24T10:03:42.095Z</time>
      </trkpt>
      <trkpt lat="48.452028" lon="9.088389">
        <ele>402.058649</ele>
        <time>2026-07-24T10:03:43.271Z</time>
      </trkpt>
      <trkpt lat="48.451969" lon="9.088491">
        <ele>402.218970</ele>
        <time>2026-07-24T10:03:44.082Z</time>
      </trkpt>
      <trkpt lat="48.451878" lon="9.088779">
        <ele>402.596861</ele>
        <time>2026-07-24T10:03:46.411Z</time>
      </trkpt>
      <trkpt lat="48.451819" lon="9.089025">
        <ele>402.886079</ele>
        <time>2026-07-24T10:03:49.258Z</time>
      </trkpt>
      <trkpt lat="48.451688" lon="9.089448">
        <ele>403.400637</ele>
        <time>2026-07-24T10:03:54.671Z</time>
      </trkpt>
      <trkpt lat="48.451642" lon="9.089587">
        <ele>403.571857</ele>
        <time>2026-07-24T10:03:57.018Z</time>
      </trkpt>
      <trkpt lat="48.451310" lon="9.090682">
        <ele>404.898917</ele>
        <time>2026-07-24T10:04:14.245Z</time>
      </trkpt>
      <trkpt lat="48.451147" lon="9.091238">
        <ele>405.568950</ele>
        <time>2026-07-24T10:04:20.256Z</time>
      </trkpt>
      <trkpt lat="48.451031" lon="9.091777">
        <ele>406.078418</ele>
        <time>2026-07-24T10:04:24.156Z</time>
      </trkpt>
      <trkpt lat="48.451014" lon="9.091942">
        <ele>406.226845</ele>
        <time>2026-07-24T10:04:25.962Z</time>
      </trkpt>
      <trkpt lat="48.451011" lon="9.092301">
        <ele>406.545985</ele>
        <time>2026-07-24T10:04:29.865Z</time>
      </trkpt>
      <trkpt lat="48.451047" lon="9.092684">
        <ele>406.889835</ele>
        <time>2026-07-24T10:04:34.082Z</time>
      </trkpt>
      <trkpt lat="48.451097" lon="9.093066">
        <ele>407.235943</ele>
        <time>2026-07-24T10:04:38.472Z</time>
      </trkpt>
      <trkpt lat="48.451311" lon="9.094807">
        <ele>409.290450</ele>
        <time>2026-07-24T10:04:59.016Z</time>
      </trkpt>
      <trkpt lat="48.451313" lon="9.094959">
        <ele>409.506709</ele>
        <time>2026-07-24T10:05:00.926Z</time>
      </trkpt>
      <trkpt lat="48.451308" lon="9.095161">
        <ele>409.794249</ele>
        <time>2026-07-24T10:05:03.508Z</time>
      </trkpt>
      <trkpt lat="48.451303" lon="9.095347">
        <ele>410.059046</ele>
        <time>2026-07-24T10:05:05.536Z</time>
      </trkpt>
      <trkpt lat="48.451296" lon="9.095532">
        <ele>410.322632</ele>
        <time>2026-07-24T10:05:07.353Z</time>
      </trkpt>
      <trkpt lat="48.451290" lon="9.096150">
        <ele>411.201816</ele>
        <time>2026-07-24T10:05:15.681Z</time>
      </trkpt>
      <trkpt lat="48.451287" lon="9.097100">
        <ele>412.624395</ele>
        <time>2026-07-24T10:05:29.261Z</time>
      </trkpt>
      <trkpt lat="48.451287" lon="9.097144">
        <ele>412.693477</ele>
        <time>2026-07-24T10:05:29.853Z</time>
      </trkpt>
      <trkpt lat="48.451283" lon="9.098016">
        <ele>414.062593</ele>
        <time>2026-07-24T10:05:41.337Z</time>
      </trkpt>
      <trkpt lat="48.451280" lon="9.098541">
        <ele>414.886900</ele>
        <time>2026-07-24T10:05:48.895Z</time>
      </trkpt>
      <trkpt lat="48.451279" lon="9.098666">
        <ele>415.083171</ele>
        <time>2026-07-24T10:05:50.365Z</time>
      </trkpt>
      <trkpt lat="48.451266" lon="9.100559">
        <ele>417.915555</ele>
        <time>2026-07-24T10:06:10.863Z</time>
      </trkpt>
      <trkpt lat="48.451264" lon="9.101161">
        <ele>418.792268</ele>
        <time>2026-07-24T10:06:23.156Z</time>
      </trkpt>
      <trkpt lat="48.451264" lon="9.101371">
        <ele>419.098094</ele>
        <time>2026-07-24T10:06:26.577Z</time>
      </trkpt>
      <trkpt lat="48.450987" lon="9.101457">
        <ele>419.719064</ele>
        <time>2026-07-24T10:06:29.722Z</time>
      </trkpt>
      <trkpt lat="48.450300" lon="9.101786">
        <ele>420.171001</ele>
        <time>2026-07-24T10:06:39.240Z</time>
      </trkpt>
      <trkpt lat="48.449992" lon="9.101869">
        <ele>420.225394</ele>
        <time>2026-07-24T10:06:44.074Z</time>
      </trkpt>
      <trkpt lat="48.449582" lon="9.101834">
        <ele>420.296785</ele>
        <time>2026-07-24T10:06:48.702Z</time>
      </trkpt>
      <trkpt lat="48.448844" lon="9.101514">
        <ele>420.722004</ele>
        <time>2026-07-24T10:06:56.378Z</time>
      </trkpt>
      <trkpt lat="48.448591" lon="9.101483">
        <ele>421.059873</ele>
        <time>2026-07-24T10:06:59.388Z</time>
      </trkpt>
      <trkpt lat="48.448172" lon="9.101520">
        <ele>421.618544</ele>
        <time>2026-07-24T10:07:05.092Z</time>
      </trkpt>
      <trkpt lat="48.447967" lon="9.101586">
        <ele>421.897564</ele>
        <time>2026-07-24T10:07:08.138Z</time>
      </trkpt>
      <trkpt lat="48.447810" lon="9.101695">
        <ele>422.127635</ele>
        <time>2026-07-24T10:07:11.028Z</time>
      </trkpt>
      <trkpt lat="48.447764" lon="9.101745">
        <ele>422.203118</ele>
        <time>2026-07-24T10:07:12.176Z</time>
      </trkpt>
      <trkpt lat="48.448088" lon="9.102375">
        <ele>422.983113</ele>
        <time>2026-07-24T10:07:24.794Z</time>
      </trkpt>
      <trkpt lat="48.448408" lon="9.102927">
        <ele>424.020458</ele>
        <time>2026-07-24T10:07:37.380Z</time>
      </trkpt>
      <trkpt lat="48.448113" lon="9.103203">
        <ele>424.761104</ele>
        <time>2026-07-24T10:07:46.625Z</time>
      </trkpt>
      <trkpt lat="48.447886" lon="9.103329">
        <ele>425.277134</ele>
        <time>2026-07-24T10:07:51.592Z</time>
      </trkpt>
      <trkpt lat="48.447541" lon="9.103428">
        <ele>426.026326</ele>
        <time>2026-07-24T10:07:54.812Z</time>
      </trkpt>
      <trkpt lat="48.447303" lon="9.103454">
        <ele>426.535376</ele>
        <time>2026-07-24T10:07:56.872Z</time>
      </trkpt>
      <trkpt lat="48.446661" lon="9.103295">
        <ele>426.304821</ele>
        <time>2026-07-24T10:08:05.786Z</time>
      </trkpt>
      <trkpt lat="48.446561" lon="9.103262">
        <ele>426.252516</ele>
        <time>2026-07-24T10:08:06.946Z</time>
      </trkpt>
      <trkpt lat="48.445932" lon="9.102935">
        <ele>425.912561</ele>
        <time>2026-07-24T10:08:13.092Z</time>
      </trkpt>
      <trkpt lat="48.445654" lon="9.102826">
        <ele>425.765793</ele>
        <time>2026-07-24T10:08:15.737Z</time>
      </trkpt>
      <trkpt lat="48.445479" lon="9.102796">
        <ele>425.786043</ele>
        <time>2026-07-24T10:08:17.533Z</time>
      </trkpt>
      <trkpt lat="48.445324" lon="9.102818">
        <ele>426.091915</ele>
        <time>2026-07-24T10:08:19.633Z</time>
      </trkpt>
      <trkpt lat="48.443468" lon="9.103618">
        <ele>430.541257</ele>
        <time>2026-07-24T10:08:58.054Z</time>
      </trkpt>
      <trkpt lat="48.442924" lon="9.103847">
        <ele>432.768421</ele>
        <time>2026-07-24T10:09:12.281Z</time>
      </trkpt>
      <trkpt lat="48.441474" lon="9.104606">
        <ele>438.799202</ele>
        <time>2026-07-24T10:09:52.452Z</time>
      </trkpt>
      <trkpt lat="48.441404" lon="9.104645">
        <ele>439.090911</ele>
        <time>2026-07-24T10:09:54.212Z</time>
      </trkpt>
      <trkpt lat="48.440691" lon="9.105038">
        <ele>442.058384</ele>
        <time>2026-07-24T10:10:11.036Z</time>
      </trkpt>
      <trkpt lat="48.439751" lon="9.105386">
        <ele>447.040200</ele>
        <time>2026-07-24T10:10:35.072Z</time>
      </trkpt>
      <trkpt lat="48.438716" lon="9.105852">
        <ele>453.297245</ele>
        <time>2026-07-24T10:11:11.437Z</time>
      </trkpt>
      <trkpt lat="48.438375" lon="9.106174">
        <ele>454.455923</ele>
        <time>2026-07-24T10:11:25.523Z</time>
      </trkpt>
      <trkpt lat="48.438191" lon="9.106475">
        <ele>455.034380</ele>
        <time>2026-07-24T10:11:37.829Z</time>
      </trkpt>
      <trkpt lat="48.437496" lon="9.108531">
        <ele>458.314711</ele>
        <time>2026-07-24T10:11:53.158Z</time>
      </trkpt>
      <trkpt lat="48.437440" lon="9.108697">
        <ele>458.585203</ele>
        <time>2026-07-24T10:11:54.056Z</time>
      </trkpt>
      <trkpt lat="48.437319" lon="9.108932">
        <ele>459.017273</ele>
        <time>2026-07-24T10:11:55.564Z</time>
      </trkpt>
      <trkpt lat="48.436688" lon="9.109687">
        <ele>460.781085</ele>
        <time>2026-07-24T10:12:17.473Z</time>
      </trkpt>
      <trkpt lat="48.436440" lon="9.110009">
        <ele>461.497706</ele>
        <time>2026-07-24T10:12:28.738Z</time>
      </trkpt>
      <trkpt lat="48.436182" lon="9.110402">
        <ele>461.877698</ele>
        <time>2026-07-24T10:12:38.682Z</time>
      </trkpt>
      <trkpt lat="48.435865" lon="9.111127">
        <ele>462.434253</ele>
        <time>2026-07-24T10:12:48.324Z</time>
      </trkpt>
      <trkpt lat="48.435616" lon="9.111432">
        <ele>462.744241</ele>
        <time>2026-07-24T10:12:50.880Z</time>
      </trkpt>
      <trkpt lat="48.435305" lon="9.111670">
        <ele>463.081217</ele>
        <time>2026-07-24T10:12:55.431Z</time>
      </trkpt>
      <trkpt lat="48.435194" lon="9.111790">
        <ele>463.213191</ele>
        <time>2026-07-24T10:12:56.493Z</time>
      </trkpt>
      <trkpt lat="48.435109" lon="9.111896">
        <ele>463.315444</ele>
        <time>2026-07-24T10:12:57.324Z</time>
      </trkpt>
      <trkpt lat="48.434634" lon="9.111971">
        <ele>463.724968</ele>
        <time>2026-07-24T10:13:04.270Z</time>
      </trkpt>
      <trkpt lat="48.434338" lon="9.111971">
        <ele>463.978778</ele>
        <time>2026-07-24T10:13:09.138Z</time>
      </trkpt>
      <trkpt lat="48.434139" lon="9.111869">
        <ele>464.159011</ele>
        <time>2026-07-24T10:13:12.238Z</time>
      </trkpt>
      <trkpt lat="48.433980" lon="9.111701">
        <ele>464.325512</ele>
        <time>2026-07-24T10:13:15.067Z</time>
      </trkpt>
      <trkpt lat="48.433567" lon="9.111368">
        <ele>464.727135</ele>
        <time>2026-07-24T10:13:20.482Z</time>
      </trkpt>
      <trkpt lat="48.433061" lon="9.111040">
        <ele>467.723836</ele>
        <time>2026-07-24T10:13:33.747Z</time>
      </trkpt>
      <trkpt lat="48.432793" lon="9.110906">
        <ele>469.591884</ele>
        <time>2026-07-24T10:13:41.990Z</time>
      </trkpt>
      <trkpt lat="48.431874" lon="9.110613">
        <ele>475.806328</ele>
        <time>2026-07-24T10:14:19.595Z</time>
      </trkpt>
      <trkpt lat="48.430805" lon="9.110262">
        <ele>483.007522</ele>
        <time>2026-07-24T10:15:03.544Z</time>
      </trkpt>
      <trkpt lat="48.430041" lon="9.110176">
        <ele>488.046417</ele>
        <time>2026-07-24T10:15:22.200Z</time>
      </trkpt>
      <trkpt lat="48.429735" lon="9.110120">
        <ele>489.204200</ele>
        <time>2026-07-24T10:15:30.927Z</time>
      </trkpt>
      <trkpt lat="48.429475" lon="9.110003">
        <ele>489.968523</ele>
        <time>2026-07-24T10:15:37.712Z</time>
      </trkpt>
      <trkpt lat="48.429099" lon="9.109729">
        <ele>491.144965</ele>
        <time>2026-07-24T10:15:46.779Z</time>
      </trkpt>
      <trkpt lat="48.428340" lon="9.108478">
        <ele>494.783733</ele>
        <time>2026-07-24T10:16:06.148Z</time>
      </trkpt>
      <trkpt lat="48.427719" lon="9.107834">
        <ele>498.346404</ele>
        <time>2026-07-24T10:16:19.786Z</time>
      </trkpt>
      <trkpt lat="48.427569" lon="9.107785">
        <ele>499.071785</ele>
        <time>2026-07-24T10:16:23.074Z</time>
      </trkpt>
      <trkpt lat="48.427118" lon="9.107830">
        <ele>501.207930</ele>
        <time>2026-07-24T10:16:38.906Z</time>
      </trkpt>
      <trkpt lat="48.426543" lon="9.107763">
        <ele>506.371536</ele>
        <time>2026-07-24T10:17:07.378Z</time>
      </trkpt>
      <trkpt lat="48.426283" lon="9.107608">
        <ele>509.469250</ele>
        <time>2026-07-24T10:17:21.294Z</time>
      </trkpt>
      <trkpt lat="48.426165" lon="9.107486">
        <ele>511.054655</ele>
        <time>2026-07-24T10:17:28.029Z</time>
      </trkpt>
      <trkpt lat="48.425993" lon="9.107219">
        <ele>513.790394</ele>
        <time>2026-07-24T10:17:39.179Z</time>
      </trkpt>
      <trkpt lat="48.425857" lon="9.106810">
        <ele>517.153667</ele>
        <time>2026-07-24T10:17:51.227Z</time>
      </trkpt>
      <trkpt lat="48.425740" lon="9.106687">
        <ele>518.734148</ele>
        <time>2026-07-24T10:17:56.427Z</time>
      </trkpt>
      <trkpt lat="48.425576" lon="9.106691">
        <ele>520.551322</ele>
        <time>2026-07-24T10:18:03.077Z</time>
      </trkpt>
      <trkpt lat="48.425362" lon="9.106796">
        <ele>523.275558</ele>
        <time>2026-07-24T10:18:13.750Z</time>
      </trkpt>
      <trkpt lat="48.425078" lon="9.107003">
        <ele>527.579200</ele>
        <time>2026-07-24T10:18:40.168Z</time>
      </trkpt>
      <trkpt lat="48.424946" lon="9.107263">
        <ele>530.542714</ele>
        <time>2026-07-24T10:18:55.664Z</time>
      </trkpt>
      <trkpt lat="48.424762" lon="9.108192">
        <ele>539.319256</ele>
        <time>2026-07-24T10:19:33.960Z</time>
      </trkpt>
      <trkpt lat="48.424631" lon="9.108501">
        <ele>542.638660</ele>
        <time>2026-07-24T10:19:45.686Z</time>
      </trkpt>
      <trkpt lat="48.424551" lon="9.108764">
        <ele>545.257735</ele>
        <time>2026-07-24T10:19:54.273Z</time>
      </trkpt>
      <trkpt lat="48.424488" lon="9.109236">
        <ele>548.376744</ele>
        <time>2026-07-24T10:20:08.043Z</time>
      </trkpt>
      <trkpt lat="48.424476" lon="9.109642">
        <ele>550.552223</ele>
        <time>2026-07-24T10:20:18.946Z</time>
      </trkpt>
      <trkpt lat="48.424537" lon="9.110042">
        <ele>552.749241</ele>
        <time>2026-07-24T10:20:29.827Z</time>
      </trkpt>
      <trkpt lat="48.424545" lon="9.110278">
        <ele>554.014198</ele>
        <time>2026-07-24T10:20:35.738Z</time>
      </trkpt>
      <trkpt lat="48.424505" lon="9.110387">
        <ele>554.680950</ele>
        <time>2026-07-24T10:20:38.046Z</time>
      </trkpt>
      <trkpt lat="48.424476" lon="9.110410">
        <ele>554.945301</ele>
        <time>2026-07-24T10:20:38.944Z</time>
      </trkpt>
      <trkpt lat="48.424438" lon="9.110392">
        <ele>555.266618</ele>
        <time>2026-07-24T10:20:40.110Z</time>
      </trkpt>
      <trkpt lat="48.424217" lon="9.110171">
        <ele>557.406147</ele>
        <time>2026-07-24T10:20:50.541Z</time>
      </trkpt>
      <trkpt lat="48.423546" lon="9.109074">
        <ele>565.416963</ele>
        <time>2026-07-24T10:21:22.516Z</time>
      </trkpt>
      <trkpt lat="48.423293" lon="9.108586">
        <ele>568.750864</ele>
        <time>2026-07-24T10:21:35.294Z</time>
      </trkpt>
      <trkpt lat="48.423201" lon="9.108512">
        <ele>569.596888</ele>
        <time>2026-07-24T10:21:42.220Z</time>
      </trkpt>
      <trkpt lat="48.423125" lon="9.108537">
        <ele>570.227960</ele>
        <time>2026-07-24T10:21:48.378Z</time>
      </trkpt>
      <trkpt lat="48.423072" lon="9.108664">
        <ele>571.035642</ele>
        <time>2026-07-24T10:21:55.154Z</time>
      </trkpt>
      <trkpt lat="48.422829" lon="9.109689">
        <ele>576.226742</ele>
        <time>2026-07-24T10:22:22.212Z</time>
      </trkpt>
      <trkpt lat="48.422766" lon="9.109861">
        <ele>576.700679</ele>
        <time>2026-07-24T10:22:25.908Z</time>
      </trkpt>
      <trkpt lat="48.422680" lon="9.109973">
        <ele>577.113881</ele>
        <time>2026-07-24T10:22:28.646Z</time>
      </trkpt>
      <trkpt lat="48.422442" lon="9.110077">
        <ele>578.014692</ele>
        <time>2026-07-24T10:22:33.454Z</time>
      </trkpt>
      <trkpt lat="48.422323" lon="9.110128">
        <ele>578.464432</ele>
        <time>2026-07-24T10:22:35.607Z</time>
      </trkpt>
      <trkpt lat="48.422088" lon="9.110298">
        <ele>579.412038</ele>
        <time>2026-07-24T10:22:39.656Z</time>
      </trkpt>
      <trkpt lat="48.421313" lon="9.110881">
        <ele>582.037475</ele>
        <time>2026-07-24T10:23:01.515Z</time>
      </trkpt>
      <trkpt lat="48.421111" lon="9.110672">
        <ele>581.551777</ele>
        <time>2026-07-24T10:23:03.783Z</time>
      </trkpt>
      <trkpt lat="48.420771" lon="9.110423">
        <ele>580.802462</ele>
        <time>2026-07-24T10:23:07.051Z</time>
      </trkpt>
      <trkpt lat="48.420571" lon="9.110329">
        <ele>580.387193</ele>
        <time>2026-07-24T10:23:08.722Z</time>
      </trkpt>
      <trkpt lat="48.420316" lon="9.110248">
        <ele>579.870635</ele>
        <time>2026-07-24T10:23:10.825Z</time>
      </trkpt>
      <trkpt lat="48.420038" lon="9.110247">
        <ele>579.319595</ele>
        <time>2026-07-24T10:23:13.143Z</time>
      </trkpt>
      <trkpt lat="48.419907" lon="9.110260">
        <ele>579.059370</ele>
        <time>2026-07-24T10:23:14.207Z</time>
      </trkpt>
      <trkpt lat="48.419495" lon="9.110419">
        <ele>577.659625</ele>
        <time>2026-07-24T10:23:17.434Z</time>
      </trkpt>
      <trkpt lat="48.419073" lon="9.110559">
        <ele>575.720868</ele>
        <time>2026-07-24T10:23:20.919Z</time>
      </trkpt>
      <trkpt lat="48.418858" lon="9.110594">
        <ele>574.750604</ele>
        <time>2026-07-24T10:23:22.582Z</time>
      </trkpt>
      <trkpt lat="48.418131" lon="9.110563">
        <ele>571.487434</ele>
        <time>2026-07-24T10:23:28.149Z</time>
      </trkpt>
      <trkpt lat="48.417968" lon="9.110584">
        <ele>570.753426</ele>
        <time>2026-07-24T10:23:29.340Z</time>
      </trkpt>
      <trkpt lat="48.417716" lon="9.110672">
        <ele>568.897928</ele>
        <time>2026-07-24T10:23:31.187Z</time>
      </trkpt>
      <trkpt lat="48.417717" lon="9.110733">
        <ele>568.589219</ele>
        <time>2026-07-24T10:23:31.485Z</time>
      </trkpt>
      <trkpt lat="48.417649" lon="9.110773">
        <ele>568.032759</ele>
        <time>2026-07-24T10:23:32.043Z</time>
      </trkpt>
      <trkpt lat="48.417550" lon="9.110830">
        <ele>567.224871</ele>
        <time>2026-07-24T10:23:32.901Z</time>
      </trkpt>
      <trkpt lat="48.417440" lon="9.110763">
        <ele>566.320430</ele>
        <time>2026-07-24T10:23:33.926Z</time>
      </trkpt>
      <trkpt lat="48.417312" lon="9.110791">
        <ele>565.334470</ele>
        <time>2026-07-24T10:23:34.937Z</time>
      </trkpt>
      <trkpt lat="48.417205" lon="9.110860">
        <ele>564.447256</ele>
        <time>2026-07-24T10:23:35.750Z</time>
      </trkpt>
      <trkpt lat="48.416821" lon="9.111188">
        <ele>561.082400</ele>
        <time>2026-07-24T10:23:38.699Z</time>
      </trkpt>
      <trkpt lat="48.416768" lon="9.111224">
        <ele>560.639229</ele>
        <time>2026-07-24T10:23:39.097Z</time>
      </trkpt>
      <trkpt lat="48.416643" lon="9.111232">
        <ele>559.685509</ele>
        <time>2026-07-24T10:23:39.967Z</time>
      </trkpt>
      <trkpt lat="48.416619" lon="9.111158">
        <ele>559.268806</ele>
        <time>2026-07-24T10:23:40.342Z</time>
      </trkpt>
      <trkpt lat="48.416544" lon="9.111098">
        <ele>558.621496</ele>
        <time>2026-07-24T10:23:40.934Z</time>
      </trkpt>
      <trkpt lat="48.416264" lon="9.110822">
        <ele>556.655312</ele>
        <time>2026-07-24T10:23:43.539Z</time>
      </trkpt>
      <trkpt lat="48.416134" lon="9.110631">
        <ele>556.275834</ele>
        <time>2026-07-24T10:23:44.914Z</time>
      </trkpt>
      <trkpt lat="48.416029" lon="9.110395">
        <ele>555.881735</ele>
        <time>2026-07-24T10:23:46.306Z</time>
      </trkpt>
      <trkpt lat="48.415972" lon="9.110360">
        <ele>555.753098</ele>
        <time>2026-07-24T10:23:46.781Z</time>
      </trkpt>
      <trkpt lat="48.415986" lon="9.110121">
        <ele>555.420293</ele>
        <time>2026-07-24T10:23:48.085Z</time>
      </trkpt>
      <trkpt lat="48.415994" lon="9.109968">
        <ele>555.207410</ele>
        <time>2026-07-24T10:23:48.908Z</time>
      </trkpt>
      <trkpt lat="48.416017" lon="9.109576">
        <ele>554.661547</ele>
        <time>2026-07-24T10:23:51.011Z</time>
      </trkpt>
      <trkpt lat="48.416051" lon="9.109217">
        <ele>554.158535</ele>
        <time>2026-07-24T10:23:52.870Z</time>
      </trkpt>
      <trkpt lat="48.416055" lon="9.109087">
        <ele>553.978019</ele>
        <time>2026-07-24T10:23:53.526Z</time>
      </trkpt>
      <trkpt lat="48.416038" lon="9.108853">
        <ele>553.651500</ele>
        <time>2026-07-24T10:23:54.847Z</time>
      </trkpt>
      <trkpt lat="48.415975" lon="9.108682">
        <ele>553.380214</ele>
        <time>2026-07-24T10:23:58.141Z</time>
      </trkpt>
      <trkpt lat="48.415895" lon="9.108556">
        <ele>553.138348</ele>
        <time>2026-07-24T10:24:03.125Z</time>
      </trkpt>
      <trkpt lat="48.415685" lon="9.108242">
        <ele>553.447588</ele>
        <time>2026-07-24T10:24:17.288Z</time>
      </trkpt>
      <trkpt lat="48.415626" lon="9.108146">
        <ele>553.548046</ele>
        <time>2026-07-24T10:24:19.853Z</time>
      </trkpt>
      <trkpt lat="48.415314" lon="9.107514">
        <ele>554.152825</ele>
        <time>2026-07-24T10:24:31.526Z</time>
      </trkpt>
      <trkpt lat="48.415240" lon="9.107309">
        <ele>554.332003</ele>
        <time>2026-07-24T10:24:33.388Z</time>
      </trkpt>
      <trkpt lat="48.414973" lon="9.106092">
        <ele>555.085705</ele>
        <time>2026-07-24T10:24:41.164Z</time>
      </trkpt>
      <trkpt lat="48.414835" lon="9.105825">
        <ele>554.839485</ele>
        <time>2026-07-24T10:24:42.791Z</time>
      </trkpt>
      <trkpt lat="48.414459" lon="9.105024">
        <ele>554.125662</ele>
        <time>2026-07-24T10:24:47.704Z</time>
      </trkpt>
      <trkpt lat="48.414411" lon="9.104788">
        <ele>553.946068</ele>
        <time>2026-07-24T10:24:49.222Z</time>
      </trkpt>
      <trkpt lat="48.414134" lon="9.104771">
        <ele>553.642167</ele>
        <time>2026-07-24T10:24:54.921Z</time>
      </trkpt>
      <trkpt lat="48.413896" lon="9.104715">
        <ele>553.378107</ele>
        <time>2026-07-24T10:25:01.334Z</time>
      </trkpt>
      <trkpt lat="48.413835" lon="9.104700">
        <ele>553.310354</ele>
        <time>2026-07-24T10:25:02.955Z</time>
      </trkpt>
      <trkpt lat="48.413711" lon="9.104585">
        <ele>553.376087</ele>
        <time>2026-07-24T10:25:06.635Z</time>
      </trkpt>
      <trkpt lat="48.413599" lon="9.104479">
        <ele>553.664323</ele>
        <time>2026-07-24T10:25:10.031Z</time>
      </trkpt>
      <trkpt lat="48.413524" lon="9.104409">
        <ele>553.856587</ele>
        <time>2026-07-24T10:25:12.197Z</time>
      </trkpt>
      <trkpt lat="48.413412" lon="9.104276">
        <ele>554.167362</ele>
        <time>2026-07-24T10:25:15.187Z</time>
      </trkpt>
      <trkpt lat="48.412547" lon="9.103574">
        <ele>556.308490</ele>
        <time>2026-07-24T10:25:31.133Z</time>
      </trkpt>
      <trkpt lat="48.412320" lon="9.103373">
        <ele>556.882289</ele>
        <time>2026-07-24T10:25:34.924Z</time>
      </trkpt>
      <trkpt lat="48.412150" lon="9.103228">
        <ele>557.414972</ele>
        <time>2026-07-24T10:25:38.408Z</time>
      </trkpt>
      <trkpt lat="48.411992" lon="9.103094">
        <ele>558.070653</ele>
        <time>2026-07-24T10:25:42.164Z</time>
      </trkpt>
      <trkpt lat="48.411600" lon="9.102769">
        <ele>559.688703</ele>
        <time>2026-07-24T10:25:52.962Z</time>
      </trkpt>
      <trkpt lat="48.410009" lon="9.101439">
        <ele>565.314676</ele>
        <time>2026-07-24T10:26:38.946Z</time>
      </trkpt>
      <trkpt lat="48.408843" lon="9.100442">
        <ele>568.143122</ele>
        <time>2026-07-24T10:26:59.980Z</time>
      </trkpt>
      <trkpt lat="48.408657" lon="9.100352">
        <ele>568.406014</ele>
        <time>2026-07-24T10:27:02.056Z</time>
      </trkpt>
      <trkpt lat="48.407902" lon="9.100131">
        <ele>569.441006</ele>
        <time>2026-07-24T10:27:09.967Z</time>
      </trkpt>
      <trkpt lat="48.407632" lon="9.100060">
        <ele>569.809834</ele>
        <time>2026-07-24T10:27:15.584Z</time>
      </trkpt>
      <trkpt lat="48.407581" lon="9.100037">
        <ele>569.881473</ele>
        <time>2026-07-24T10:27:16.776Z</time>
      </trkpt>
      <trkpt lat="48.407072" lon="9.099655">
        <ele>571.475516</ele>
        <time>2026-07-24T10:27:32.886Z</time>
      </trkpt>
      <trkpt lat="48.406571" lon="9.099233">
        <ele>573.698420</ele>
        <time>2026-07-24T10:27:49.072Z</time>
      </trkpt>
      <trkpt lat="48.406293" lon="9.098939">
        <ele>575.013836</ele>
        <time>2026-07-24T10:27:57.107Z</time>
      </trkpt>
      <trkpt lat="48.405788" lon="9.098343">
        <ele>577.183172</ele>
        <time>2026-07-24T10:28:14.125Z</time>
      </trkpt>
      <trkpt lat="48.405513" lon="9.098074">
        <ele>577.230937</ele>
        <time>2026-07-24T10:28:17.097Z</time>
      </trkpt>
      <trkpt lat="48.405153" lon="9.097834">
        <ele>577.288286</ele>
        <time>2026-07-24T10:28:21.154Z</time>
      </trkpt>
      <trkpt lat="48.404994" lon="9.097650">
        <ele>577.317495</ele>
        <time>2026-07-24T10:28:22.870Z</time>
      </trkpt>
      <trkpt lat="48.404937" lon="9.097581">
        <ele>577.328147</ele>
        <time>2026-07-24T10:28:23.518Z</time>
      </trkpt>
      <trkpt lat="48.404616" lon="9.097221">
        <ele>577.386445</ele>
        <time>2026-07-24T10:28:29.587Z</time>
      </trkpt>
      <trkpt lat="48.404309" lon="9.096984">
        <ele>577.422110</ele>
        <time>2026-07-24T10:28:33.561Z</time>
      </trkpt>
      <trkpt lat="48.402458" lon="9.096127">
        <ele>576.535298</ele>
        <time>2026-07-24T10:28:54.337Z</time>
      </trkpt>
      <trkpt lat="48.402112" lon="9.096019">
        <ele>576.189048</ele>
        <time>2026-07-24T10:28:57.804Z</time>
      </trkpt>
      <trkpt lat="48.401817" lon="9.095985">
        <ele>575.899131</ele>
        <time>2026-07-24T10:29:00.600Z</time>
      </trkpt>
      <trkpt lat="48.401476" lon="9.096019">
        <ele>575.564253</ele>
        <time>2026-07-24T10:29:03.500Z</time>
      </trkpt>
      <trkpt lat="48.401190" lon="9.096125">
        <ele>575.275641</ele>
        <time>2026-07-24T10:29:06.546Z</time>
      </trkpt>
      <trkpt lat="48.399868" lon="9.096858">
        <ele>573.435473</ele>
        <time>2026-07-24T10:29:22.043Z</time>
      </trkpt>
      <trkpt lat="48.399429" lon="9.097131">
        <ele>572.764010</ele>
        <time>2026-07-24T10:29:26.868Z</time>
      </trkpt>
      <trkpt lat="48.399199" lon="9.097234">
        <ele>572.424776</ele>
        <time>2026-07-24T10:29:28.771Z</time>
      </trkpt>
      <trkpt lat="48.397362" lon="9.097763">
        <ele>562.846916</ele>
        <time>2026-07-24T10:29:42.595Z</time>
      </trkpt>
      <trkpt lat="48.396778" lon="9.098076">
        <ele>560.553873</ele>
        <time>2026-07-24T10:29:47.250Z</time>
      </trkpt>
      <trkpt lat="48.396192" lon="9.098500">
        <ele>558.148961</ele>
        <time>2026-07-24T10:29:52.668Z</time>
      </trkpt>
      <trkpt lat="48.396045" lon="9.098547">
        <ele>557.593060</ele>
        <time>2026-07-24T10:29:54.003Z</time>
      </trkpt>
      <trkpt lat="48.395906" lon="9.098552">
        <ele>557.078725</ele>
        <time>2026-07-24T10:29:55.222Z</time>
      </trkpt>
      <trkpt lat="48.395303" lon="9.098435">
        <ele>555.659399</ele>
        <time>2026-07-24T10:30:00.212Z</time>
      </trkpt>
      <trkpt lat="48.395139" lon="9.098458">
        <ele>555.378463</ele>
        <time>2026-07-24T10:30:01.483Z</time>
      </trkpt>
      <trkpt lat="48.394880" lon="9.098577">
        <ele>554.916601</ele>
        <time>2026-07-24T10:30:03.633Z</time>
      </trkpt>
      <trkpt lat="48.394577" lon="9.098793">
        <ele>554.344819</ele>
        <time>2026-07-24T10:30:06.654Z</time>
      </trkpt>
      <trkpt lat="48.394449" lon="9.098923">
        <ele>554.081491</ele>
        <time>2026-07-24T10:30:08.222Z</time>
      </trkpt>
      <trkpt lat="48.394237" lon="9.099259">
        <ele>553.556554</ele>
        <time>2026-07-24T10:30:12.222Z</time>
      </trkpt>
      <trkpt lat="48.394132" lon="9.099475">
        <ele>553.305328</ele>
        <time>2026-07-24T10:30:15.493Z</time>
      </trkpt>
      <trkpt lat="48.393915" lon="9.100218">
        <ele>553.379440</ele>
        <time>2026-07-24T10:30:22.995Z</time>
      </trkpt>
      <trkpt lat="48.393543" lon="9.101583">
        <ele>553.514160</ele>
        <time>2026-07-24T10:30:32.210Z</time>
      </trkpt>
      <trkpt lat="48.393309" lon="9.102787">
        <ele>554.867053</ele>
        <time>2026-07-24T10:30:49.449Z</time>
      </trkpt>
      <trkpt lat="48.393026" lon="9.103948">
        <ele>556.729536</ele>
        <time>2026-07-24T10:31:04.238Z</time>
      </trkpt>
      <trkpt lat="48.392830" lon="9.104640">
        <ele>557.849835</ele>
        <time>2026-07-24T10:31:14.600Z</time>
      </trkpt>
      <trkpt lat="48.392662" lon="9.105206">
        <ele>558.733073</ele>
        <time>2026-07-24T10:31:24.334Z</time>
      </trkpt>
      <trkpt lat="48.392560" lon="9.105459">
        <ele>559.154740</ele>
        <time>2026-07-24T10:31:29.072Z</time>
      </trkpt>
      <trkpt lat="48.392310" lon="9.105986">
        <ele>560.077440</ele>
        <time>2026-07-24T10:31:38.878Z</time>
      </trkpt>
      <trkpt lat="48.392175" lon="9.106195">
        <ele>560.492828</ele>
        <time>2026-07-24T10:31:41.406Z</time>
      </trkpt>
      <trkpt lat="48.391991" lon="9.106104">
        <ele>560.908337</ele>
        <time>2026-07-24T10:31:43.184Z</time>
      </trkpt>
      <trkpt lat="48.391690" lon="9.105966">
        <ele>561.579779</ele>
        <time>2026-07-24T10:31:46.878Z</time>
      </trkpt>
      <trkpt lat="48.391084" lon="9.105789">
        <ele>562.854604</ele>
        <time>2026-07-24T10:31:56.804Z</time>
      </trkpt>
      <trkpt lat="48.390606" lon="9.105504">
        <ele>563.916321</ele>
        <time>2026-07-24T10:32:05.625Z</time>
      </trkpt>
      <trkpt lat="48.390439" lon="9.105400">
        <ele>564.289535</ele>
        <time>2026-07-24T10:32:09.821Z</time>
      </trkpt>
      <trkpt lat="48.390301" lon="9.105371">
        <ele>564.577292</ele>
        <time>2026-07-24T10:32:12.883Z</time>
      </trkpt>
      <trkpt lat="48.389920" lon="9.105409">
        <ele>565.495656</ele>
        <time>2026-07-24T10:32:21.571Z</time>
      </trkpt>
      <trkpt lat="48.389728" lon="9.105445">
        <ele>566.210730</ele>
        <time>2026-07-24T10:32:26.373Z</time>
      </trkpt>
      <trkpt lat="48.389348" lon="9.105609">
        <ele>567.671676</ele>
        <time>2026-07-24T10:32:36.939Z</time>
      </trkpt>
      <trkpt lat="48.389007" lon="9.105615">
        <ele>568.932033</ele>
        <time>2026-07-24T10:32:46.658Z</time>
      </trkpt>
      <trkpt lat="48.388082" lon="9.105446">
        <ele>571.639445</ele>
        <time>2026-07-24T10:33:06.572Z</time>
      </trkpt>
      <trkpt lat="48.387609" lon="9.105223">
        <ele>570.911173</ele>
        <time>2026-07-24T10:33:16.671Z</time>
      </trkpt>
      <trkpt lat="48.387471" lon="9.105154">
        <ele>570.697517</ele>
        <time>2026-07-24T10:33:18.376Z</time>
      </trkpt>
      <trkpt lat="48.387340" lon="9.105105">
        <ele>570.499182</ele>
        <time>2026-07-24T10:33:19.613Z</time>
      </trkpt>
      <trkpt lat="48.386792" lon="9.104885">
        <ele>569.665850</ele>
        <time>2026-07-24T10:33:23.950Z</time>
      </trkpt>
      <trkpt lat="48.386590" lon="9.104788">
        <ele>569.354314</ele>
        <time>2026-07-24T10:33:25.462Z</time>
      </trkpt>
      <trkpt lat="48.386188" lon="9.104487">
        <ele>568.298609</ele>
        <time>2026-07-24T10:33:28.906Z</time>
      </trkpt>
      <trkpt lat="48.385992" lon="9.104291">
        <ele>567.685179</ele>
        <time>2026-07-24T10:33:30.771Z</time>
      </trkpt>
      <trkpt lat="48.385863" lon="9.104154">
        <ele>567.273616</ele>
        <time>2026-07-24T10:33:32.049Z</time>
      </trkpt>
      <trkpt lat="48.385582" lon="9.103737">
        <ele>566.245004</ele>
        <time>2026-07-24T10:33:35.186Z</time>
      </trkpt>
      <trkpt lat="48.385478" lon="9.103612">
        <ele>565.898068</ele>
        <time>2026-07-24T10:33:36.296Z</time>
      </trkpt>
      <trkpt lat="48.385257" lon="9.103425">
        <ele>565.237137</ele>
        <time>2026-07-24T10:33:38.510Z</time>
      </trkpt>
      <trkpt lat="48.385214" lon="9.103234">
        <ele>564.887939</ele>
        <time>2026-07-24T10:33:39.774Z</time>
      </trkpt>
      <trkpt lat="48.384982" lon="9.103290">
        <ele>564.742459</ele>
        <time>2026-07-24T10:33:44.873Z</time>
      </trkpt>
      <trkpt lat="48.384565" lon="9.103345">
        <ele>565.763650</ele>
        <time>2026-07-24T10:33:52.829Z</time>
      </trkpt>
      <trkpt lat="48.384199" lon="9.103480">
        <ele>566.682929</ele>
        <time>2026-07-24T10:33:58.447Z</time>
      </trkpt>
      <trkpt lat="48.383962" lon="9.103649">
        <ele>567.322663</ele>
        <time>2026-07-24T10:34:03.924Z</time>
      </trkpt>
      <trkpt lat="48.383761" lon="9.103844">
        <ele>567.905983</ele>
        <time>2026-07-24T10:34:10.886Z</time>
      </trkpt>
      <trkpt lat="48.383374" lon="9.104283">
        <ele>569.184287</ele>
        <time>2026-07-24T10:34:22.770Z</time>
      </trkpt>
      <trkpt lat="48.383020" lon="9.104799">
        <ele>571.016820</ele>
        <time>2026-07-24T10:34:33.179Z</time>
      </trkpt>
      <trkpt lat="48.382898" lon="9.105029">
        <ele>571.743925</ele>
        <time>2026-07-24T10:34:38.223Z</time>
      </trkpt>
      <trkpt lat="48.382755" lon="9.105315">
        <ele>572.628224</ele>
        <time>2026-07-24T10:34:44.987Z</time>
      </trkpt>
      <trkpt lat="48.382623" lon="9.105559">
        <ele>573.405601</ele>
        <time>2026-07-24T10:34:49.294Z</time>
      </trkpt>
      <trkpt lat="48.382449" lon="9.105829">
        <ele>574.334928</ele>
        <time>2026-07-24T10:34:54.082Z</time>
      </trkpt>
      <trkpt lat="48.382305" lon="9.106083">
        <ele>575.159866</ele>
        <time>2026-07-24T10:34:57.482Z</time>
      </trkpt>
      <trkpt lat="48.381952" lon="9.106754">
        <ele>577.278101</ele>
        <time>2026-07-24T10:35:14.865Z</time>
      </trkpt>
      <trkpt lat="48.381890" lon="9.106835">
        <ele>577.584084</ele>
        <time>2026-07-24T10:35:17.477Z</time>
      </trkpt>
      <trkpt lat="48.381739" lon="9.106999">
        <ele>578.278106</ele>
        <time>2026-07-24T10:35:22.347Z</time>
      </trkpt>
      <trkpt lat="48.381600" lon="9.107119">
        <ele>578.875369</ele>
        <time>2026-07-24T10:35:24.778Z</time>
      </trkpt>
      <trkpt lat="48.381531" lon="9.107181">
        <ele>579.174892</ele>
        <time>2026-07-24T10:35:25.904Z</time>
      </trkpt>
      <trkpt lat="48.381277" lon="9.107343">
        <ele>580.203142</ele>
        <time>2026-07-24T10:35:31.641Z</time>
      </trkpt>
      <trkpt lat="48.380965" lon="9.107319">
        <ele>581.367663</ele>
        <time>2026-07-24T10:35:40.141Z</time>
      </trkpt>
      <trkpt lat="48.380602" lon="9.107252">
        <ele>582.696889</ele>
        <time>2026-07-24T10:35:49.783Z</time>
      </trkpt>
      <trkpt lat="48.380473" lon="9.107273">
        <ele>583.142470</ele>
        <time>2026-07-24T10:35:52.924Z</time>
      </trkpt>
      <trkpt lat="48.380377" lon="9.107347">
        <ele>583.512838</ele>
        <time>2026-07-24T10:35:55.390Z</time>
      </trkpt>
      <trkpt lat="48.380360" lon="9.107405">
        <ele>583.657437</ele>
        <time>2026-07-24T10:35:56.240Z</time>
      </trkpt>
      <trkpt lat="48.380325" lon="9.107601">
        <ele>584.120363</ele>
        <time>2026-07-24T10:35:58.409Z</time>
      </trkpt>
      <trkpt lat="48.380318" lon="9.107823">
        <ele>584.627286</ele>
        <time>2026-07-24T10:36:00.321Z</time>
      </trkpt>
      <trkpt lat="48.380302" lon="9.108373">
        <ele>585.882967</ele>
        <time>2026-07-24T10:36:07.120Z</time>
      </trkpt>
      <trkpt lat="48.380164" lon="9.108785">
        <ele>586.935422</ele>
        <time>2026-07-24T10:36:12.551Z</time>
      </trkpt>
      <trkpt lat="48.380142" lon="9.108815">
        <ele>587.037353</ele>
        <time>2026-07-24T10:36:13.191Z</time>
      </trkpt>
      <trkpt lat="48.380094" lon="9.108885">
        <ele>587.266837</ele>
        <time>2026-07-24T10:36:14.863Z</time>
      </trkpt>
      <trkpt lat="48.380035" lon="9.108971">
        <ele>587.548845</ele>
        <time>2026-07-24T10:36:17.202Z</time>
      </trkpt>
      <trkpt lat="48.379891" lon="9.109172">
        <ele>588.223177</ele>
        <time>2026-07-24T10:36:23.113Z</time>
      </trkpt>
      <trkpt lat="48.379541" lon="9.109681">
        <ele>590.694788</ele>
        <time>2026-07-24T10:36:38.668Z</time>
      </trkpt>
      <trkpt lat="48.379235" lon="9.110143">
        <ele>593.022741</ele>
        <time>2026-07-24T10:36:54.039Z</time>
      </trkpt>
      <trkpt lat="48.379032" lon="9.110530">
        <ele>594.782245</ele>
        <time>2026-07-24T10:37:01.388Z</time>
      </trkpt>
      <trkpt lat="48.378824" lon="9.111150">
        <ele>597.260596</ele>
        <time>2026-07-24T10:37:14.079Z</time>
      </trkpt>
      <trkpt lat="48.378785" lon="9.111505">
        <ele>598.598395</ele>
        <time>2026-07-24T10:37:19.378Z</time>
      </trkpt>
      <trkpt lat="48.378771" lon="9.111717">
        <ele>599.459358</ele>
        <time>2026-07-24T10:37:22.873Z</time>
      </trkpt>
      <trkpt lat="48.378743" lon="9.112310">
        <ele>601.861850</ele>
        <time>2026-07-24T10:37:38.314Z</time>
      </trkpt>
      <trkpt lat="48.378703" lon="9.112535">
        <ele>602.803133</ele>
        <time>2026-07-24T10:37:44.158Z</time>
      </trkpt>
      <trkpt lat="48.378668" lon="9.112727">
        <ele>603.607740</ele>
        <time>2026-07-24T10:37:46.987Z</time>
      </trkpt>
      <trkpt lat="48.378287" lon="9.114418">
        <ele>610.986106</ele>
        <time>2026-07-24T10:38:24.202Z</time>
      </trkpt>
      <trkpt lat="48.378147" lon="9.114858">
        <ele>613.141211</ele>
        <time>2026-07-24T10:38:35.319Z</time>
      </trkpt>
      <trkpt lat="48.377791" lon="9.115743">
        <ele>617.711559</ele>
        <time>2026-07-24T10:39:02.552Z</time>
      </trkpt>
      <trkpt lat="48.377668" lon="9.116142">
        <ele>619.654645</ele>
        <time>2026-07-24T10:39:13.000Z</time>
      </trkpt>
      <trkpt lat="48.377468" lon="9.117056">
        <ele>623.299291</ele>
        <time>2026-07-24T10:39:28.043Z</time>
      </trkpt>
      <trkpt lat="48.377395" lon="9.117507">
        <ele>624.915539</ele>
        <time>2026-07-24T10:39:31.442Z</time>
      </trkpt>
      <trkpt lat="48.377292" lon="9.118601">
        <ele>628.762716</ele>
        <time>2026-07-24T10:39:49.931Z</time>
      </trkpt>
      <trkpt lat="48.377212" lon="9.119712">
        <ele>634.501824</ele>
        <time>2026-07-24T10:40:25.370Z</time>
      </trkpt>
      <trkpt lat="48.377339" lon="9.120812">
        <ele>641.681453</ele>
        <time>2026-07-24T10:40:56.347Z</time>
      </trkpt>
      <trkpt lat="48.377417" lon="9.121209">
        <ele>644.343704</ele>
        <time>2026-07-24T10:41:07.029Z</time>
      </trkpt>
      <trkpt lat="48.377545" lon="9.121627">
        <ele>647.303546</ele>
        <time>2026-07-24T10:41:19.743Z</time>
      </trkpt>
      <trkpt lat="48.378141" lon="9.122859">
        <ele>656.171502</ele>
        <time>2026-07-24T10:42:10.431Z</time>
      </trkpt>
      <trkpt lat="48.378308" lon="9.123522">
        <ele>660.269775</ele>
        <time>2026-07-24T10:42:20.253Z</time>
      </trkpt>
      <trkpt lat="48.378483" lon="9.124083">
        <ele>663.953065</ele>
        <time>2026-07-24T10:42:33.914Z</time>
      </trkpt>
      <trkpt lat="48.378610" lon="9.124509">
        <ele>667.514513</ele>
        <time>2026-07-24T10:42:47.100Z</time>
      </trkpt>
      <trkpt lat="48.378670" lon="9.124795">
        <ele>669.802099</ele>
        <time>2026-07-24T10:42:56.709Z</time>
      </trkpt>
      <trkpt lat="48.378781" lon="9.125717">
        <ele>676.948898</ele>
        <time>2026-07-24T10:43:28.985Z</time>
      </trkpt>
      <trkpt lat="48.378822" lon="9.126372">
        <ele>681.966798</ele>
        <time>2026-07-24T10:43:52.597Z</time>
      </trkpt>
      <trkpt lat="48.378827" lon="9.126971">
        <ele>685.023863</ele>
        <time>2026-07-24T10:44:13.783Z</time>
      </trkpt>
      <trkpt lat="48.378811" lon="9.127088">
        <ele>685.347770</ele>
        <time>2026-07-24T10:44:19.378Z</time>
      </trkpt>
      <trkpt lat="48.378724" lon="9.127228">
        <ele>685.867633</ele>
        <time>2026-07-24T10:44:30.187Z</time>
      </trkpt>
      <trkpt lat="48.378638" lon="9.127218">
        <ele>686.219768</ele>
        <time>2026-07-24T10:44:37.444Z</time>
      </trkpt>
      <trkpt lat="48.378579" lon="9.127117">
        <ele>686.584486</ele>
        <time>2026-07-24T10:44:42.092Z</time>
      </trkpt>
      <trkpt lat="48.378535" lon="9.126682">
        <ele>687.777619</ele>
        <time>2026-07-24T10:44:45.038Z</time>
      </trkpt>
      <trkpt lat="48.378472" lon="9.126401">
        <ele>688.581809</ele>
        <time>2026-07-24T10:44:46.475Z</time>
      </trkpt>
      <trkpt lat="48.378026" lon="9.125045">
        <ele>692.250101</ele>
        <time>2026-07-24T10:44:55.212Z</time>
      </trkpt>
      <trkpt lat="48.377821" lon="9.124616">
        <ele>693.142424</ele>
        <time>2026-07-24T10:45:02.903Z</time>
      </trkpt>
      <trkpt lat="48.377666" lon="9.124361">
        <ele>693.726057</ele>
        <time>2026-07-24T10:45:06.357Z</time>
      </trkpt>
      <trkpt lat="48.377432" lon="9.124082">
        <ele>694.484837</ele>
        <time>2026-07-24T10:45:10.689Z</time>
      </trkpt>
      <trkpt lat="48.377190" lon="9.123867">
        <ele>695.199135</ele>
        <time>2026-07-24T10:45:18.416Z</time>
      </trkpt>
      <trkpt lat="48.377030" lon="9.123684">
        <ele>695.709920</ele>
        <time>2026-07-24T10:45:24.095Z</time>
      </trkpt>
      <trkpt lat="48.376465" lon="9.122783">
        <ele>699.326444</ele>
        <time>2026-07-24T10:45:55.242Z</time>
      </trkpt>
      <trkpt lat="48.375717" lon="9.121687">
        <ele>704.362836</ele>
        <time>2026-07-24T10:46:28.559Z</time>
      </trkpt>
      <trkpt lat="48.375344" lon="9.120739">
        <ele>700.997748</ele>
        <time>2026-07-24T10:46:34.016Z</time>
      </trkpt>
      <trkpt lat="48.375086" lon="9.120324">
        <ele>698.780637</ele>
        <time>2026-07-24T10:46:36.556Z</time>
      </trkpt>
      <trkpt lat="48.374894" lon="9.120094">
        <ele>697.339803</ele>
        <time>2026-07-24T10:46:38.194Z</time>
      </trkpt>
      <trkpt lat="48.374549" lon="9.119827">
        <ele>695.061891</ele>
        <time>2026-07-24T10:46:40.891Z</time>
      </trkpt>
      <trkpt lat="48.374384" lon="9.119793">
        <ele>694.496060</ele>
        <time>2026-07-24T10:46:42.301Z</time>
      </trkpt>
      <trkpt lat="48.374192" lon="9.119847">
        <ele>696.782564</ele>
        <time>2026-07-24T10:46:45.312Z</time>
      </trkpt>
      <trkpt lat="48.374045" lon="9.119945">
        <ele>698.664582</ele>
        <time>2026-07-24T10:46:49.380Z</time>
      </trkpt>
      <trkpt lat="48.373739" lon="9.120276">
        <ele>703.075554</ele>
        <time>2026-07-24T10:47:05.628Z</time>
      </trkpt>
      <trkpt lat="48.373156" lon="9.121160">
        <ele>712.762239</ele>
        <time>2026-07-24T10:48:00.133Z</time>
      </trkpt>
      <trkpt lat="48.373031" lon="9.121380">
        <ele>715.013455</ele>
        <time>2026-07-24T10:48:15.725Z</time>
      </trkpt>
      <trkpt lat="48.372831" lon="9.121912">
        <ele>719.609545</ele>
        <time>2026-07-24T10:48:50.217Z</time>
      </trkpt>
      <trkpt lat="48.372676" lon="9.122329">
        <ele>723.195092</ele>
        <time>2026-07-24T10:49:17.281Z</time>
      </trkpt>
      <trkpt lat="48.371941" lon="9.123982">
        <ele>735.651179</ele>
        <time>2026-07-24T10:49:50.136Z</time>
      </trkpt>
      <trkpt lat="48.371605" lon="9.124588">
        <ele>735.784551</ele>
        <time>2026-07-24T10:49:55.697Z</time>
      </trkpt>
      <trkpt lat="48.370910" lon="9.125551">
        <ele>736.024811</ele>
        <time>2026-07-24T10:50:05.536Z</time>
      </trkpt>
      <trkpt lat="48.370586" lon="9.126052">
        <ele>735.722489</ele>
        <time>2026-07-24T10:50:10.572Z</time>
      </trkpt>
      <trkpt lat="48.370298" lon="9.126695">
        <ele>735.249261</ele>
        <time>2026-07-24T10:50:15.033Z</time>
      </trkpt>
      <trkpt lat="48.370135" lon="9.127204">
        <ele>734.904450</ele>
        <time>2026-07-24T10:50:18.758Z</time>
      </trkpt>
      <trkpt lat="48.369856" lon="9.128292">
        <ele>734.371622</ele>
        <time>2026-07-24T10:50:27.209Z</time>
      </trkpt>
      <trkpt lat="48.369648" lon="9.128875">
        <ele>734.317035</ele>
        <time>2026-07-24T10:50:31.957Z</time>
      </trkpt>
      <trkpt lat="48.369331" lon="9.129534">
        <ele>734.249921</ele>
        <time>2026-07-24T10:50:38.174Z</time>
      </trkpt>
      <trkpt lat="48.368273" lon="9.131390">
        <ele>734.325220</ele>
        <time>2026-07-24T10:50:58.212Z</time>
      </trkpt>
      <trkpt lat="48.367169" lon="9.133326">
        <ele>734.199220</ele>
        <time>2026-07-24T10:51:19.138Z</time>
      </trkpt>
      <trkpt lat="48.366936" lon="9.133784">
        <ele>734.101377</ele>
        <time>2026-07-24T10:51:24.207Z</time>
      </trkpt>
      <trkpt lat="48.366654" lon="9.134574">
        <ele>733.806372</ele>
        <time>2026-07-24T10:51:29.822Z</time>
      </trkpt>
      <trkpt lat="48.366052" lon="9.136366">
        <ele>731.702147</ele>
        <time>2026-07-24T10:51:41.975Z</time>
      </trkpt>
      <trkpt lat="48.365748" lon="9.137174">
        <ele>730.707196</ele>
        <time>2026-07-24T10:51:47.498Z</time>
      </trkpt>
      <trkpt lat="48.365131" lon="9.138552">
        <ele>728.872996</ele>
        <time>2026-07-24T10:51:57.243Z</time>
      </trkpt>
      <trkpt lat="48.364861" lon="9.139019">
        <ele>728.189670</ele>
        <time>2026-07-24T10:52:01.355Z</time>
      </trkpt>
      <trkpt lat="48.364616" lon="9.139420">
        <ele>727.927598</ele>
        <time>2026-07-24T10:52:04.538Z</time>
      </trkpt>
      <trkpt lat="48.364324" lon="9.139738">
        <ele>727.689426</ele>
        <time>2026-07-24T10:52:08.645Z</time>
      </trkpt>
      <trkpt lat="48.363908" lon="9.140097">
        <ele>727.372544</ele>
        <time>2026-07-24T10:52:13.952Z</time>
      </trkpt>
      <trkpt lat="48.362985" lon="9.140630">
        <ele>726.874522</ele>
        <time>2026-07-24T10:52:24.337Z</time>
      </trkpt>
      <trkpt lat="48.362763" lon="9.140784">
        <ele>726.815854</ele>
        <time>2026-07-24T10:52:26.870Z</time>
      </trkpt>
      <trkpt lat="48.362596" lon="9.140947">
        <ele>726.768082</ele>
        <time>2026-07-24T10:52:28.944Z</time>
      </trkpt>
      <trkpt lat="48.362394" lon="9.141148">
        <ele>726.709963</ele>
        <time>2026-07-24T10:52:31.575Z</time>
      </trkpt>
      <trkpt lat="48.362214" lon="9.141386">
        <ele>726.652458</ele>
        <time>2026-07-24T10:52:34.390Z</time>
      </trkpt>
      <trkpt lat="48.361994" lon="9.141769">
        <ele>726.571723</ele>
        <time>2026-07-24T10:52:38.381Z</time>
      </trkpt>
      <trkpt lat="48.361802" lon="9.142226">
        <ele>726.688448</ele>
        <time>2026-07-24T10:52:42.934Z</time>
      </trkpt>
      <trkpt lat="48.361667" lon="9.142672">
        <ele>726.955929</ele>
        <time>2026-07-24T10:52:47.205Z</time>
      </trkpt>
      <trkpt lat="48.361569" lon="9.143152">
        <ele>727.229988</ele>
        <time>2026-07-24T10:52:52.342Z</time>
      </trkpt>
      <trkpt lat="48.361482" lon="9.143637">
        <ele>727.504164</ele>
        <time>2026-07-24T10:52:57.985Z</time>
      </trkpt>
      <trkpt lat="48.361220" lon="9.144970">
        <ele>728.460102</ele>
        <time>2026-07-24T10:53:10.238Z</time>
      </trkpt>
      <trkpt lat="48.361149" lon="9.145272">
        <ele>728.770709</ele>
        <time>2026-07-24T10:53:15.021Z</time>
      </trkpt>
      <trkpt lat="48.361123" lon="9.145384">
        <ele>728.885740</ele>
        <time>2026-07-24T10:53:16.903Z</time>
      </trkpt>
      <trkpt lat="48.361041" lon="9.145710">
        <ele>729.223720</ele>
        <time>2026-07-24T10:53:21.682Z</time>
      </trkpt>
      <trkpt lat="48.360988" lon="9.145864">
        <ele>729.391879</ele>
        <time>2026-07-24T10:53:23.814Z</time>
      </trkpt>
      <trkpt lat="48.360844" lon="9.146108">
        <ele>729.708310</ele>
        <time>2026-07-24T10:53:28.207Z</time>
      </trkpt>
      <trkpt lat="48.360538" lon="9.146424">
        <ele>730.249859</ele>
        <time>2026-07-24T10:53:34.618Z</time>
      </trkpt>
      <trkpt lat="48.360180" lon="9.146614">
        <ele>730.504570</ele>
        <time>2026-07-24T10:53:38.330Z</time>
      </trkpt>
      <trkpt lat="48.359812" lon="9.146711">
        <ele>730.091604</ele>
        <time>2026-07-24T10:53:43.077Z</time>
      </trkpt>
      <trkpt lat="48.359726" lon="9.146706">
        <ele>729.996472</ele>
        <time>2026-07-24T10:53:44.209Z</time>
      </trkpt>
      <trkpt lat="48.359668" lon="9.146660">
        <ele>729.924003</ele>
        <time>2026-07-24T10:53:45.092Z</time>
      </trkpt>
      <trkpt lat="48.359609" lon="9.146555">
        <ele>729.823006</ele>
        <time>2026-07-24T10:53:46.360Z</time>
      </trkpt>
      <trkpt lat="48.359462" lon="9.146147">
        <ele>729.482126</ele>
        <time>2026-07-24T10:53:50.521Z</time>
      </trkpt>
      <trkpt lat="48.359382" lon="9.145971">
        <ele>729.325507</ele>
        <time>2026-07-24T10:53:51.653Z</time>
      </trkpt>
      <trkpt lat="48.359228" lon="9.145652">
        <ele>729.035902</ele>
        <time>2026-07-24T10:53:53.715Z</time>
      </trkpt>
      <trkpt lat="48.359137" lon="9.145506">
        <ele>728.888875</ele>
        <time>2026-07-24T10:53:54.812Z</time>
      </trkpt>
      <trkpt lat="48.358960" lon="9.145405">
        <ele>728.679635</ele>
        <time>2026-07-24T10:53:56.418Z</time>
      </trkpt>
      <trkpt lat="48.358812" lon="9.145407">
        <ele>728.531128</ele>
        <time>2026-07-24T10:53:57.705Z</time>
      </trkpt>
      <trkpt lat="48.358663" lon="9.145456">
        <ele>728.382215</ele>
        <time>2026-07-24T10:53:59.057Z</time>
      </trkpt>
      <trkpt lat="48.358520" lon="9.145508">
        <ele>728.238575</ele>
        <time>2026-07-24T10:54:00.286Z</time>
      </trkpt>
      <trkpt lat="48.358366" lon="9.145565">
        <ele>728.083732</ele>
        <time>2026-07-24T10:54:01.557Z</time>
      </trkpt>
      <trkpt lat="48.358154" lon="9.145636">
        <ele>727.871677</ele>
        <time>2026-07-24T10:54:03.291Z</time>
      </trkpt>
      <trkpt lat="48.357910" lon="9.145700">
        <ele>727.629849</ele>
        <time>2026-07-24T10:54:06.202Z</time>
      </trkpt>
      <trkpt lat="48.357888" lon="9.145705">
        <ele>727.608125</ele>
        <time>2026-07-24T10:54:06.478Z</time>
      </trkpt>
      <trkpt lat="48.357367" lon="9.145831">
        <ele>727.092906</ele>
        <time>2026-07-24T10:54:12.363Z</time>
      </trkpt>
      <trkpt lat="48.357241" lon="9.145855">
        <ele>726.968901</ele>
        <time>2026-07-24T10:54:13.844Z</time>
      </trkpt>
      <trkpt lat="48.357048" lon="9.145891">
        <ele>726.927196</ele>
        <time>2026-07-24T10:54:16.302Z</time>
      </trkpt>
      <trkpt lat="48.356965" lon="9.145904">
        <ele>726.955263</ele>
        <time>2026-07-24T10:54:17.505Z</time>
      </trkpt>
      <trkpt lat="48.356863" lon="9.145976">
        <ele>726.993155</ele>
        <time>2026-07-24T10:54:19.696Z</time>
      </trkpt>
      <trkpt lat="48.356829" lon="9.146071">
        <ele>727.017271</ele>
        <time>2026-07-24T10:54:21.589Z</time>
      </trkpt>
      <trkpt lat="48.356765" lon="9.146517">
        <ele>727.119246</ele>
        <time>2026-07-24T10:54:31.192Z</time>
      </trkpt>
      <trkpt lat="48.356697" lon="9.146741">
        <ele>727.174285</ele>
        <time>2026-07-24T10:54:34.817Z</time>
      </trkpt>
      <trkpt lat="48.356492" lon="9.147007">
        <ele>727.265324</ele>
        <time>2026-07-24T10:54:37.344Z</time>
      </trkpt>
      <trkpt lat="48.356280" lon="9.147313">
        <ele>727.364123</ele>
        <time>2026-07-24T10:54:40.495Z</time>
      </trkpt>
      <trkpt lat="48.356109" lon="9.147768">
        <ele>727.480951</ele>
        <time>2026-07-24T10:54:45.013Z</time>
      </trkpt>
      <trkpt lat="48.356043" lon="9.147923">
        <ele>727.168466</ele>
        <time>2026-07-24T10:54:46.232Z</time>
      </trkpt>
      <trkpt lat="48.355632" lon="9.148653">
        <ele>724.673398</ele>
        <time>2026-07-24T10:54:50.783Z</time>
      </trkpt>
      <trkpt lat="48.355585" lon="9.148720">
        <ele>724.419337</ele>
        <time>2026-07-24T10:54:51.230Z</time>
      </trkpt>
      <trkpt lat="48.355570" lon="9.148741">
        <ele>724.338938</ele>
        <time>2026-07-24T10:54:51.375Z</time>
      </trkpt>
      <trkpt lat="48.355439" lon="9.148917">
        <ele>723.649780</ele>
        <time>2026-07-24T10:54:52.594Z</time>
      </trkpt>
      <trkpt lat="48.354940" lon="9.149483">
        <ele>721.197571</ele>
        <time>2026-07-24T10:54:57.791Z</time>
      </trkpt>
      <trkpt lat="48.354706" lon="9.149713">
        <ele>720.525805</ele>
        <time>2026-07-24T10:55:00.140Z</time>
      </trkpt>
      <trkpt lat="48.353695" lon="9.150717">
        <ele>721.805122</ele>
        <time>2026-07-24T10:55:21.122Z</time>
      </trkpt>
      <trkpt lat="48.353507" lon="9.150847">
        <ele>722.023638</ele>
        <time>2026-07-24T10:55:24.735Z</time>
      </trkpt>
      <trkpt lat="48.351823" lon="9.151663">
        <ele>723.613620</ele>
        <time>2026-07-24T10:55:55.699Z</time>
      </trkpt>
      <trkpt lat="48.350362" lon="9.152344">
        <ele>721.282786</ele>
        <time>2026-07-24T10:56:09.079Z</time>
      </trkpt>
      <trkpt lat="48.349836" lon="9.152686">
        <ele>720.040470</ele>
        <time>2026-07-24T10:56:13.684Z</time>
      </trkpt>
      <trkpt lat="48.349516" lon="9.152934">
        <ele>719.448700</ele>
        <time>2026-07-24T10:56:16.709Z</time>
      </trkpt>
      <trkpt lat="48.348925" lon="9.153536">
        <ele>718.298240</ele>
        <time>2026-07-24T10:56:22.949Z</time>
      </trkpt>
      <trkpt lat="48.348660" lon="9.153869">
        <ele>717.741685</ele>
        <time>2026-07-24T10:56:26.087Z</time>
      </trkpt>
      <trkpt lat="48.348371" lon="9.154282">
        <ele>717.099187</ele>
        <time>2026-07-24T10:56:30.161Z</time>
      </trkpt>
      <trkpt lat="48.347923" lon="9.155061">
        <ele>716.545322</ele>
        <time>2026-07-24T10:56:40.952Z</time>
      </trkpt>
      <trkpt lat="48.346429" lon="9.158014">
        <ele>713.843021</ele>
        <time>2026-07-24T10:57:03.284Z</time>
      </trkpt>
      <trkpt lat="48.346269" lon="9.158395">
        <ele>713.443371</ele>
        <time>2026-07-24T10:57:06.388Z</time>
      </trkpt>
      <trkpt lat="48.345806" lon="9.159822">
        <ele>713.020757</ele>
        <time>2026-07-24T10:57:17.962Z</time>
      </trkpt>
      <trkpt lat="48.344631" lon="9.162671">
        <ele>712.401069</ele>
        <time>2026-07-24T10:57:44.352Z</time>
      </trkpt>
      <trkpt lat="48.343923" lon="9.164388">
        <ele>712.074909</ele>
        <time>2026-07-24T10:57:57.431Z</time>
      </trkpt>
      <trkpt lat="48.343364" lon="9.166075">
        <ele>711.602887</ele>
        <time>2026-07-24T10:58:15.067Z</time>
      </trkpt>
      <trkpt lat="48.342137" lon="9.168676">
        <ele>710.208477</ele>
        <time>2026-07-24T10:58:34.954Z</time>
      </trkpt>
      <trkpt lat="48.341804" lon="9.169506">
        <ele>710.021383</ele>
        <time>2026-07-24T10:58:43.914Z</time>
      </trkpt>
      <trkpt lat="48.341260" lon="9.171034">
        <ele>708.713854</ele>
        <time>2026-07-24T10:58:57.901Z</time>
      </trkpt>
      <trkpt lat="48.341032" lon="9.171685">
        <ele>707.844886</ele>
        <time>2026-07-24T10:59:02.046Z</time>
      </trkpt>
      <trkpt lat="48.340790" lon="9.172206">
        <ele>707.094286</ele>
        <time>2026-07-24T10:59:05.437Z</time>
      </trkpt>
      <trkpt lat="48.340609" lon="9.172475">
        <ele>706.647986</ele>
        <time>2026-07-24T10:59:07.485Z</time>
      </trkpt>
      <trkpt lat="48.340398" lon="9.172721">
        <ele>706.243037</ele>
        <time>2026-07-24T10:59:09.653Z</time>
      </trkpt>
      <trkpt lat="48.339861" lon="9.173159">
        <ele>705.316395</ele>
        <time>2026-07-24T10:59:14.931Z</time>
      </trkpt>
      <trkpt lat="48.339815" lon="9.173196">
        <ele>705.237266</ele>
        <time>2026-07-24T10:59:15.398Z</time>
      </trkpt>
      <trkpt lat="48.339590" lon="9.173406">
        <ele>704.835594</ele>
        <time>2026-07-24T10:59:17.957Z</time>
      </trkpt>
      <trkpt lat="48.339364" lon="9.173649">
        <ele>704.414193</ele>
        <time>2026-07-24T10:59:21.434Z</time>
      </trkpt>
      <trkpt lat="48.339150" lon="9.173952">
        <ele>703.968392</ele>
        <time>2026-07-24T10:59:24.689Z</time>
      </trkpt>
      <trkpt lat="48.338881" lon="9.174539">
        <ele>704.377717</ele>
        <time>2026-07-24T10:59:30.204Z</time>
      </trkpt>
      <trkpt lat="48.338479" lon="9.175922">
        <ele>705.296938</ele>
        <time>2026-07-24T10:59:44.646Z</time>
      </trkpt>
      <trkpt lat="48.338139" lon="9.176690">
        <ele>706.667157</ele>
        <time>2026-07-24T10:59:56.268Z</time>
      </trkpt>
      <trkpt lat="48.337658" lon="9.177558">
        <ele>709.509901</ele>
        <time>2026-07-24T11:00:13.330Z</time>
      </trkpt>
      <trkpt lat="48.337345" lon="9.178116">
        <ele>711.346595</ele>
        <time>2026-07-24T11:00:37.068Z</time>
      </trkpt>
      <trkpt lat="48.337022" lon="9.178564">
        <ele>712.825499</ele>
        <time>2026-07-24T11:00:40.852Z</time>
      </trkpt>
      <trkpt lat="48.336806" lon="9.178763">
        <ele>713.491449</ele>
        <time>2026-07-24T11:00:43.182Z</time>
      </trkpt>
      <trkpt lat="48.336330" lon="9.179066">
        <ele>714.850386</ele>
        <time>2026-07-24T11:00:53.469Z</time>
      </trkpt>
      <trkpt lat="48.335899" lon="9.179269">
        <ele>716.037820</ele>
        <time>2026-07-24T11:01:08.010Z</time>
      </trkpt>
      <trkpt lat="48.335034" lon="9.179565">
        <ele>716.741911</ele>
        <time>2026-07-24T11:01:21.577Z</time>
      </trkpt>
      <trkpt lat="48.334962" lon="9.179586">
        <ele>716.680259</ele>
        <time>2026-07-24T11:01:22.597Z</time>
      </trkpt>
      <trkpt lat="48.334733" lon="9.179645">
        <ele>716.484954</ele>
        <time>2026-07-24T11:01:28.610Z</time>
      </trkpt>
      <trkpt lat="48.334526" lon="9.179740">
        <ele>716.303027</ele>
        <time>2026-07-24T11:01:36.046Z</time>
      </trkpt>
      <trkpt lat="48.334127" lon="9.180032">
        <ele>715.930032</ele>
        <time>2026-07-24T11:01:49.135Z</time>
      </trkpt>
      <trkpt lat="48.333579" lon="9.180536">
        <ele>713.947165</ele>
        <time>2026-07-24T11:01:53.363Z</time>
      </trkpt>
      <trkpt lat="48.333092" lon="9.180774">
        <ele>710.866050</ele>
        <time>2026-07-24T11:01:56.921Z</time>
      </trkpt>
      <trkpt lat="48.332834" lon="9.180828">
        <ele>709.298675</ele>
        <time>2026-07-24T11:01:59.286Z</time>
      </trkpt>
      <trkpt lat="48.332622" lon="9.180845">
        <ele>708.021234</ele>
        <time>2026-07-24T11:02:05.102Z</time>
      </trkpt>
      <trkpt lat="48.332207" lon="9.180761">
        <ele>705.501620</ele>
        <time>2026-07-24T11:02:08.210Z</time>
      </trkpt>
      <trkpt lat="48.332146" lon="9.180752">
        <ele>705.132814</ele>
        <time>2026-07-24T11:02:08.673Z</time>
      </trkpt>
      <trkpt lat="48.331996" lon="9.180841">
        <ele>704.543616</ele>
        <time>2026-07-24T11:02:09.926Z</time>
      </trkpt>
      <trkpt lat="48.331876" lon="9.181018">
        <ele>704.135209</ele>
        <time>2026-07-24T11:02:11.378Z</time>
      </trkpt>
      <trkpt lat="48.331822" lon="9.181185">
        <ele>703.835200</ele>
        <time>2026-07-24T11:02:12.424Z</time>
      </trkpt>
      <trkpt lat="48.331761" lon="9.181520">
        <ele>703.274070</ele>
        <time>2026-07-24T11:02:14.194Z</time>
      </trkpt>
      <trkpt lat="48.331710" lon="9.181747">
        <ele>702.886974</ele>
        <time>2026-07-24T11:02:15.424Z</time>
      </trkpt>
      <trkpt lat="48.331472" lon="9.181618">
        <ele>702.272228</ele>
        <time>2026-07-24T11:02:17.510Z</time>
      </trkpt>
      <trkpt lat="48.331268" lon="9.181423">
        <ele>701.684876</ele>
        <time>2026-07-24T11:02:19.467Z</time>
      </trkpt>
      <trkpt lat="48.331069" lon="9.181197">
        <ele>701.078948</ele>
        <time>2026-07-24T11:02:23.340Z</time>
      </trkpt>
      <trkpt lat="48.330952" lon="9.181107">
        <ele>700.759615</ele>
        <time>2026-07-24T11:02:24.903Z</time>
      </trkpt>
      <trkpt lat="48.330760" lon="9.180982">
        <ele>700.436873</ele>
        <time>2026-07-24T11:02:26.957Z</time>
      </trkpt>
      <trkpt lat="48.330548" lon="9.180857">
        <ele>700.454877</ele>
        <time>2026-07-24T11:02:28.916Z</time>
      </trkpt>
      <trkpt lat="48.330327" lon="9.180733">
        <ele>700.473527</ele>
        <time>2026-07-24T11:02:32.676Z</time>
      </trkpt>
      <trkpt lat="48.330009" lon="9.180594">
        <ele>700.499711</ele>
        <time>2026-07-24T11:02:36.370Z</time>
      </trkpt>
      <trkpt lat="48.329733" lon="9.180511">
        <ele>700.521966</ele>
        <time>2026-07-24T11:02:39.187Z</time>
      </trkpt>
      <trkpt lat="48.329680" lon="9.180496">
        <ele>700.526230</ele>
        <time>2026-07-24T11:02:39.723Z</time>
      </trkpt>
      <trkpt lat="48.329647" lon="9.180485">
        <ele>700.528902</ele>
        <time>2026-07-24T11:02:40.079Z</time>
      </trkpt>
      <trkpt lat="48.329028" lon="9.180308">
        <ele>700.674207</ele>
        <time>2026-07-24T11:02:47.863Z</time>
      </trkpt>
      <trkpt lat="48.328827" lon="9.180287">
        <ele>700.967495</ele>
        <time>2026-07-24T11:02:54.306Z</time>
      </trkpt>
      <trkpt lat="48.328474" lon="9.180260">
        <ele>701.481997</ele>
        <time>2026-07-24T11:02:58.850Z</time>
      </trkpt>
      <trkpt lat="48.328302" lon="9.180204">
        <ele>701.738165</ele>
        <time>2026-07-24T11:03:04.335Z</time>
      </trkpt>
      <trkpt lat="48.328070" lon="9.180037">
        <ele>702.112554</ele>
        <time>2026-07-24T11:03:11.449Z</time>
      </trkpt>
      <trkpt lat="48.327881" lon="9.179858">
        <ele>702.437668</ele>
        <time>2026-07-24T11:03:16.199Z</time>
      </trkpt>
      <trkpt lat="48.327831" lon="9.179812">
        <ele>702.522986</ele>
        <time>2026-07-24T11:03:17.340Z</time>
      </trkpt>
      <trkpt lat="48.327696" lon="9.179668">
        <ele>702.763898</ele>
        <time>2026-07-24T11:03:20.215Z</time>
      </trkpt>
      <trkpt lat="48.327610" lon="9.180037">
        <ele>703.142324</ele>
        <time>2026-07-24T11:03:23.475Z</time>
      </trkpt>
      <trkpt lat="48.327596" lon="9.180345">
        <ele>702.830231</ele>
        <time>2026-07-24T11:03:25.419Z</time>
      </trkpt>
      <trkpt lat="48.327624" lon="9.180616">
        <ele>702.446321</ele>
        <time>2026-07-24T11:03:26.689Z</time>
      </trkpt>
      <trkpt lat="48.327628" lon="9.180651">
        <ele>702.396608</ele>
        <time>2026-07-24T11:03:26.852Z</time>
      </trkpt>
      <trkpt lat="48.327783" lon="9.181126">
        <ele>701.655916</ele>
        <time>2026-07-24T11:03:29.372Z</time>
      </trkpt>
      <trkpt lat="48.327892" lon="9.181399">
        <ele>701.210147</ele>
        <time>2026-07-24T11:03:30.931Z</time>
      </trkpt>
      <trkpt lat="48.327988" lon="9.181873">
        <ele>700.516523</ele>
        <time>2026-07-24T11:03:33.610Z</time>
      </trkpt>
      <trkpt lat="48.328000" lon="9.182070">
        <ele>700.239601</ele>
        <time>2026-07-24T11:03:35.034Z</time>
      </trkpt>
      <trkpt lat="48.327992" lon="9.182237">
        <ele>700.005223</ele>
        <time>2026-07-24T11:03:36.840Z</time>
      </trkpt>
      <trkpt lat="48.327979" lon="9.182405">
        <ele>699.768464</ele>
        <time>2026-07-24T11:03:39.263Z</time>
      </trkpt>
      <trkpt lat="48.327870" lon="9.183147">
        <ele>699.759107</ele>
        <time>2026-07-24T11:03:52.238Z</time>
      </trkpt>
      <trkpt lat="48.327808" lon="9.183334">
        <ele>699.907357</ele>
        <time>2026-07-24T11:03:55.653Z</time>
      </trkpt>
      <trkpt lat="48.327631" lon="9.183585">
        <ele>700.166938</ele>
        <time>2026-07-24T11:03:58.806Z</time>
      </trkpt>
      <trkpt lat="48.327299" lon="9.183988">
        <ele>700.622187</ele>
        <time>2026-07-24T11:04:03.462Z</time>
      </trkpt>
      <trkpt lat="48.326323" lon="9.185085">
        <ele>701.151826</ele>
        <time>2026-07-24T11:04:19.638Z</time>
      </trkpt>
      <trkpt lat="48.326156" lon="9.185354">
        <ele>701.076834</ele>
        <time>2026-07-24T11:04:24.051Z</time>
      </trkpt>
      <trkpt lat="48.325154" lon="9.187216">
        <ele>701.470942</ele>
        <time>2026-07-24T11:04:38.830Z</time>
      </trkpt>
      <trkpt lat="48.324847" lon="9.187777">
        <ele>702.033541</ele>
        <time>2026-07-24T11:04:55.179Z</time>
      </trkpt>
      <trkpt lat="48.324327" lon="9.188545">
        <ele>702.859501</ele>
        <time>2026-07-24T11:05:04.488Z</time>
      </trkpt>
      <trkpt lat="48.323962" lon="9.189002">
        <ele>702.580456</ele>
        <time>2026-07-24T11:05:09.090Z</time>
      </trkpt>
      <trkpt lat="48.323404" lon="9.189591">
        <ele>702.179911</ele>
        <time>2026-07-24T11:05:16.148Z</time>
      </trkpt>
      <trkpt lat="48.323012" lon="9.189908">
        <ele>701.918406</ele>
        <time>2026-07-24T11:05:20.862Z</time>
      </trkpt>
      <trkpt lat="48.321945" lon="9.190551">
        <ele>700.906870</ele>
        <time>2026-07-24T11:05:32.322Z</time>
      </trkpt>
      <trkpt lat="48.320732" lon="9.191183">
        <ele>699.204081</ele>
        <time>2026-07-24T11:05:44.939Z</time>
      </trkpt>
      <trkpt lat="48.320311" lon="9.191460">
        <ele>698.262625</ele>
        <time>2026-07-24T11:05:48.801Z</time>
      </trkpt>
      <trkpt lat="48.320107" lon="9.191673">
        <ele>697.753825</ele>
        <time>2026-07-24T11:05:51.177Z</time>
      </trkpt>
      <trkpt lat="48.319039" lon="9.192963">
        <ele>696.611812</ele>
        <time>2026-07-24T11:06:02.429Z</time>
      </trkpt>
      <trkpt lat="48.317827" lon="9.194683">
        <ele>696.869131</ele>
        <time>2026-07-24T11:06:35.798Z</time>
      </trkpt>
      <trkpt lat="48.317496" lon="9.195182">
        <ele>696.876344</ele>
        <time>2026-07-24T11:06:39.689Z</time>
      </trkpt>
      <trkpt lat="48.317027" lon="9.196198">
        <ele>697.058283</ele>
        <time>2026-07-24T11:06:47.189Z</time>
      </trkpt>
      <trkpt lat="48.316778" lon="9.196692">
        <ele>697.839045</ele>
        <time>2026-07-24T11:06:57.645Z</time>
      </trkpt>
      <trkpt lat="48.316380" lon="9.197373">
        <ele>698.980988</ele>
        <time>2026-07-24T11:07:03.914Z</time>
      </trkpt>
      <trkpt lat="48.316298" lon="9.197590">
        <ele>699.295362</ele>
        <time>2026-07-24T11:07:09.105Z</time>
      </trkpt>
      <trkpt lat="48.316240" lon="9.197783">
        <ele>699.562130</ele>
        <time>2026-07-24T11:07:15.072Z</time>
      </trkpt>
      <trkpt lat="48.316107" lon="9.198012">
        <ele>699.945091</ele>
        <time>2026-07-24T11:07:20.607Z</time>
      </trkpt>
      <trkpt lat="48.316001" lon="9.198080">
        <ele>700.163368</ele>
        <time>2026-07-24T11:07:23.653Z</time>
      </trkpt>
      <trkpt lat="48.315904" lon="9.198099">
        <ele>700.345041</ele>
        <time>2026-07-24T11:07:25.888Z</time>
      </trkpt>
      <trkpt lat="48.315850" lon="9.198109">
        <ele>700.441256</ele>
        <time>2026-07-24T11:07:26.867Z</time>
      </trkpt>
      <trkpt lat="48.315705" lon="9.198135">
        <ele>700.699491</ele>
        <time>2026-07-24T11:07:29.128Z</time>
      </trkpt>
      <trkpt lat="48.315434" lon="9.198144">
        <ele>701.178845</ele>
        <time>2026-07-24T11:07:32.003Z</time>
      </trkpt>
      <trkpt lat="48.314816" lon="9.198006">
        <ele>702.283703</ele>
        <time>2026-07-24T11:07:38.493Z</time>
      </trkpt>
      <trkpt lat="48.314554" lon="9.197972">
        <ele>702.748747</ele>
        <time>2026-07-24T11:07:44.204Z</time>
      </trkpt>
      <trkpt lat="48.314181" lon="9.197974">
        <ele>703.408365</ele>
        <time>2026-07-24T11:07:52.811Z</time>
      </trkpt>
      <trkpt lat="48.313753" lon="9.197887">
        <ele>703.829310</ele>
        <time>2026-07-24T11:08:02.766Z</time>
      </trkpt>
      <trkpt lat="48.313349" lon="9.197710">
        <ele>704.207479</ele>
        <time>2026-07-24T11:08:12.028Z</time>
      </trkpt>
      <trkpt lat="48.312676" lon="9.197256">
        <ele>704.870379</ele>
        <time>2026-07-24T11:08:19.408Z</time>
      </trkpt>
      <trkpt lat="48.311739" lon="9.196771">
        <ele>702.622410</ele>
        <time>2026-07-24T11:08:28.707Z</time>
      </trkpt>
      <trkpt lat="48.311283" lon="9.196603">
        <ele>701.066264</ele>
        <time>2026-07-24T11:08:32.212Z</time>
      </trkpt>
      <trkpt lat="48.310679" lon="9.196437">
        <ele>699.021830</ele>
        <time>2026-07-24T11:08:36.855Z</time>
      </trkpt>
      <trkpt lat="48.310096" lon="9.196376">
        <ele>696.902723</ele>
        <time>2026-07-24T11:08:41.521Z</time>
      </trkpt>
      <trkpt lat="48.309704" lon="9.196391">
        <ele>695.480846</ele>
        <time>2026-07-24T11:08:44.630Z</time>
      </trkpt>
      <trkpt lat="48.308979" lon="9.196491">
        <ele>692.840912</ele>
        <time>2026-07-24T11:08:50.301Z</time>
      </trkpt>
      <trkpt lat="48.308822" lon="9.196546">
        <ele>692.401009</ele>
        <time>2026-07-24T11:08:51.819Z</time>
      </trkpt>
      <trkpt lat="48.308656" lon="9.196591">
        <ele>692.041100</ele>
        <time>2026-07-24T11:08:53.230Z</time>
      </trkpt>
      <trkpt lat="48.308563" lon="9.196625">
        <ele>691.836882</ele>
        <time>2026-07-24T11:08:54.036Z</time>
      </trkpt>
      <trkpt lat="48.308077" lon="9.196774">
        <ele>690.778552</ele>
        <time>2026-07-24T11:08:59.271Z</time>
      </trkpt>
      <trkpt lat="48.307854" lon="9.196758">
        <ele>690.302190</ele>
        <time>2026-07-24T11:09:01.171Z</time>
      </trkpt>
      <trkpt lat="48.307747" lon="9.196699">
        <ele>690.059011</ele>
        <time>2026-07-24T11:09:02.039Z</time>
      </trkpt>
      <trkpt lat="48.307611" lon="9.196617">
        <ele>689.746359</ele>
        <time>2026-07-24T11:09:03.126Z</time>
      </trkpt>
      <trkpt lat="48.307453" lon="9.196476">
        <ele>689.354315</ele>
        <time>2026-07-24T11:09:04.477Z</time>
      </trkpt>
      <trkpt lat="48.306924" lon="9.195970">
        <ele>688.731783</ele>
        <time>2026-07-24T11:09:11.376Z</time>
      </trkpt>
      <trkpt lat="48.306719" lon="9.195797">
        <ele>688.706339</ele>
        <time>2026-07-24T11:09:15.806Z</time>
      </trkpt>
      <trkpt lat="48.306487" lon="9.195546">
        <ele>688.675403</ele>
        <time>2026-07-24T11:09:21.450Z</time>
      </trkpt>
      <trkpt lat="48.306434" lon="9.195482">
        <ele>688.668046</ele>
        <time>2026-07-24T11:09:22.223Z</time>
      </trkpt>
      <trkpt lat="48.306294" lon="9.195223">
        <ele>688.644019</ele>
        <time>2026-07-24T11:09:24.449Z</time>
      </trkpt>
      <trkpt lat="48.306196" lon="9.194933">
        <ele>688.620602</ele>
        <time>2026-07-24T11:09:26.710Z</time>
      </trkpt>
      <trkpt lat="48.306038" lon="9.194016">
        <ele>688.898061</ele>
        <time>2026-07-24T11:09:33.358Z</time>
      </trkpt>
      <trkpt lat="48.305979" lon="9.193831">
        <ele>689.105987</ele>
        <time>2026-07-24T11:09:34.549Z</time>
      </trkpt>
      <trkpt lat="48.305911" lon="9.193718">
        <ele>689.260420</ele>
        <time>2026-07-24T11:09:35.812Z</time>
      </trkpt>
      <trkpt lat="48.305820" lon="9.193629">
        <ele>689.425828</ele>
        <time>2026-07-24T11:09:37.457Z</time>
      </trkpt>
      <trkpt lat="48.305425" lon="9.193337">
        <ele>690.096488</ele>
        <time>2026-07-24T11:09:42.875Z</time>
      </trkpt>
      <trkpt lat="48.305225" lon="9.193222">
        <ele>690.422745</ele>
        <time>2026-07-24T11:09:46.018Z</time>
      </trkpt>
      <trkpt lat="48.305023" lon="9.193175">
        <ele>690.734185</ele>
        <time>2026-07-24T11:09:48.927Z</time>
      </trkpt>
      <trkpt lat="48.304434" lon="9.193299">
        <ele>691.663011</ele>
        <time>2026-07-24T11:10:07.097Z</time>
      </trkpt>
      <trkpt lat="48.303877" lon="9.193302">
        <ele>692.570900</ele>
        <time>2026-07-24T11:10:24.284Z</time>
      </trkpt>
      <trkpt lat="48.303640" lon="9.193341">
        <ele>692.959506</ele>
        <time>2026-07-24T11:10:29.255Z</time>
      </trkpt>
      <trkpt lat="48.303445" lon="9.193443">
        <ele>693.296037</ele>
        <time>2026-07-24T11:10:32.268Z</time>
      </trkpt>
      <trkpt lat="48.303275" lon="9.193598">
        <ele>693.620108</ele>
        <time>2026-07-24T11:10:34.184Z</time>
      </trkpt>
      <trkpt lat="48.302233" lon="9.194771">
        <ele>690.713797</ele>
        <time>2026-07-24T11:10:44.345Z</time>
      </trkpt>
      <trkpt lat="48.302133" lon="9.194908">
        <ele>690.192328</ele>
        <time>2026-07-24T11:10:45.283Z</time>
      </trkpt>
      <trkpt lat="48.301787" lon="9.195273">
        <ele>688.563162</ele>
        <time>2026-07-24T11:10:48.737Z</time>
      </trkpt>
      <trkpt lat="48.301685" lon="9.195378">
        <ele>688.086687</ele>
        <time>2026-07-24T11:10:49.669Z</time>
      </trkpt>
      <trkpt lat="48.301609" lon="9.195427">
        <ele>687.767958</ele>
        <time>2026-07-24T11:10:50.289Z</time>
      </trkpt>
      <trkpt lat="48.301445" lon="9.195484">
        <ele>687.240879</ele>
        <time>2026-07-24T11:10:51.623Z</time>
      </trkpt>
      <trkpt lat="48.301343" lon="9.195458">
        <ele>687.089858</ele>
        <time>2026-07-24T11:10:52.516Z</time>
      </trkpt>
      <trkpt lat="48.301062" lon="9.195159">
        <ele>686.587307</ele>
        <time>2026-07-24T11:10:55.794Z</time>
      </trkpt>
      <trkpt lat="48.300858" lon="9.195042">
        <ele>686.268579</ele>
        <time>2026-07-24T11:10:57.709Z</time>
      </trkpt>
      <trkpt lat="48.300706" lon="9.194901">
        <ele>686.007850</ele>
        <time>2026-07-24T11:10:59.271Z</time>
      </trkpt>
      <trkpt lat="48.300528" lon="9.194503">
        <ele>685.542141</ele>
        <time>2026-07-24T11:11:02.184Z</time>
      </trkpt>
      <trkpt lat="48.300458" lon="9.194326">
        <ele>685.342181</ele>
        <time>2026-07-24T11:11:03.548Z</time>
      </trkpt>
      <trkpt lat="48.300371" lon="9.194109">
        <ele>685.096148</ele>
        <time>2026-07-24T11:11:05.260Z</time>
      </trkpt>
      <trkpt lat="48.300340" lon="9.194038">
        <ele>685.013678</ele>
        <time>2026-07-24T11:11:05.829Z</time>
      </trkpt>
      <trkpt lat="48.300204" lon="9.193689">
        <ele>684.964118</ele>
        <time>2026-07-24T11:11:08.893Z</time>
      </trkpt>
      <trkpt lat="48.300065" lon="9.193433">
        <ele>686.249274</ele>
        <time>2026-07-24T11:11:11.623Z</time>
      </trkpt>
      <trkpt lat="48.299999" lon="9.193324">
        <ele>686.822501</ele>
        <time>2026-07-24T11:11:12.717Z</time>
      </trkpt>
      <trkpt lat="48.299877" lon="9.193140">
        <ele>687.832851</ele>
        <time>2026-07-24T11:11:15.097Z</time>
      </trkpt>
      <trkpt lat="48.299708" lon="9.192930">
        <ele>689.114735</ele>
        <time>2026-07-24T11:11:20.684Z</time>
      </trkpt>
      <trkpt lat="48.299683" lon="9.192899">
        <ele>689.304201</ele>
        <time>2026-07-24T11:11:21.878Z</time>
      </trkpt>
      <trkpt lat="48.299493" lon="9.192723">
        <ele>690.608962</ele>
        <time>2026-07-24T11:11:33.163Z</time>
      </trkpt>
      <trkpt lat="48.299216" lon="9.192610">
        <ele>692.286959</ele>
        <time>2026-07-24T11:11:50.700Z</time>
      </trkpt>
      <trkpt lat="48.298787" lon="9.192637">
        <ele>694.797217</ele>
        <time>2026-07-24T11:11:59.314Z</time>
      </trkpt>
      <trkpt lat="48.298414" lon="9.192773">
        <ele>695.887285</ele>
        <time>2026-07-24T11:12:14.148Z</time>
      </trkpt>
      <trkpt lat="48.298081" lon="9.192995">
        <ele>696.678745</ele>
        <time>2026-07-24T11:12:31.322Z</time>
      </trkpt>
      <trkpt lat="48.297823" lon="9.193284">
        <ele>697.377817</ele>
        <time>2026-07-24T11:12:48.505Z</time>
      </trkpt>
      <trkpt lat="48.296884" lon="9.194445">
        <ele>696.018135</ele>
        <time>2026-07-24T11:12:57.215Z</time>
      </trkpt>
      <trkpt lat="48.296645" lon="9.194633">
        <ele>694.017869</ele>
        <time>2026-07-24T11:12:59.059Z</time>
      </trkpt>
      <trkpt lat="48.296271" lon="9.194980">
        <ele>690.758767</ele>
        <time>2026-07-24T11:13:02.100Z</time>
      </trkpt>
      <trkpt lat="48.295789" lon="9.195537">
        <ele>686.250394</ele>
        <time>2026-07-24T11:13:06.462Z</time>
      </trkpt>
      <trkpt lat="48.295551" lon="9.195730">
        <ele>685.318109</ele>
        <time>2026-07-24T11:13:08.559Z</time>
      </trkpt>
      <trkpt lat="48.294970" lon="9.196079">
        <ele>683.932085</ele>
        <time>2026-07-24T11:13:14.699Z</time>
      </trkpt>
      <trkpt lat="48.294719" lon="9.196319">
        <ele>683.273091</ele>
        <time>2026-07-24T11:13:19.421Z</time>
      </trkpt>
      <trkpt lat="48.294422" lon="9.196749">
        <ele>682.359589</ele>
        <time>2026-07-24T11:13:22.618Z</time>
      </trkpt>
      <trkpt lat="48.294305" lon="9.196972">
        <ele>681.941030</ele>
        <time>2026-07-24T11:13:24.100Z</time>
      </trkpt>
      <trkpt lat="48.294087" lon="9.197539">
        <ele>681.399064</ele>
        <time>2026-07-24T11:13:28.791Z</time>
      </trkpt>
      <trkpt lat="48.294013" lon="9.197705">
        <ele>681.257501</ele>
        <time>2026-07-24T11:13:31.352Z</time>
      </trkpt>
      <trkpt lat="48.293863" lon="9.197703">
        <ele>681.097767</ele>
        <time>2026-07-24T11:13:32.641Z</time>
      </trkpt>
      <trkpt lat="48.293751" lon="9.197767">
        <ele>680.970174</ele>
        <time>2026-07-24T11:13:33.712Z</time>
      </trkpt>
      <trkpt lat="48.293671" lon="9.198013">
        <ele>680.776187</ele>
        <time>2026-07-24T11:13:36.408Z</time>
      </trkpt>
      <trkpt lat="48.293535" lon="9.198187">
        <ele>680.586005</ele>
        <time>2026-07-24T11:13:38.447Z</time>
      </trkpt>
      <trkpt lat="48.292902" lon="9.198831">
        <ele>679.808123</ele>
        <time>2026-07-24T11:13:45.503Z</time>
      </trkpt>
      <trkpt lat="48.292392" lon="9.199487">
        <ele>679.342570</ele>
        <time>2026-07-24T11:13:51.771Z</time>
      </trkpt>
      <trkpt lat="48.291861" lon="9.200535">
        <ele>678.734717</ele>
        <time>2026-07-24T11:14:02.034Z</time>
      </trkpt>
      <trkpt lat="48.291852" lon="9.200552">
        <ele>678.724692</ele>
        <time>2026-07-24T11:14:02.181Z</time>
      </trkpt>
      <trkpt lat="48.291677" lon="9.200843">
        <ele>678.640114</ele>
        <time>2026-07-24T11:14:04.617Z</time>
      </trkpt>
      <trkpt lat="48.291618" lon="9.201022">
        <ele>678.653298</ele>
        <time>2026-07-24T11:14:05.936Z</time>
      </trkpt>
      <trkpt lat="48.291582" lon="9.201182">
        <ele>678.664445</ele>
        <time>2026-07-24T11:14:07.403Z</time>
      </trkpt>
      <trkpt lat="48.291581" lon="9.201317">
        <ele>678.673356</ele>
        <time>2026-07-24T11:14:08.802Z</time>
      </trkpt>
      <trkpt lat="48.291580" lon="9.201598">
        <ele>678.691902</ele>
        <time>2026-07-24T11:14:11.674Z</time>
      </trkpt>
      <trkpt lat="48.291118" lon="9.203734">
        <ele>678.776394</ele>
        <time>2026-07-24T11:14:30.225Z</time>
      </trkpt>
      <trkpt lat="48.290716" lon="9.205280">
        <ele>678.678557</ele>
        <time>2026-07-24T11:14:43.052Z</time>
      </trkpt>
      <trkpt lat="48.290565" lon="9.205748">
        <ele>678.647899</ele>
        <time>2026-07-24T11:14:47.069Z</time>
      </trkpt>
      <trkpt lat="48.290418" lon="9.206111">
        <ele>678.420957</ele>
        <time>2026-07-24T11:14:50.225Z</time>
      </trkpt>
      <trkpt lat="48.289670" lon="9.207144">
        <ele>677.582472</ele>
        <time>2026-07-24T11:15:00.031Z</time>
      </trkpt>
      <trkpt lat="48.289549" lon="9.207371">
        <ele>677.422729</ele>
        <time>2026-07-24T11:15:01.921Z</time>
      </trkpt>
      <trkpt lat="48.289235" lon="9.208115">
        <ele>677.043887</ele>
        <time>2026-07-24T11:15:07.821Z</time>
      </trkpt>
      <trkpt lat="48.288996" lon="9.208820">
        <ele>676.813431</ele>
        <time>2026-07-24T11:15:13.110Z</time>
      </trkpt>
      <trkpt lat="48.288499" lon="9.210612">
        <ele>676.374193</ele>
        <time>2026-07-24T11:15:28.138Z</time>
      </trkpt>
      <trkpt lat="48.288236" lon="9.211110">
        <ele>676.372809</ele>
        <time>2026-07-24T11:15:32.531Z</time>
      </trkpt>
      <trkpt lat="48.288156" lon="9.211623">
        <ele>676.371662</ele>
        <time>2026-07-24T11:15:37.860Z</time>
      </trkpt>
      <trkpt lat="48.287920" lon="9.212181">
        <ele>676.370223</ele>
        <time>2026-07-24T11:15:42.585Z</time>
      </trkpt>
      <trkpt lat="48.287114" lon="9.213361">
        <ele>676.079694</ele>
        <time>2026-07-24T11:15:56.120Z</time>
      </trkpt>
      <trkpt lat="48.286814" lon="9.213942">
        <ele>675.909120</ele>
        <time>2026-07-24T11:16:02.100Z</time>
      </trkpt>
      <trkpt lat="48.286422" lon="9.214280">
        <ele>675.751584</ele>
        <time>2026-07-24T11:16:06.773Z</time>
      </trkpt>
      <trkpt lat="48.286367" lon="9.214355">
        <ele>675.785058</ele>
        <time>2026-07-24T11:16:07.439Z</time>
      </trkpt>
      <trkpt lat="48.286099" lon="9.214586">
        <ele>676.062569</ele>
        <time>2026-07-24T11:16:09.924Z</time>
      </trkpt>
      <trkpt lat="48.285967" lon="9.214746">
        <ele>676.214896</ele>
        <time>2026-07-24T11:16:11.462Z</time>
      </trkpt>
      <trkpt lat="48.285959" lon="9.214766">
        <ele>676.228844</ele>
        <time>2026-07-24T11:16:11.633Z</time>
      </trkpt>
      <trkpt lat="48.285923" lon="9.214850">
        <ele>676.288563</ele>
        <time>2026-07-24T11:16:12.457Z</time>
      </trkpt>
      <trkpt lat="48.285921" lon="9.214973">
        <ele>676.362102</ele>
        <time>2026-07-24T11:16:13.773Z</time>
      </trkpt>
      <trkpt lat="48.285970" lon="9.215074">
        <ele>676.436811</ele>
        <time>2026-07-24T11:16:15.399Z</time>
      </trkpt>
      <trkpt lat="48.286340" lon="9.215167">
        <ele>676.773775</ele>
        <time>2026-07-24T11:16:23.804Z</time>
      </trkpt>
      <trkpt lat="48.286853" lon="9.215052">
        <ele>677.239668</ele>
        <time>2026-07-24T11:16:35.924Z</time>
      </trkpt>
      <trkpt lat="48.287004" lon="9.215048">
        <ele>677.357874</ele>
        <time>2026-07-24T11:16:39.625Z</time>
      </trkpt>
      <trkpt lat="48.287150" lon="9.215073">
        <ele>677.357683</ele>
        <time>2026-07-24T11:16:41.222Z</time>
      </trkpt>
      <trkpt lat="48.287273" lon="9.215127">
        <ele>677.357516</ele>
        <time>2026-07-24T11:16:42.207Z</time>
      </trkpt>
      <trkpt lat="48.287500" lon="9.215350">
        <ele>677.357162</ele>
        <time>2026-07-24T11:16:44.401Z</time>
      </trkpt>
      <trkpt lat="48.287616" lon="9.215532">
        <ele>677.356944</ele>
        <time>2026-07-24T11:16:46.010Z</time>
      </trkpt>
      <trkpt lat="48.287751" lon="9.215814">
        <ele>677.356643</ele>
        <time>2026-07-24T11:16:48.266Z</time>
      </trkpt>
      <trkpt lat="48.287934" lon="9.216285">
        <ele>677.356170</ele>
        <time>2026-07-24T11:16:53.939Z</time>
      </trkpt>
      <trkpt lat="48.288844" lon="9.218953">
        <ele>678.651336</ele>
        <time>2026-07-24T11:17:19.937Z</time>
      </trkpt>
      <trkpt lat="48.288922" lon="9.218971">
        <ele>678.718446</ele>
        <time>2026-07-24T11:17:21.368Z</time>
      </trkpt>
      <trkpt lat="48.289188" lon="9.219639">
        <ele>679.246982</ele>
        <time>2026-07-24T11:17:31.595Z</time>
      </trkpt>
      <trkpt lat="48.289580" lon="9.220464">
        <ele>680.005052</ele>
        <time>2026-07-24T11:17:45.727Z</time>
      </trkpt>
      <trkpt lat="48.289619" lon="9.220832">
        <ele>680.283701</ele>
        <time>2026-07-24T11:17:49.413Z</time>
      </trkpt>
      <trkpt lat="48.289616" lon="9.221283">
        <ele>680.620963</ele>
        <time>2026-07-24T11:17:52.288Z</time>
      </trkpt>
      <trkpt lat="48.289331" lon="9.221458">
        <ele>681.058939</ele>
        <time>2026-07-24T11:17:54.658Z</time>
      </trkpt>
      <trkpt lat="48.289236" lon="9.221559">
        <ele>681.388905</ele>
        <time>2026-07-24T11:17:55.855Z</time>
      </trkpt>
      <trkpt lat="48.289192" lon="9.221596">
        <ele>681.531873</ele>
        <time>2026-07-24T11:17:56.723Z</time>
      </trkpt>
      <trkpt lat="48.289100" lon="9.221676">
        <ele>681.833264</ele>
        <time>2026-07-24T11:17:58.867Z</time>
      </trkpt>
      <trkpt lat="48.288911" lon="9.221927">
        <ele>682.548443</ele>
        <time>2026-07-24T11:18:04.340Z</time>
      </trkpt>
      <trkpt lat="48.288651" lon="9.222463">
        <ele>683.799938</ele>
        <time>2026-07-24T11:18:16.452Z</time>
      </trkpt>
      <trkpt lat="48.288484" lon="9.222604">
        <ele>684.343089</ele>
        <time>2026-07-24T11:18:23.811Z</time>
      </trkpt>
      <trkpt lat="48.288635" lon="9.223998">
        <ele>687.424572</ele>
        <time>2026-07-24T11:18:45.159Z</time>
      </trkpt>
      <trkpt lat="48.288676" lon="9.224199">
        <ele>687.986356</ele>
        <time>2026-07-24T11:18:46.488Z</time>
      </trkpt>
      <trkpt lat="48.288729" lon="9.224322">
        <ele>688.377937</ele>
        <time>2026-07-24T11:18:47.192Z</time>
      </trkpt>
      <trkpt lat="48.288776" lon="9.224463">
        <ele>688.799352</ele>
        <time>2026-07-24T11:18:47.993Z</time>
      </trkpt>
      <trkpt lat="48.288860" lon="9.224936">
        <ele>690.107542</ele>
        <time>2026-07-24T11:18:57.523Z</time>
      </trkpt>
      <trkpt lat="48.288995" lon="9.226132">
        <ele>693.231825</ele>
        <time>2026-07-24T11:19:28.689Z</time>
      </trkpt>
      <trkpt lat="48.289056" lon="9.226460">
        <ele>693.244088</ele>
        <time>2026-07-24T11:19:33.880Z</time>
      </trkpt>
      <trkpt lat="48.289174" lon="9.226880">
        <ele>693.260504</ele>
        <time>2026-07-24T11:19:38.732Z</time>
      </trkpt>
      <trkpt lat="48.289429" lon="9.227593">
        <ele>693.289650</ele>
        <time>2026-07-24T11:19:42.893Z</time>
      </trkpt>
      <trkpt lat="48.289683" lon="9.228576">
        <ele>693.332027</ele>
        <time>2026-07-24T11:19:48.700Z</time>
      </trkpt>
      <trkpt lat="48.289734" lon="9.228923">
        <ele>694.240858</ele>
        <time>2026-07-24T11:19:52.467Z</time>
      </trkpt>
      <trkpt lat="48.289707" lon="9.229301">
        <ele>695.213132</ele>
        <time>2026-07-24T11:19:59.223Z</time>
      </trkpt>
      <trkpt lat="48.289566" lon="9.230095">
        <ele>697.314838</ele>
        <time>2026-07-24T11:20:20.082Z</time>
      </trkpt>
      <trkpt lat="48.289551" lon="9.230507">
        <ele>698.370090</ele>
        <time>2026-07-24T11:20:28.784Z</time>
      </trkpt>
      <trkpt lat="48.289594" lon="9.230904">
        <ele>699.398769</ele>
        <time>2026-07-24T11:20:35.988Z</time>
      </trkpt>
      <trkpt lat="48.289654" lon="9.231179">
        <ele>700.138919</ele>
        <time>2026-07-24T11:20:38.781Z</time>
      </trkpt>
      <trkpt lat="48.289721" lon="9.231401">
        <ele>700.479918</ele>
        <time>2026-07-24T11:20:40.548Z</time>
      </trkpt>
      <trkpt lat="48.289891" lon="9.231797">
        <ele>701.032247</ele>
        <time>2026-07-24T11:20:43.589Z</time>
      </trkpt>
      <trkpt lat="48.289936" lon="9.231891">
        <ele>701.167967</ele>
        <time>2026-07-24T11:20:44.301Z</time>
      </trkpt>
      <trkpt lat="48.289869" lon="9.232169">
        <ele>701.514497</ele>
        <time>2026-07-24T11:20:51.727Z</time>
      </trkpt>
      <trkpt lat="48.289882" lon="9.232617">
        <ele>702.040052</ele>
        <time>2026-07-24T11:20:59.317Z</time>
      </trkpt>
      <trkpt lat="48.289876" lon="9.232997">
        <ele>702.485537</ele>
        <time>2026-07-24T11:21:02.676Z</time>
      </trkpt>
      <trkpt lat="48.289850" lon="9.233154">
        <ele>702.675154</ele>
        <time>2026-07-24T11:21:03.705Z</time>
      </trkpt>
      <trkpt lat="48.289788" lon="9.233392">
        <ele>702.974707</ele>
        <time>2026-07-24T11:21:05.176Z</time>
      </trkpt>
      <trkpt lat="48.289691" lon="9.233627">
        <ele>703.298820</ele>
        <time>2026-07-24T11:21:06.656Z</time>
      </trkpt>
      <trkpt lat="48.289576" lon="9.233806">
        <ele>703.895458</ele>
        <time>2026-07-24T11:21:08.095Z</time>
      </trkpt>
      <trkpt lat="48.289412" lon="9.233961">
        <ele>704.811013</ele>
        <time>2026-07-24T11:21:14.146Z</time>
      </trkpt>
      <trkpt lat="48.289087" lon="9.234195">
        <ele>706.514079</ele>
        <time>2026-07-24T11:21:25.120Z</time>
      </trkpt>
      <trkpt lat="48.288593" lon="9.234563">
        <ele>709.119714</ele>
        <time>2026-07-24T11:21:38.929Z</time>
      </trkpt>
      <trkpt lat="48.288274" lon="9.234738">
        <ele>710.724564</ele>
        <time>2026-07-24T11:21:48.786Z</time>
      </trkpt>
      <trkpt lat="48.287232" lon="9.235012">
        <ele>717.911963</ele>
        <time>2026-07-24T11:22:31.766Z</time>
      </trkpt>
      <trkpt lat="48.287068" lon="9.235008">
        <ele>719.131795</ele>
        <time>2026-07-24T11:22:38.140Z</time>
      </trkpt>
      <trkpt lat="48.286538" lon="9.234803">
        <ele>723.201873</ele>
        <time>2026-07-24T11:22:57.166Z</time>
      </trkpt>
      <trkpt lat="48.286013" lon="9.234776">
        <ele>727.179885</ele>
        <time>2026-07-24T11:23:10.403Z</time>
      </trkpt>
      <trkpt lat="48.285663" lon="9.234878">
        <ele>729.935038</ele>
        <time>2026-07-24T11:23:24.141Z</time>
      </trkpt>
      <trkpt lat="48.285436" lon="9.235088">
        <ele>731.995008</ele>
        <time>2026-07-24T11:23:35.304Z</time>
      </trkpt>
      <trkpt lat="48.285257" lon="9.235368">
        <ele>733.991671</ele>
        <time>2026-07-24T11:23:45.924Z</time>
      </trkpt>
      <trkpt lat="48.285138" lon="9.235697">
        <ele>735.917281</ele>
        <time>2026-07-24T11:23:56.342Z</time>
      </trkpt>
      <trkpt lat="48.285059" lon="9.236158">
        <ele>738.365247</ele>
        <time>2026-07-24T11:24:09.266Z</time>
      </trkpt>
      <trkpt lat="48.284984" lon="9.237949">
        <ele>743.655887</ele>
        <time>2026-07-24T11:24:46.219Z</time>
      </trkpt>
      <trkpt lat="48.285115" lon="9.239700">
        <ele>748.362263</ele>
        <time>2026-07-24T11:25:01.715Z</time>
      </trkpt>
      <trkpt lat="48.285090" lon="9.240167">
        <ele>749.568167</ele>
        <time>2026-07-24T11:25:07.796Z</time>
      </trkpt>
      <trkpt lat="48.284936" lon="9.240902">
        <ele>751.551567</ele>
        <time>2026-07-24T11:25:23.296Z</time>
      </trkpt>
      <trkpt lat="48.284929" lon="9.241287">
        <ele>752.542899</ele>
        <time>2026-07-24T11:25:31.598Z</time>
      </trkpt>
      <trkpt lat="48.284983" lon="9.241663">
        <ele>753.532980</ele>
        <time>2026-07-24T11:25:40.439Z</time>
      </trkpt>
      <trkpt lat="48.285162" lon="9.242395">
        <ele>756.253483</ele>
        <time>2026-07-24T11:25:55.265Z</time>
      </trkpt>
      <trkpt lat="48.285212" lon="9.242767">
        <ele>757.577422</ele>
        <time>2026-07-24T11:26:02.860Z</time>
      </trkpt>
      <trkpt lat="48.285214" lon="9.243001">
        <ele>758.393804</ele>
        <time>2026-07-24T11:26:07.579Z</time>
      </trkpt>
      <trkpt lat="48.285202" lon="9.243412">
        <ele>759.828965</ele>
        <time>2026-07-24T11:26:15.975Z</time>
      </trkpt>
      <trkpt lat="48.285123" lon="9.244454">
        <ele>763.173816</ele>
        <time>2026-07-24T11:26:35.161Z</time>
      </trkpt>
      <trkpt lat="48.285047" lon="9.244883">
        <ele>763.796836</ele>
        <time>2026-07-24T11:26:41.906Z</time>
      </trkpt>
      <trkpt lat="48.284670" lon="9.246121">
        <ele>765.707514</ele>
        <time>2026-07-24T11:26:55.888Z</time>
      </trkpt>
      <trkpt lat="48.284569" lon="9.246610">
        <ele>766.426070</ele>
        <time>2026-07-24T11:26:59.325Z</time>
      </trkpt>
      <trkpt lat="48.284260" lon="9.246856">
        <ele>767.122385</ele>
        <time>2026-07-24T11:27:08.390Z</time>
      </trkpt>
      <trkpt lat="48.283443" lon="9.247414">
        <ele>768.823876</ele>
        <time>2026-07-24T11:27:34.692Z</time>
      </trkpt>
      <trkpt lat="48.282718" lon="9.247796">
        <ele>770.045254</ele>
        <time>2026-07-24T11:27:49.439Z</time>
      </trkpt>
      <trkpt lat="48.282149" lon="9.248061">
        <ele>768.850246</ele>
        <time>2026-07-24T11:27:56.243Z</time>
      </trkpt>
      <trkpt lat="48.280693" lon="9.249056">
        <ele>766.375559</ele>
        <time>2026-07-24T11:28:16.192Z</time>
      </trkpt>
      <trkpt lat="48.280632" lon="9.249138">
        <ele>766.342870</ele>
        <time>2026-07-24T11:28:17.266Z</time>
      </trkpt>
      <trkpt lat="48.280577" lon="9.249433">
        <ele>766.261440</ele>
        <time>2026-07-24T11:28:19.980Z</time>
      </trkpt>
      <trkpt lat="48.280554" lon="9.250728">
        <ele>765.917110</ele>
        <time>2026-07-24T11:28:35.572Z</time>
      </trkpt>
      <trkpt lat="48.280524" lon="9.250992">
        <ele>765.845923</ele>
        <time>2026-07-24T11:28:38.949Z</time>
      </trkpt>
      <trkpt lat="48.280387" lon="9.251469">
        <ele>766.283284</ele>
        <time>2026-07-24T11:28:45.097Z</time>
      </trkpt>
      <trkpt lat="48.279932" lon="9.252988">
        <ele>767.773639</ele>
        <time>2026-07-24T11:29:07.005Z</time>
      </trkpt>
      <trkpt lat="48.279709" lon="9.254412">
        <ele>772.189691</ele>
        <time>2026-07-24T11:29:29.806Z</time>
      </trkpt>
      <trkpt lat="48.279309" lon="9.255560">
        <ele>777.717053</ele>
        <time>2026-07-24T11:30:08.061Z</time>
      </trkpt>
      <trkpt lat="48.279269" lon="9.255960">
        <ele>779.442418</ele>
        <time>2026-07-24T11:30:20.646Z</time>
      </trkpt>
      <trkpt lat="48.279375" lon="9.257129">
        <ele>783.765144</ele>
        <time>2026-07-24T11:30:54.261Z</time>
      </trkpt>
      <trkpt lat="48.279410" lon="9.258719">
        <ele>789.523832</ele>
        <time>2026-07-24T11:31:25.490Z</time>
      </trkpt>
      <trkpt lat="48.279391" lon="9.259041">
        <ele>789.401548</ele>
        <time>2026-07-24T11:31:30.316Z</time>
      </trkpt>
      <trkpt lat="48.279326" lon="9.259329">
        <ele>789.237143</ele>
        <time>2026-07-24T11:31:33.304Z</time>
      </trkpt>
      <trkpt lat="48.278991" lon="9.260208">
        <ele>788.689544</ele>
        <time>2026-07-24T11:31:41.567Z</time>
      </trkpt>
      <trkpt lat="48.278850" lon="9.260850">
        <ele>788.324061</ele>
        <time>2026-07-24T11:31:46.911Z</time>
      </trkpt>
      <trkpt lat="48.278786" lon="9.261048">
        <ele>788.205062</ele>
        <time>2026-07-24T11:31:48.677Z</time>
      </trkpt>
      <trkpt lat="48.278693" lon="9.261222">
        <ele>788.130687</ele>
        <time>2026-07-24T11:31:50.592Z</time>
      </trkpt>
      <trkpt lat="48.277144" lon="9.263347">
        <ele>788.617160</ele>
        <time>2026-07-24T11:32:33.691Z</time>
      </trkpt>
      <trkpt lat="48.276892" lon="9.263829">
        <ele>787.561560</ele>
        <time>2026-07-24T11:32:39.919Z</time>
      </trkpt>
      <trkpt lat="48.276575" lon="9.264852">
        <ele>785.618145</ele>
        <time>2026-07-24T11:32:48.176Z</time>
      </trkpt>
      <trkpt lat="48.276536" lon="9.265059">
        <ele>785.247639</ele>
        <time>2026-07-24T11:32:49.607Z</time>
      </trkpt>
      <trkpt lat="48.276418" lon="9.265600">
        <ele>784.323450</ele>
        <time>2026-07-24T11:32:53.457Z</time>
      </trkpt>
      <trkpt lat="48.276068" lon="9.266490">
        <ele>782.726842</ele>
        <time>2026-07-24T11:33:03.450Z</time>
      </trkpt>
      <trkpt lat="48.276053" lon="9.266854">
        <ele>782.163578</ele>
        <time>2026-07-24T11:33:06.891Z</time>
      </trkpt>
      <trkpt lat="48.276337" lon="9.268784">
        <ele>781.526331</ele>
        <time>2026-07-24T11:33:23.436Z</time>
      </trkpt>
      <trkpt lat="48.276072" lon="9.268932">
        <ele>781.907577</ele>
        <time>2026-07-24T11:33:31.911Z</time>
      </trkpt>
      <trkpt lat="48.274269" lon="9.269691">
        <ele>785.287499</ele>
        <time>2026-07-24T11:34:20.301Z</time>
      </trkpt>
      <trkpt lat="48.273861" lon="9.269762">
        <ele>786.187372</ele>
        <time>2026-07-24T11:34:28.189Z</time>
      </trkpt>
      <trkpt lat="48.272108" lon="9.270041">
        <ele>787.730929</ele>
        <time>2026-07-24T11:35:04.021Z</time>
      </trkpt>
      <trkpt lat="48.271635" lon="9.270046">
        <ele>787.912112</ele>
        <time>2026-07-24T11:35:10.107Z</time>
      </trkpt>
      <trkpt lat="48.271516" lon="9.270161">
        <ele>787.840416</ele>
        <time>2026-07-24T11:35:11.845Z</time>
      </trkpt>
      <trkpt lat="48.271566" lon="9.270558">
        <ele>787.704142</ele>
        <time>2026-07-24T11:35:15.376Z</time>
      </trkpt>
      <trkpt lat="48.271578" lon="9.270856">
        <ele>787.603451</ele>
        <time>2026-07-24T11:35:18.480Z</time>
      </trkpt>
      <trkpt lat="48.271513" lon="9.272326">
        <ele>787.106567</ele>
        <time>2026-07-24T11:35:35.008Z</time>
      </trkpt>
      <trkpt lat="48.271504" lon="9.273633">
        <ele>785.752348</ele>
        <time>2026-07-24T11:35:47.113Z</time>
      </trkpt>
      <trkpt lat="48.271467" lon="9.273926">
        <ele>785.401749</ele>
        <time>2026-07-24T11:35:49.370Z</time>
      </trkpt>
      <trkpt lat="48.271346" lon="9.274429">
        <ele>784.772979</ele>
        <time>2026-07-24T11:35:53.334Z</time>
      </trkpt>
      <trkpt lat="48.271204" lon="9.275195">
        <ele>783.843855</ele>
        <time>2026-07-24T11:36:00.181Z</time>
      </trkpt>
      <trkpt lat="48.271212" lon="9.276178">
        <ele>783.049149</ele>
        <time>2026-07-24T11:36:10.707Z</time>
      </trkpt>
      <trkpt lat="48.270966" lon="9.276291">
        <ele>782.736726</ele>
        <time>2026-07-24T11:36:12.898Z</time>
      </trkpt>
      <trkpt lat="48.270556" lon="9.276558">
        <ele>782.194007</ele>
        <time>2026-07-24T11:36:17.069Z</time>
      </trkpt>
      <trkpt lat="48.269971" lon="9.276988">
        <ele>781.115331</ele>
        <time>2026-07-24T11:36:23.648Z</time>
      </trkpt>
      <trkpt lat="48.269783" lon="9.277060">
        <ele>780.627524</ele>
        <time>2026-07-24T11:36:25.442Z</time>
      </trkpt>
      <trkpt lat="48.269594" lon="9.277058">
        <ele>780.152308</ele>
        <time>2026-07-24T11:36:27.054Z</time>
      </trkpt>
      <trkpt lat="48.269273" lon="9.276978">
        <ele>779.334185</ele>
        <time>2026-07-24T11:36:29.493Z</time>
      </trkpt>
      <trkpt lat="48.269037" lon="9.276930">
        <ele>778.735395</ele>
        <time>2026-07-24T11:36:31.526Z</time>
      </trkpt>
      <trkpt lat="48.268989" lon="9.276925">
        <ele>778.614419</ele>
        <time>2026-07-24T11:36:31.916Z</time>
      </trkpt>
      <trkpt lat="48.268752" lon="9.276943">
        <ele>778.017766</ele>
        <time>2026-07-24T11:36:33.825Z</time>
      </trkpt>
      <trkpt lat="48.268593" lon="9.276969">
        <ele>777.615630</ele>
        <time>2026-07-24T11:36:35.293Z</time>
      </trkpt>
      <trkpt lat="48.268556" lon="9.276973">
        <ele>777.522360</ele>
        <time>2026-07-24T11:36:35.658Z</time>
      </trkpt>
      <trkpt lat="48.268333" lon="9.276963">
        <ele>777.034772</ele>
        <time>2026-07-24T11:36:37.812Z</time>
      </trkpt>
      <trkpt lat="48.268136" lon="9.276946">
        <ele>776.732111</ele>
        <time>2026-07-24T11:36:39.508Z</time>
      </trkpt>
      <trkpt lat="48.267897" lon="9.276966">
        <ele>776.364960</ele>
        <time>2026-07-24T11:36:41.388Z</time>
      </trkpt>
      <trkpt lat="48.267679" lon="9.277032">
        <ele>776.023865</ele>
        <time>2026-07-24T11:36:43.431Z</time>
      </trkpt>
      <trkpt lat="48.267553" lon="9.277111">
        <ele>775.814447</ele>
        <time>2026-07-24T11:36:44.643Z</time>
      </trkpt>
      <trkpt lat="48.267324" lon="9.277237">
        <ele>775.440385</ele>
        <time>2026-07-24T11:36:46.636Z</time>
      </trkpt>
      <trkpt lat="48.267140" lon="9.277318">
        <ele>775.146295</ele>
        <time>2026-07-24T11:36:48.161Z</time>
      </trkpt>
      <trkpt lat="48.266361" lon="9.277576">
        <ele>774.348379</ele>
        <time>2026-07-24T11:36:59.653Z</time>
      </trkpt>
      <trkpt lat="48.266346" lon="9.277497">
        <ele>774.340789</ele>
        <time>2026-07-24T11:37:00.493Z</time>
      </trkpt>
      <trkpt lat="48.266306" lon="9.277464">
        <ele>774.334455</ele>
        <time>2026-07-24T11:37:01.227Z</time>
      </trkpt>
      <trkpt lat="48.266258" lon="9.277484">
        <ele>774.327541</ele>
        <time>2026-07-24T11:37:02.046Z</time>
      </trkpt>
      <trkpt lat="48.266236" lon="9.277534">
        <ele>774.322004</ele>
        <time>2026-07-24T11:37:02.728Z</time>
      </trkpt>
      <trkpt lat="48.266244" lon="9.277613">
        <ele>774.314621</ele>
        <time>2026-07-24T11:37:03.648Z</time>
      </trkpt>
      <trkpt lat="48.266272" lon="9.277648">
        <ele>774.309565</ele>
        <time>2026-07-24T11:37:04.266Z</time>
      </trkpt>
      <trkpt lat="48.266218" lon="9.277756">
        <ele>774.297086</ele>
        <time>2026-07-24T11:37:05.590Z</time>
      </trkpt>
      <trkpt lat="48.266142" lon="9.278142">
        <ele>774.259896</ele>
        <time>2026-07-24T11:37:08.330Z</time>
      </trkpt>
      <trkpt lat="48.266135" lon="9.278758">
        <ele>774.202974</ele>
        <time>2026-07-24T11:37:12.215Z</time>
      </trkpt>
      <trkpt lat="48.266165" lon="9.279189">
        <ele>774.162936</ele>
        <time>2026-07-24T11:37:15.557Z</time>
      </trkpt>
      <trkpt lat="48.266083" lon="9.279924">
        <ele>773.919916</ele>
        <time>2026-07-24T11:37:20.921Z</time>
      </trkpt>
      <trkpt lat="48.266094" lon="9.280221">
        <ele>773.790597</ele>
        <time>2026-07-24T11:37:23.381Z</time>
      </trkpt>
      <trkpt lat="48.266124" lon="9.280547">
        <ele>773.647522</ele>
        <time>2026-07-24T11:37:25.873Z</time>
      </trkpt>
      <trkpt lat="48.266045" lon="9.282079">
        <ele>772.979497</ele>
        <time>2026-07-24T11:37:36.021Z</time>
      </trkpt>
      <trkpt lat="48.265921" lon="9.282815">
        <ele>772.249320</ele>
        <time>2026-07-24T11:37:41.123Z</time>
      </trkpt>
      <trkpt lat="48.265745" lon="9.283434">
        <ele>771.587302</ele>
        <time>2026-07-24T11:37:45.220Z</time>
      </trkpt>
      <trkpt lat="48.265168" lon="9.286415">
        <ele>768.441586</ele>
        <time>2026-07-24T11:38:03.626Z</time>
      </trkpt>
      <trkpt lat="48.264708" lon="9.288519">
        <ele>767.025569</ele>
        <time>2026-07-24T11:38:18.031Z</time>
      </trkpt>
      <trkpt lat="48.264515" lon="9.289646">
        <ele>766.594836</ele>
        <time>2026-07-24T11:38:26.312Z</time>
      </trkpt>
      <trkpt lat="48.264407" lon="9.290637">
        <ele>767.213656</ele>
        <time>2026-07-24T11:38:35.054Z</time>
      </trkpt>
      <trkpt lat="48.264204" lon="9.292823">
        <ele>769.408984</ele>
        <time>2026-07-24T11:39:00.891Z</time>
      </trkpt>
      <trkpt lat="48.264178" lon="9.293390">
        <ele>770.352843</ele>
        <time>2026-07-24T11:39:08.240Z</time>
      </trkpt>
      <trkpt lat="48.264191" lon="9.293961">
        <ele>771.301668</ele>
        <time>2026-07-24T11:39:16.205Z</time>
      </trkpt>
      <trkpt lat="48.264241" lon="9.294487">
        <ele>772.184066</ele>
        <time>2026-07-24T11:39:24.067Z</time>
      </trkpt>
      <trkpt lat="48.264370" lon="9.295308">
        <ele>773.356318</ele>
        <time>2026-07-24T11:39:37.199Z</time>
      </trkpt>
      <trkpt lat="48.264475" lon="9.295664">
        <ele>773.123101</ele>
        <time>2026-07-24T11:39:41.806Z</time>
      </trkpt>
      <trkpt lat="48.265401" lon="9.297797">
        <ele>770.856826</ele>
        <time>2026-07-24T11:39:57.044Z</time>
      </trkpt>
      <trkpt lat="48.265722" lon="9.298547">
        <ele>768.351224</ele>
        <time>2026-07-24T11:40:01.524Z</time>
      </trkpt>
      <trkpt lat="48.265916" lon="9.299082">
        <ele>766.639249</ele>
        <time>2026-07-24T11:40:04.590Z</time>
      </trkpt>
      <trkpt lat="48.266058" lon="9.299606">
        <ele>765.049436</ele>
        <time>2026-07-24T11:40:07.477Z</time>
      </trkpt>
      <trkpt lat="48.266356" lon="9.300893">
        <ele>760.400339</ele>
        <time>2026-07-24T11:40:14.386Z</time>
      </trkpt>
      <trkpt lat="48.266447" lon="9.301397">
        <ele>758.529849</ele>
        <time>2026-07-24T11:40:16.865Z</time>
      </trkpt>
      <trkpt lat="48.266597" lon="9.302404">
        <ele>754.833714</ele>
        <time>2026-07-24T11:40:22.031Z</time>
      </trkpt>
      <trkpt lat="48.266741" lon="9.302948">
        <ele>753.026034</ele>
        <time>2026-07-24T11:40:24.975Z</time>
      </trkpt>
      <trkpt lat="48.266934" lon="9.303414">
        <ele>751.377720</ele>
        <time>2026-07-24T11:40:27.684Z</time>
      </trkpt>
      <trkpt lat="48.267255" lon="9.303847">
        <ele>749.431292</ele>
        <time>2026-07-24T11:40:30.881Z</time>
      </trkpt>
      <trkpt lat="48.267683" lon="9.304330">
        <ele>747.016125</ele>
        <time>2026-07-24T11:40:34.903Z</time>
      </trkpt>
      <trkpt lat="48.269138" lon="9.306042">
        <ele>745.039419</ele>
        <time>2026-07-24T11:40:54.439Z</time>
      </trkpt>
      <trkpt lat="48.269518" lon="9.306512">
        <ele>745.185705</ele>
        <time>2026-07-24T11:41:00.924Z</time>
      </trkpt>
      <trkpt lat="48.269669" lon="9.306780">
        <ele>745.308178</ele>
        <time>2026-07-24T11:41:03.901Z</time>
      </trkpt>
      <trkpt lat="48.269797" lon="9.307082">
        <ele>745.433059</ele>
        <time>2026-07-24T11:41:06.709Z</time>
      </trkpt>
      <trkpt lat="48.269859" lon="9.307313">
        <ele>745.519937</ele>
        <time>2026-07-24T11:41:08.531Z</time>
      </trkpt>
      <trkpt lat="48.270079" lon="9.308385">
        <ele>745.911221</ele>
        <time>2026-07-24T11:41:20.125Z</time>
      </trkpt>
      <trkpt lat="48.270231" lon="9.308765">
        <ele>746.555368</ele>
        <time>2026-07-24T11:41:24.809Z</time>
      </trkpt>
      <trkpt lat="48.270405" lon="9.309090">
        <ele>747.171228</ele>
        <time>2026-07-24T11:41:29.524Z</time>
      </trkpt>
      <trkpt lat="48.271073" lon="9.309886">
        <ele>749.062621</ele>
        <time>2026-07-24T11:41:45.825Z</time>
      </trkpt>
      <trkpt lat="48.271448" lon="9.310307">
        <ele>750.323661</ele>
        <time>2026-07-24T11:41:54.977Z</time>
      </trkpt>
      <trkpt lat="48.271711" lon="9.310517">
        <ele>751.732277</ele>
        <time>2026-07-24T11:42:02.393Z</time>
      </trkpt>
      <trkpt lat="48.272753" lon="9.311184">
        <ele>757.089061</ele>
        <time>2026-07-24T11:42:35.630Z</time>
      </trkpt>
      <trkpt lat="48.273464" lon="9.311575">
        <ele>759.861506</ele>
        <time>2026-07-24T11:42:57.243Z</time>
      </trkpt>
      <trkpt lat="48.273815" lon="9.311759">
        <ele>760.990439</ele>
        <time>2026-07-24T11:43:05.426Z</time>
      </trkpt>
      <trkpt lat="48.273966" lon="9.311838">
        <ele>761.476000</ele>
        <time>2026-07-24T11:43:09.600Z</time>
      </trkpt>
      <trkpt lat="48.274232" lon="9.312059">
        <ele>762.399065</ele>
        <time>2026-07-24T11:43:16.742Z</time>
      </trkpt>
      <trkpt lat="48.274437" lon="9.312312">
        <ele>763.204701</ele>
        <time>2026-07-24T11:43:22.026Z</time>
      </trkpt>
      <trkpt lat="48.274665" lon="9.312681">
        <ele>763.665594</ele>
        <time>2026-07-24T11:43:26.488Z</time>
      </trkpt>
      <trkpt lat="48.274920" lon="9.313092">
        <ele>762.989833</ele>
        <time>2026-07-24T11:43:29.679Z</time>
      </trkpt>
      <trkpt lat="48.275138" lon="9.313256">
        <ele>762.549287</ele>
        <time>2026-07-24T11:43:31.579Z</time>
      </trkpt>
      <trkpt lat="48.275276" lon="9.313304">
        <ele>762.293326</ele>
        <time>2026-07-24T11:43:32.663Z</time>
      </trkpt>
      <trkpt lat="48.275562" lon="9.313302">
        <ele>761.776517</ele>
        <time>2026-07-24T11:43:34.842Z</time>
      </trkpt>
      <trkpt lat="48.275964" lon="9.313321">
        <ele>761.049743</ele>
        <time>2026-07-24T11:43:38.028Z</time>
      </trkpt>
      <trkpt lat="48.276422" lon="9.313290">
        <ele>760.644368</ele>
        <time>2026-07-24T11:43:45.980Z</time>
      </trkpt>
      <trkpt lat="48.276807" lon="9.313156">
        <ele>760.682081</ele>
        <time>2026-07-24T11:43:53.490Z</time>
      </trkpt>
      <trkpt lat="48.277535" lon="9.312843">
        <ele>760.754343</ele>
        <time>2026-07-24T11:44:03.664Z</time>
      </trkpt>
      <trkpt lat="48.277779" lon="9.312830">
        <ele>760.777642</ele>
        <time>2026-07-24T11:44:06.135Z</time>
      </trkpt>
      <trkpt lat="48.278445" lon="9.312907">
        <ele>759.878233</ele>
        <time>2026-07-24T11:44:12.312Z</time>
      </trkpt>
      <trkpt lat="48.278443" lon="9.313156">
        <ele>759.567146</ele>
        <time>2026-07-24T11:44:13.620Z</time>
      </trkpt>
      <trkpt lat="48.278295" lon="9.314165">
        <ele>758.276392</ele>
        <time>2026-07-24T11:44:19.334Z</time>
      </trkpt>
      <trkpt lat="48.278263" lon="9.314255">
        <ele>758.148918</ele>
        <time>2026-07-24T11:44:19.950Z</time>
      </trkpt>
      <trkpt lat="48.278217" lon="9.314371">
        <ele>757.980229</ele>
        <time>2026-07-24T11:44:20.840Z</time>
      </trkpt>
      <trkpt lat="48.278127" lon="9.314704">
        <ele>757.531229</ele>
        <time>2026-07-24T11:44:23.434Z</time>
      </trkpt>
      <trkpt lat="48.277984" lon="9.315765">
        <ele>756.064732</ele>
        <time>2026-07-24T11:44:30.217Z</time>
      </trkpt>
      <trkpt lat="48.277829" lon="9.316459">
        <ele>755.066032</ele>
        <time>2026-07-24T11:44:34.571Z</time>
      </trkpt>
      <trkpt lat="48.277508" lon="9.317933">
        <ele>753.034783</ele>
        <time>2026-07-24T11:44:42.959Z</time>
      </trkpt>
      <trkpt lat="48.277400" lon="9.318333">
        <ele>752.509663</ele>
        <time>2026-07-24T11:44:45.411Z</time>
      </trkpt>
      <trkpt lat="48.277245" lon="9.319075">
        <ele>751.563597</ele>
        <time>2026-07-24T11:44:50.511Z</time>
      </trkpt>
      <trkpt lat="48.277042" lon="9.320241">
        <ele>750.233994</ele>
        <time>2026-07-24T11:44:57.891Z</time>
      </trkpt>
      <trkpt lat="48.276950" lon="9.321010">
        <ele>749.658420</ele>
        <time>2026-07-24T11:45:03.010Z</time>
      </trkpt>
      <trkpt lat="48.276759" lon="9.322976">
        <ele>748.284200</ele>
        <time>2026-07-24T11:45:15.605Z</time>
      </trkpt>
      <trkpt lat="48.276628" lon="9.323726">
        <ele>747.910949</ele>
        <time>2026-07-24T11:45:22.049Z</time>
      </trkpt>
      <trkpt lat="48.276501" lon="9.324459">
        <ele>747.546347</ele>
        <time>2026-07-24T11:45:27.620Z</time>
      </trkpt>
      <trkpt lat="48.276471" lon="9.324666">
        <ele>747.444369</ele>
        <time>2026-07-24T11:45:29.044Z</time>
      </trkpt>
      <trkpt lat="48.276444" lon="9.325342">
        <ele>747.090645</ele>
        <time>2026-07-24T11:45:33.270Z</time>
      </trkpt>
      <trkpt lat="48.276469" lon="9.325736">
        <ele>746.742329</ele>
        <time>2026-07-24T11:45:35.651Z</time>
      </trkpt>
      <trkpt lat="48.276515" lon="9.326066">
        <ele>746.445607</ele>
        <time>2026-07-24T11:45:37.645Z</time>
      </trkpt>
      <trkpt lat="48.276708" lon="9.326975">
        <ele>745.605912</ele>
        <time>2026-07-24T11:45:43.212Z</time>
      </trkpt>
      <trkpt lat="48.276744" lon="9.327324">
        <ele>745.295105</ele>
        <time>2026-07-24T11:45:45.503Z</time>
      </trkpt>
      <trkpt lat="48.276746" lon="9.328324">
        <ele>744.648828</ele>
        <time>2026-07-24T11:45:53.092Z</time>
      </trkpt>
      <trkpt lat="48.276749" lon="9.329991">
        <ele>744.138678</ele>
        <time>2026-07-24T11:46:04.411Z</time>
      </trkpt>
      <trkpt lat="48.276804" lon="9.332158">
        <ele>744.346001</ele>
        <time>2026-07-24T11:46:21.365Z</time>
      </trkpt>
      <trkpt lat="48.276812" lon="9.332892">
        <ele>744.536448</ele>
        <time>2026-07-24T11:46:29.085Z</time>
      </trkpt>
      <trkpt lat="48.276771" lon="9.333959">
        <ele>744.297162</ele>
        <time>2026-07-24T11:46:39.852Z</time>
      </trkpt>
      <trkpt lat="48.276635" lon="9.335396">
        <ele>743.503306</ele>
        <time>2026-07-24T11:46:49.439Z</time>
      </trkpt>
      <trkpt lat="48.276525" lon="9.336306">
        <ele>742.762139</ele>
        <time>2026-07-24T11:46:54.204Z</time>
      </trkpt>
      <trkpt lat="48.276472" lon="9.336664">
        <ele>742.287049</ele>
        <time>2026-07-24T11:46:58.138Z</time>
      </trkpt>
      <trkpt lat="48.276384" lon="9.337033">
        <ele>741.779282</ele>
        <time>2026-07-24T11:47:02.919Z</time>
      </trkpt>
      <trkpt lat="48.275998" lon="9.338188">
        <ele>740.105038</ele>
        <time>2026-07-24T11:47:10.033Z</time>
      </trkpt>
      <trkpt lat="48.275890" lon="9.338814">
        <ele>739.605464</ele>
        <time>2026-07-24T11:47:13.620Z</time>
      </trkpt>
      <trkpt lat="48.275892" lon="9.339091">
        <ele>739.549074</ele>
        <time>2026-07-24T11:47:15.039Z</time>
      </trkpt>
      <trkpt lat="48.275957" lon="9.339614">
        <ele>739.440772</ele>
        <time>2026-07-24T11:47:19.067Z</time>
      </trkpt>
      <trkpt lat="48.276309" lon="9.341576">
        <ele>739.375010</ele>
        <time>2026-07-24T11:47:39.426Z</time>
      </trkpt>
      <trkpt lat="48.276442" lon="9.342523">
        <ele>739.929073</ele>
        <time>2026-07-24T11:47:47.850Z</time>
      </trkpt>
      <trkpt lat="48.276485" lon="9.343347">
        <ele>740.402231</ele>
        <time>2026-07-24T11:47:56.255Z</time>
      </trkpt>
      <trkpt lat="48.276402" lon="9.344276">
        <ele>740.231199</ele>
        <time>2026-07-24T11:48:08.242Z</time>
      </trkpt>
      <trkpt lat="48.276161" lon="9.346457">
        <ele>738.220228</ele>
        <time>2026-07-24T11:48:20.784Z</time>
      </trkpt>
      <trkpt lat="48.275838" lon="9.348125">
        <ele>737.240886</ele>
        <time>2026-07-24T11:48:30.750Z</time>
      </trkpt>
      <trkpt lat="48.275779" lon="9.348661">
        <ele>736.936156</ele>
        <time>2026-07-24T11:48:35.268Z</time>
      </trkpt>
      <trkpt lat="48.275769" lon="9.349114">
        <ele>736.740299</ele>
        <time>2026-07-24T11:48:40.020Z</time>
      </trkpt>
      <trkpt lat="48.275801" lon="9.349476">
        <ele>737.791958</ele>
        <time>2026-07-24T11:48:44.651Z</time>
      </trkpt>
      <trkpt lat="48.275843" lon="9.349814">
        <ele>738.782165</ele>
        <time>2026-07-24T11:48:49.786Z</time>
      </trkpt>
      <trkpt lat="48.276016" lon="9.350549">
        <ele>741.027316</ele>
        <time>2026-07-24T11:49:06.113Z</time>
      </trkpt>
      <trkpt lat="48.276154" lon="9.351147">
        <ele>742.850039</ele>
        <time>2026-07-24T11:49:19.534Z</time>
      </trkpt>
      <trkpt lat="48.276489" lon="9.353025">
        <ele>748.028270</ele>
        <time>2026-07-24T11:49:51.122Z</time>
      </trkpt>
      <trkpt lat="48.276679" lon="9.353777">
        <ele>750.099375</ele>
        <time>2026-07-24T11:50:04.235Z</time>
      </trkpt>
      <trkpt lat="48.276773" lon="9.354118">
        <ele>751.049723</ele>
        <time>2026-07-24T11:50:10.095Z</time>
      </trkpt>
      <trkpt lat="48.276826" lon="9.354291">
        <ele>751.465609</ele>
        <time>2026-07-24T11:50:13.441Z</time>
      </trkpt>
      <trkpt lat="48.276952" lon="9.354812">
        <ele>751.901618</ele>
        <time>2026-07-24T11:50:21.692Z</time>
      </trkpt>
      <trkpt lat="48.277157" lon="9.355968">
        <ele>752.842588</ele>
        <time>2026-07-24T11:50:33.133Z</time>
      </trkpt>
      <trkpt lat="48.277391" lon="9.357063">
        <ele>753.520771</ele>
        <time>2026-07-24T11:50:41.324Z</time>
      </trkpt>
      <trkpt lat="48.277411" lon="9.357155">
        <ele>753.505525</ele>
        <time>2026-07-24T11:50:42.176Z</time>
      </trkpt>
      <trkpt lat="48.277580" lon="9.357933">
        <ele>753.376613</ele>
        <time>2026-07-24T11:50:50.003Z</time>
      </trkpt>
      <trkpt lat="48.277824" lon="9.358907">
        <ele>753.212680</ele>
        <time>2026-07-24T11:50:57.283Z</time>
      </trkpt>
      <trkpt lat="48.277873" lon="9.359107">
        <ele>753.179109</ele>
        <time>2026-07-24T11:50:58.885Z</time>
      </trkpt>
      <trkpt lat="48.277894" lon="9.359359">
        <ele>753.139105</ele>
        <time>2026-07-24T11:51:00.766Z</time>
      </trkpt>
      <trkpt lat="48.277879" lon="9.359546">
        <ele>752.939479</ele>
        <time>2026-07-24T11:51:02.079Z</time>
      </trkpt>
      <trkpt lat="48.277693" lon="9.360417">
        <ele>751.748744</ele>
        <time>2026-07-24T11:51:07.728Z</time>
      </trkpt>
      <trkpt lat="48.277699" lon="9.360629">
        <ele>751.472530</ele>
        <time>2026-07-24T11:51:09.049Z</time>
      </trkpt>
      <trkpt lat="48.277609" lon="9.360672">
        <ele>751.287811</ele>
        <time>2026-07-24T11:51:10.097Z</time>
      </trkpt>
      <trkpt lat="48.277506" lon="9.360796">
        <ele>751.029661</ele>
        <time>2026-07-24T11:51:11.488Z</time>
      </trkpt>
      <trkpt lat="48.277409" lon="9.361005">
        <ele>750.697978</ele>
        <time>2026-07-24T11:51:13.056Z</time>
      </trkpt>
      <trkpt lat="48.277294" lon="9.361247">
        <ele>750.310897</ele>
        <time>2026-07-24T11:51:14.735Z</time>
      </trkpt>
      <trkpt lat="48.277235" lon="9.361299">
        <ele>750.177109</ele>
        <time>2026-07-24T11:51:15.284Z</time>
      </trkpt>
      <trkpt lat="48.276727" lon="9.361520">
        <ele>748.483488</ele>
        <time>2026-07-24T11:51:19.424Z</time>
      </trkpt>
      <trkpt lat="48.276635" lon="9.361561">
        <ele>748.033720</ele>
        <time>2026-07-24T11:51:20.171Z</time>
      </trkpt>
      <trkpt lat="48.276184" lon="9.361759">
        <ele>745.831511</ele>
        <time>2026-07-24T11:51:23.582Z</time>
      </trkpt>
      <trkpt lat="48.275892" lon="9.361807">
        <ele>744.454748</ele>
        <time>2026-07-24T11:51:25.727Z</time>
      </trkpt>
      <trkpt lat="48.275073" lon="9.361797">
        <ele>740.788894</ele>
        <time>2026-07-24T11:51:32.031Z</time>
      </trkpt>
      <trkpt lat="48.275005" lon="9.361841">
        <ele>740.547402</ele>
        <time>2026-07-24T11:51:32.646Z</time>
      </trkpt>
      <trkpt lat="48.274963" lon="9.361933">
        <ele>740.305213</ele>
        <time>2026-07-24T11:51:33.327Z</time>
      </trkpt>
      <trkpt lat="48.274905" lon="9.362363">
        <ele>739.352759</ele>
        <time>2026-07-24T11:51:36.274Z</time>
      </trkpt>
      <trkpt lat="48.274766" lon="9.362586">
        <ele>738.689498</ele>
        <time>2026-07-24T11:51:37.914Z</time>
      </trkpt>
      <trkpt lat="48.274297" lon="9.363206">
        <ele>736.651913</ele>
        <time>2026-07-24T11:51:42.526Z</time>
      </trkpt>
      <trkpt lat="48.274133" lon="9.363496">
        <ele>735.825780</ele>
        <time>2026-07-24T11:51:44.541Z</time>
      </trkpt>
      <trkpt lat="48.273938" lon="9.364023">
        <ele>734.768331</ele>
        <time>2026-07-24T11:51:49.941Z</time>
      </trkpt>
      <trkpt lat="48.273801" lon="9.364406">
        <ele>734.120788</ele>
        <time>2026-07-24T11:51:54.294Z</time>
      </trkpt>
      <trkpt lat="48.273583" lon="9.364788">
        <ele>733.371397</ele>
        <time>2026-07-24T11:51:57.375Z</time>
      </trkpt>
      <trkpt lat="48.273362" lon="9.365019">
        <ele>732.768998</ele>
        <time>2026-07-24T11:51:59.421Z</time>
      </trkpt>
      <trkpt lat="48.273111" lon="9.365192">
        <ele>732.151091</ele>
        <time>2026-07-24T11:52:01.478Z</time>
      </trkpt>
      <trkpt lat="48.272858" lon="9.365313">
        <ele>731.556996</ele>
        <time>2026-07-24T11:52:03.449Z</time>
      </trkpt>
      <trkpt lat="48.272361" lon="9.365595">
        <ele>731.171108</ele>
        <time>2026-07-24T11:52:11.391Z</time>
      </trkpt>
      <trkpt lat="48.272029" lon="9.365837">
        <ele>731.062046</ele>
        <time>2026-07-24T11:52:15.130Z</time>
      </trkpt>
      <trkpt lat="48.271023" lon="9.366701">
        <ele>730.665528</ele>
        <time>2026-07-24T11:52:29.949Z</time>
      </trkpt>
      <trkpt lat="48.270391" lon="9.367200">
        <ele>730.183848</ele>
        <time>2026-07-24T11:52:39.492Z</time>
      </trkpt>
      <trkpt lat="48.269031" lon="9.368155">
        <ele>728.550899</ele>
        <time>2026-07-24T11:52:53.181Z</time>
      </trkpt>
      <trkpt lat="48.268770" lon="9.368370">
        <ele>728.019920</ele>
        <time>2026-07-24T11:52:55.630Z</time>
      </trkpt>
      <trkpt lat="48.268514" lon="9.368663">
        <ele>727.445829</ele>
        <time>2026-07-24T11:52:58.332Z</time>
      </trkpt>
      <trkpt lat="48.268305" lon="9.369008">
        <ele>726.891923</ele>
        <time>2026-07-24T11:53:01.115Z</time>
      </trkpt>
      <trkpt lat="48.268161" lon="9.369319">
        <ele>726.442086</ele>
        <time>2026-07-24T11:53:03.533Z</time>
      </trkpt>
      <trkpt lat="48.267775" lon="9.370542">
        <ele>727.065177</ele>
        <time>2026-07-24T11:53:13.151Z</time>
      </trkpt>
      <trkpt lat="48.267602" lon="9.370907">
        <ele>727.321667</ele>
        <time>2026-07-24T11:53:18.840Z</time>
      </trkpt>
      <trkpt lat="48.267266" lon="9.371370">
        <ele>727.713752</ele>
        <time>2026-07-24T11:53:26.878Z</time>
      </trkpt>
      <trkpt lat="48.265950" lon="9.372597">
        <ele>730.861029</ele>
        <time>2026-07-24T11:53:58.862Z</time>
      </trkpt>
      <trkpt lat="48.265721" lon="9.372916">
        <ele>731.550168</ele>
        <time>2026-07-24T11:54:04.033Z</time>
      </trkpt>
      <trkpt lat="48.265521" lon="9.373332">
        <ele>732.072405</ele>
        <time>2026-07-24T11:54:07.656Z</time>
      </trkpt>
      <trkpt lat="48.265330" lon="9.373765">
        <ele>732.441539</ele>
        <time>2026-07-24T11:54:14.393Z</time>
      </trkpt>
      <trkpt lat="48.265189" lon="9.374009">
        <ele>732.671156</ele>
        <time>2026-07-24T11:54:18.110Z</time>
      </trkpt>
      <trkpt lat="48.264963" lon="9.374301">
        <ele>732.989383</ele>
        <time>2026-07-24T11:54:23.189Z</time>
      </trkpt>
      <trkpt lat="48.264715" lon="9.374538">
        <ele>733.303165</ele>
        <time>2026-07-24T11:54:28.079Z</time>
      </trkpt>
      <trkpt lat="48.264554" lon="9.374637">
        <ele>733.488881</ele>
        <time>2026-07-24T11:54:30.668Z</time>
      </trkpt>
      <trkpt lat="48.263931" lon="9.374915">
        <ele>733.459252</ele>
        <time>2026-07-24T11:54:38.205Z</time>
      </trkpt>
      <trkpt lat="48.263591" lon="9.375163">
        <ele>733.145797</ele>
        <time>2026-07-24T11:54:41.781Z</time>
      </trkpt>
      <trkpt lat="48.262623" lon="9.376046">
        <ele>732.266002</ele>
        <time>2026-07-24T11:54:52.528Z</time>
      </trkpt>
      <trkpt lat="48.262250" lon="9.376456">
        <ele>732.177341</ele>
        <time>2026-07-24T11:54:57.051Z</time>
      </trkpt>
      <trkpt lat="48.261775" lon="9.377041">
        <ele>732.059515</ele>
        <time>2026-07-24T11:55:03.215Z</time>
      </trkpt>
      <trkpt lat="48.261172" lon="9.377904">
        <ele>732.120095</ele>
        <time>2026-07-24T11:55:15.705Z</time>
      </trkpt>
      <trkpt lat="48.260612" lon="9.378934">
        <ele>732.907080</ele>
        <time>2026-07-24T11:55:31.220Z</time>
      </trkpt>
      <trkpt lat="48.260164" lon="9.379577">
        <ele>733.457890</ele>
        <time>2026-07-24T11:55:39.243Z</time>
      </trkpt>
      <trkpt lat="48.259984" lon="9.379955">
        <ele>733.679245</ele>
        <time>2026-07-24T11:55:42.515Z</time>
      </trkpt>
      <trkpt lat="48.259674" lon="9.380643">
        <ele>734.035699</ele>
        <time>2026-07-24T11:55:48.649Z</time>
      </trkpt>
      <trkpt lat="48.259468" lon="9.380970">
        <ele>734.228863</ele>
        <time>2026-07-24T11:55:52.485Z</time>
      </trkpt>
      <trkpt lat="48.258792" lon="9.381819">
        <ele>734.814944</ele>
        <time>2026-07-24T11:56:06.227Z</time>
      </trkpt>
      <trkpt lat="48.258593" lon="9.382012">
        <ele>734.995401</ele>
        <time>2026-07-24T11:56:11.041Z</time>
      </trkpt>
      <trkpt lat="48.258190" lon="9.382326">
        <ele>735.341260</ele>
        <time>2026-07-24T11:56:21.916Z</time>
      </trkpt>
      <trkpt lat="48.258070" lon="9.382459">
        <ele>735.454871</ele>
        <time>2026-07-24T11:56:24.340Z</time>
      </trkpt>
      <trkpt lat="48.258042" lon="9.382621">
        <ele>735.539761</ele>
        <time>2026-07-24T11:56:25.462Z</time>
      </trkpt>
      <trkpt lat="48.258068" lon="9.383043">
        <ele>735.754712</ele>
        <time>2026-07-24T11:56:27.848Z</time>
      </trkpt>
      <trkpt lat="48.258150" lon="9.384207">
        <ele>736.074883</ele>
        <time>2026-07-24T11:56:35.719Z</time>
      </trkpt>
      <trkpt lat="48.258612" lon="9.384194">
        <ele>736.084575</ele>
        <time>2026-07-24T11:56:40.309Z</time>
      </trkpt>
      <trkpt lat="48.258781" lon="9.384235">
        <ele>736.088166</ele>
        <time>2026-07-24T11:56:42.437Z</time>
      </trkpt>
      <trkpt lat="48.258909" lon="9.384363">
        <ele>736.091391</ele>
        <time>2026-07-24T11:56:44.564Z</time>
      </trkpt>
      <trkpt lat="48.259161" lon="9.384744">
        <ele>736.098891</ele>
        <time>2026-07-24T11:56:51.154Z</time>
      </trkpt>
      <trkpt lat="48.259131" lon="9.384875">
        <ele>736.100825</ele>
        <time>2026-07-24T11:56:52.707Z</time>
      </trkpt>
      <trkpt lat="48.259136" lon="9.385120">
        <ele>736.104248</ele>
        <time>2026-07-24T11:56:55.123Z</time>
      </trkpt>
      <trkpt lat="48.259134" lon="9.386371">
        <ele>736.844215</ele>
        <time>2026-07-24T11:57:05.046Z</time>
      </trkpt>
      <trkpt lat="48.259159" lon="9.387041">
        <ele>737.255346</ele>
        <time>2026-07-24T11:57:11.233Z</time>
      </trkpt>
      <trkpt lat="48.259174" lon="9.387350">
        <ele>737.445162</ele>
        <time>2026-07-24T11:57:15.901Z</time>
      </trkpt>
      <trkpt lat="48.259206" lon="9.387824">
        <ele>737.737055</ele>
        <time>2026-07-24T11:57:22.256Z</time>
      </trkpt>
      <trkpt lat="48.259212" lon="9.387901">
        <ele>737.783973</ele>
        <time>2026-07-24T11:57:23.074Z</time>
      </trkpt>
      <trkpt lat="48.259250" lon="9.388389">
        <ele>738.077871</ele>
        <time>2026-07-24T11:57:26.987Z</time>
      </trkpt>
      <trkpt lat="48.259511" lon="9.390113">
        <ele>739.135443</ele>
        <time>2026-07-24T11:57:42.105Z</time>
      </trkpt>
      <trkpt lat="48.259665" lon="9.391538">
        <ele>740.770158</ele>
        <time>2026-07-24T11:57:59.283Z</time>
      </trkpt>
      <trkpt lat="48.259693" lon="9.391868">
        <ele>741.215514</ele>
        <time>2026-07-24T11:58:03.478Z</time>
      </trkpt>
      <trkpt lat="48.259691" lon="9.392181">
        <ele>741.634556</ele>
        <time>2026-07-24T11:58:07.511Z</time>
      </trkpt>
      <trkpt lat="48.259902" lon="9.393882">
        <ele>743.861768</ele>
        <time>2026-07-24T11:58:29.888Z</time>
      </trkpt>
      <trkpt lat="48.260002" lon="9.394558">
        <ele>744.702542</ele>
        <time>2026-07-24T11:58:37.521Z</time>
      </trkpt>
      <trkpt lat="48.260058" lon="9.395185">
        <ele>745.470625</ele>
        <time>2026-07-24T11:58:44.727Z</time>
      </trkpt>
      <trkpt lat="48.260052" lon="9.398455">
        <ele>748.906873</ele>
        <time>2026-07-24T11:59:22.552Z</time>
      </trkpt>
      <trkpt lat="48.260023" lon="9.398775">
        <ele>749.072136</ele>
        <time>2026-07-24T11:59:25.470Z</time>
      </trkpt>
      <trkpt lat="48.259934" lon="9.399111">
        <ele>749.184818</ele>
        <time>2026-07-24T11:59:28.447Z</time>
      </trkpt>
      <trkpt lat="48.259786" lon="9.399418">
        <ele>749.302929</ele>
        <time>2026-07-24T11:59:31.325Z</time>
      </trkpt>
      <trkpt lat="48.259572" lon="9.399663">
        <ele>749.428869</ele>
        <time>2026-07-24T11:59:34.281Z</time>
      </trkpt>
      <trkpt lat="48.258009" lon="9.400979">
        <ele>750.642919</ele>
        <time>2026-07-24T11:59:58.901Z</time>
      </trkpt>
      <trkpt lat="48.257172" lon="9.401857">
        <ele>751.534824</ele>
        <time>2026-07-24T12:00:14.857Z</time>
      </trkpt>
      <trkpt lat="48.256821" lon="9.402273">
        <ele>751.902561</ele>
        <time>2026-07-24T12:00:21.546Z</time>
      </trkpt>
      <trkpt lat="48.256308" lon="9.402734">
        <ele>752.394238</ele>
        <time>2026-07-24T12:00:32.161Z</time>
      </trkpt>
      <trkpt lat="48.255951" lon="9.403104">
        <ele>752.750979</ele>
        <time>2026-07-24T12:00:39.350Z</time>
      </trkpt>
      <trkpt lat="48.255628" lon="9.403605">
        <ele>752.065078</ele>
        <time>2026-07-24T12:00:44.177Z</time>
      </trkpt>
      <trkpt lat="48.255429" lon="9.404406">
        <ele>750.325548</ele>
        <time>2026-07-24T12:00:48.546Z</time>
      </trkpt>
      <trkpt lat="48.255393" lon="9.405149">
        <ele>748.809790</ele>
        <time>2026-07-24T12:00:52.301Z</time>
      </trkpt>
      <trkpt lat="48.255416" lon="9.405751">
        <ele>747.582904</ele>
        <time>2026-07-24T12:00:55.582Z</time>
      </trkpt>
      <trkpt lat="48.255614" lon="9.406366">
        <ele>746.206068</ele>
        <time>2026-07-24T12:00:59.584Z</time>
      </trkpt>
      <trkpt lat="48.255700" lon="9.406759">
        <ele>745.373425</ele>
        <time>2026-07-24T12:01:01.868Z</time>
      </trkpt>
      <trkpt lat="48.255729" lon="9.407110">
        <ele>744.661528</ele>
        <time>2026-07-24T12:01:03.735Z</time>
      </trkpt>
      <trkpt lat="48.255727" lon="9.407675">
        <ele>743.524304</ele>
        <time>2026-07-24T12:01:06.669Z</time>
      </trkpt>
      <trkpt lat="48.255606" lon="9.408746">
        <ele>741.315433</ele>
        <time>2026-07-24T12:01:12.779Z</time>
      </trkpt>
      <trkpt lat="48.255480" lon="9.409357">
        <ele>739.982581</ele>
        <time>2026-07-24T12:01:16.439Z</time>
      </trkpt>
      <trkpt lat="48.255285" lon="9.410225">
        <ele>738.073681</ele>
        <time>2026-07-24T12:01:21.227Z</time>
      </trkpt>
      <trkpt lat="48.255125" lon="9.411174">
        <ele>736.234990</ele>
        <time>2026-07-24T12:01:26.284Z</time>
      </trkpt>
      <trkpt lat="48.254560" lon="9.414932">
        <ele>734.249536</ele>
        <time>2026-07-24T12:01:53.245Z</time>
      </trkpt>
      <trkpt lat="48.254271" lon="9.415907">
        <ele>734.148349</ele>
        <time>2026-07-24T12:02:03.590Z</time>
      </trkpt>
      <trkpt lat="48.254030" lon="9.416854">
        <ele>733.344935</ele>
        <time>2026-07-24T12:02:10.516Z</time>
      </trkpt>
      <trkpt lat="48.253989" lon="9.417509">
        <ele>732.597738</ele>
        <time>2026-07-24T12:02:14.450Z</time>
      </trkpt>
      <trkpt lat="48.253941" lon="9.417885">
        <ele>732.162917</ele>
        <time>2026-07-24T12:02:16.622Z</time>
      </trkpt>
      <trkpt lat="48.253737" lon="9.418790">
        <ele>731.077754</ele>
        <time>2026-07-24T12:02:21.923Z</time>
      </trkpt>
      <trkpt lat="48.253549" lon="9.419791">
        <ele>730.096216</ele>
        <time>2026-07-24T12:02:27.885Z</time>
      </trkpt>
      <trkpt lat="48.253491" lon="9.421018">
        <ele>728.941320</ele>
        <time>2026-07-24T12:02:35.697Z</time>
      </trkpt>
      <trkpt lat="48.253416" lon="9.421281">
        <ele>728.672703</ele>
        <time>2026-07-24T12:02:37.625Z</time>
      </trkpt>
      <trkpt lat="48.253203" lon="9.421810">
        <ele>727.312358</ele>
        <time>2026-07-24T12:02:44.727Z</time>
      </trkpt>
      <trkpt lat="48.252818" lon="9.422395">
        <ele>725.106344</ele>
        <time>2026-07-24T12:02:49.378Z</time>
      </trkpt>
      <trkpt lat="48.251902" lon="9.424009">
        <ele>720.129929</ele>
        <time>2026-07-24T12:02:59.569Z</time>
      </trkpt>
      <trkpt lat="48.251775" lon="9.424220">
        <ele>719.660591</ele>
        <time>2026-07-24T12:03:00.911Z</time>
      </trkpt>
      <trkpt lat="48.251487" lon="9.425196">
        <ele>717.899018</ele>
        <time>2026-07-24T12:03:10.164Z</time>
      </trkpt>
      <trkpt lat="48.251328" lon="9.425816">
        <ele>716.805517</ele>
        <time>2026-07-24T12:03:16.398Z</time>
      </trkpt>
      <trkpt lat="48.251218" lon="9.426455">
        <ele>716.127890</ele>
        <time>2026-07-24T12:03:20.947Z</time>
      </trkpt>
      <trkpt lat="48.251164" lon="9.427195">
        <ele>715.363587</ele>
        <time>2026-07-24T12:03:25.824Z</time>
      </trkpt>
      <trkpt lat="48.251184" lon="9.427656">
        <ele>714.889276</ele>
        <time>2026-07-24T12:03:28.668Z</time>
      </trkpt>
      <trkpt lat="48.251265" lon="9.428167">
        <ele>714.349974</ele>
        <time>2026-07-24T12:03:31.858Z</time>
      </trkpt>
      <trkpt lat="48.251477" lon="9.428829">
        <ele>711.593396</ele>
        <time>2026-07-24T12:03:36.098Z</time>
      </trkpt>
      <trkpt lat="48.251968" lon="9.429920">
        <ele>704.103815</ele>
        <time>2026-07-24T12:03:42.146Z</time>
      </trkpt>
      <trkpt lat="48.252223" lon="9.430554">
        <ele>699.891104</ele>
        <time>2026-07-24T12:03:45.434Z</time>
      </trkpt>
      <trkpt lat="48.252825" lon="9.431919">
        <ele>692.629036</ele>
        <time>2026-07-24T12:03:53.270Z</time>
      </trkpt>
      <trkpt lat="48.252968" lon="9.432373">
        <ele>690.496003</ele>
        <time>2026-07-24T12:03:55.802Z</time>
      </trkpt>
      <trkpt lat="48.253100" lon="9.433038">
        <ele>687.548873</ele>
        <time>2026-07-24T12:03:59.401Z</time>
      </trkpt>
      <trkpt lat="48.253188" lon="9.433306">
        <ele>686.697910</ele>
        <time>2026-07-24T12:04:00.929Z</time>
      </trkpt>
      <trkpt lat="48.253359" lon="9.433558">
        <ele>685.863641</ele>
        <time>2026-07-24T12:04:02.748Z</time>
      </trkpt>
      <trkpt lat="48.253511" lon="9.433883">
        <ele>684.942753</ele>
        <time>2026-07-24T12:04:04.778Z</time>
      </trkpt>
      <trkpt lat="48.253556" lon="9.434088">
        <ele>684.442263</ele>
        <time>2026-07-24T12:04:05.898Z</time>
      </trkpt>
      <trkpt lat="48.253563" lon="9.434280">
        <ele>683.996414</ele>
        <time>2026-07-24T12:04:06.895Z</time>
      </trkpt>
      <trkpt lat="48.253556" lon="9.435495">
        <ele>681.179141</ele>
        <time>2026-07-24T12:04:13.288Z</time>
      </trkpt>
      <trkpt lat="48.253615" lon="9.435771">
        <ele>680.573660</ele>
        <time>2026-07-24T12:04:16.395Z</time>
      </trkpt>
      <trkpt lat="48.253642" lon="9.436023">
        <ele>680.073523</ele>
        <time>2026-07-24T12:04:19.702Z</time>
      </trkpt>
      <trkpt lat="48.253686" lon="9.436074">
        <ele>679.909959</ele>
        <time>2026-07-24T12:04:20.388Z</time>
      </trkpt>
      <trkpt lat="48.253890" lon="9.436491">
        <ele>678.896028</ele>
        <time>2026-07-24T12:04:23.253Z</time>
      </trkpt>
      <trkpt lat="48.254283" lon="9.436994">
        <ele>677.376484</ele>
        <time>2026-07-24T12:04:27.538Z</time>
      </trkpt>
      <trkpt lat="48.254536" lon="9.437487">
        <ele>676.156851</ele>
        <time>2026-07-24T12:04:31.228Z</time>
      </trkpt>
      <trkpt lat="48.254730" lon="9.437766">
        <ele>674.660772</ele>
        <time>2026-07-24T12:04:33.748Z</time>
      </trkpt>
      <trkpt lat="48.254849" lon="9.437874">
        <ele>673.211607</ele>
        <time>2026-07-24T12:04:34.745Z</time>
      </trkpt>
      <trkpt lat="48.255040" lon="9.438008">
        <ele>671.014386</ele>
        <time>2026-07-24T12:04:36.148Z</time>
      </trkpt>
      <trkpt lat="48.255596" lon="9.438298">
        <ele>664.879854</ele>
        <time>2026-07-24T12:04:40.090Z</time>
      </trkpt>
      <trkpt lat="48.255908" lon="9.438651">
        <ele>660.808543</ele>
        <time>2026-07-24T12:04:42.728Z</time>
      </trkpt>
      <trkpt lat="48.256241" lon="9.439447">
        <ele>654.651570</ele>
        <time>2026-07-24T12:04:47.033Z</time>
      </trkpt>
      <trkpt lat="48.256420" lon="9.439769">
        <ele>652.149255</ele>
        <time>2026-07-24T12:04:48.921Z</time>
      </trkpt>
      <trkpt lat="48.256892" lon="9.440414">
        <ele>646.431959</ele>
        <time>2026-07-24T12:04:53.498Z</time>
      </trkpt>
      <trkpt lat="48.257195" lon="9.440695">
        <ele>643.241420</ele>
        <time>2026-07-24T12:04:56.051Z</time>
      </trkpt>
      <trkpt lat="48.257498" lon="9.441235">
        <ele>638.273178</ele>
        <time>2026-07-24T12:04:59.360Z</time>
      </trkpt>
      <trkpt lat="48.257818" lon="9.441943">
        <ele>630.968735</ele>
        <time>2026-07-24T12:05:03.192Z</time>
      </trkpt>
      <trkpt lat="48.257949" lon="9.442403">
        <ele>626.698111</ele>
        <time>2026-07-24T12:05:05.411Z</time>
      </trkpt>
      <trkpt lat="48.258086" lon="9.443122">
        <ele>620.314440</ele>
        <time>2026-07-24T12:05:08.725Z</time>
      </trkpt>
      <trkpt lat="48.258153" lon="9.444068">
        <ele>612.008920</ele>
        <time>2026-07-24T12:05:12.937Z</time>
      </trkpt>
      <trkpt lat="48.257892" lon="9.446270">
        <ele>593.039435</ele>
        <time>2026-07-24T12:05:22.934Z</time>
      </trkpt>
      <trkpt lat="48.257955" lon="9.447167">
        <ele>588.840456</ele>
        <time>2026-07-24T12:05:27.059Z</time>
      </trkpt>
      <trkpt lat="48.257945" lon="9.447412">
        <ele>587.697766</ele>
        <time>2026-07-24T12:05:28.189Z</time>
      </trkpt>
      <trkpt lat="48.257883" lon="9.447602">
        <ele>586.712730</ele>
        <time>2026-07-24T12:05:29.182Z</time>
      </trkpt>
      <trkpt lat="48.257829" lon="9.447689">
        <ele>586.159013</ele>
        <time>2026-07-24T12:05:29.770Z</time>
      </trkpt>
      <trkpt lat="48.257742" lon="9.447745">
        <ele>585.497178</ele>
        <time>2026-07-24T12:05:30.501Z</time>
      </trkpt>
      <trkpt lat="48.257619" lon="9.447727">
        <ele>584.633056</ele>
        <time>2026-07-24T12:05:31.544Z</time>
      </trkpt>
      <trkpt lat="48.257518" lon="9.447582">
        <ele>583.656120</ele>
        <time>2026-07-24T12:05:32.771Z</time>
      </trkpt>
      <trkpt lat="48.257429" lon="9.447171">
        <ele>581.644114</ele>
        <time>2026-07-24T12:05:35.265Z</time>
      </trkpt>
      <trkpt lat="48.257394" lon="9.447090">
        <ele>581.235701</ele>
        <time>2026-07-24T12:05:35.947Z</time>
      </trkpt>
      <trkpt lat="48.257298" lon="9.446987">
        <ele>580.696562</ele>
        <time>2026-07-24T12:05:37.817Z</time>
      </trkpt>
      <trkpt lat="48.257203" lon="9.447011">
        <ele>580.256328</ele>
        <time>2026-07-24T12:05:39.380Z</time>
      </trkpt>
      <trkpt lat="48.256959" lon="9.447568">
        <ele>578.227696</ele>
        <time>2026-07-24T12:05:43.617Z</time>
      </trkpt>
      <trkpt lat="48.256786" lon="9.447789">
        <ele>577.189834</ele>
        <time>2026-07-24T12:05:45.258Z</time>
      </trkpt>
      <trkpt lat="48.256778" lon="9.447849">
        <ele>577.003655</ele>
        <time>2026-07-24T12:05:45.544Z</time>
      </trkpt>
      <trkpt lat="48.256813" lon="9.447886">
        <ele>576.808065</ele>
        <time>2026-07-24T12:05:45.852Z</time>
      </trkpt>
      <trkpt lat="48.257010" lon="9.447714">
        <ele>575.766751</ele>
        <time>2026-07-24T12:05:47.478Z</time>
      </trkpt>
      <trkpt lat="48.257121" lon="9.447673">
        <ele>575.244384</ele>
        <time>2026-07-24T12:05:48.288Z</time>
      </trkpt>
      <trkpt lat="48.257164" lon="9.447703">
        <ele>575.027715</ele>
        <time>2026-07-24T12:05:48.618Z</time>
      </trkpt>
      <trkpt lat="48.257164" lon="9.447783">
        <ele>574.784311</ele>
        <time>2026-07-24T12:05:48.997Z</time>
      </trkpt>
      <trkpt lat="48.256981" lon="9.447897">
        <ele>573.878952</ele>
        <time>2026-07-24T12:05:50.408Z</time>
      </trkpt>
      <trkpt lat="48.256721" lon="9.448111">
        <ele>573.234007</ele>
        <time>2026-07-24T12:05:52.505Z</time>
      </trkpt>
      <trkpt lat="48.256672" lon="9.448184">
        <ele>573.311659</ele>
        <time>2026-07-24T12:05:53.033Z</time>
      </trkpt>
      <trkpt lat="48.256594" lon="9.448180">
        <ele>573.399470</ele>
        <time>2026-07-24T12:05:53.669Z</time>
      </trkpt>
      <trkpt lat="48.256672" lon="9.448184">
        <ele>573.487281</ele>
        <time>2026-07-24T12:05:54.278Z</time>
      </trkpt>
      <trkpt lat="48.256695" lon="9.448278">
        <ele>573.562301</ele>
        <time>2026-07-24T12:05:54.766Z</time>
      </trkpt>
      <trkpt lat="48.256762" lon="9.448388">
        <ele>573.673981</ele>
        <time>2026-07-24T12:05:55.516Z</time>
      </trkpt>
      <trkpt lat="48.256792" lon="9.448441">
        <ele>573.726093</ele>
        <time>2026-07-24T12:05:55.993Z</time>
      </trkpt>
      <trkpt lat="48.257075" lon="9.448694">
        <ele>574.096638</ele>
        <time>2026-07-24T12:06:03.829Z</time>
      </trkpt>
      <trkpt lat="48.257225" lon="9.448761">
        <ele>574.272711</ele>
        <time>2026-07-24T12:06:08.587Z</time>
      </trkpt>
      <trkpt lat="48.257561" lon="9.448749">
        <ele>574.650860</ele>
        <time>2026-07-24T12:06:20.039Z</time>
      </trkpt>
      <trkpt lat="48.257861" lon="9.448661">
        <ele>574.994774</ele>
        <time>2026-07-24T12:06:31.243Z</time>
      </trkpt>
      <trkpt lat="48.258211" lon="9.448550">
        <ele>574.588993</ele>
        <time>2026-07-24T12:06:35.666Z</time>
      </trkpt>
      <trkpt lat="48.258262" lon="9.448465">
        <ele>574.427109</ele>
        <time>2026-07-24T12:06:36.235Z</time>
      </trkpt>
      <trkpt lat="48.258293" lon="9.448276">
        <ele>574.151722</ele>
        <time>2026-07-24T12:06:37.396Z</time>
      </trkpt>
      <trkpt lat="48.258349" lon="9.448135">
        <ele>573.919442</ele>
        <time>2026-07-24T12:06:40.284Z</time>
      </trkpt>
      <trkpt lat="48.258440" lon="9.447982">
        <ele>573.629185</ele>
        <time>2026-07-24T12:06:44.223Z</time>
      </trkpt>
      <trkpt lat="48.258567" lon="9.447914">
        <ele>573.342676</ele>
        <time>2026-07-24T12:06:47.947Z</time>
      </trkpt>
      <trkpt lat="48.258765" lon="9.447870">
        <ele>572.917346</ele>
        <time>2026-07-24T12:06:51.215Z</time>
      </trkpt>
      <trkpt lat="48.258880" lon="9.447898">
        <ele>572.669781</ele>
        <time>2026-07-24T12:06:52.006Z</time>
      </trkpt>
      <trkpt lat="48.259068" lon="9.447956">
        <ele>572.261940</ele>
        <time>2026-07-24T12:06:53.258Z</time>
      </trkpt>
      <trkpt lat="48.259202" lon="9.448074">
        <ele>571.931862</ele>
        <time>2026-07-24T12:06:54.281Z</time>
      </trkpt>
      <trkpt lat="48.259349" lon="9.448283">
        <ele>571.501739</ele>
        <time>2026-07-24T12:06:55.714Z</time>
      </trkpt>
      <trkpt lat="48.260018" lon="9.449389">
        <ele>572.342460</ele>
        <time>2026-07-24T12:07:17.595Z</time>
      </trkpt>
      <trkpt lat="48.260412" lon="9.450201">
        <ele>573.122725</ele>
        <time>2026-07-24T12:07:23.694Z</time>
      </trkpt>
      <trkpt lat="48.260574" lon="9.450427">
        <ele>573.380614</ele>
        <time>2026-07-24T12:07:26.347Z</time>
      </trkpt>
      <trkpt lat="48.260656" lon="9.450588">
        <ele>573.894116</ele>
        <time>2026-07-24T12:07:30.191Z</time>
      </trkpt>
      <trkpt lat="48.260664" lon="9.450687">
        <ele>574.162128</ele>
        <time>2026-07-24T12:07:34.191Z</time>
      </trkpt>
      <trkpt lat="48.260645" lon="9.450796">
        <ele>574.464936</ele>
        <time>2026-07-24T12:07:40.513Z</time>
      </trkpt>
      <trkpt lat="48.260551" lon="9.451116">
        <ele>575.404921</ele>
        <time>2026-07-24T12:08:00.199Z</time>
      </trkpt>
      <trkpt lat="48.260525" lon="9.451221">
        <ele>575.705993</ele>
        <time>2026-07-24T12:08:03.587Z</time>
      </trkpt>
      <trkpt lat="48.260502" lon="9.451323">
        <ele>575.995412</ele>
        <time>2026-07-24T12:08:05.043Z</time>
      </trkpt>
      <trkpt lat="48.259682" lon="9.450684">
        <ele>579.724538</ele>
        <time>2026-07-24T12:08:13.921Z</time>
      </trkpt>
      <trkpt lat="48.259552" lon="9.450594">
        <ele>580.302381</ele>
        <time>2026-07-24T12:08:15.579Z</time>
      </trkpt>
      <trkpt lat="48.259281" lon="9.450519">
        <ele>582.121491</ele>
        <time>2026-07-24T12:08:24.335Z</time>
      </trkpt>
      <trkpt lat="48.258831" lon="9.450514">
        <ele>585.625830</ele>
        <time>2026-07-24T12:08:39.778Z</time>
      </trkpt>
      <trkpt lat="48.258709" lon="9.450516">
        <ele>586.575926</ele>
        <time>2026-07-24T12:08:44.404Z</time>
      </trkpt>
      <trkpt lat="48.258007" lon="9.450506">
        <ele>592.042791</ele>
        <time>2026-07-24T12:09:21.630Z</time>
      </trkpt>
      <trkpt lat="48.257868" lon="9.450475">
        <ele>593.137080</ele>
        <time>2026-07-24T12:09:27.684Z</time>
      </trkpt>
      <trkpt lat="48.257719" lon="9.450367">
        <ele>594.425415</ele>
        <time>2026-07-24T12:09:33.409Z</time>
      </trkpt>
      <trkpt lat="48.257423" lon="9.449964">
        <ele>595.811085</ele>
        <time>2026-07-24T12:09:44.186Z</time>
      </trkpt>
      <trkpt lat="48.257285" lon="9.449837">
        <ele>596.315302</ele>
        <time>2026-07-24T12:09:46.857Z</time>
      </trkpt>
      <trkpt lat="48.257136" lon="9.449758">
        <ele>596.807577</ele>
        <time>2026-07-24T12:09:48.329Z</time>
      </trkpt>
      <trkpt lat="48.256824" lon="9.449658">
        <ele>597.801483</ele>
        <time>2026-07-24T12:09:51.380Z</time>
      </trkpt>
      <trkpt lat="48.256331" lon="9.449593">
        <ele>599.343306</ele>
        <time>2026-07-24T12:10:04.783Z</time>
      </trkpt>
      <trkpt lat="48.255919" lon="9.449660">
        <ele>600.216971</ele>
        <time>2026-07-24T12:10:14.872Z</time>
      </trkpt>
      <trkpt lat="48.255598" lon="9.449658">
        <ele>600.089789</ele>
        <time>2026-07-24T12:10:19.097Z</time>
      </trkpt>
      <trkpt lat="48.255226" lon="9.449530">
        <ele>599.938583</ele>
        <time>2026-07-24T12:10:22.631Z</time>
      </trkpt>
      <trkpt lat="48.255000" lon="9.449549">
        <ele>599.848901</ele>
        <time>2026-07-24T12:10:24.727Z</time>
      </trkpt>
      <trkpt lat="48.254772" lon="9.449631">
        <ele>599.756012</ele>
        <time>2026-07-24T12:10:27.114Z</time>
      </trkpt>
      <trkpt lat="48.254459" lon="9.449855">
        <ele>599.618642</ele>
        <time>2026-07-24T12:10:31.279Z</time>
      </trkpt>
      <trkpt lat="48.253930" lon="9.450444">
        <ele>598.524727</ele>
        <time>2026-07-24T12:10:36.753Z</time>
      </trkpt>
      <trkpt lat="48.253710" lon="9.450624">
        <ele>597.998599</ele>
        <time>2026-07-24T12:10:38.561Z</time>
      </trkpt>
      <trkpt lat="48.253507" lon="9.450667">
        <ele>597.568062</ele>
        <time>2026-07-24T12:10:40.028Z</time>
      </trkpt>
      <trkpt lat="48.253372" lon="9.450737">
        <ele>597.268130</ele>
        <time>2026-07-24T12:10:41.102Z</time>
      </trkpt>
      <trkpt lat="48.253270" lon="9.450947">
        <ele>596.904655</ele>
        <time>2026-07-24T12:10:42.582Z</time>
      </trkpt>
      <trkpt lat="48.253107" lon="9.451590">
        <ele>595.942577</ele>
        <time>2026-07-24T12:10:49.642Z</time>
      </trkpt>
      <trkpt lat="48.252743" lon="9.452711">
        <ele>597.440204</ele>
        <time>2026-07-24T12:11:08.664Z</time>
      </trkpt>
      <trkpt lat="48.252311" lon="9.453180">
        <ele>598.623979</ele>
        <time>2026-07-24T12:11:18.260Z</time>
      </trkpt>
      <trkpt lat="48.252218" lon="9.453360">
        <ele>598.960873</ele>
        <time>2026-07-24T12:11:19.853Z</time>
      </trkpt>
      <trkpt lat="48.252150" lon="9.453601">
        <ele>599.347914</ele>
        <time>2026-07-24T12:11:21.485Z</time>
      </trkpt>
      <trkpt lat="48.252053" lon="9.453821">
        <ele>599.738082</ele>
        <time>2026-07-24T12:11:23.414Z</time>
      </trkpt>
      <trkpt lat="48.251941" lon="9.453861">
        <ele>599.559152</ele>
        <time>2026-07-24T12:11:25.707Z</time>
      </trkpt>
      <trkpt lat="48.251618" lon="9.453792">
        <ele>598.885951</ele>
        <time>2026-07-24T12:11:37.008Z</time>
      </trkpt>
      <trkpt lat="48.251500" lon="9.453848">
        <ele>598.630597</ele>
        <time>2026-07-24T12:11:41.806Z</time>
      </trkpt>
      <trkpt lat="48.251135" lon="9.454358">
        <ele>597.601877</ele>
        <time>2026-07-24T12:11:52.743Z</time>
      </trkpt>
      <trkpt lat="48.251036" lon="9.454355">
        <ele>597.397554</ele>
        <time>2026-07-24T12:11:53.577Z</time>
      </trkpt>
      <trkpt lat="48.250918" lon="9.454271">
        <ele>597.128099</ele>
        <time>2026-07-24T12:11:54.511Z</time>
      </trkpt>
      <trkpt lat="48.250680" lon="9.453822">
        <ele>596.339575</ele>
        <time>2026-07-24T12:11:57.110Z</time>
      </trkpt>
      <trkpt lat="48.250195" lon="9.453366">
        <ele>592.037885</ele>
        <time>2026-07-24T12:12:01.015Z</time>
      </trkpt>
      <trkpt lat="48.249839" lon="9.453055">
        <ele>588.235183</ele>
        <time>2026-07-24T12:12:03.730Z</time>
      </trkpt>
      <trkpt lat="48.249569" lon="9.452947">
        <ele>585.655307</ele>
        <time>2026-07-24T12:12:05.587Z</time>
      </trkpt>
      <trkpt lat="48.249150" lon="9.452963">
        <ele>581.785353</ele>
        <time>2026-07-24T12:12:08.888Z</time>
      </trkpt>
      <trkpt lat="48.248718" lon="9.453078">
        <ele>579.669723</ele>
        <time>2026-07-24T12:12:12.946Z</time>
      </trkpt>
      <trkpt lat="48.248473" lon="9.453055">
        <ele>579.960213</ele>
        <time>2026-07-24T12:12:15.648Z</time>
      </trkpt>
      <trkpt lat="48.247768" lon="9.453158">
        <ele>580.798423</ele>
        <time>2026-07-24T12:12:24.483Z</time>
      </trkpt>
      <trkpt lat="48.247254" lon="9.453342">
        <ele>581.423715</ele>
        <time>2026-07-24T12:12:36.661Z</time>
      </trkpt>
      <trkpt lat="48.247088" lon="9.453451">
        <ele>581.508342</ele>
        <time>2026-07-24T12:12:43.929Z</time>
      </trkpt>
      <trkpt lat="48.246748" lon="9.453817">
        <ele>580.929063</ele>
        <time>2026-07-24T12:12:56.465Z</time>
      </trkpt>
      <trkpt lat="48.246672" lon="9.453840">
        <ele>580.821707</ele>
        <time>2026-07-24T12:12:57.896Z</time>
      </trkpt>
      <trkpt lat="48.246594" lon="9.453815">
        <ele>580.711266</ele>
        <time>2026-07-24T12:12:58.908Z</time>
      </trkpt>
      <trkpt lat="48.246525" lon="9.453747">
        <ele>580.596981</ele>
        <time>2026-07-24T12:12:59.705Z</time>
      </trkpt>
      <trkpt lat="48.246303" lon="9.453279">
        <ele>580.067129</ele>
        <time>2026-07-24T12:13:02.763Z</time>
      </trkpt>
      <trkpt lat="48.246219" lon="9.453155">
        <ele>579.904020</ele>
        <time>2026-07-24T12:13:03.589Z</time>
      </trkpt>
      <trkpt lat="48.246006" lon="9.452961">
        <ele>579.559060</ele>
        <time>2026-07-24T12:13:05.298Z</time>
      </trkpt>
      <trkpt lat="48.245758" lon="9.452873">
        <ele>579.206190</ele>
        <time>2026-07-24T12:13:07.125Z</time>
      </trkpt>
      <trkpt lat="48.245609" lon="9.452860">
        <ele>578.993174</ele>
        <time>2026-07-24T12:13:08.251Z</time>
      </trkpt>
      <trkpt lat="48.245089" lon="9.452955">
        <ele>578.215617</ele>
        <time>2026-07-24T12:13:15.664Z</time>
      </trkpt>
      <trkpt lat="48.244710" lon="9.453128">
        <ele>577.627629</ele>
        <time>2026-07-24T12:13:26.929Z</time>
      </trkpt>
      <trkpt lat="48.244492" lon="9.453385">
        <ele>577.216228</ele>
        <time>2026-07-24T12:13:32.579Z</time>
      </trkpt>
      <trkpt lat="48.244357" lon="9.453469">
        <ele>576.999318</ele>
        <time>2026-07-24T12:13:33.993Z</time>
      </trkpt>
      <trkpt lat="48.244222" lon="9.453392">
        <ele>576.784961</ele>
        <time>2026-07-24T12:13:35.171Z</time>
      </trkpt>
      <trkpt lat="48.244013" lon="9.453125">
        <ele>576.248126</ele>
        <time>2026-07-24T12:13:37.197Z</time>
      </trkpt>
      <trkpt lat="48.243858" lon="9.453008">
        <ele>575.161027</ele>
        <time>2026-07-24T12:13:38.350Z</time>
      </trkpt>
      <trkpt lat="48.243649" lon="9.452953">
        <ele>573.831403</ele>
        <time>2026-07-24T12:13:39.781Z</time>
      </trkpt>
      <trkpt lat="48.243570" lon="9.452966">
        <ele>573.333399</ele>
        <time>2026-07-24T12:13:40.401Z</time>
      </trkpt>
      <trkpt lat="48.243471" lon="9.453037">
        <ele>572.645906</ele>
        <time>2026-07-24T12:13:41.513Z</time>
      </trkpt>
      <trkpt lat="48.242649" lon="9.454047">
        <ele>565.990252</ele>
        <time>2026-07-24T12:13:49.018Z</time>
      </trkpt>
      <trkpt lat="48.242177" lon="9.454596">
        <ele>562.704728</ele>
        <time>2026-07-24T12:13:57.373Z</time>
      </trkpt>
      <trkpt lat="48.241689" lon="9.454947">
        <ele>559.847277</ele>
        <time>2026-07-24T12:14:02.021Z</time>
      </trkpt>
      <trkpt lat="48.241342" lon="9.455154">
        <ele>557.875509</ele>
        <time>2026-07-24T12:14:04.539Z</time>
      </trkpt>
      <trkpt lat="48.240869" lon="9.455379">
        <ele>555.280758</ele>
        <time>2026-07-24T12:14:08.028Z</time>
      </trkpt>
      <trkpt lat="48.240465" lon="9.455697">
        <ele>553.027682</ele>
        <time>2026-07-24T12:14:11.434Z</time>
      </trkpt>
      <trkpt lat="48.239921" lon="9.456212">
        <ele>549.851166</ele>
        <time>2026-07-24T12:14:16.345Z</time>
      </trkpt>
      <trkpt lat="48.238971" lon="9.457036">
        <ele>546.050616</ele>
        <time>2026-07-24T12:14:25.079Z</time>
      </trkpt>
      <trkpt lat="48.238491" lon="9.457515">
        <ele>545.179310</ele>
        <time>2026-07-24T12:14:31.546Z</time>
      </trkpt>
      <trkpt lat="48.238164" lon="9.457913">
        <ele>544.542935</ele>
        <time>2026-07-24T12:14:35.967Z</time>
      </trkpt>
      <trkpt lat="48.237361" lon="9.459206">
        <ele>544.397917</ele>
        <time>2026-07-24T12:14:47.202Z</time>
      </trkpt>
      <trkpt lat="48.237029" lon="9.459638">
        <ele>544.580498</ele>
        <time>2026-07-24T12:14:54.506Z</time>
      </trkpt>
      <trkpt lat="48.236652" lon="9.460047">
        <ele>544.773796</ele>
        <time>2026-07-24T12:15:02.926Z</time>
      </trkpt>
      <trkpt lat="48.236100" lon="9.460555">
        <ele>545.004523</ele>
        <time>2026-07-24T12:15:14.793Z</time>
      </trkpt>
      <trkpt lat="48.235186" lon="9.461320">
        <ele>545.372712</ele>
        <time>2026-07-24T12:15:30.098Z</time>
      </trkpt>
      <trkpt lat="48.234249" lon="9.461957">
        <ele>543.335690</ele>
        <time>2026-07-24T12:15:38.033Z</time>
      </trkpt>
      <trkpt lat="48.234126" lon="9.462051">
        <ele>543.007141</ele>
        <time>2026-07-24T12:15:39.256Z</time>
      </trkpt>
      <trkpt lat="48.234041" lon="9.462067">
        <ele>542.803218</ele>
        <time>2026-07-24T12:15:39.959Z</time>
      </trkpt>
      <trkpt lat="48.233971" lon="9.462037">
        <ele>542.629929</ele>
        <time>2026-07-24T12:15:40.533Z</time>
      </trkpt>
      <trkpt lat="48.233918" lon="9.461983">
        <ele>542.477454</ele>
        <time>2026-07-24T12:15:41.046Z</time>
      </trkpt>
      <trkpt lat="48.233836" lon="9.461790">
        <ele>542.114479</ele>
        <time>2026-07-24T12:15:42.419Z</time>
      </trkpt>
      <trkpt lat="48.233729" lon="9.461155">
        <ele>541.159395</ele>
        <time>2026-07-24T12:15:46.812Z</time>
      </trkpt>
      <trkpt lat="48.233662" lon="9.460347">
        <ele>541.448802</ele>
        <time>2026-07-24T12:15:52.980Z</time>
      </trkpt>
      <trkpt lat="48.233614" lon="9.460200">
        <ele>541.506991</ele>
        <time>2026-07-24T12:15:54.934Z</time>
      </trkpt>
      <trkpt lat="48.233556" lon="9.460110">
        <ele>541.551501</ele>
        <time>2026-07-24T12:15:56.834Z</time>
      </trkpt>
      <trkpt lat="48.233407" lon="9.459976">
        <ele>541.644183</ele>
        <time>2026-07-24T12:16:01.464Z</time>
      </trkpt>
      <trkpt lat="48.233299" lon="9.459914">
        <ele>541.705882</ele>
        <time>2026-07-24T12:16:04.498Z</time>
      </trkpt>
      <trkpt lat="48.232876" lon="9.459627">
        <ele>541.953579</ele>
        <time>2026-07-24T12:16:10.367Z</time>
      </trkpt>
      <trkpt lat="48.232787" lon="9.459528">
        <ele>542.012686</ele>
        <time>2026-07-24T12:16:11.735Z</time>
      </trkpt>
      <trkpt lat="48.232654" lon="9.459197">
        <ele>542.103876</ele>
        <time>2026-07-24T12:16:15.033Z</time>
      </trkpt>
      <trkpt lat="48.232600" lon="9.459029">
        <ele>542.103876</ele>
        <time>2026-07-24T12:16:16.048Z</time>
      </trkpt>
      <trkpt lat="48.232501" lon="9.459096">
        <ele>542.103876</ele>
        <time>2026-07-24T12:16:16.898Z</time>
      </trkpt>
      <trkpt lat="48.232165" lon="9.459284">
        <ele>542.103876</ele>
        <time>2026-07-24T12:16:20.008Z</time>
      </trkpt>
      <trkpt lat="48.232117" lon="9.459340">
        <ele>542.103876</ele>
        <time>2026-07-24T12:16:20.541Z</time>
      </trkpt>
      <trkpt lat="48.232081" lon="9.459428">
        <ele>542.103876</ele>
        <time>2026-07-24T12:16:21.138Z</time>
      </trkpt>
      <trkpt lat="48.231997" lon="9.459823">
        <ele>542.103876</ele>
        <time>2026-07-24T12:16:23.562Z</time>
      </trkpt>
      <trkpt lat="48.231956" lon="9.459907">
        <ele>542.103876</ele>
        <time>2026-07-24T12:16:24.426Z</time>
      </trkpt>
      <trkpt lat="48.231910" lon="9.459969">
        <ele>542.103876</ele>
        <time>2026-07-24T12:16:25.952Z</time>
      </trkpt>
      <trkpt lat="48.231454" lon="9.460261">
        <ele>542.103876</ele>
        <time>2026-07-24T12:16:47.620Z</time>
      </trkpt>
      <trkpt lat="48.231356" lon="9.460372">
        <ele>542.103876</ele>
        <time>2026-07-24T12:16:48.503Z</time>
      </trkpt>
      <trkpt lat="48.231310" lon="9.460516">
        <ele>542.103876</ele>
        <time>2026-07-24T12:16:49.250Z</time>
      </trkpt>
      <trkpt lat="48.231303" lon="9.460742">
        <ele>542.103876</ele>
        <time>2026-07-24T12:16:50.419Z</time>
      </trkpt>
    </trkseg>
  </trk>
</gpx>