<?xml version='1.0' encoding='UTF-8'?>
<gpx version="1.1" creator="https://www.komoot.de" xmlns="http://www.topografix.com/GPX/1/1" xmlns:xsi="http://www.w3.org/2001/XMLSchema-instance" xsi:schemaLocation="http://www.topografix.com/GPX/1/1 http://www.topografix.com/GPX/1/1/gpx.xsd">
  <metadata>
    <name>TDL2016- HERLAZ- CUNEO - Tag 4</name>
    <author>
      <link href="https://www.komoot.de">
        <text>komoot</text>
        <type>text/html</type>
      </link>
    </author>
  </metadata>
  <wpt lat="46.057720" lon="7.001230">
    <name>Col de la Forclaz (Wallis)</name>
    <sym>Flag, Blue</sym>
  </wpt>
  <wpt lat="45.761813" lon="6.533303">
    <name>Col des Saisies</name>
    <sym>Flag, Blue</sym>
  </wpt>
  <wpt lat="45.693227" lon="6.668719">
    <name>Schutzhütte Plan de la Lai</name>
    <sym>Fishing Hot Spot Facility</sym>
  </wpt>
  <wpt lat="45.695484" lon="6.734678">
    <name>Aire de bivouac des Chapieux</name>
    <sym>Campground</sym>
  </wpt>
  <trk>
    <name>TDL2016- HERLAZ- CUNEO - Tag 4</name>
    <type>racebike</type>
    <trkseg>
      <trkpt lat="46.057705" lon="7.001238">
        <ele>1510.866098</ele>
        <time>2026-08-02T06:00:09.625Z</time>
      </trkpt>
      <trkpt lat="46.057731" lon="7.001346">
        <ele>1510.866098</ele>
        <time>2026-08-02T06:00:11.026Z</time>
      </trkpt>
      <trkpt lat="46.057748" lon="7.001101">
        <ele>1510.866098</ele>
        <time>2026-08-02T06:00:12.468Z</time>
      </trkpt>
      <trkpt lat="46.057832" lon="7.000862">
        <ele>1510.866098</ele>
        <time>2026-08-02T06:00:13.991Z</time>
      </trkpt>
      <trkpt lat="46.058015" lon="7.000379">
        <ele>1510.866098</ele>
        <time>2026-08-02T06:00:17.123Z</time>
      </trkpt>
      <trkpt lat="46.058073" lon="7.000238">
        <ele>1510.458103</ele>
        <time>2026-08-02T06:00:18.054Z</time>
      </trkpt>
      <trkpt lat="46.058087" lon="7.000201">
        <ele>1510.089750</ele>
        <time>2026-08-02T06:00:18.299Z</time>
      </trkpt>
      <trkpt lat="46.058249" lon="6.999780">
        <ele>1505.882089</ele>
        <time>2026-08-02T06:00:21.047Z</time>
      </trkpt>
      <trkpt lat="46.058283" lon="6.999659">
        <ele>1504.741067</ele>
        <time>2026-08-02T06:00:21.799Z</time>
      </trkpt>
      <trkpt lat="46.058279" lon="6.999571">
        <ele>1503.970252</ele>
        <time>2026-08-02T06:00:22.297Z</time>
      </trkpt>
      <trkpt lat="46.058243" lon="6.999500">
        <ele>1503.201661</ele>
        <time>2026-08-02T06:00:22.802Z</time>
      </trkpt>
      <trkpt lat="46.058181" lon="6.999471">
        <ele>1502.380617</ele>
        <time>2026-08-02T06:00:23.338Z</time>
      </trkpt>
      <trkpt lat="46.058116" lon="6.999493">
        <ele>1501.539614</ele>
        <time>2026-08-02T06:00:23.889Z</time>
      </trkpt>
      <trkpt lat="46.057858" lon="6.999753">
        <ele>1497.574128</ele>
        <time>2026-08-02T06:00:26.501Z</time>
      </trkpt>
      <trkpt lat="46.057678" lon="6.999816">
        <ele>1495.240978</ele>
        <time>2026-08-02T06:00:28.039Z</time>
      </trkpt>
      <trkpt lat="46.057090" lon="6.999802">
        <ele>1488.157144</ele>
        <time>2026-08-02T06:00:33.355Z</time>
      </trkpt>
      <trkpt lat="46.056139" lon="6.999862">
        <ele>1486.450899</ele>
        <time>2026-08-02T06:00:44.315Z</time>
      </trkpt>
      <trkpt lat="46.055371" lon="6.999852">
        <ele>1485.074247</ele>
        <time>2026-08-02T06:00:55.904Z</time>
      </trkpt>
      <trkpt lat="46.054785" lon="6.999953">
        <ele>1482.546125</ele>
        <time>2026-08-02T06:01:03.251Z</time>
      </trkpt>
      <trkpt lat="46.054516" lon="6.999966">
        <ele>1481.332786</ele>
        <time>2026-08-02T06:01:06.057Z</time>
      </trkpt>
      <trkpt lat="46.053979" lon="6.999895">
        <ele>1478.901812</ele>
        <time>2026-08-02T06:01:11.259Z</time>
      </trkpt>
      <trkpt lat="46.053229" lon="6.999664">
        <ele>1473.078308</ele>
        <time>2026-08-02T06:01:17.914Z</time>
      </trkpt>
      <trkpt lat="46.052683" lon="6.999699">
        <ele>1466.549490</ele>
        <time>2026-08-02T06:01:22.493Z</time>
      </trkpt>
      <trkpt lat="46.052242" lon="6.999684">
        <ele>1461.279957</ele>
        <time>2026-08-02T06:01:26.190Z</time>
      </trkpt>
      <trkpt lat="46.051873" lon="6.999577">
        <ele>1456.783611</ele>
        <time>2026-08-02T06:01:29.360Z</time>
      </trkpt>
      <trkpt lat="46.051589" lon="6.999429">
        <ele>1453.354933</ele>
        <time>2026-08-02T06:01:31.901Z</time>
      </trkpt>
      <trkpt lat="46.051039" lon="6.998994">
        <ele>1446.465266</ele>
        <time>2026-08-02T06:01:37.205Z</time>
      </trkpt>
      <trkpt lat="46.050836" lon="6.998885">
        <ele>1444.086341</ele>
        <time>2026-08-02T06:01:39.060Z</time>
      </trkpt>
      <trkpt lat="46.050637" lon="6.998882">
        <ele>1441.900972</ele>
        <time>2026-08-02T06:01:40.756Z</time>
      </trkpt>
      <trkpt lat="46.050298" lon="6.998970">
        <ele>1438.118430</ele>
        <time>2026-08-02T06:01:43.687Z</time>
      </trkpt>
      <trkpt lat="46.050154" lon="6.998959">
        <ele>1436.534923</ele>
        <time>2026-08-02T06:01:44.960Z</time>
      </trkpt>
      <trkpt lat="46.050016" lon="6.998870">
        <ele>1435.070116</ele>
        <time>2026-08-02T06:01:46.319Z</time>
      </trkpt>
      <trkpt lat="46.049769" lon="6.998591">
        <ele>1432.502421</ele>
        <time>2026-08-02T06:01:49.098Z</time>
      </trkpt>
      <trkpt lat="46.049633" lon="6.998518">
        <ele>1431.315077</ele>
        <time>2026-08-02T06:01:50.358Z</time>
      </trkpt>
      <trkpt lat="46.049482" lon="6.998529">
        <ele>1430.078136</ele>
        <time>2026-08-02T06:01:51.669Z</time>
      </trkpt>
      <trkpt lat="46.049157" lon="6.998638">
        <ele>1427.348160</ele>
        <time>2026-08-02T06:01:54.582Z</time>
      </trkpt>
      <trkpt lat="46.049018" lon="6.998615">
        <ele>1426.203497</ele>
        <time>2026-08-02T06:01:55.822Z</time>
      </trkpt>
      <trkpt lat="46.048269" lon="6.998290">
        <ele>1419.651536</ele>
        <time>2026-08-02T06:02:02.907Z</time>
      </trkpt>
      <trkpt lat="46.048216" lon="6.998270">
        <ele>1419.142443</ele>
        <time>2026-08-02T06:02:03.401Z</time>
      </trkpt>
      <trkpt lat="46.047034" lon="6.997862">
        <ele>1407.848366</ele>
        <time>2026-08-02T06:02:13.860Z</time>
      </trkpt>
      <trkpt lat="46.046579" lon="6.997760">
        <ele>1403.645736</ele>
        <time>2026-08-02T06:02:17.853Z</time>
      </trkpt>
      <trkpt lat="46.045782" lon="6.997694">
        <ele>1397.105706</ele>
        <time>2026-08-02T06:02:24.713Z</time>
      </trkpt>
      <trkpt lat="46.045104" lon="6.997809">
        <ele>1391.512975</ele>
        <time>2026-08-02T06:02:30.832Z</time>
      </trkpt>
      <trkpt lat="46.045033" lon="6.997759">
        <ele>1390.865556</ele>
        <time>2026-08-02T06:02:31.552Z</time>
      </trkpt>
      <trkpt lat="46.045004" lon="6.997669">
        <ele>1390.301340</ele>
        <time>2026-08-02T06:02:32.190Z</time>
      </trkpt>
      <trkpt lat="46.045019" lon="6.997568">
        <ele>1389.714033</ele>
        <time>2026-08-02T06:02:32.838Z</time>
      </trkpt>
      <trkpt lat="46.045060" lon="6.997510">
        <ele>1389.325888</ele>
        <time>2026-08-02T06:02:33.375Z</time>
      </trkpt>
      <trkpt lat="46.045146" lon="6.997486">
        <ele>1388.860802</ele>
        <time>2026-08-02T06:02:34.174Z</time>
      </trkpt>
      <trkpt lat="46.045359" lon="6.997533">
        <ele>1387.716735</ele>
        <time>2026-08-02T06:02:36.187Z</time>
      </trkpt>
      <trkpt lat="46.045517" lon="6.997532">
        <ele>1386.877858</ele>
        <time>2026-08-02T06:02:37.669Z</time>
      </trkpt>
      <trkpt lat="46.046851" lon="6.997199">
        <ele>1379.484542</ele>
        <time>2026-08-02T06:02:50.784Z</time>
      </trkpt>
      <trkpt lat="46.047677" lon="6.997244">
        <ele>1371.323504</ele>
        <time>2026-08-02T06:02:57.944Z</time>
      </trkpt>
      <trkpt lat="46.048295" lon="6.997126">
        <ele>1365.168561</ele>
        <time>2026-08-02T06:03:03.243Z</time>
      </trkpt>
      <trkpt lat="46.048702" lon="6.997037">
        <ele>1361.036868</ele>
        <time>2026-08-02T06:03:06.723Z</time>
      </trkpt>
      <trkpt lat="46.049144" lon="6.997110">
        <ele>1356.367011</ele>
        <time>2026-08-02T06:03:10.460Z</time>
      </trkpt>
      <trkpt lat="46.049413" lon="6.997098">
        <ele>1353.542085</ele>
        <time>2026-08-02T06:03:12.743Z</time>
      </trkpt>
      <trkpt lat="46.049709" lon="6.996998">
        <ele>1350.350841</ele>
        <time>2026-08-02T06:03:15.350Z</time>
      </trkpt>
      <trkpt lat="46.050056" lon="6.996780">
        <ele>1346.377368</ele>
        <time>2026-08-02T06:03:18.652Z</time>
      </trkpt>
      <trkpt lat="46.050166" lon="6.996744">
        <ele>1345.193337</ele>
        <time>2026-08-02T06:03:19.634Z</time>
      </trkpt>
      <trkpt lat="46.050291" lon="6.996748">
        <ele>1343.880944</ele>
        <time>2026-08-02T06:03:20.720Z</time>
      </trkpt>
      <trkpt lat="46.050778" lon="6.996869">
        <ele>1340.492565</ele>
        <time>2026-08-02T06:03:25.050Z</time>
      </trkpt>
      <trkpt lat="46.051305" lon="6.996850">
        <ele>1337.124490</ele>
        <time>2026-08-02T06:03:29.812Z</time>
      </trkpt>
      <trkpt lat="46.051566" lon="6.996735">
        <ele>1335.380729</ele>
        <time>2026-08-02T06:03:32.378Z</time>
      </trkpt>
      <trkpt lat="46.052221" lon="6.996261">
        <ele>1330.717800</ele>
        <time>2026-08-02T06:03:39.389Z</time>
      </trkpt>
      <trkpt lat="46.052493" lon="6.996102">
        <ele>1328.876510</ele>
        <time>2026-08-02T06:03:42.162Z</time>
      </trkpt>
      <trkpt lat="46.052795" lon="6.996017">
        <ele>1326.946291</ele>
        <time>2026-08-02T06:03:45.029Z</time>
      </trkpt>
      <trkpt lat="46.053160" lon="6.996028">
        <ele>1324.656180</ele>
        <time>2026-08-02T06:03:48.366Z</time>
      </trkpt>
      <trkpt lat="46.054656" lon="6.996319">
        <ele>1313.284262</ele>
        <time>2026-08-02T06:04:01.730Z</time>
      </trkpt>
      <trkpt lat="46.054689" lon="6.996322">
        <ele>1313.002801</ele>
        <time>2026-08-02T06:04:02.024Z</time>
      </trkpt>
      <trkpt lat="46.054715" lon="6.996323">
        <ele>1312.781404</ele>
        <time>2026-08-02T06:04:02.251Z</time>
      </trkpt>
      <trkpt lat="46.054891" lon="6.996313">
        <ele>1311.282092</ele>
        <time>2026-08-02T06:04:03.794Z</time>
      </trkpt>
      <trkpt lat="46.054928" lon="6.996308">
        <ele>1310.965759</ele>
        <time>2026-08-02T06:04:04.113Z</time>
      </trkpt>
      <trkpt lat="46.055291" lon="6.996214">
        <ele>1307.826333</ele>
        <time>2026-08-02T06:04:07.337Z</time>
      </trkpt>
      <trkpt lat="46.055771" lon="6.996039">
        <ele>1303.407578</ele>
        <time>2026-08-02T06:04:11.623Z</time>
      </trkpt>
      <trkpt lat="46.055996" lon="6.996024">
        <ele>1301.244753</ele>
        <time>2026-08-02T06:04:13.555Z</time>
      </trkpt>
      <trkpt lat="46.056525" lon="6.996072">
        <ele>1296.155084</ele>
        <time>2026-08-02T06:04:18.108Z</time>
      </trkpt>
      <trkpt lat="46.056592" lon="6.996056">
        <ele>1295.502957</ele>
        <time>2026-08-02T06:04:18.685Z</time>
      </trkpt>
      <trkpt lat="46.056757" lon="6.995970">
        <ele>1293.818128</ele>
        <time>2026-08-02T06:04:20.200Z</time>
      </trkpt>
      <trkpt lat="46.056906" lon="6.995837">
        <ele>1292.135143</ele>
        <time>2026-08-02T06:04:21.715Z</time>
      </trkpt>
      <trkpt lat="46.057912" lon="6.994793">
        <ele>1283.663902</ele>
        <time>2026-08-02T06:04:32.534Z</time>
      </trkpt>
      <trkpt lat="46.058631" lon="6.994040">
        <ele>1278.932342</ele>
        <time>2026-08-02T06:04:41.435Z</time>
      </trkpt>
      <trkpt lat="46.058920" lon="6.993740">
        <ele>1278.676465</ele>
        <time>2026-08-02T06:04:46.286Z</time>
      </trkpt>
      <trkpt lat="46.058964" lon="6.993695">
        <ele>1278.745172</ele>
        <time>2026-08-02T06:04:46.945Z</time>
      </trkpt>
      <trkpt lat="46.059264" lon="6.993388">
        <ele>1279.213719</ele>
        <time>2026-08-02T06:04:53.110Z</time>
      </trkpt>
      <trkpt lat="46.059428" lon="6.993287">
        <ele>1279.440830</ele>
        <time>2026-08-02T06:04:56.636Z</time>
      </trkpt>
      <trkpt lat="46.060205" lon="6.992965">
        <ele>1280.470374</ele>
        <time>2026-08-02T06:05:19.366Z</time>
      </trkpt>
      <trkpt lat="46.060410" lon="6.992807">
        <ele>1280.783187</ele>
        <time>2026-08-02T06:05:24.434Z</time>
      </trkpt>
      <trkpt lat="46.060650" lon="6.992521">
        <ele>1281.237035</ele>
        <time>2026-08-02T06:05:30.789Z</time>
      </trkpt>
      <trkpt lat="46.061647" lon="6.991231">
        <ele>1283.189674</ele>
        <time>2026-08-02T06:06:00.967Z</time>
      </trkpt>
      <trkpt lat="46.061977" lon="6.990852">
        <ele>1282.038604</ele>
        <time>2026-08-02T06:06:06.123Z</time>
      </trkpt>
      <trkpt lat="46.062388" lon="6.990442">
        <ele>1280.353949</ele>
        <time>2026-08-02T06:06:11.223Z</time>
      </trkpt>
      <trkpt lat="46.063066" lon="6.989896">
        <ele>1277.736356</ele>
        <time>2026-08-02T06:06:18.557Z</time>
      </trkpt>
      <trkpt lat="46.064423" lon="6.988984">
        <ele>1270.370550</ele>
        <time>2026-08-02T06:06:32.314Z</time>
      </trkpt>
      <trkpt lat="46.064767" lon="6.988702">
        <ele>1268.352215</ele>
        <time>2026-08-02T06:06:36.256Z</time>
      </trkpt>
      <trkpt lat="46.064939" lon="6.988512">
        <ele>1267.487531</ele>
        <time>2026-08-02T06:06:38.457Z</time>
      </trkpt>
      <trkpt lat="46.065147" lon="6.988216">
        <ele>1266.450938</ele>
        <time>2026-08-02T06:06:41.475Z</time>
      </trkpt>
      <trkpt lat="46.065340" lon="6.987862">
        <ele>1265.343184</ele>
        <time>2026-08-02T06:06:44.777Z</time>
      </trkpt>
      <trkpt lat="46.066436" lon="6.985582">
        <ele>1256.322181</ele>
        <time>2026-08-02T06:07:03.690Z</time>
      </trkpt>
      <trkpt lat="46.066673" lon="6.985207">
        <ele>1254.201063</ele>
        <time>2026-08-02T06:07:06.827Z</time>
      </trkpt>
      <trkpt lat="46.067208" lon="6.984497">
        <ele>1249.798301</ele>
        <time>2026-08-02T06:07:13.185Z</time>
      </trkpt>
      <trkpt lat="46.067447" lon="6.984038">
        <ele>1247.351233</ele>
        <time>2026-08-02T06:07:16.667Z</time>
      </trkpt>
      <trkpt lat="46.067946" lon="6.982727">
        <ele>1240.975140</ele>
        <time>2026-08-02T06:07:26.264Z</time>
      </trkpt>
      <trkpt lat="46.068206" lon="6.982124">
        <ele>1238.953561</ele>
        <time>2026-08-02T06:07:31.266Z</time>
      </trkpt>
      <trkpt lat="46.069394" lon="6.979924">
        <ele>1233.801086</ele>
        <time>2026-08-02T06:07:51.786Z</time>
      </trkpt>
      <trkpt lat="46.070064" lon="6.978418">
        <ele>1230.833377</ele>
        <time>2026-08-02T06:08:06.855Z</time>
      </trkpt>
      <trkpt lat="46.070285" lon="6.978082">
        <ele>1228.459070</ele>
        <time>2026-08-02T06:08:09.965Z</time>
      </trkpt>
      <trkpt lat="46.071007" lon="6.977244">
        <ele>1218.598663</ele>
        <time>2026-08-02T06:08:17.945Z</time>
      </trkpt>
      <trkpt lat="46.071185" lon="6.976948">
        <ele>1215.707889</ele>
        <time>2026-08-02T06:08:20.203Z</time>
      </trkpt>
      <trkpt lat="46.071330" lon="6.976612">
        <ele>1212.787747</ele>
        <time>2026-08-02T06:08:22.472Z</time>
      </trkpt>
      <trkpt lat="46.071394" lon="6.976399">
        <ele>1211.269978</ele>
        <time>2026-08-02T06:08:23.800Z</time>
      </trkpt>
      <trkpt lat="46.071452" lon="6.976045">
        <ele>1210.203596</ele>
        <time>2026-08-02T06:08:25.886Z</time>
      </trkpt>
      <trkpt lat="46.071457" lon="6.975781">
        <ele>1209.429332</ele>
        <time>2026-08-02T06:08:27.414Z</time>
      </trkpt>
      <trkpt lat="46.071433" lon="6.975477">
        <ele>1208.532334</ele>
        <time>2026-08-02T06:08:29.197Z</time>
      </trkpt>
      <trkpt lat="46.071357" lon="6.975135">
        <ele>1207.479501</ele>
        <time>2026-08-02T06:08:31.343Z</time>
      </trkpt>
      <trkpt lat="46.071264" lon="6.974899">
        <ele>1206.683785</ele>
        <time>2026-08-02T06:08:33.159Z</time>
      </trkpt>
      <trkpt lat="46.071227" lon="6.974818">
        <ele>1206.399462</ele>
        <time>2026-08-02T06:08:33.901Z</time>
      </trkpt>
      <trkpt lat="46.071090" lon="6.974578">
        <ele>1205.488280</ele>
        <time>2026-08-02T06:08:38.467Z</time>
      </trkpt>
      <trkpt lat="46.070924" lon="6.974387">
        <ele>1204.590700</ele>
        <time>2026-08-02T06:08:46.455Z</time>
      </trkpt>
      <trkpt lat="46.070620" lon="6.974132">
        <ele>1205.689307</ele>
        <time>2026-08-02T06:09:06.684Z</time>
      </trkpt>
      <trkpt lat="46.070069" lon="6.973778">
        <ele>1212.642340</ele>
        <time>2026-08-02T06:10:01.965Z</time>
      </trkpt>
      <trkpt lat="46.069861" lon="6.973599">
        <ele>1215.434502</ele>
        <time>2026-08-02T06:10:27.582Z</time>
      </trkpt>
      <trkpt lat="46.069593" lon="6.973242">
        <ele>1219.640554</ele>
        <time>2026-08-02T06:10:59.202Z</time>
      </trkpt>
      <trkpt lat="46.069378" lon="6.972810">
        <ele>1223.891918</ele>
        <time>2026-08-02T06:11:18.317Z</time>
      </trkpt>
      <trkpt lat="46.069221" lon="6.972480">
        <ele>1220.580189</ele>
        <time>2026-08-02T06:11:23.095Z</time>
      </trkpt>
      <trkpt lat="46.068143" lon="6.970064">
        <ele>1183.059186</ele>
        <time>2026-08-02T06:11:39.356Z</time>
      </trkpt>
      <trkpt lat="46.067725" lon="6.969142">
        <ele>1165.579224</ele>
        <time>2026-08-02T06:11:45.656Z</time>
      </trkpt>
      <trkpt lat="46.067643" lon="6.968984">
        <ele>1162.447688</ele>
        <time>2026-08-02T06:11:46.771Z</time>
      </trkpt>
      <trkpt lat="46.067464" lon="6.968708">
        <ele>1156.451546</ele>
        <time>2026-08-02T06:11:48.907Z</time>
      </trkpt>
      <trkpt lat="46.067229" lon="6.968459">
        <ele>1150.767032</ele>
        <time>2026-08-02T06:11:51.307Z</time>
      </trkpt>
      <trkpt lat="46.066021" lon="6.967553">
        <ele>1138.075211</ele>
        <time>2026-08-02T06:12:03.457Z</time>
      </trkpt>
      <trkpt lat="46.064476" lon="6.966190">
        <ele>1124.061828</ele>
        <time>2026-08-02T06:12:19.488Z</time>
      </trkpt>
      <trkpt lat="46.064129" lon="6.965946">
        <ele>1121.339514</ele>
        <time>2026-08-02T06:12:22.988Z</time>
      </trkpt>
      <trkpt lat="46.063770" lon="6.965738">
        <ele>1119.728405</ele>
        <time>2026-08-02T06:12:26.588Z</time>
      </trkpt>
      <trkpt lat="46.062429" lon="6.965140">
        <ele>1113.897146</ele>
        <time>2026-08-02T06:12:40.618Z</time>
      </trkpt>
      <trkpt lat="46.062216" lon="6.965019">
        <ele>1113.060612</ele>
        <time>2026-08-02T06:12:42.970Z</time>
      </trkpt>
      <trkpt lat="46.061900" lon="6.964786">
        <ele>1111.763675</ele>
        <time>2026-08-02T06:12:46.626Z</time>
      </trkpt>
      <trkpt lat="46.061598" lon="6.964497">
        <ele>1110.439122</ele>
        <time>2026-08-02T06:12:50.241Z</time>
      </trkpt>
      <trkpt lat="46.061137" lon="6.963925">
        <ele>1108.216450</ele>
        <time>2026-08-02T06:12:56.011Z</time>
      </trkpt>
      <trkpt lat="46.060763" lon="6.963304">
        <ele>1106.673005</ele>
        <time>2026-08-02T06:13:01.741Z</time>
      </trkpt>
      <trkpt lat="46.060179" lon="6.962337">
        <ele>1104.784719</ele>
        <time>2026-08-02T06:13:11.480Z</time>
      </trkpt>
      <trkpt lat="46.059658" lon="6.961688">
        <ele>1103.563325</ele>
        <time>2026-08-02T06:13:19.978Z</time>
      </trkpt>
      <trkpt lat="46.059480" lon="6.961454">
        <ele>1103.487057</ele>
        <time>2026-08-02T06:13:22.753Z</time>
      </trkpt>
      <trkpt lat="46.059346" lon="6.961205">
        <ele>1103.417842</ele>
        <time>2026-08-02T06:13:25.519Z</time>
      </trkpt>
      <trkpt lat="46.059236" lon="6.960949">
        <ele>1103.351702</ele>
        <time>2026-08-02T06:13:28.266Z</time>
      </trkpt>
      <trkpt lat="46.059066" lon="6.960443">
        <ele>1103.228213</ele>
        <time>2026-08-02T06:13:33.414Z</time>
      </trkpt>
      <trkpt lat="46.058976" lon="6.960166">
        <ele>1103.161028</ele>
        <time>2026-08-02T06:13:35.814Z</time>
      </trkpt>
      <trkpt lat="46.058655" lon="6.959272">
        <ele>1104.349259</ele>
        <time>2026-08-02T06:13:48.764Z</time>
      </trkpt>
      <trkpt lat="46.058496" lon="6.958943">
        <ele>1105.551566</ele>
        <time>2026-08-02T06:13:56.065Z</time>
      </trkpt>
      <trkpt lat="46.058255" lon="6.958480">
        <ele>1107.287227</ele>
        <time>2026-08-02T06:14:10.049Z</time>
      </trkpt>
      <trkpt lat="46.058077" lon="6.958183">
        <ele>1108.464082</ele>
        <time>2026-08-02T06:14:20.328Z</time>
      </trkpt>
      <trkpt lat="46.058042" lon="6.958123">
        <ele>1108.699141</ele>
        <time>2026-08-02T06:14:22.241Z</time>
      </trkpt>
      <trkpt lat="46.057273" lon="6.956964">
        <ele>1113.473338</ele>
        <time>2026-08-02T06:15:08.075Z</time>
      </trkpt>
      <trkpt lat="46.056988" lon="6.956653">
        <ele>1114.998457</ele>
        <time>2026-08-02T06:15:20.618Z</time>
      </trkpt>
      <trkpt lat="46.056522" lon="6.956247">
        <ele>1117.321587</ele>
        <time>2026-08-02T06:15:35.751Z</time>
      </trkpt>
      <trkpt lat="46.056247" lon="6.955920">
        <ele>1118.440013</ele>
        <time>2026-08-02T06:15:44.003Z</time>
      </trkpt>
      <trkpt lat="46.056014" lon="6.955507">
        <ele>1118.255091</ele>
        <time>2026-08-02T06:15:49.652Z</time>
      </trkpt>
      <trkpt lat="46.055679" lon="6.954621">
        <ele>1117.904542</ele>
        <time>2026-08-02T06:15:58.503Z</time>
      </trkpt>
      <trkpt lat="46.055419" lon="6.954081">
        <ele>1117.676195</ele>
        <time>2026-08-02T06:16:03.883Z</time>
      </trkpt>
      <trkpt lat="46.055140" lon="6.953598">
        <ele>1117.195753</ele>
        <time>2026-08-02T06:16:08.649Z</time>
      </trkpt>
      <trkpt lat="46.054284" lon="6.952303">
        <ele>1115.260446</ele>
        <time>2026-08-02T06:16:22.115Z</time>
      </trkpt>
      <trkpt lat="46.053947" lon="6.951786">
        <ele>1115.075509</ele>
        <time>2026-08-02T06:16:28.697Z</time>
      </trkpt>
      <trkpt lat="46.053850" lon="6.951638">
        <ele>1115.306732</ele>
        <time>2026-08-02T06:16:31.083Z</time>
      </trkpt>
      <trkpt lat="46.053751" lon="6.951485">
        <ele>1115.544337</ele>
        <time>2026-08-02T06:16:33.720Z</time>
      </trkpt>
      <trkpt lat="46.053079" lon="6.950454">
        <ele>1117.150916</ele>
        <time>2026-08-02T06:16:56.537Z</time>
      </trkpt>
      <trkpt lat="46.052961" lon="6.950281">
        <ele>1117.426441</ele>
        <time>2026-08-02T06:17:00.975Z</time>
      </trkpt>
      <trkpt lat="46.052801" lon="6.950041">
        <ele>1118.032754</ele>
        <time>2026-08-02T06:17:07.082Z</time>
      </trkpt>
      <trkpt lat="46.052603" lon="6.949747">
        <ele>1119.771084</ele>
        <time>2026-08-02T06:17:14.415Z</time>
      </trkpt>
      <trkpt lat="46.052254" lon="6.949304">
        <ele>1122.614787</ele>
        <time>2026-08-02T06:17:28.338Z</time>
      </trkpt>
      <trkpt lat="46.052194" lon="6.949232">
        <ele>1123.092192</ele>
        <time>2026-08-02T06:17:31.003Z</time>
      </trkpt>
      <trkpt lat="46.052034" lon="6.949049">
        <ele>1124.341176</ele>
        <time>2026-08-02T06:17:39.526Z</time>
      </trkpt>
      <trkpt lat="46.051946" lon="6.948865">
        <ele>1125.289369</ele>
        <time>2026-08-02T06:17:47.100Z</time>
      </trkpt>
      <trkpt lat="46.051925" lon="6.948823">
        <ele>1125.509020</ele>
        <time>2026-08-02T06:17:48.980Z</time>
      </trkpt>
      <trkpt lat="46.051634" lon="6.948498">
        <ele>1127.760107</ele>
        <time>2026-08-02T06:18:07.919Z</time>
      </trkpt>
      <trkpt lat="46.051345" lon="6.948299">
        <ele>1130.172925</ele>
        <time>2026-08-02T06:18:25.019Z</time>
      </trkpt>
      <trkpt lat="46.051310" lon="6.948254">
        <ele>1130.590012</ele>
        <time>2026-08-02T06:18:27.672Z</time>
      </trkpt>
      <trkpt lat="46.051275" lon="6.948221">
        <ele>1130.961924</ele>
        <time>2026-08-02T06:18:29.968Z</time>
      </trkpt>
      <trkpt lat="46.051127" lon="6.948076">
        <ele>1132.553270</ele>
        <time>2026-08-02T06:18:39.865Z</time>
      </trkpt>
      <trkpt lat="46.051065" lon="6.947953">
        <ele>1133.491367</ele>
        <time>2026-08-02T06:18:45.692Z</time>
      </trkpt>
      <trkpt lat="46.051056" lon="6.947897">
        <ele>1133.846084</ele>
        <time>2026-08-02T06:18:47.940Z</time>
      </trkpt>
      <trkpt lat="46.051050" lon="6.947728">
        <ele>1134.890335</ele>
        <time>2026-08-02T06:18:54.679Z</time>
      </trkpt>
      <trkpt lat="46.051080" lon="6.947508">
        <ele>1136.273897</ele>
        <time>2026-08-02T06:19:03.399Z</time>
      </trkpt>
      <trkpt lat="46.051143" lon="6.947286">
        <ele>1137.753945</ele>
        <time>2026-08-02T06:19:12.529Z</time>
      </trkpt>
      <trkpt lat="46.051153" lon="6.947125">
        <ele>1138.751434</ele>
        <time>2026-08-02T06:19:18.473Z</time>
      </trkpt>
      <trkpt lat="46.051091" lon="6.946905">
        <ele>1140.216697</ele>
        <time>2026-08-02T06:19:27.098Z</time>
      </trkpt>
      <trkpt lat="46.050910" lon="6.946456">
        <ele>1143.420939</ele>
        <time>2026-08-02T06:19:43.629Z</time>
      </trkpt>
      <trkpt lat="46.050815" lon="6.946031">
        <ele>1145.612630</ele>
        <time>2026-08-02T06:19:56.422Z</time>
      </trkpt>
      <trkpt lat="46.050691" lon="6.945814">
        <ele>1146.680002</ele>
        <time>2026-08-02T06:20:04.281Z</time>
      </trkpt>
      <trkpt lat="46.050274" lon="6.945473">
        <ele>1149.303408</ele>
        <time>2026-08-02T06:20:21.276Z</time>
      </trkpt>
      <trkpt lat="46.050027" lon="6.945183">
        <ele>1151.046696</ele>
        <time>2026-08-02T06:20:31.949Z</time>
      </trkpt>
      <trkpt lat="46.049531" lon="6.944401">
        <ele>1155.192874</ele>
        <time>2026-08-02T06:20:55.945Z</time>
      </trkpt>
      <trkpt lat="46.048614" lon="6.943383">
        <ele>1163.037165</ele>
        <time>2026-08-02T06:21:41.194Z</time>
      </trkpt>
      <trkpt lat="46.048187" lon="6.942947">
        <ele>1166.583533</ele>
        <time>2026-08-02T06:22:07.570Z</time>
      </trkpt>
      <trkpt lat="46.047719" lon="6.942658">
        <ele>1170.949950</ele>
        <time>2026-08-02T06:22:34.629Z</time>
      </trkpt>
      <trkpt lat="46.047247" lon="6.942217">
        <ele>1175.822263</ele>
        <time>2026-08-02T06:23:03.779Z</time>
      </trkpt>
      <trkpt lat="46.046650" lon="6.941825">
        <ele>1181.504537</ele>
        <time>2026-08-02T06:23:34.485Z</time>
      </trkpt>
      <trkpt lat="46.046308" lon="6.941613">
        <ele>1184.826359</ele>
        <time>2026-08-02T06:23:51.953Z</time>
      </trkpt>
      <trkpt lat="46.045937" lon="6.941463">
        <ele>1188.298314</ele>
        <time>2026-08-02T06:24:10.567Z</time>
      </trkpt>
      <trkpt lat="46.045064" lon="6.941142">
        <ele>1196.416445</ele>
        <time>2026-08-02T06:24:58.240Z</time>
      </trkpt>
      <trkpt lat="46.044622" lon="6.940738">
        <ele>1201.357349</ele>
        <time>2026-08-02T06:25:26.253Z</time>
      </trkpt>
      <trkpt lat="46.044432" lon="6.940600">
        <ele>1203.439557</ele>
        <time>2026-08-02T06:25:37.526Z</time>
      </trkpt>
      <trkpt lat="46.043167" lon="6.940029">
        <ele>1216.402818</ele>
        <time>2026-08-02T06:26:47.759Z</time>
      </trkpt>
      <trkpt lat="46.042677" lon="6.939915">
        <ele>1221.105520</ele>
        <time>2026-08-02T06:27:19.185Z</time>
      </trkpt>
      <trkpt lat="46.042508" lon="6.939815">
        <ele>1222.836525</ele>
        <time>2026-08-02T06:27:30.233Z</time>
      </trkpt>
      <trkpt lat="46.042458" lon="6.939719">
        <ele>1223.625843</ele>
        <time>2026-08-02T06:27:34.891Z</time>
      </trkpt>
      <trkpt lat="46.042364" lon="6.939524">
        <ele>1225.187195</ele>
        <time>2026-08-02T06:27:44.223Z</time>
      </trkpt>
      <trkpt lat="46.042298" lon="6.939447">
        <ele>1225.991848</ele>
        <time>2026-08-02T06:27:48.896Z</time>
      </trkpt>
      <trkpt lat="46.042210" lon="6.939400">
        <ele>1226.881065</ele>
        <time>2026-08-02T06:27:53.799Z</time>
      </trkpt>
      <trkpt lat="46.041863" lon="6.939358">
        <ele>1230.180336</ele>
        <time>2026-08-02T06:28:10.409Z</time>
      </trkpt>
      <trkpt lat="46.041362" lon="6.939153">
        <ele>1234.026612</ele>
        <time>2026-08-02T06:28:34.978Z</time>
      </trkpt>
      <trkpt lat="46.040961" lon="6.938878">
        <ele>1235.883516</ele>
        <time>2026-08-02T06:28:50.838Z</time>
      </trkpt>
      <trkpt lat="46.040702" lon="6.938548">
        <ele>1237.329199</ele>
        <time>2026-08-02T06:28:59.115Z</time>
      </trkpt>
      <trkpt lat="46.040557" lon="6.938398">
        <ele>1238.075578</ele>
        <time>2026-08-02T06:29:03.386Z</time>
      </trkpt>
      <trkpt lat="46.040184" lon="6.938262">
        <ele>1239.684311</ele>
        <time>2026-08-02T06:29:13.139Z</time>
      </trkpt>
      <trkpt lat="46.039876" lon="6.938047">
        <ele>1240.929861</ele>
        <time>2026-08-02T06:29:23.555Z</time>
      </trkpt>
      <trkpt lat="46.039527" lon="6.937934">
        <ele>1241.777318</ele>
        <time>2026-08-02T06:29:33.394Z</time>
      </trkpt>
      <trkpt lat="46.039417" lon="6.937820">
        <ele>1242.098354</ele>
        <time>2026-08-02T06:29:36.389Z</time>
      </trkpt>
      <trkpt lat="46.039282" lon="6.937512">
        <ele>1242.697407</ele>
        <time>2026-08-02T06:29:41.853Z</time>
      </trkpt>
      <trkpt lat="46.039207" lon="6.937406">
        <ele>1242.946328</ele>
        <time>2026-08-02T06:29:44.078Z</time>
      </trkpt>
      <trkpt lat="46.039090" lon="6.937326">
        <ele>1243.253156</ele>
        <time>2026-08-02T06:29:46.947Z</time>
      </trkpt>
      <trkpt lat="46.038688" lon="6.937191">
        <ele>1244.231086</ele>
        <time>2026-08-02T06:29:56.488Z</time>
      </trkpt>
      <trkpt lat="46.038202" lon="6.936933">
        <ele>1245.496057</ele>
        <time>2026-08-02T06:30:09.008Z</time>
      </trkpt>
      <trkpt lat="46.037766" lon="6.936851">
        <ele>1246.615199</ele>
        <time>2026-08-02T06:30:19.725Z</time>
      </trkpt>
      <trkpt lat="46.036799" lon="6.936538">
        <ele>1249.137811</ele>
        <time>2026-08-02T06:30:45.263Z</time>
      </trkpt>
      <trkpt lat="46.036033" lon="6.936136">
        <ele>1251.232454</ele>
        <time>2026-08-02T06:31:05.292Z</time>
      </trkpt>
      <trkpt lat="46.035866" lon="6.935989">
        <ele>1251.736385</ele>
        <time>2026-08-02T06:31:10.067Z</time>
      </trkpt>
      <trkpt lat="46.035787" lon="6.935863">
        <ele>1252.039871</ele>
        <time>2026-08-02T06:31:12.988Z</time>
      </trkpt>
      <trkpt lat="46.035552" lon="6.935338">
        <ele>1253.156477</ele>
        <time>2026-08-02T06:31:23.840Z</time>
      </trkpt>
      <trkpt lat="46.035438" lon="6.935082">
        <ele>1253.700134</ele>
        <time>2026-08-02T06:31:29.077Z</time>
      </trkpt>
      <trkpt lat="46.035288" lon="6.934758">
        <ele>1254.509060</ele>
        <time>2026-08-02T06:31:35.883Z</time>
      </trkpt>
      <trkpt lat="46.035120" lon="6.934333">
        <ele>1255.796938</ele>
        <time>2026-08-02T06:31:45.460Z</time>
      </trkpt>
      <trkpt lat="46.034952" lon="6.933791">
        <ele>1257.360010</ele>
        <time>2026-08-02T06:31:57.657Z</time>
      </trkpt>
      <trkpt lat="46.034828" lon="6.933369">
        <ele>1258.566724</ele>
        <time>2026-08-02T06:32:07.746Z</time>
      </trkpt>
      <trkpt lat="46.034713" lon="6.933044">
        <ele>1259.527321</ele>
        <time>2026-08-02T06:32:16.381Z</time>
      </trkpt>
      <trkpt lat="46.034678" lon="6.932987">
        <ele>1259.727712</ele>
        <time>2026-08-02T06:32:17.963Z</time>
      </trkpt>
      <trkpt lat="46.034200" lon="6.932494">
        <ele>1262.344141</ele>
        <time>2026-08-02T06:32:35.883Z</time>
      </trkpt>
      <trkpt lat="46.033991" lon="6.932231">
        <ele>1263.813100</ele>
        <time>2026-08-02T06:32:44.401Z</time>
      </trkpt>
      <trkpt lat="46.033506" lon="6.931680">
        <ele>1267.082671</ele>
        <time>2026-08-02T06:33:07.008Z</time>
      </trkpt>
      <trkpt lat="46.033334" lon="6.931226">
        <ele>1268.983243</ele>
        <time>2026-08-02T06:33:22.039Z</time>
      </trkpt>
      <trkpt lat="46.033137" lon="6.930567">
        <ele>1271.277199</ele>
        <time>2026-08-02T06:33:42.317Z</time>
      </trkpt>
      <trkpt lat="46.033011" lon="6.930351">
        <ele>1271.996416</ele>
        <time>2026-08-02T06:33:49.667Z</time>
      </trkpt>
      <trkpt lat="46.032579" lon="6.930076">
        <ele>1273.730730</ele>
        <time>2026-08-02T06:34:05.738Z</time>
      </trkpt>
      <trkpt lat="46.032509" lon="6.930034">
        <ele>1274.009180</ele>
        <time>2026-08-02T06:34:08.241Z</time>
      </trkpt>
      <trkpt lat="46.032209" lon="6.929849">
        <ele>1275.207493</ele>
        <time>2026-08-02T06:34:16.580Z</time>
      </trkpt>
      <trkpt lat="46.031875" lon="6.929774">
        <ele>1276.448758</ele>
        <time>2026-08-02T06:34:22.953Z</time>
      </trkpt>
      <trkpt lat="46.031641" lon="6.929626">
        <ele>1277.312556</ele>
        <time>2026-08-02T06:34:27.668Z</time>
      </trkpt>
      <trkpt lat="46.031174" lon="6.929170">
        <ele>1278.834947</ele>
        <time>2026-08-02T06:34:38.563Z</time>
      </trkpt>
      <trkpt lat="46.030773" lon="6.928556">
        <ele>1280.414153</ele>
        <time>2026-08-02T06:34:52.699Z</time>
      </trkpt>
      <trkpt lat="46.030696" lon="6.928433">
        <ele>1280.724421</ele>
        <time>2026-08-02T06:34:56.034Z</time>
      </trkpt>
      <trkpt lat="46.030565" lon="6.928308">
        <ele>1281.148435</ele>
        <time>2026-08-02T06:35:00.880Z</time>
      </trkpt>
      <trkpt lat="46.030444" lon="6.928269">
        <ele>1281.483010</ele>
        <time>2026-08-02T06:35:04.953Z</time>
      </trkpt>
      <trkpt lat="46.029977" lon="6.928272">
        <ele>1283.437725</ele>
        <time>2026-08-02T06:35:21.692Z</time>
      </trkpt>
      <trkpt lat="46.029825" lon="6.928264">
        <ele>1284.211716</ele>
        <time>2026-08-02T06:35:27.243Z</time>
      </trkpt>
      <trkpt lat="46.029663" lon="6.928170">
        <ele>1285.100457</ele>
        <time>2026-08-02T06:35:33.700Z</time>
      </trkpt>
      <trkpt lat="46.028651" lon="6.926825">
        <ele>1291.742544</ele>
        <time>2026-08-02T06:36:23.305Z</time>
      </trkpt>
      <trkpt lat="46.028451" lon="6.926740">
        <ele>1292.414684</ele>
        <time>2026-08-02T06:36:30.455Z</time>
      </trkpt>
      <trkpt lat="46.027952" lon="6.926711">
        <ele>1294.024420</ele>
        <time>2026-08-02T06:36:45.092Z</time>
      </trkpt>
      <trkpt lat="46.027773" lon="6.926678">
        <ele>1294.606098</ele>
        <time>2026-08-02T06:36:49.687Z</time>
      </trkpt>
      <trkpt lat="46.027675" lon="6.926615">
        <ele>1294.952019</ele>
        <time>2026-08-02T06:36:52.407Z</time>
      </trkpt>
      <trkpt lat="46.027562" lon="6.926473">
        <ele>1295.435400</ele>
        <time>2026-08-02T06:36:55.950Z</time>
      </trkpt>
      <trkpt lat="46.027202" lon="6.925899">
        <ele>1297.064418</ele>
        <time>2026-08-02T06:37:06.962Z</time>
      </trkpt>
      <trkpt lat="46.027102" lon="6.925648">
        <ele>1297.455018</ele>
        <time>2026-08-02T06:37:11.480Z</time>
      </trkpt>
      <trkpt lat="46.027003" lon="6.925238">
        <ele>1298.040928</ele>
        <time>2026-08-02T06:37:18.322Z</time>
      </trkpt>
      <trkpt lat="46.026908" lon="6.925037">
        <ele>1298.369121</ele>
        <time>2026-08-02T06:37:21.855Z</time>
      </trkpt>
      <trkpt lat="46.026744" lon="6.924810">
        <ele>1298.811299</ele>
        <time>2026-08-02T06:37:26.560Z</time>
      </trkpt>
      <trkpt lat="46.026660" lon="6.924700">
        <ele>1299.032003</ele>
        <time>2026-08-02T06:37:28.947Z</time>
      </trkpt>
      <trkpt lat="46.026638" lon="6.924672">
        <ele>1299.089077</ele>
        <time>2026-08-02T06:37:29.575Z</time>
      </trkpt>
      <trkpt lat="46.026443" lon="6.924414">
        <ele>1299.603832</ele>
        <time>2026-08-02T06:37:35.468Z</time>
      </trkpt>
      <trkpt lat="46.026373" lon="6.924310">
        <ele>1299.799339</ele>
        <time>2026-08-02T06:37:37.784Z</time>
      </trkpt>
      <trkpt lat="46.026284" lon="6.924138">
        <ele>1300.088879</ele>
        <time>2026-08-02T06:37:41.261Z</time>
      </trkpt>
      <trkpt lat="46.025980" lon="6.923391">
        <ele>1301.973312</ele>
        <time>2026-08-02T06:37:56.521Z</time>
      </trkpt>
      <trkpt lat="46.025797" lon="6.922954">
        <ele>1303.240975</ele>
        <time>2026-08-02T06:38:07.029Z</time>
      </trkpt>
      <trkpt lat="46.025738" lon="6.922810">
        <ele>1303.656309</ele>
        <time>2026-08-02T06:38:10.595Z</time>
      </trkpt>
      <trkpt lat="46.025535" lon="6.922316">
        <ele>1305.082224</ele>
        <time>2026-08-02T06:38:23.261Z</time>
      </trkpt>
      <trkpt lat="46.025512" lon="6.922256">
        <ele>1305.252471</ele>
        <time>2026-08-02T06:38:24.825Z</time>
      </trkpt>
      <trkpt lat="46.025490" lon="6.922204">
        <ele>1305.403731</ele>
        <time>2026-08-02T06:38:26.226Z</time>
      </trkpt>
      <trkpt lat="46.025452" lon="6.922113">
        <ele>1305.667510</ele>
        <time>2026-08-02T06:38:28.651Z</time>
      </trkpt>
      <trkpt lat="46.025216" lon="6.921720">
        <ele>1306.964387</ele>
        <time>2026-08-02T06:38:40.174Z</time>
      </trkpt>
      <trkpt lat="46.024686" lon="6.921124">
        <ele>1309.496666</ele>
        <time>2026-08-02T06:38:59.996Z</time>
      </trkpt>
      <trkpt lat="46.024468" lon="6.920880">
        <ele>1310.536404</ele>
        <time>2026-08-02T06:39:07.549Z</time>
      </trkpt>
      <trkpt lat="46.024232" lon="6.920622">
        <ele>1311.652203</ele>
        <time>2026-08-02T06:39:15.213Z</time>
      </trkpt>
      <trkpt lat="46.024161" lon="6.920545">
        <ele>1311.986913</ele>
        <time>2026-08-02T06:39:17.547Z</time>
      </trkpt>
      <trkpt lat="46.023713" lon="6.920055">
        <ele>1314.491144</ele>
        <time>2026-08-02T06:39:34.080Z</time>
      </trkpt>
      <trkpt lat="46.023337" lon="6.919698">
        <ele>1317.518665</ele>
        <time>2026-08-02T06:39:52.105Z</time>
      </trkpt>
      <trkpt lat="46.023086" lon="6.919509">
        <ele>1319.422717</ele>
        <time>2026-08-02T06:40:04.914Z</time>
      </trkpt>
      <trkpt lat="46.022356" lon="6.919057">
        <ele>1324.764443</ele>
        <time>2026-08-02T06:40:42.419Z</time>
      </trkpt>
      <trkpt lat="46.022219" lon="6.919007">
        <ele>1325.711936</ele>
        <time>2026-08-02T06:40:48.940Z</time>
      </trkpt>
      <trkpt lat="46.022053" lon="6.918943">
        <ele>1326.539116</ele>
        <time>2026-08-02T06:40:56.759Z</time>
      </trkpt>
      <trkpt lat="46.021704" lon="6.918782">
        <ele>1328.303114</ele>
        <time>2026-08-02T06:41:11.713Z</time>
      </trkpt>
      <trkpt lat="46.021334" lon="6.918548">
        <ele>1330.248282</ele>
        <time>2026-08-02T06:41:24.960Z</time>
      </trkpt>
      <trkpt lat="46.020920" lon="6.918236">
        <ele>1332.497448</ele>
        <time>2026-08-02T06:41:38.335Z</time>
      </trkpt>
      <trkpt lat="46.020827" lon="6.918199">
        <ele>1332.961873</ele>
        <time>2026-08-02T06:41:41.014Z</time>
      </trkpt>
      <trkpt lat="46.020796" lon="6.918195">
        <ele>1333.111690</ele>
        <time>2026-08-02T06:41:41.820Z</time>
      </trkpt>
      <trkpt lat="46.020578" lon="6.918201">
        <ele>1334.161225</ele>
        <time>2026-08-02T06:41:47.625Z</time>
      </trkpt>
      <trkpt lat="46.020519" lon="6.918212">
        <ele>1334.448882</ele>
        <time>2026-08-02T06:41:49.251Z</time>
      </trkpt>
      <trkpt lat="46.020462" lon="6.918242">
        <ele>1334.745462</ele>
        <time>2026-08-02T06:41:50.810Z</time>
      </trkpt>
      <trkpt lat="46.020394" lon="6.918332">
        <ele>1335.196811</ele>
        <time>2026-08-02T06:41:53.240Z</time>
      </trkpt>
      <trkpt lat="46.020260" lon="6.918692">
        <ele>1336.582937</ele>
        <time>2026-08-02T06:42:00.996Z</time>
      </trkpt>
      <trkpt lat="46.020091" lon="6.919112">
        <ele>1338.230236</ele>
        <time>2026-08-02T06:42:11.059Z</time>
      </trkpt>
      <trkpt lat="46.019956" lon="6.919266">
        <ele>1339.071894</ele>
        <time>2026-08-02T06:42:16.944Z</time>
      </trkpt>
      <trkpt lat="46.019815" lon="6.919352">
        <ele>1339.820219</ele>
        <time>2026-08-02T06:42:22.725Z</time>
      </trkpt>
      <trkpt lat="46.019671" lon="6.919432">
        <ele>1340.574501</ele>
        <time>2026-08-02T06:42:28.881Z</time>
      </trkpt>
      <trkpt lat="46.019652" lon="6.919443">
        <ele>1340.674578</ele>
        <time>2026-08-02T06:42:29.705Z</time>
      </trkpt>
      <trkpt lat="46.019477" lon="6.919539">
        <ele>1341.589755</ele>
        <time>2026-08-02T06:42:37.317Z</time>
      </trkpt>
      <trkpt lat="46.019397" lon="6.919576">
        <ele>1342.000385</ele>
        <time>2026-08-02T06:42:40.787Z</time>
      </trkpt>
      <trkpt lat="46.019221" lon="6.919653">
        <ele>1342.899317</ele>
        <time>2026-08-02T06:42:48.212Z</time>
      </trkpt>
      <trkpt lat="46.019125" lon="6.919664">
        <ele>1343.460795</ele>
        <time>2026-08-02T06:42:52.231Z</time>
      </trkpt>
      <trkpt lat="46.019043" lon="6.919670">
        <ele>1344.030183</ele>
        <time>2026-08-02T06:42:55.608Z</time>
      </trkpt>
      <trkpt lat="46.018636" lon="6.919681">
        <ele>1346.853143</ele>
        <time>2026-08-02T06:43:13.024Z</time>
      </trkpt>
      <trkpt lat="46.017294" lon="6.919672">
        <ele>1356.246975</ele>
        <time>2026-08-02T06:44:10.613Z</time>
      </trkpt>
      <trkpt lat="46.017212" lon="6.919626">
        <ele>1356.957065</ele>
        <time>2026-08-02T06:44:14.378Z</time>
      </trkpt>
      <trkpt lat="46.017124" lon="6.919523">
        <ele>1357.872109</ele>
        <time>2026-08-02T06:44:19.287Z</time>
      </trkpt>
      <trkpt lat="46.016993" lon="6.919194">
        <ele>1359.997183</ele>
        <time>2026-08-02T06:44:31.207Z</time>
      </trkpt>
      <trkpt lat="46.016878" lon="6.919047">
        <ele>1361.237970</ele>
        <time>2026-08-02T06:44:38.282Z</time>
      </trkpt>
      <trkpt lat="46.016767" lon="6.918996">
        <ele>1362.178113</ele>
        <time>2026-08-02T06:44:43.675Z</time>
      </trkpt>
      <trkpt lat="46.016298" lon="6.918946">
        <ele>1365.972816</ele>
        <time>2026-08-02T06:45:05.246Z</time>
      </trkpt>
      <trkpt lat="46.015939" lon="6.918950">
        <ele>1368.869663</ele>
        <time>2026-08-02T06:45:23.794Z</time>
      </trkpt>
      <trkpt lat="46.015303" lon="6.919132">
        <ele>1374.123585</ele>
        <time>2026-08-02T06:45:58.019Z</time>
      </trkpt>
      <trkpt lat="46.014996" lon="6.919242">
        <ele>1376.690278</ele>
        <time>2026-08-02T06:46:13.937Z</time>
      </trkpt>
      <trkpt lat="46.014871" lon="6.919327">
        <ele>1377.811820</ele>
        <time>2026-08-02T06:46:20.396Z</time>
      </trkpt>
      <trkpt lat="46.014304" lon="6.920002">
        <ele>1383.780567</ele>
        <time>2026-08-02T06:46:53.827Z</time>
      </trkpt>
      <trkpt lat="46.013978" lon="6.920381">
        <ele>1386.653956</ele>
        <time>2026-08-02T06:47:11.023Z</time>
      </trkpt>
      <trkpt lat="46.013416" lon="6.920968">
        <ele>1391.076393</ele>
        <time>2026-08-02T06:47:38.291Z</time>
      </trkpt>
      <trkpt lat="46.012934" lon="6.921333">
        <ele>1394.545318</ele>
        <time>2026-08-02T06:48:00.404Z</time>
      </trkpt>
      <trkpt lat="46.012475" lon="6.921792">
        <ele>1397.674559</ele>
        <time>2026-08-02T06:48:22.957Z</time>
      </trkpt>
      <trkpt lat="46.011940" lon="6.922033">
        <ele>1400.443034</ele>
        <time>2026-08-02T06:48:42.746Z</time>
      </trkpt>
      <trkpt lat="46.011789" lon="6.922164">
        <ele>1401.313677</ele>
        <time>2026-08-02T06:48:48.375Z</time>
      </trkpt>
      <trkpt lat="46.011638" lon="6.922407">
        <ele>1402.432077</ele>
        <time>2026-08-02T06:48:55.506Z</time>
      </trkpt>
      <trkpt lat="46.011562" lon="6.922610">
        <ele>1403.223083</ele>
        <time>2026-08-02T06:49:00.478Z</time>
      </trkpt>
      <trkpt lat="46.011460" lon="6.923016">
        <ele>1404.703964</ele>
        <time>2026-08-02T06:49:09.837Z</time>
      </trkpt>
      <trkpt lat="46.011336" lon="6.923242">
        <ele>1405.774870</ele>
        <time>2026-08-02T06:49:16.238Z</time>
      </trkpt>
      <trkpt lat="46.011167" lon="6.923334">
        <ele>1406.786692</ele>
        <time>2026-08-02T06:49:22.113Z</time>
      </trkpt>
      <trkpt lat="46.010692" lon="6.923341">
        <ele>1409.446933</ele>
        <time>2026-08-02T06:49:38.394Z</time>
      </trkpt>
      <trkpt lat="46.010534" lon="6.923381">
        <ele>1410.345340</ele>
        <time>2026-08-02T06:49:44.264Z</time>
      </trkpt>
      <trkpt lat="46.010429" lon="6.923461">
        <ele>1411.010615</ele>
        <time>2026-08-02T06:49:48.794Z</time>
      </trkpt>
      <trkpt lat="46.010153" lon="6.923785">
        <ele>1413.004900</ele>
        <time>2026-08-02T06:50:03.205Z</time>
      </trkpt>
      <trkpt lat="46.010040" lon="6.923865">
        <ele>1413.710086</ele>
        <time>2026-08-02T06:50:08.447Z</time>
      </trkpt>
      <trkpt lat="46.009878" lon="6.923875">
        <ele>1414.618154</ele>
        <time>2026-08-02T06:50:15.250Z</time>
      </trkpt>
      <trkpt lat="46.009512" lon="6.923761">
        <ele>1417.209310</ele>
        <time>2026-08-02T06:50:31.136Z</time>
      </trkpt>
      <trkpt lat="46.009129" lon="6.923510">
        <ele>1420.307368</ele>
        <time>2026-08-02T06:50:49.365Z</time>
      </trkpt>
      <trkpt lat="46.008989" lon="6.923448">
        <ele>1421.385725</ele>
        <time>2026-08-02T06:50:55.866Z</time>
      </trkpt>
      <trkpt lat="46.008453" lon="6.923364">
        <ele>1425.355147</ele>
        <time>2026-08-02T06:51:20.580Z</time>
      </trkpt>
      <trkpt lat="46.008254" lon="6.923250">
        <ele>1426.931926</ele>
        <time>2026-08-02T06:51:30.271Z</time>
      </trkpt>
      <trkpt lat="46.007906" lon="6.922938">
        <ele>1430.177590</ele>
        <time>2026-08-02T06:51:49.029Z</time>
      </trkpt>
      <trkpt lat="46.007765" lon="6.922888">
        <ele>1431.402260</ele>
        <time>2026-08-02T06:51:55.761Z</time>
      </trkpt>
      <trkpt lat="46.007636" lon="6.922896">
        <ele>1432.491199</ele>
        <time>2026-08-02T06:52:01.794Z</time>
      </trkpt>
      <trkpt lat="46.007557" lon="6.922914">
        <ele>1433.165743</ele>
        <time>2026-08-02T06:52:05.506Z</time>
      </trkpt>
      <trkpt lat="46.007146" lon="6.923003">
        <ele>1436.670926</ele>
        <time>2026-08-02T06:52:25.363Z</time>
      </trkpt>
      <trkpt lat="46.006347" lon="6.923199">
        <ele>1443.506459</ele>
        <time>2026-08-02T06:53:05.746Z</time>
      </trkpt>
      <trkpt lat="46.006223" lon="6.923230">
        <ele>1444.464214</ele>
        <time>2026-08-02T06:53:12.450Z</time>
      </trkpt>
      <trkpt lat="46.005260" lon="6.923393">
        <ele>1451.804170</ele>
        <time>2026-08-02T06:54:04.600Z</time>
      </trkpt>
      <trkpt lat="46.004045" lon="6.923666">
        <ele>1456.927603</ele>
        <time>2026-08-02T06:54:47.519Z</time>
      </trkpt>
      <trkpt lat="46.003957" lon="6.923651">
        <ele>1456.886149</ele>
        <time>2026-08-02T06:54:48.988Z</time>
      </trkpt>
      <trkpt lat="46.003701" lon="6.923532">
        <ele>1456.760301</ele>
        <time>2026-08-02T06:54:52.728Z</time>
      </trkpt>
      <trkpt lat="46.002029" lon="6.923029">
        <ele>1452.237490</ele>
        <time>2026-08-02T06:55:09.417Z</time>
      </trkpt>
      <trkpt lat="46.001570" lon="6.922968">
        <ele>1449.843069</ele>
        <time>2026-08-02T06:55:13.672Z</time>
      </trkpt>
      <trkpt lat="46.000493" lon="6.923064">
        <ele>1444.091026</ele>
        <time>2026-08-02T06:55:23.476Z</time>
      </trkpt>
      <trkpt lat="46.000040" lon="6.923197">
        <ele>1441.561185</ele>
        <time>2026-08-02T06:55:27.741Z</time>
      </trkpt>
      <trkpt lat="45.999752" lon="6.923298">
        <ele>1439.939161</ele>
        <time>2026-08-02T06:55:30.544Z</time>
      </trkpt>
      <trkpt lat="45.999377" lon="6.923487">
        <ele>1437.765033</ele>
        <time>2026-08-02T06:55:34.353Z</time>
      </trkpt>
      <trkpt lat="45.999007" lon="6.923818">
        <ele>1435.312331</ele>
        <time>2026-08-02T06:55:38.565Z</time>
      </trkpt>
      <trkpt lat="45.998432" lon="6.924408">
        <ele>1431.297322</ele>
        <time>2026-08-02T06:55:45.175Z</time>
      </trkpt>
      <trkpt lat="45.998280" lon="6.924690">
        <ele>1429.887463</ele>
        <time>2026-08-02T06:55:47.414Z</time>
      </trkpt>
      <trkpt lat="45.998051" lon="6.925210">
        <ele>1427.455535</ele>
        <time>2026-08-02T06:55:51.236Z</time>
      </trkpt>
      <trkpt lat="45.997621" lon="6.925884">
        <ele>1423.955264</ele>
        <time>2026-08-02T06:55:57.041Z</time>
      </trkpt>
      <trkpt lat="45.997429" lon="6.926116">
        <ele>1422.582904</ele>
        <time>2026-08-02T06:55:59.376Z</time>
      </trkpt>
      <trkpt lat="45.997127" lon="6.926344">
        <ele>1420.715980</ele>
        <time>2026-08-02T06:56:02.554Z</time>
      </trkpt>
      <trkpt lat="45.996964" lon="6.926414">
        <ele>1419.784754</ele>
        <time>2026-08-02T06:56:04.164Z</time>
      </trkpt>
      <trkpt lat="45.996760" lon="6.926467">
        <ele>1418.649890</ele>
        <time>2026-08-02T06:56:06.172Z</time>
      </trkpt>
      <trkpt lat="45.996515" lon="6.926535">
        <ele>1417.283906</ele>
        <time>2026-08-02T06:56:08.611Z</time>
      </trkpt>
      <trkpt lat="45.996365" lon="6.926614">
        <ele>1416.207483</ele>
        <time>2026-08-02T06:56:10.169Z</time>
      </trkpt>
      <trkpt lat="45.996148" lon="6.926830">
        <ele>1414.321812</ele>
        <time>2026-08-02T06:56:12.689Z</time>
      </trkpt>
      <trkpt lat="45.996033" lon="6.926886">
        <ele>1413.454113</ele>
        <time>2026-08-02T06:56:13.804Z</time>
      </trkpt>
      <trkpt lat="45.995440" lon="6.926824">
        <ele>1409.204592</ele>
        <time>2026-08-02T06:56:18.980Z</time>
      </trkpt>
      <trkpt lat="45.995123" lon="6.926840">
        <ele>1406.937502</ele>
        <time>2026-08-02T06:56:21.847Z</time>
      </trkpt>
      <trkpt lat="45.994888" lon="6.926904">
        <ele>1405.228085</ele>
        <time>2026-08-02T06:56:23.958Z</time>
      </trkpt>
      <trkpt lat="45.994696" lon="6.927010">
        <ele>1403.650603</ele>
        <time>2026-08-02T06:56:25.769Z</time>
      </trkpt>
      <trkpt lat="45.994639" lon="6.927040">
        <ele>1403.114530</ele>
        <time>2026-08-02T06:56:26.297Z</time>
      </trkpt>
      <trkpt lat="45.994464" lon="6.927090">
        <ele>1401.538624</ele>
        <time>2026-08-02T06:56:27.863Z</time>
      </trkpt>
      <trkpt lat="45.994241" lon="6.927013">
        <ele>1399.513019</ele>
        <time>2026-08-02T06:56:29.878Z</time>
      </trkpt>
      <trkpt lat="45.994099" lon="6.926922">
        <ele>1398.140062</ele>
        <time>2026-08-02T06:56:31.241Z</time>
      </trkpt>
      <trkpt lat="45.993905" lon="6.926855">
        <ele>1396.377856</ele>
        <time>2026-08-02T06:56:32.975Z</time>
      </trkpt>
      <trkpt lat="45.993199" lon="6.926874">
        <ele>1390.140775</ele>
        <time>2026-08-02T06:56:39.215Z</time>
      </trkpt>
      <trkpt lat="45.992759" lon="6.926831">
        <ele>1386.111120</ele>
        <time>2026-08-02T06:56:42.950Z</time>
      </trkpt>
      <trkpt lat="45.992546" lon="6.926857">
        <ele>1384.101252</ele>
        <time>2026-08-02T06:56:44.769Z</time>
      </trkpt>
      <trkpt lat="45.992270" lon="6.926930">
        <ele>1381.462780</ele>
        <time>2026-08-02T06:56:47.166Z</time>
      </trkpt>
      <trkpt lat="45.992143" lon="6.926929">
        <ele>1380.268676</ele>
        <time>2026-08-02T06:56:48.253Z</time>
      </trkpt>
      <trkpt lat="45.991806" lon="6.926744">
        <ele>1376.877484</ele>
        <time>2026-08-02T06:56:51.332Z</time>
      </trkpt>
      <trkpt lat="45.991722" lon="6.926754">
        <ele>1376.084998</ele>
        <time>2026-08-02T06:56:52.069Z</time>
      </trkpt>
      <trkpt lat="45.991532" lon="6.926868">
        <ele>1374.149569</ele>
        <time>2026-08-02T06:56:53.861Z</time>
      </trkpt>
      <trkpt lat="45.991421" lon="6.926883">
        <ele>1373.101329</ele>
        <time>2026-08-02T06:56:54.850Z</time>
      </trkpt>
      <trkpt lat="45.991229" lon="6.926828">
        <ele>1371.310226</ele>
        <time>2026-08-02T06:56:56.633Z</time>
      </trkpt>
      <trkpt lat="45.990985" lon="6.926662">
        <ele>1369.578533</ele>
        <time>2026-08-02T06:56:59.169Z</time>
      </trkpt>
      <trkpt lat="45.990893" lon="6.926630">
        <ele>1368.971229</ele>
        <time>2026-08-02T06:57:00.078Z</time>
      </trkpt>
      <trkpt lat="45.989849" lon="6.926554">
        <ele>1362.263914</ele>
        <time>2026-08-02T06:57:09.944Z</time>
      </trkpt>
      <trkpt lat="45.988895" lon="6.926732">
        <ele>1355.688577</ele>
        <time>2026-08-02T06:57:18.297Z</time>
      </trkpt>
      <trkpt lat="45.988790" lon="6.926818">
        <ele>1354.830883</ele>
        <time>2026-08-02T06:57:19.335Z</time>
      </trkpt>
      <trkpt lat="45.988717" lon="6.926921">
        <ele>1354.105124</ele>
        <time>2026-08-02T06:57:20.223Z</time>
      </trkpt>
      <trkpt lat="45.988670" lon="6.927126">
        <ele>1353.040291</ele>
        <time>2026-08-02T06:57:21.549Z</time>
      </trkpt>
      <trkpt lat="45.988689" lon="6.927273">
        <ele>1352.302744</ele>
        <time>2026-08-02T06:57:22.483Z</time>
      </trkpt>
      <trkpt lat="45.988746" lon="6.927419">
        <ele>1351.476665</ele>
        <time>2026-08-02T06:57:23.537Z</time>
      </trkpt>
      <trkpt lat="45.988872" lon="6.927533">
        <ele>1350.420068</ele>
        <time>2026-08-02T06:57:24.932Z</time>
      </trkpt>
      <trkpt lat="45.989024" lon="6.927581">
        <ele>1349.315283</ele>
        <time>2026-08-02T06:57:26.398Z</time>
      </trkpt>
      <trkpt lat="45.989160" lon="6.927566">
        <ele>1348.346927</ele>
        <time>2026-08-02T06:57:27.675Z</time>
      </trkpt>
      <trkpt lat="45.989633" lon="6.927141">
        <ele>1344.811922</ele>
        <time>2026-08-02T06:57:33.047Z</time>
      </trkpt>
      <trkpt lat="45.989737" lon="6.927100">
        <ele>1344.165707</ele>
        <time>2026-08-02T06:57:34.125Z</time>
      </trkpt>
      <trkpt lat="45.989866" lon="6.927099">
        <ele>1343.392616</ele>
        <time>2026-08-02T06:57:35.414Z</time>
      </trkpt>
      <trkpt lat="45.990301" lon="6.927191">
        <ele>1340.757726</ele>
        <time>2026-08-02T06:57:39.621Z</time>
      </trkpt>
      <trkpt lat="45.990426" lon="6.927296">
        <ele>1339.890374</ele>
        <time>2026-08-02T06:57:40.932Z</time>
      </trkpt>
      <trkpt lat="45.990668" lon="6.927592">
        <ele>1337.987155</ele>
        <time>2026-08-02T06:57:43.741Z</time>
      </trkpt>
      <trkpt lat="45.990753" lon="6.927628">
        <ele>1337.456166</ele>
        <time>2026-08-02T06:57:44.514Z</time>
      </trkpt>
      <trkpt lat="45.991017" lon="6.927630">
        <ele>1335.797045</ele>
        <time>2026-08-02T06:57:46.787Z</time>
      </trkpt>
      <trkpt lat="45.991123" lon="6.927724">
        <ele>1334.924218</ele>
        <time>2026-08-02T06:57:47.866Z</time>
      </trkpt>
      <trkpt lat="45.991161" lon="6.927865">
        <ele>1334.187599</ele>
        <time>2026-08-02T06:57:48.786Z</time>
      </trkpt>
      <trkpt lat="45.991122" lon="6.928047">
        <ele>1333.259937</ele>
        <time>2026-08-02T06:57:49.947Z</time>
      </trkpt>
      <trkpt lat="45.991020" lon="6.928133">
        <ele>1332.431217</ele>
        <time>2026-08-02T06:57:50.998Z</time>
      </trkpt>
      <trkpt lat="45.990928" lon="6.928141">
        <ele>1331.785081</ele>
        <time>2026-08-02T06:57:51.817Z</time>
      </trkpt>
      <trkpt lat="45.990421" lon="6.928006">
        <ele>1328.170475</ele>
        <time>2026-08-02T06:57:56.524Z</time>
      </trkpt>
      <trkpt lat="45.989940" lon="6.927718">
        <ele>1324.518310</ele>
        <time>2026-08-02T06:58:01.361Z</time>
      </trkpt>
      <trkpt lat="45.989785" lon="6.927747">
        <ele>1323.413327</ele>
        <time>2026-08-02T06:58:02.782Z</time>
      </trkpt>
      <trkpt lat="45.989709" lon="6.927839">
        <ele>1322.695424</ele>
        <time>2026-08-02T06:58:03.682Z</time>
      </trkpt>
      <trkpt lat="45.989662" lon="6.927975">
        <ele>1321.932497</ele>
        <time>2026-08-02T06:58:04.629Z</time>
      </trkpt>
      <trkpt lat="45.989664" lon="6.928108">
        <ele>1321.264317</ele>
        <time>2026-08-02T06:58:05.465Z</time>
      </trkpt>
      <trkpt lat="45.989713" lon="6.928224">
        <ele>1320.582450</ele>
        <time>2026-08-02T06:58:06.310Z</time>
      </trkpt>
      <trkpt lat="45.989756" lon="6.928277">
        <ele>1320.173189</ele>
        <time>2026-08-02T06:58:06.817Z</time>
      </trkpt>
      <trkpt lat="45.989904" lon="6.928358">
        <ele>1319.028533</ele>
        <time>2026-08-02T06:58:08.226Z</time>
      </trkpt>
      <trkpt lat="45.990410" lon="6.928498">
        <ele>1315.303607</ele>
        <time>2026-08-02T06:58:12.771Z</time>
      </trkpt>
      <trkpt lat="45.990510" lon="6.928641">
        <ele>1314.284550</ele>
        <time>2026-08-02T06:58:14.026Z</time>
      </trkpt>
      <trkpt lat="45.990528" lon="6.928787">
        <ele>1313.539787</ele>
        <time>2026-08-02T06:58:14.942Z</time>
      </trkpt>
      <trkpt lat="45.990472" lon="6.928978">
        <ele>1312.498539</ele>
        <time>2026-08-02T06:58:16.220Z</time>
      </trkpt>
      <trkpt lat="45.990384" lon="6.929035">
        <ele>1311.800922</ele>
        <time>2026-08-02T06:58:17.083Z</time>
      </trkpt>
      <trkpt lat="45.990294" lon="6.929042">
        <ele>1311.149348</ele>
        <time>2026-08-02T06:58:17.891Z</time>
      </trkpt>
      <trkpt lat="45.990170" lon="6.928978">
        <ele>1310.136197</ele>
        <time>2026-08-02T06:58:19.075Z</time>
      </trkpt>
      <trkpt lat="45.989925" lon="6.928782">
        <ele>1307.872028</ele>
        <time>2026-08-02T06:58:21.605Z</time>
      </trkpt>
      <trkpt lat="45.989703" lon="6.928750">
        <ele>1306.069830</ele>
        <time>2026-08-02T06:58:23.629Z</time>
      </trkpt>
      <trkpt lat="45.989186" lon="6.928751">
        <ele>1301.893705</ele>
        <time>2026-08-02T06:58:28.250Z</time>
      </trkpt>
      <trkpt lat="45.988572" lon="6.928702">
        <ele>1296.926439</ele>
        <time>2026-08-02T06:58:33.626Z</time>
      </trkpt>
      <trkpt lat="45.987985" lon="6.928617">
        <ele>1290.882348</ele>
        <time>2026-08-02T06:58:38.657Z</time>
      </trkpt>
      <trkpt lat="45.987330" lon="6.928313">
        <ele>1283.557617</ele>
        <time>2026-08-02T06:58:44.501Z</time>
      </trkpt>
      <trkpt lat="45.986848" lon="6.928088">
        <ele>1278.164562</ele>
        <time>2026-08-02T06:58:48.832Z</time>
      </trkpt>
      <trkpt lat="45.986377" lon="6.927959">
        <ele>1274.188970</ele>
        <time>2026-08-02T06:58:52.947Z</time>
      </trkpt>
      <trkpt lat="45.986096" lon="6.927800">
        <ele>1271.885164</ele>
        <time>2026-08-02T06:58:55.595Z</time>
      </trkpt>
      <trkpt lat="45.985529" lon="6.927501">
        <ele>1267.277642</ele>
        <time>2026-08-02T06:59:01.031Z</time>
      </trkpt>
      <trkpt lat="45.985420" lon="6.927440">
        <ele>1266.385298</ele>
        <time>2026-08-02T06:59:02.082Z</time>
      </trkpt>
      <trkpt lat="45.985290" lon="6.927372">
        <ele>1265.329906</ele>
        <time>2026-08-02T06:59:03.361Z</time>
      </trkpt>
      <trkpt lat="45.985017" lon="6.927256">
        <ele>1263.190471</ele>
        <time>2026-08-02T06:59:05.998Z</time>
      </trkpt>
      <trkpt lat="45.984611" lon="6.927075">
        <ele>1260.597978</ele>
        <time>2026-08-02T06:59:09.973Z</time>
      </trkpt>
      <trkpt lat="45.984388" lon="6.926971">
        <ele>1259.168153</ele>
        <time>2026-08-02T06:59:12.157Z</time>
      </trkpt>
      <trkpt lat="45.984205" lon="6.926887">
        <ele>1257.996544</ele>
        <time>2026-08-02T06:59:13.965Z</time>
      </trkpt>
      <trkpt lat="45.983863" lon="6.926732">
        <ele>1255.809518</ele>
        <time>2026-08-02T06:59:17.205Z</time>
      </trkpt>
      <trkpt lat="45.983529" lon="6.926595">
        <ele>1253.691152</ele>
        <time>2026-08-02T06:59:20.322Z</time>
      </trkpt>
      <trkpt lat="45.983204" lon="6.926444">
        <ele>1251.609033</ele>
        <time>2026-08-02T06:59:23.424Z</time>
      </trkpt>
      <trkpt lat="45.983056" lon="6.926374">
        <ele>1250.660044</ele>
        <time>2026-08-02T06:59:24.835Z</time>
      </trkpt>
      <trkpt lat="45.982434" lon="6.926079">
        <ele>1246.670652</ele>
        <time>2026-08-02T06:59:30.789Z</time>
      </trkpt>
      <trkpt lat="45.982335" lon="6.926030">
        <ele>1246.032920</ele>
        <time>2026-08-02T06:59:31.743Z</time>
      </trkpt>
      <trkpt lat="45.982222" lon="6.925971">
        <ele>1245.300672</ele>
        <time>2026-08-02T06:59:32.850Z</time>
      </trkpt>
      <trkpt lat="45.982075" lon="6.925873">
        <ele>1244.313798</ele>
        <time>2026-08-02T06:59:34.327Z</time>
      </trkpt>
      <trkpt lat="45.981725" lon="6.925598">
        <ele>1241.884683</ele>
        <time>2026-08-02T06:59:38.024Z</time>
      </trkpt>
      <trkpt lat="45.981426" lon="6.925309">
        <ele>1240.015137</ele>
        <time>2026-08-02T06:59:41.398Z</time>
      </trkpt>
      <trkpt lat="45.981336" lon="6.925208">
        <ele>1239.452470</ele>
        <time>2026-08-02T06:59:42.475Z</time>
      </trkpt>
      <trkpt lat="45.981296" lon="6.925162">
        <ele>1239.200037</ele>
        <time>2026-08-02T06:59:42.958Z</time>
      </trkpt>
      <trkpt lat="45.981176" lon="6.925021">
        <ele>1238.436280</ele>
        <time>2026-08-02T06:59:44.424Z</time>
      </trkpt>
      <trkpt lat="45.980979" lon="6.924805">
        <ele>1237.215284</ele>
        <time>2026-08-02T06:59:46.779Z</time>
      </trkpt>
      <trkpt lat="45.980005" lon="6.923688">
        <ele>1231.025096</ele>
        <time>2026-08-02T06:59:58.633Z</time>
      </trkpt>
      <trkpt lat="45.979784" lon="6.923432">
        <ele>1229.578159</ele>
        <time>2026-08-02T07:00:01.281Z</time>
      </trkpt>
      <trkpt lat="45.979696" lon="6.923364">
        <ele>1229.068732</ele>
        <time>2026-08-02T07:00:02.207Z</time>
      </trkpt>
      <trkpt lat="45.979204" lon="6.923048">
        <ele>1226.320867</ele>
        <time>2026-08-02T07:00:07.213Z</time>
      </trkpt>
      <trkpt lat="45.978938" lon="6.922879">
        <ele>1224.837885</ele>
        <time>2026-08-02T07:00:09.909Z</time>
      </trkpt>
      <trkpt lat="45.978525" lon="6.922629">
        <ele>1222.794597</ele>
        <time>2026-08-02T07:00:14.148Z</time>
      </trkpt>
      <trkpt lat="45.978160" lon="6.922364">
        <ele>1221.340590</ele>
        <time>2026-08-02T07:00:18.116Z</time>
      </trkpt>
      <trkpt lat="45.978100" lon="6.922321">
        <ele>1221.102197</ele>
        <time>2026-08-02T07:00:18.766Z</time>
      </trkpt>
      <trkpt lat="45.977848" lon="6.922124">
        <ele>1220.082230</ele>
        <time>2026-08-02T07:00:21.649Z</time>
      </trkpt>
      <trkpt lat="45.977740" lon="6.922039">
        <ele>1219.644425</ele>
        <time>2026-08-02T07:00:22.935Z</time>
      </trkpt>
      <trkpt lat="45.977621" lon="6.921935">
        <ele>1219.149254</ele>
        <time>2026-08-02T07:00:24.398Z</time>
      </trkpt>
      <trkpt lat="45.976677" lon="6.921011">
        <ele>1215.478272</ele>
        <time>2026-08-02T07:00:36.200Z</time>
      </trkpt>
      <trkpt lat="45.976470" lon="6.920810">
        <ele>1214.775504</ele>
        <time>2026-08-02T07:00:38.738Z</time>
      </trkpt>
      <trkpt lat="45.976349" lon="6.920737">
        <ele>1214.406267</ele>
        <time>2026-08-02T07:00:40.087Z</time>
      </trkpt>
      <trkpt lat="45.976205" lon="6.920723">
        <ele>1214.000098</ele>
        <time>2026-08-02T07:00:41.572Z</time>
      </trkpt>
      <trkpt lat="45.976031" lon="6.920796">
        <ele>1213.490038</ele>
        <time>2026-08-02T07:00:43.434Z</time>
      </trkpt>
      <trkpt lat="45.975994" lon="6.920822">
        <ele>1213.374160</ele>
        <time>2026-08-02T07:00:43.856Z</time>
      </trkpt>
      <trkpt lat="45.975810" lon="6.921026">
        <ele>1212.720469</ele>
        <time>2026-08-02T07:00:46.276Z</time>
      </trkpt>
      <trkpt lat="45.975730" lon="6.921134">
        <ele>1212.411760</ele>
        <time>2026-08-02T07:00:47.416Z</time>
      </trkpt>
      <trkpt lat="45.975686" lon="6.921093">
        <ele>1212.264239</ele>
        <time>2026-08-02T07:00:47.965Z</time>
      </trkpt>
      <trkpt lat="45.975621" lon="6.921099">
        <ele>1212.080940</ele>
        <time>2026-08-02T07:00:48.626Z</time>
      </trkpt>
      <trkpt lat="45.975470" lon="6.921208">
        <ele>1211.695556</ele>
        <time>2026-08-02T07:00:50.411Z</time>
      </trkpt>
      <trkpt lat="45.975377" lon="6.921126">
        <ele>1211.484697</ele>
        <time>2026-08-02T07:00:51.565Z</time>
      </trkpt>
      <trkpt lat="45.975080" lon="6.920895">
        <ele>1210.832020</ele>
        <time>2026-08-02T07:00:55.205Z</time>
      </trkpt>
      <trkpt lat="45.973989" lon="6.920072">
        <ele>1208.450604</ele>
        <time>2026-08-02T07:01:09.547Z</time>
      </trkpt>
      <trkpt lat="45.973674" lon="6.919827">
        <ele>1207.431849</ele>
        <time>2026-08-02T07:01:13.304Z</time>
      </trkpt>
      <trkpt lat="45.973561" lon="6.919719">
        <ele>1207.039375</ele>
        <time>2026-08-02T07:01:14.687Z</time>
      </trkpt>
      <trkpt lat="45.973255" lon="6.919350">
        <ele>1205.884279</ele>
        <time>2026-08-02T07:01:18.720Z</time>
      </trkpt>
      <trkpt lat="45.972847" lon="6.918707">
        <ele>1204.133589</ele>
        <time>2026-08-02T07:01:24.761Z</time>
      </trkpt>
      <trkpt lat="45.972463" lon="6.918177">
        <ele>1202.683344</ele>
        <time>2026-08-02T07:01:30.238Z</time>
      </trkpt>
      <trkpt lat="45.972043" lon="6.917816">
        <ele>1201.472217</ele>
        <time>2026-08-02T07:01:35.552Z</time>
      </trkpt>
      <trkpt lat="45.971777" lon="6.917615">
        <ele>1200.728431</ele>
        <time>2026-08-02T07:01:38.817Z</time>
      </trkpt>
      <trkpt lat="45.971539" lon="6.917427">
        <ele>1200.056296</ele>
        <time>2026-08-02T07:01:41.759Z</time>
      </trkpt>
      <trkpt lat="45.971247" lon="6.917212">
        <ele>1199.244279</ele>
        <time>2026-08-02T07:01:45.281Z</time>
      </trkpt>
      <trkpt lat="45.971017" lon="6.917037">
        <ele>1198.540350</ele>
        <time>2026-08-02T07:01:48.044Z</time>
      </trkpt>
      <trkpt lat="45.970170" lon="6.916380">
        <ele>1195.264005</ele>
        <time>2026-08-02T07:01:57.718Z</time>
      </trkpt>
      <trkpt lat="45.970065" lon="6.916295">
        <ele>1194.853788</ele>
        <time>2026-08-02T07:01:58.906Z</time>
      </trkpt>
      <trkpt lat="45.969616" lon="6.915838">
        <ele>1192.981130</ele>
        <time>2026-08-02T07:02:04.342Z</time>
      </trkpt>
      <trkpt lat="45.969244" lon="6.915391">
        <ele>1191.231353</ele>
        <time>2026-08-02T07:02:09.113Z</time>
      </trkpt>
      <trkpt lat="45.969160" lon="6.915284">
        <ele>1190.820213</ele>
        <time>2026-08-02T07:02:10.215Z</time>
      </trkpt>
      <trkpt lat="45.968764" lon="6.914783">
        <ele>1188.887758</ele>
        <time>2026-08-02T07:02:15.396Z</time>
      </trkpt>
      <trkpt lat="45.968510" lon="6.914468">
        <ele>1187.658869</ele>
        <time>2026-08-02T07:02:18.690Z</time>
      </trkpt>
      <trkpt lat="45.968274" lon="6.914174">
        <ele>1186.514861</ele>
        <time>2026-08-02T07:02:21.794Z</time>
      </trkpt>
      <trkpt lat="45.968095" lon="6.913960">
        <ele>1185.765260</ele>
        <time>2026-08-02T07:02:24.141Z</time>
      </trkpt>
      <trkpt lat="45.967827" lon="6.913677">
        <ele>1184.876319</ele>
        <time>2026-08-02T07:02:27.557Z</time>
      </trkpt>
      <trkpt lat="45.967660" lon="6.913556">
        <ele>1184.376331</ele>
        <time>2026-08-02T07:02:29.518Z</time>
      </trkpt>
      <trkpt lat="45.967429" lon="6.913447">
        <ele>1183.726264</ele>
        <time>2026-08-02T07:02:32.085Z</time>
      </trkpt>
      <trkpt lat="45.966228" lon="6.913044">
        <ele>1180.946469</ele>
        <time>2026-08-02T07:02:45.143Z</time>
      </trkpt>
      <trkpt lat="45.965785" lon="6.912899">
        <ele>1180.512286</ele>
        <time>2026-08-02T07:02:50.187Z</time>
      </trkpt>
      <trkpt lat="45.965297" lon="6.912737">
        <ele>1180.033662</ele>
        <time>2026-08-02T07:02:56.092Z</time>
      </trkpt>
      <trkpt lat="45.965168" lon="6.912686">
        <ele>1179.905810</ele>
        <time>2026-08-02T07:02:57.804Z</time>
      </trkpt>
      <trkpt lat="45.964934" lon="6.912603">
        <ele>1179.675485</ele>
        <time>2026-08-02T07:03:01.226Z</time>
      </trkpt>
      <trkpt lat="45.964588" lon="6.912425">
        <ele>1179.703947</ele>
        <time>2026-08-02T07:03:08.738Z</time>
      </trkpt>
      <trkpt lat="45.964045" lon="6.912027">
        <ele>1180.277580</ele>
        <time>2026-08-02T07:03:24.980Z</time>
      </trkpt>
      <trkpt lat="45.963379" lon="6.911342">
        <ele>1181.048216</ele>
        <time>2026-08-02T07:03:40.496Z</time>
      </trkpt>
      <trkpt lat="45.963161" lon="6.911022">
        <ele>1180.647615</ele>
        <time>2026-08-02T07:03:44.687Z</time>
      </trkpt>
      <trkpt lat="45.962816" lon="6.910262">
        <ele>1178.138162</ele>
        <time>2026-08-02T07:03:51.115Z</time>
      </trkpt>
      <trkpt lat="45.962494" lon="6.909793">
        <ele>1176.315732</ele>
        <time>2026-08-02T07:03:55.307Z</time>
      </trkpt>
      <trkpt lat="45.962199" lon="6.909538">
        <ele>1174.946957</ele>
        <time>2026-08-02T07:03:58.527Z</time>
      </trkpt>
      <trkpt lat="45.961703" lon="6.909196">
        <ele>1172.553280</ele>
        <time>2026-08-02T07:04:03.633Z</time>
      </trkpt>
      <trkpt lat="45.960485" lon="6.907875">
        <ele>1165.633041</ele>
        <time>2026-08-02T07:04:18.182Z</time>
      </trkpt>
      <trkpt lat="45.960199" lon="6.907497">
        <ele>1164.666874</ele>
        <time>2026-08-02T07:04:22.108Z</time>
      </trkpt>
      <trkpt lat="45.959791" lon="6.906801">
        <ele>1163.092452</ele>
        <time>2026-08-02T07:04:30.190Z</time>
      </trkpt>
      <trkpt lat="45.959547" lon="6.906242">
        <ele>1161.950995</ele>
        <time>2026-08-02T07:04:35.355Z</time>
      </trkpt>
      <trkpt lat="45.959321" lon="6.905601">
        <ele>1159.535527</ele>
        <time>2026-08-02T07:04:40.368Z</time>
      </trkpt>
      <trkpt lat="45.959193" lon="6.904986">
        <ele>1156.185771</ele>
        <time>2026-08-02T07:04:44.587Z</time>
      </trkpt>
      <trkpt lat="45.959108" lon="6.904438">
        <ele>1153.256034</ele>
        <time>2026-08-02T07:04:48.113Z</time>
      </trkpt>
      <trkpt lat="45.958982" lon="6.904019">
        <ele>1150.873930</ele>
        <time>2026-08-02T07:04:50.840Z</time>
      </trkpt>
      <trkpt lat="45.958837" lon="6.903672">
        <ele>1148.761369</ele>
        <time>2026-08-02T07:04:53.215Z</time>
      </trkpt>
      <trkpt lat="45.958727" lon="6.903491">
        <ele>1147.335868</ele>
        <time>2026-08-02T07:04:54.638Z</time>
      </trkpt>
      <trkpt lat="45.958585" lon="6.903346">
        <ele>1145.235690</ele>
        <time>2026-08-02T07:04:56.111Z</time>
      </trkpt>
      <trkpt lat="45.958441" lon="6.903251">
        <ele>1143.325077</ele>
        <time>2026-08-02T07:04:57.444Z</time>
      </trkpt>
      <trkpt lat="45.958041" lon="6.903229">
        <ele>1138.497442</ele>
        <time>2026-08-02T07:05:00.812Z</time>
      </trkpt>
      <trkpt lat="45.957643" lon="6.902935">
        <ele>1133.101533</ele>
        <time>2026-08-02T07:05:04.560Z</time>
      </trkpt>
      <trkpt lat="45.957520" lon="6.902891">
        <ele>1131.572936</ele>
        <time>2026-08-02T07:05:05.623Z</time>
      </trkpt>
      <trkpt lat="45.956903" lon="6.902974">
        <ele>1124.876600</ele>
        <time>2026-08-02T07:05:10.866Z</time>
      </trkpt>
      <trkpt lat="45.956457" lon="6.902785">
        <ele>1121.451423</ele>
        <time>2026-08-02T07:05:14.957Z</time>
      </trkpt>
      <trkpt lat="45.956326" lon="6.902805">
        <ele>1120.480961</ele>
        <time>2026-08-02T07:05:16.151Z</time>
      </trkpt>
      <trkpt lat="45.955785" lon="6.902992">
        <ele>1116.382102</ele>
        <time>2026-08-02T07:05:21.299Z</time>
      </trkpt>
      <trkpt lat="45.955474" lon="6.903021">
        <ele>1114.086238</ele>
        <time>2026-08-02T07:05:24.195Z</time>
      </trkpt>
      <trkpt lat="45.955208" lon="6.902988">
        <ele>1112.237696</ele>
        <time>2026-08-02T07:05:26.659Z</time>
      </trkpt>
      <trkpt lat="45.954865" lon="6.902870">
        <ele>1110.062289</ele>
        <time>2026-08-02T07:05:29.889Z</time>
      </trkpt>
      <trkpt lat="45.954544" lon="6.902666">
        <ele>1107.897606</ele>
        <time>2026-08-02T07:05:33.093Z</time>
      </trkpt>
      <trkpt lat="45.954303" lon="6.902557">
        <ele>1106.339282</ele>
        <time>2026-08-02T07:05:35.383Z</time>
      </trkpt>
      <trkpt lat="45.954050" lon="6.902512">
        <ele>1104.766810</ele>
        <time>2026-08-02T07:05:37.674Z</time>
      </trkpt>
      <trkpt lat="45.953503" lon="6.902481">
        <ele>1101.433883</ele>
        <time>2026-08-02T07:05:42.666Z</time>
      </trkpt>
      <trkpt lat="45.953074" lon="6.902390">
        <ele>1099.082614</ele>
        <time>2026-08-02T07:05:46.695Z</time>
      </trkpt>
      <trkpt lat="45.952863" lon="6.902313">
        <ele>1097.902288</ele>
        <time>2026-08-02T07:05:48.735Z</time>
      </trkpt>
      <trkpt lat="45.952734" lon="6.902223">
        <ele>1097.124886</ele>
        <time>2026-08-02T07:05:50.085Z</time>
      </trkpt>
      <trkpt lat="45.952516" lon="6.901994">
        <ele>1095.661175</ele>
        <time>2026-08-02T07:05:52.595Z</time>
      </trkpt>
      <trkpt lat="45.952065" lon="6.901432">
        <ele>1092.425662</ele>
        <time>2026-08-02T07:05:58.126Z</time>
      </trkpt>
      <trkpt lat="45.951274" lon="6.900381">
        <ele>1088.154978</ele>
        <time>2026-08-02T07:06:08.496Z</time>
      </trkpt>
      <trkpt lat="45.951122" lon="6.900179">
        <ele>1087.357978</ele>
        <time>2026-08-02T07:06:10.621Z</time>
      </trkpt>
      <trkpt lat="45.950953" lon="6.899957">
        <ele>1086.476535</ele>
        <time>2026-08-02T07:06:12.980Z</time>
      </trkpt>
      <trkpt lat="45.950840" lon="6.899814">
        <ele>1085.896886</ele>
        <time>2026-08-02T07:06:14.526Z</time>
      </trkpt>
      <trkpt lat="45.950695" lon="6.899626">
        <ele>1085.145067</ele>
        <time>2026-08-02T07:06:16.539Z</time>
      </trkpt>
      <trkpt lat="45.950618" lon="6.899531">
        <ele>1084.839331</ele>
        <time>2026-08-02T07:06:17.582Z</time>
      </trkpt>
      <trkpt lat="45.950465" lon="6.899248">
        <ele>1084.135767</ele>
        <time>2026-08-02T07:06:20.141Z</time>
      </trkpt>
      <trkpt lat="45.950408" lon="6.899039">
        <ele>1083.695157</ele>
        <time>2026-08-02T07:06:21.753Z</time>
      </trkpt>
      <trkpt lat="45.950327" lon="6.899028">
        <ele>1083.465499</ele>
        <time>2026-08-02T07:06:22.593Z</time>
      </trkpt>
      <trkpt lat="45.950219" lon="6.899017">
        <ele>1083.159880</ele>
        <time>2026-08-02T07:06:23.730Z</time>
      </trkpt>
      <trkpt lat="45.949668" lon="6.898561">
        <ele>1081.365449</ele>
        <time>2026-08-02T07:06:30.312Z</time>
      </trkpt>
      <trkpt lat="45.949422" lon="6.898307">
        <ele>1080.510644</ele>
        <time>2026-08-02T07:06:33.417Z</time>
      </trkpt>
      <trkpt lat="45.948579" lon="6.897175">
        <ele>1077.816242</ele>
        <time>2026-08-02T07:06:45.490Z</time>
      </trkpt>
      <trkpt lat="45.947706" lon="6.896013">
        <ele>1075.362100</ele>
        <time>2026-08-02T07:06:58.799Z</time>
      </trkpt>
      <trkpt lat="45.946897" lon="6.894930">
        <ele>1073.541203</ele>
        <time>2026-08-02T07:07:11.532Z</time>
      </trkpt>
      <trkpt lat="45.945597" lon="6.893229">
        <ele>1070.557329</ele>
        <time>2026-08-02T07:07:31.202Z</time>
      </trkpt>
      <trkpt lat="45.945498" lon="6.893156">
        <ele>1070.367145</ele>
        <time>2026-08-02T07:07:32.452Z</time>
      </trkpt>
      <trkpt lat="45.945203" lon="6.893029">
        <ele>1069.861189</ele>
        <time>2026-08-02T07:07:35.949Z</time>
      </trkpt>
      <trkpt lat="45.945255" lon="6.892899">
        <ele>1069.728948</ele>
        <time>2026-08-02T07:07:37.151Z</time>
      </trkpt>
      <trkpt lat="45.945216" lon="6.892774">
        <ele>1069.608143</ele>
        <time>2026-08-02T07:07:38.246Z</time>
      </trkpt>
      <trkpt lat="45.944996" lon="6.892450">
        <ele>1069.208836</ele>
        <time>2026-08-02T07:07:41.907Z</time>
      </trkpt>
      <trkpt lat="45.943632" lon="6.890699">
        <ele>1066.942225</ele>
        <time>2026-08-02T07:08:03.922Z</time>
      </trkpt>
      <trkpt lat="45.943517" lon="6.890556">
        <ele>1066.762806</ele>
        <time>2026-08-02T07:08:05.690Z</time>
      </trkpt>
      <trkpt lat="45.943310" lon="6.890295">
        <ele>1066.437912</ele>
        <time>2026-08-02T07:08:08.893Z</time>
      </trkpt>
      <trkpt lat="45.943081" lon="6.890008">
        <ele>1066.079426</ele>
        <time>2026-08-02T07:08:12.445Z</time>
      </trkpt>
      <trkpt lat="45.942858" lon="6.889796">
        <ele>1065.763942</ele>
        <time>2026-08-02T07:08:15.600Z</time>
      </trkpt>
      <trkpt lat="45.942643" lon="6.889592">
        <ele>1065.500380</ele>
        <time>2026-08-02T07:08:18.672Z</time>
      </trkpt>
      <trkpt lat="45.942229" lon="6.889277">
        <ele>1065.343408</ele>
        <time>2026-08-02T07:08:24.618Z</time>
      </trkpt>
      <trkpt lat="45.941643" lon="6.888976">
        <ele>1065.134863</ele>
        <time>2026-08-02T07:08:33.621Z</time>
      </trkpt>
      <trkpt lat="45.941559" lon="6.888952">
        <ele>1065.106161</ele>
        <time>2026-08-02T07:08:34.986Z</time>
      </trkpt>
      <trkpt lat="45.941150" lon="6.888838">
        <ele>1064.966537</ele>
        <time>2026-08-02T07:08:41.413Z</time>
      </trkpt>
      <trkpt lat="45.940840" lon="6.888779">
        <ele>1064.844301</ele>
        <time>2026-08-02T07:08:45.871Z</time>
      </trkpt>
      <trkpt lat="45.940520" lon="6.888786">
        <ele>1064.700993</ele>
        <time>2026-08-02T07:08:50.317Z</time>
      </trkpt>
      <trkpt lat="45.940505" lon="6.888549">
        <ele>1064.626888</ele>
        <time>2026-08-02T07:08:52.645Z</time>
      </trkpt>
      <trkpt lat="45.940460" lon="6.888214">
        <ele>1064.520643</ele>
        <time>2026-08-02T07:08:55.835Z</time>
      </trkpt>
      <trkpt lat="45.940437" lon="6.888068">
        <ele>1064.474028</ele>
        <time>2026-08-02T07:08:57.175Z</time>
      </trkpt>
      <trkpt lat="45.940412" lon="6.887935">
        <ele>1064.431126</ele>
        <time>2026-08-02T07:08:58.376Z</time>
      </trkpt>
      <trkpt lat="45.940517" lon="6.887733">
        <ele>1064.352595</ele>
        <time>2026-08-02T07:09:00.585Z</time>
      </trkpt>
      <trkpt lat="45.940520" lon="6.887644">
        <ele>1064.324848</ele>
        <time>2026-08-02T07:09:01.371Z</time>
      </trkpt>
      <trkpt lat="45.940468" lon="6.887568">
        <ele>1064.291648</ele>
        <time>2026-08-02T07:09:02.287Z</time>
      </trkpt>
      <trkpt lat="45.940405" lon="6.887556">
        <ele>1064.263191</ele>
        <time>2026-08-02T07:09:03.100Z</time>
      </trkpt>
      <trkpt lat="45.940342" lon="6.887638">
        <ele>1064.225141</ele>
        <time>2026-08-02T07:09:04.154Z</time>
      </trkpt>
      <trkpt lat="45.940292" lon="6.887880">
        <ele>1064.146528</ele>
        <time>2026-08-02T07:09:06.411Z</time>
      </trkpt>
      <trkpt lat="45.940235" lon="6.887893">
        <ele>1064.120685</ele>
        <time>2026-08-02T07:09:07.161Z</time>
      </trkpt>
      <trkpt lat="45.939518" lon="6.887902">
        <ele>1063.803062</ele>
        <time>2026-08-02T07:09:16.575Z</time>
      </trkpt>
      <trkpt lat="45.939185" lon="6.887893">
        <ele>1063.655592</ele>
        <time>2026-08-02T07:09:21.038Z</time>
      </trkpt>
      <trkpt lat="45.938933" lon="6.887884">
        <ele>1063.543978</ele>
        <time>2026-08-02T07:09:24.452Z</time>
      </trkpt>
      <trkpt lat="45.938712" lon="6.887876">
        <ele>1063.446093</ele>
        <time>2026-08-02T07:09:27.497Z</time>
      </trkpt>
      <trkpt lat="45.938606" lon="6.887879">
        <ele>1063.399149</ele>
        <time>2026-08-02T07:09:28.990Z</time>
      </trkpt>
      <trkpt lat="45.938348" lon="6.887936">
        <ele>1063.309670</ele>
        <time>2026-08-02T07:09:32.651Z</time>
      </trkpt>
      <trkpt lat="45.938206" lon="6.888014">
        <ele>1063.304568</ele>
        <time>2026-08-02T07:09:34.796Z</time>
      </trkpt>
      <trkpt lat="45.937889" lon="6.888307">
        <ele>1063.291920</ele>
        <time>2026-08-02T07:09:40.121Z</time>
      </trkpt>
      <trkpt lat="45.937767" lon="6.888432">
        <ele>1063.286892</ele>
        <time>2026-08-02T07:09:42.310Z</time>
      </trkpt>
      <trkpt lat="45.937399" lon="6.888752">
        <ele>1063.272458</ele>
        <time>2026-08-02T07:09:49.077Z</time>
      </trkpt>
      <trkpt lat="45.937173" lon="6.888879">
        <ele>1063.264314</ele>
        <time>2026-08-02T07:09:53.049Z</time>
      </trkpt>
      <trkpt lat="45.937043" lon="6.888920">
        <ele>1063.259848</ele>
        <time>2026-08-02T07:09:55.182Z</time>
      </trkpt>
      <trkpt lat="45.936293" lon="6.889031">
        <ele>1062.754106</ele>
        <time>2026-08-02T07:10:05.751Z</time>
      </trkpt>
      <trkpt lat="45.936198" lon="6.889045">
        <ele>1062.659784</ele>
        <time>2026-08-02T07:10:06.991Z</time>
      </trkpt>
      <trkpt lat="45.935805" lon="6.889091">
        <ele>1062.270338</ele>
        <time>2026-08-02T07:10:11.888Z</time>
      </trkpt>
      <trkpt lat="45.935436" lon="6.889132">
        <ele>1061.904794</ele>
        <time>2026-08-02T07:10:16.203Z</time>
      </trkpt>
      <trkpt lat="45.935297" lon="6.889151">
        <ele>1061.766886</ele>
        <time>2026-08-02T07:10:17.802Z</time>
      </trkpt>
      <trkpt lat="45.935146" lon="6.889172">
        <ele>1061.617049</ele>
        <time>2026-08-02T07:10:19.519Z</time>
      </trkpt>
      <trkpt lat="45.934932" lon="6.889166">
        <ele>1061.360154</ele>
        <time>2026-08-02T07:10:22.919Z</time>
      </trkpt>
      <trkpt lat="45.934611" lon="6.889067">
        <ele>1060.823040</ele>
        <time>2026-08-02T07:10:28.057Z</time>
      </trkpt>
      <trkpt lat="45.934539" lon="6.889023">
        <ele>1060.695047</ele>
        <time>2026-08-02T07:10:28.914Z</time>
      </trkpt>
      <trkpt lat="45.934137" lon="6.888683">
        <ele>1059.932015</ele>
        <time>2026-08-02T07:10:36.394Z</time>
      </trkpt>
      <trkpt lat="45.934016" lon="6.888692">
        <ele>1059.733789</ele>
        <time>2026-08-02T07:10:37.766Z</time>
      </trkpt>
      <trkpt lat="45.933860" lon="6.888471">
        <ele>1059.375498</ele>
        <time>2026-08-02T07:10:40.259Z</time>
      </trkpt>
      <trkpt lat="45.933745" lon="6.888107">
        <ele>1058.920590</ele>
        <time>2026-08-02T07:10:43.506Z</time>
      </trkpt>
      <trkpt lat="45.932806" lon="6.885826">
        <ele>1056.270098</ele>
        <time>2026-08-02T07:11:05.389Z</time>
      </trkpt>
      <trkpt lat="45.932667" lon="6.885809">
        <ele>1056.073616</ele>
        <time>2026-08-02T07:11:09.848Z</time>
      </trkpt>
      <trkpt lat="45.932175" lon="6.885112">
        <ele>1054.491335</ele>
        <time>2026-08-02T07:11:31.304Z</time>
      </trkpt>
      <trkpt lat="45.932107" lon="6.885006">
        <ele>1054.254219</ele>
        <time>2026-08-02T07:11:32.360Z</time>
      </trkpt>
      <trkpt lat="45.931352" lon="6.883517">
        <ele>1051.321716</ele>
        <time>2026-08-02T07:11:45.743Z</time>
      </trkpt>
      <trkpt lat="45.931006" lon="6.882662">
        <ele>1049.998564</ele>
        <time>2026-08-02T07:11:53.228Z</time>
      </trkpt>
      <trkpt lat="45.930163" lon="6.880217">
        <ele>1046.630400</ele>
        <time>2026-08-02T07:12:15.065Z</time>
      </trkpt>
      <trkpt lat="45.929940" lon="6.879767">
        <ele>1045.998826</ele>
        <time>2026-08-02T07:12:19.427Z</time>
      </trkpt>
      <trkpt lat="45.929819" lon="6.879594">
        <ele>1045.718386</ele>
        <time>2026-08-02T07:12:21.340Z</time>
      </trkpt>
      <trkpt lat="45.929753" lon="6.879464">
        <ele>1045.534413</ele>
        <time>2026-08-02T07:12:22.590Z</time>
      </trkpt>
      <trkpt lat="45.929544" lon="6.879187">
        <ele>1044.984858</ele>
        <time>2026-08-02T07:12:25.718Z</time>
      </trkpt>
      <trkpt lat="45.929281" lon="6.878887">
        <ele>1044.261173</ele>
        <time>2026-08-02T07:12:29.368Z</time>
      </trkpt>
      <trkpt lat="45.928979" lon="6.878323">
        <ele>1043.193997</ele>
        <time>2026-08-02T07:12:34.758Z</time>
      </trkpt>
      <trkpt lat="45.928232" lon="6.876728">
        <ele>1040.666471</ele>
        <time>2026-08-02T07:12:49.100Z</time>
      </trkpt>
      <trkpt lat="45.928079" lon="6.876470">
        <ele>1040.316162</ele>
        <time>2026-08-02T07:12:51.712Z</time>
      </trkpt>
      <trkpt lat="45.927615" lon="6.875956">
        <ele>1039.446030</ele>
        <time>2026-08-02T07:12:58.552Z</time>
      </trkpt>
      <trkpt lat="45.927616" lon="6.875855">
        <ele>1039.341662</ele>
        <time>2026-08-02T07:12:59.425Z</time>
      </trkpt>
      <trkpt lat="45.927422" lon="6.875664">
        <ele>1038.992383</ele>
        <time>2026-08-02T07:13:02.429Z</time>
      </trkpt>
      <trkpt lat="45.927370" lon="6.875555">
        <ele>1038.855815</ele>
        <time>2026-08-02T07:13:03.616Z</time>
      </trkpt>
      <trkpt lat="45.927386" lon="6.875428">
        <ele>1038.769122</ele>
        <time>2026-08-02T07:13:04.812Z</time>
      </trkpt>
      <trkpt lat="45.927313" lon="6.875357">
        <ele>1038.739640</ele>
        <time>2026-08-02T07:13:05.978Z</time>
      </trkpt>
      <trkpt lat="45.927287" lon="6.875363">
        <ele>1038.730831</ele>
        <time>2026-08-02T07:13:06.328Z</time>
      </trkpt>
      <trkpt lat="45.927245" lon="6.875406">
        <ele>1038.713584</ele>
        <time>2026-08-02T07:13:07.021Z</time>
      </trkpt>
      <trkpt lat="45.927236" lon="6.875522">
        <ele>1038.686426</ele>
        <time>2026-08-02T07:13:08.110Z</time>
      </trkpt>
      <trkpt lat="45.927301" lon="6.875591">
        <ele>1038.659398</ele>
        <time>2026-08-02T07:13:09.207Z</time>
      </trkpt>
      <trkpt lat="45.927260" lon="6.875752">
        <ele>1038.619506</ele>
        <time>2026-08-02T07:13:10.835Z</time>
      </trkpt>
      <trkpt lat="45.927176" lon="6.875987">
        <ele>1038.558030</ele>
        <time>2026-08-02T07:13:14.337Z</time>
      </trkpt>
      <trkpt lat="45.926779" lon="6.875711">
        <ele>1038.410518</ele>
        <time>2026-08-02T07:13:20.531Z</time>
      </trkpt>
      <trkpt lat="45.926237" lon="6.875471">
        <ele>1038.220809</ele>
        <time>2026-08-02T07:13:28.633Z</time>
      </trkpt>
      <trkpt lat="45.925864" lon="6.875393">
        <ele>1038.177541</ele>
        <time>2026-08-02T07:13:33.901Z</time>
      </trkpt>
      <trkpt lat="45.925605" lon="6.875361">
        <ele>1038.174033</ele>
        <time>2026-08-02T07:13:37.600Z</time>
      </trkpt>
      <trkpt lat="45.924392" lon="6.875294">
        <ele>1038.157651</ele>
        <time>2026-08-02T07:13:55.169Z</time>
      </trkpt>
      <trkpt lat="45.924414" lon="6.875113">
        <ele>1038.182879</ele>
        <time>2026-08-02T07:13:57.264Z</time>
      </trkpt>
      <trkpt lat="45.924302" lon="6.875092">
        <ele>1038.231256</ele>
        <time>2026-08-02T07:13:59.154Z</time>
      </trkpt>
      <trkpt lat="45.924261" lon="6.875047">
        <ele>1038.253350</ele>
        <time>2026-08-02T07:14:00.006Z</time>
      </trkpt>
      <trkpt lat="45.924235" lon="6.874808">
        <ele>1038.325424</ele>
        <time>2026-08-02T07:14:02.914Z</time>
      </trkpt>
      <trkpt lat="45.923716" lon="6.874548">
        <ele>1038.560831</ele>
        <time>2026-08-02T07:14:12.822Z</time>
      </trkpt>
      <trkpt lat="45.923434" lon="6.874296">
        <ele>1038.703051</ele>
        <time>2026-08-02T07:14:18.559Z</time>
      </trkpt>
      <trkpt lat="45.923352" lon="6.874186">
        <ele>1038.751090</ele>
        <time>2026-08-02T07:14:20.514Z</time>
      </trkpt>
      <trkpt lat="45.923198" lon="6.873965">
        <ele>1038.844291</ele>
        <time>2026-08-02T07:14:24.200Z</time>
      </trkpt>
      <trkpt lat="45.923013" lon="6.873700">
        <ele>1038.828643</ele>
        <time>2026-08-02T07:14:28.347Z</time>
      </trkpt>
      <trkpt lat="45.922959" lon="6.873624">
        <ele>1038.718754</ele>
        <time>2026-08-02T07:14:29.483Z</time>
      </trkpt>
      <trkpt lat="45.922883" lon="6.873531">
        <ele>1038.573626</ele>
        <time>2026-08-02T07:14:30.876Z</time>
      </trkpt>
      <trkpt lat="45.922903" lon="6.873412">
        <ele>1038.449793</ele>
        <time>2026-08-02T07:14:32.050Z</time>
      </trkpt>
      <trkpt lat="45.922833" lon="6.873342">
        <ele>1038.325800</ele>
        <time>2026-08-02T07:14:33.184Z</time>
      </trkpt>
      <trkpt lat="45.922777" lon="6.873378">
        <ele>1038.236599</ele>
        <time>2026-08-02T07:14:33.996Z</time>
      </trkpt>
      <trkpt lat="45.922694" lon="6.873322">
        <ele>1038.103276</ele>
        <time>2026-08-02T07:14:35.172Z</time>
      </trkpt>
      <trkpt lat="45.922532" lon="6.873105">
        <ele>1037.781296</ele>
        <time>2026-08-02T07:14:37.960Z</time>
      </trkpt>
      <trkpt lat="45.922498" lon="6.873048">
        <ele>1037.705345</ele>
        <time>2026-08-02T07:14:38.580Z</time>
      </trkpt>
      <trkpt lat="45.922393" lon="6.872776">
        <ele>1037.390687</ele>
        <time>2026-08-02T07:14:40.991Z</time>
      </trkpt>
      <trkpt lat="45.921859" lon="6.872000">
        <ele>1036.275059</ele>
        <time>2026-08-02T07:14:48.906Z</time>
      </trkpt>
      <trkpt lat="45.921841" lon="6.871979">
        <ele>1036.225927</ele>
        <time>2026-08-02T07:14:49.149Z</time>
      </trkpt>
      <trkpt lat="45.921813" lon="6.871946">
        <ele>1036.149190</ele>
        <time>2026-08-02T07:14:49.529Z</time>
      </trkpt>
      <trkpt lat="45.921784" lon="6.871909">
        <ele>1036.067011</ele>
        <time>2026-08-02T07:14:49.939Z</time>
      </trkpt>
      <trkpt lat="45.921590" lon="6.871644">
        <ele>1035.499829</ele>
        <time>2026-08-02T07:14:52.758Z</time>
      </trkpt>
      <trkpt lat="45.921206" lon="6.871048">
        <ele>1034.302140</ele>
        <time>2026-08-02T07:14:58.774Z</time>
      </trkpt>
      <trkpt lat="45.921165" lon="6.870982">
        <ele>1034.171682</ele>
        <time>2026-08-02T07:14:59.427Z</time>
      </trkpt>
      <trkpt lat="45.921013" lon="6.870878">
        <ele>1033.814907</ele>
        <time>2026-08-02T07:15:01.207Z</time>
      </trkpt>
      <trkpt lat="45.920882" lon="6.870877">
        <ele>1033.537264</ele>
        <time>2026-08-02T07:15:02.595Z</time>
      </trkpt>
      <trkpt lat="45.920811" lon="6.870399">
        <ele>1032.816639</ele>
        <time>2026-08-02T07:15:06.389Z</time>
      </trkpt>
      <trkpt lat="45.920775" lon="6.870154">
        <ele>1032.486695</ele>
        <time>2026-08-02T07:15:08.425Z</time>
      </trkpt>
      <trkpt lat="45.920744" lon="6.870026">
        <ele>1032.436918</ele>
        <time>2026-08-02T07:15:09.587Z</time>
      </trkpt>
      <trkpt lat="45.920770" lon="6.869915">
        <ele>1032.393902</ele>
        <time>2026-08-02T07:15:10.590Z</time>
      </trkpt>
      <trkpt lat="45.920742" lon="6.869863">
        <ele>1032.369752</ele>
        <time>2026-08-02T07:15:11.212Z</time>
      </trkpt>
      <trkpt lat="45.920699" lon="6.869723">
        <ele>1032.313546</ele>
        <time>2026-08-02T07:15:12.605Z</time>
      </trkpt>
      <trkpt lat="45.920654" lon="6.869655">
        <ele>1032.279076</ele>
        <time>2026-08-02T07:15:13.524Z</time>
      </trkpt>
      <trkpt lat="45.920642" lon="6.869613">
        <ele>1032.262401</ele>
        <time>2026-08-02T07:15:13.937Z</time>
      </trkpt>
      <trkpt lat="45.920568" lon="6.869396">
        <ele>1032.173643</ele>
        <time>2026-08-02T07:15:16.264Z</time>
      </trkpt>
      <trkpt lat="45.920307" lon="6.868888">
        <ele>1031.941702</ele>
        <time>2026-08-02T07:15:22.273Z</time>
      </trkpt>
      <trkpt lat="45.920080" lon="6.868638">
        <ele>1031.790729</ele>
        <time>2026-08-02T07:15:26.226Z</time>
      </trkpt>
      <trkpt lat="45.919807" lon="6.868299">
        <ele>1031.600269</ele>
        <time>2026-08-02T07:15:31.633Z</time>
      </trkpt>
      <trkpt lat="45.919798" lon="6.868222">
        <ele>1031.571593</ele>
        <time>2026-08-02T07:15:32.439Z</time>
      </trkpt>
      <trkpt lat="45.919159" lon="6.867289">
        <ele>1030.558378</ele>
        <time>2026-08-02T07:15:44.570Z</time>
      </trkpt>
      <trkpt lat="45.918739" lon="6.866747">
        <ele>1029.915092</ele>
        <time>2026-08-02T07:15:51.121Z</time>
      </trkpt>
      <trkpt lat="45.918118" lon="6.865868">
        <ele>1028.551281</ele>
        <time>2026-08-02T07:16:00.468Z</time>
      </trkpt>
      <trkpt lat="45.917794" lon="6.865306">
        <ele>1027.601839</ele>
        <time>2026-08-02T07:16:05.970Z</time>
      </trkpt>
      <trkpt lat="45.917599" lon="6.864879">
        <ele>1026.937418</ele>
        <time>2026-08-02T07:16:09.911Z</time>
      </trkpt>
      <trkpt lat="45.917343" lon="6.864182">
        <ele>1026.042893</ele>
        <time>2026-08-02T07:16:16.213Z</time>
      </trkpt>
      <trkpt lat="45.917189" lon="6.863592">
        <ele>1025.699655</ele>
        <time>2026-08-02T07:16:21.677Z</time>
      </trkpt>
      <trkpt lat="45.916696" lon="6.862166">
        <ele>1024.832309</ele>
        <time>2026-08-02T07:16:36.116Z</time>
      </trkpt>
      <trkpt lat="45.916419" lon="6.861507">
        <ele>1024.464993</ele>
        <time>2026-08-02T07:16:43.200Z</time>
      </trkpt>
      <trkpt lat="45.916345" lon="6.861391">
        <ele>1024.393395</ele>
        <time>2026-08-02T07:16:44.638Z</time>
      </trkpt>
      <trkpt lat="45.916286" lon="6.861245">
        <ele>1024.316584</ele>
        <time>2026-08-02T07:16:46.177Z</time>
      </trkpt>
      <trkpt lat="45.915851" lon="6.859964">
        <ele>1023.668107</ele>
        <time>2026-08-02T07:16:58.777Z</time>
      </trkpt>
      <trkpt lat="45.915653" lon="6.859284">
        <ele>1023.367139</ele>
        <time>2026-08-02T07:17:05.269Z</time>
      </trkpt>
      <trkpt lat="45.915533" lon="6.858745">
        <ele>1023.149931</ele>
        <time>2026-08-02T07:17:10.296Z</time>
      </trkpt>
      <trkpt lat="45.915482" lon="6.858225">
        <ele>1022.948375</ele>
        <time>2026-08-02T07:17:15.001Z</time>
      </trkpt>
      <trkpt lat="45.915161" lon="6.856179">
        <ele>1022.211664</ele>
        <time>2026-08-02T07:17:35.330Z</time>
      </trkpt>
      <trkpt lat="45.915098" lon="6.855894">
        <ele>1022.115681</ele>
        <time>2026-08-02T07:17:38.292Z</time>
      </trkpt>
      <trkpt lat="45.915000" lon="6.855602">
        <ele>1022.011623</ele>
        <time>2026-08-02T07:17:41.445Z</time>
      </trkpt>
      <trkpt lat="45.914966" lon="6.855387">
        <ele>1021.940854</ele>
        <time>2026-08-02T07:17:43.541Z</time>
      </trkpt>
      <trkpt lat="45.914894" lon="6.855208">
        <ele>1021.874489</ele>
        <time>2026-08-02T07:17:45.458Z</time>
      </trkpt>
      <trkpt lat="45.914869" lon="6.855038">
        <ele>1021.818719</ele>
        <time>2026-08-02T07:17:47.019Z</time>
      </trkpt>
      <trkpt lat="45.914739" lon="6.854010">
        <ele>1020.969781</ele>
        <time>2026-08-02T07:17:55.697Z</time>
      </trkpt>
      <trkpt lat="45.914726" lon="6.853762">
        <ele>1020.724170</ele>
        <time>2026-08-02T07:17:57.643Z</time>
      </trkpt>
      <trkpt lat="45.914734" lon="6.852361">
        <ele>1019.340542</ele>
        <time>2026-08-02T07:18:08.639Z</time>
      </trkpt>
      <trkpt lat="45.914635" lon="6.851790">
        <ele>1018.836805</ele>
        <time>2026-08-02T07:18:13.368Z</time>
      </trkpt>
      <trkpt lat="45.914516" lon="6.851418">
        <ele>1018.507318</ele>
        <time>2026-08-02T07:18:16.748Z</time>
      </trkpt>
      <trkpt lat="45.914283" lon="6.850998">
        <ele>1018.075035</ele>
        <time>2026-08-02T07:18:21.284Z</time>
      </trkpt>
      <trkpt lat="45.913699" lon="6.850078">
        <ele>1017.078564</ele>
        <time>2026-08-02T07:18:31.967Z</time>
      </trkpt>
      <trkpt lat="45.913052" lon="6.848681">
        <ele>1016.047656</ele>
        <time>2026-08-02T07:18:46.207Z</time>
      </trkpt>
      <trkpt lat="45.912764" lon="6.848255">
        <ele>1015.682772</ele>
        <time>2026-08-02T07:18:51.519Z</time>
      </trkpt>
      <trkpt lat="45.912146" lon="6.847503">
        <ele>1015.255217</ele>
        <time>2026-08-02T07:19:01.937Z</time>
      </trkpt>
      <trkpt lat="45.912101" lon="6.847439">
        <ele>1015.229003</ele>
        <time>2026-08-02T07:19:02.794Z</time>
      </trkpt>
      <trkpt lat="45.912113" lon="6.847420">
        <ele>1015.221610</ele>
        <time>2026-08-02T07:19:03.032Z</time>
      </trkpt>
      <trkpt lat="45.912267" lon="6.847204">
        <ele>1015.132512</ele>
        <time>2026-08-02T07:19:05.919Z</time>
      </trkpt>
      <trkpt lat="45.912296" lon="6.847161">
        <ele>1015.115260</ele>
        <time>2026-08-02T07:19:06.485Z</time>
      </trkpt>
      <trkpt lat="45.911302" lon="6.845798">
        <ele>1014.901880</ele>
        <time>2026-08-02T07:19:25.694Z</time>
      </trkpt>
      <trkpt lat="45.911243" lon="6.845701">
        <ele>1014.925330</ele>
        <time>2026-08-02T07:19:26.985Z</time>
      </trkpt>
      <trkpt lat="45.911025" lon="6.845387">
        <ele>1015.006066</ele>
        <time>2026-08-02T07:19:31.467Z</time>
      </trkpt>
      <trkpt lat="45.910530" lon="6.844363">
        <ele>1015.233010</ele>
        <time>2026-08-02T07:19:47.297Z</time>
      </trkpt>
      <trkpt lat="45.910301" lon="6.844108">
        <ele>1015.480963</ele>
        <time>2026-08-02T07:19:51.506Z</time>
      </trkpt>
      <trkpt lat="45.909960" lon="6.843618">
        <ele>1015.900476</ele>
        <time>2026-08-02T07:20:00.447Z</time>
      </trkpt>
      <trkpt lat="45.909863" lon="6.843547">
        <ele>1015.995180</ele>
        <time>2026-08-02T07:20:02.894Z</time>
      </trkpt>
      <trkpt lat="45.909755" lon="6.843542">
        <ele>1016.089188</ele>
        <time>2026-08-02T07:20:05.031Z</time>
      </trkpt>
      <trkpt lat="45.909474" lon="6.843658">
        <ele>1016.343542</ele>
        <time>2026-08-02T07:20:11.146Z</time>
      </trkpt>
      <trkpt lat="45.909433" lon="6.843666">
        <ele>1016.379540</ele>
        <time>2026-08-02T07:20:12.131Z</time>
      </trkpt>
      <trkpt lat="45.909400" lon="6.843567">
        <ele>1016.445990</ele>
        <time>2026-08-02T07:20:13.919Z</time>
      </trkpt>
      <trkpt lat="45.909234" lon="6.843567">
        <ele>1016.590410</ele>
        <time>2026-08-02T07:20:17.024Z</time>
      </trkpt>
      <trkpt lat="45.909020" lon="6.843470">
        <ele>1016.785629</ele>
        <time>2026-08-02T07:20:20.942Z</time>
      </trkpt>
      <trkpt lat="45.908761" lon="6.843125">
        <ele>1016.859305</ele>
        <time>2026-08-02T07:20:25.858Z</time>
      </trkpt>
      <trkpt lat="45.908688" lon="6.843010">
        <ele>1016.878496</ele>
        <time>2026-08-02T07:20:27.677Z</time>
      </trkpt>
      <trkpt lat="45.907890" lon="6.841745">
        <ele>1017.088996</ele>
        <time>2026-08-02T07:20:47.136Z</time>
      </trkpt>
      <trkpt lat="45.907842" lon="6.841674">
        <ele>1017.101201</ele>
        <time>2026-08-02T07:20:48.042Z</time>
      </trkpt>
      <trkpt lat="45.907817" lon="6.841634">
        <ele>1017.107829</ele>
        <time>2026-08-02T07:20:48.524Z</time>
      </trkpt>
      <trkpt lat="45.907655" lon="6.841376">
        <ele>1016.870718</ele>
        <time>2026-08-02T07:20:51.608Z</time>
      </trkpt>
      <trkpt lat="45.907393" lon="6.840958">
        <ele>1016.341104</ele>
        <time>2026-08-02T07:20:56.432Z</time>
      </trkpt>
      <trkpt lat="45.907281" lon="6.840783">
        <ele>1016.117270</ele>
        <time>2026-08-02T07:20:58.486Z</time>
      </trkpt>
      <trkpt lat="45.907230" lon="6.840700">
        <ele>1016.013030</ele>
        <time>2026-08-02T07:20:59.463Z</time>
      </trkpt>
      <trkpt lat="45.906837" lon="6.840061">
        <ele>1015.210176</ele>
        <time>2026-08-02T07:21:06.480Z</time>
      </trkpt>
      <trkpt lat="45.906694" lon="6.839828">
        <ele>1014.917697</ele>
        <time>2026-08-02T07:21:08.748Z</time>
      </trkpt>
      <trkpt lat="45.906505" lon="6.839508">
        <ele>1014.329892</ele>
        <time>2026-08-02T07:21:11.764Z</time>
      </trkpt>
      <trkpt lat="45.906445" lon="6.839407">
        <ele>1014.056427</ele>
        <time>2026-08-02T07:21:12.718Z</time>
      </trkpt>
      <trkpt lat="45.906306" lon="6.839176">
        <ele>1013.427558</ele>
        <time>2026-08-02T07:21:14.922Z</time>
      </trkpt>
      <trkpt lat="45.906182" lon="6.838971">
        <ele>1012.868220</ele>
        <time>2026-08-02T07:21:16.863Z</time>
      </trkpt>
      <trkpt lat="45.906116" lon="6.838863">
        <ele>1012.572233</ele>
        <time>2026-08-02T07:21:17.906Z</time>
      </trkpt>
      <trkpt lat="45.905991" lon="6.838613">
        <ele>1011.938307</ele>
        <time>2026-08-02T07:21:20.133Z</time>
      </trkpt>
      <trkpt lat="45.905552" lon="6.837684">
        <ele>1009.625850</ele>
        <time>2026-08-02T07:21:27.953Z</time>
      </trkpt>
      <trkpt lat="45.905535" lon="6.837648">
        <ele>1009.536259</ele>
        <time>2026-08-02T07:21:28.259Z</time>
      </trkpt>
      <trkpt lat="45.905430" lon="6.837421">
        <ele>1009.072638</ele>
        <time>2026-08-02T07:21:30.151Z</time>
      </trkpt>
      <trkpt lat="45.904971" lon="6.836436">
        <ele>1007.247535</ele>
        <time>2026-08-02T07:21:39.001Z</time>
      </trkpt>
      <trkpt lat="45.904882" lon="6.836249">
        <ele>1006.898735</ele>
        <time>2026-08-02T07:21:40.782Z</time>
      </trkpt>
      <trkpt lat="45.904869" lon="6.836221">
        <ele>1006.846913</ele>
        <time>2026-08-02T07:21:41.047Z</time>
      </trkpt>
      <trkpt lat="45.904753" lon="6.835977">
        <ele>1006.391954</ele>
        <time>2026-08-02T07:21:43.299Z</time>
      </trkpt>
      <trkpt lat="45.904722" lon="6.835910">
        <ele>1006.268081</ele>
        <time>2026-08-02T07:21:43.917Z</time>
      </trkpt>
      <trkpt lat="45.904649" lon="6.835756">
        <ele>1005.981201</ele>
        <time>2026-08-02T07:21:45.343Z</time>
      </trkpt>
      <trkpt lat="45.904579" lon="6.835609">
        <ele>1005.706963</ele>
        <time>2026-08-02T07:21:46.731Z</time>
      </trkpt>
      <trkpt lat="45.904456" lon="6.835375">
        <ele>1005.330031</ele>
        <time>2026-08-02T07:21:49.065Z</time>
      </trkpt>
      <trkpt lat="45.904266" lon="6.834985">
        <ele>1005.027229</ele>
        <time>2026-08-02T07:21:52.909Z</time>
      </trkpt>
      <trkpt lat="45.904192" lon="6.834840">
        <ele>1004.912860</ele>
        <time>2026-08-02T07:21:54.368Z</time>
      </trkpt>
      <trkpt lat="45.904159" lon="6.834776">
        <ele>1004.862196</ele>
        <time>2026-08-02T07:21:55.019Z</time>
      </trkpt>
      <trkpt lat="45.904184" lon="6.834708">
        <ele>1004.813281</ele>
        <time>2026-08-02T07:21:55.654Z</time>
      </trkpt>
      <trkpt lat="45.904175" lon="6.834631">
        <ele>1004.763620</ele>
        <time>2026-08-02T07:21:56.296Z</time>
      </trkpt>
      <trkpt lat="45.904135" lon="6.834579">
        <ele>1004.714319</ele>
        <time>2026-08-02T07:21:56.932Z</time>
      </trkpt>
      <trkpt lat="45.904081" lon="6.834574">
        <ele>1004.664860</ele>
        <time>2026-08-02T07:21:57.587Z</time>
      </trkpt>
      <trkpt lat="45.904056" lon="6.834493">
        <ele>1004.608501</ele>
        <time>2026-08-02T07:21:58.332Z</time>
      </trkpt>
      <trkpt lat="45.903996" lon="6.834306">
        <ele>1004.477528</ele>
        <time>2026-08-02T07:22:00.090Z</time>
      </trkpt>
      <trkpt lat="45.903937" lon="6.834157">
        <ele>1004.368489</ele>
        <time>2026-08-02T07:22:01.582Z</time>
      </trkpt>
      <trkpt lat="45.903697" lon="6.833568">
        <ele>1003.934362</ele>
        <time>2026-08-02T07:22:07.792Z</time>
      </trkpt>
      <trkpt lat="45.903428" lon="6.832917">
        <ele>1003.665396</ele>
        <time>2026-08-02T07:22:15.582Z</time>
      </trkpt>
      <trkpt lat="45.903204" lon="6.832374">
        <ele>1003.562646</ele>
        <time>2026-08-02T07:22:22.444Z</time>
      </trkpt>
      <trkpt lat="45.903129" lon="6.832188">
        <ele>1003.527655</ele>
        <time>2026-08-02T07:22:24.902Z</time>
      </trkpt>
      <trkpt lat="45.902164" lon="6.829902">
        <ele>1002.984107</ele>
        <time>2026-08-02T07:22:49.416Z</time>
      </trkpt>
      <trkpt lat="45.901983" lon="6.829611">
        <ele>1002.890035</ele>
        <time>2026-08-02T07:22:52.771Z</time>
      </trkpt>
      <trkpt lat="45.901770" lon="6.829391">
        <ele>1002.799181</ele>
        <time>2026-08-02T07:22:56.166Z</time>
      </trkpt>
      <trkpt lat="45.901330" lon="6.829103">
        <ele>1002.875695</ele>
        <time>2026-08-02T07:23:03.348Z</time>
      </trkpt>
      <trkpt lat="45.900733" lon="6.828735">
        <ele>1003.520750</ele>
        <time>2026-08-02T07:23:17.082Z</time>
      </trkpt>
      <trkpt lat="45.900452" lon="6.828487">
        <ele>1003.848205</ele>
        <time>2026-08-02T07:23:23.886Z</time>
      </trkpt>
      <trkpt lat="45.900155" lon="6.828099">
        <ele>1004.246783</ele>
        <time>2026-08-02T07:23:31.952Z</time>
      </trkpt>
      <trkpt lat="45.900135" lon="6.828066">
        <ele>1004.277023</ele>
        <time>2026-08-02T07:23:32.526Z</time>
      </trkpt>
      <trkpt lat="45.899811" lon="6.827462">
        <ele>1004.461623</ele>
        <time>2026-08-02T07:23:42.095Z</time>
      </trkpt>
      <trkpt lat="45.899347" lon="6.826385">
        <ele>1004.409559</ele>
        <time>2026-08-02T07:23:54.769Z</time>
      </trkpt>
      <trkpt lat="45.899285" lon="6.826238">
        <ele>1004.402494</ele>
        <time>2026-08-02T07:23:56.358Z</time>
      </trkpt>
      <trkpt lat="45.899020" lon="6.825723">
        <ele>1004.376168</ele>
        <time>2026-08-02T07:24:02.439Z</time>
      </trkpt>
      <trkpt lat="45.898561" lon="6.824973">
        <ele>1003.547632</ele>
        <time>2026-08-02T07:24:10.914Z</time>
      </trkpt>
      <trkpt lat="45.898441" lon="6.824721">
        <ele>1003.284843</ele>
        <time>2026-08-02T07:24:13.263Z</time>
      </trkpt>
      <trkpt lat="45.897974" lon="6.823441">
        <ele>1002.187771</ele>
        <time>2026-08-02T07:24:24.631Z</time>
      </trkpt>
      <trkpt lat="45.897905" lon="6.823257">
        <ele>1002.249423</ele>
        <time>2026-08-02T07:24:26.496Z</time>
      </trkpt>
      <trkpt lat="45.897567" lon="6.822301">
        <ele>1002.565718</ele>
        <time>2026-08-02T07:24:38.116Z</time>
      </trkpt>
      <trkpt lat="45.897310" lon="6.821711">
        <ele>1002.771029</ele>
        <time>2026-08-02T07:24:48.476Z</time>
      </trkpt>
      <trkpt lat="45.897356" lon="6.821578">
        <ele>1002.814838</ele>
        <time>2026-08-02T07:24:50.699Z</time>
      </trkpt>
      <trkpt lat="45.897323" lon="6.821437">
        <ele>1002.858718</ele>
        <time>2026-08-02T07:24:52.944Z</time>
      </trkpt>
      <trkpt lat="45.897216" lon="6.821368">
        <ele>1002.908427</ele>
        <time>2026-08-02T07:24:55.542Z</time>
      </trkpt>
      <trkpt lat="45.897084" lon="6.820497">
        <ele>1002.818478</ele>
        <time>2026-08-02T07:25:06.717Z</time>
      </trkpt>
      <trkpt lat="45.897069" lon="6.820116">
        <ele>1002.777500</ele>
        <time>2026-08-02T07:25:10.197Z</time>
      </trkpt>
      <trkpt lat="45.897089" lon="6.819798">
        <ele>1002.743213</ele>
        <time>2026-08-02T07:25:13.223Z</time>
      </trkpt>
      <trkpt lat="45.897112" lon="6.819542">
        <ele>1002.715495</ele>
        <time>2026-08-02T07:25:15.503Z</time>
      </trkpt>
      <trkpt lat="45.897262" lon="6.818621">
        <ele>1002.600828</ele>
        <time>2026-08-02T07:25:23.305Z</time>
      </trkpt>
      <trkpt lat="45.897342" lon="6.818349">
        <ele>1002.549541</ele>
        <time>2026-08-02T07:25:25.689Z</time>
      </trkpt>
      <trkpt lat="45.897432" lon="6.817942">
        <ele>1002.475370</ele>
        <time>2026-08-02T07:25:29.269Z</time>
      </trkpt>
      <trkpt lat="45.897528" lon="6.817466">
        <ele>1002.389296</ele>
        <time>2026-08-02T07:25:34.414Z</time>
      </trkpt>
      <trkpt lat="45.897537" lon="6.817292">
        <ele>1002.358992</ele>
        <time>2026-08-02T07:25:36.615Z</time>
      </trkpt>
      <trkpt lat="45.897509" lon="6.816970">
        <ele>1002.302632</ele>
        <time>2026-08-02T07:25:40.764Z</time>
      </trkpt>
      <trkpt lat="45.897410" lon="6.816661">
        <ele>1002.243550</ele>
        <time>2026-08-02T07:25:44.884Z</time>
      </trkpt>
      <trkpt lat="45.897255" lon="6.816171">
        <ele>1002.106567</ele>
        <time>2026-08-02T07:25:50.585Z</time>
      </trkpt>
      <trkpt lat="45.897204" lon="6.815858">
        <ele>1001.983633</ele>
        <time>2026-08-02T07:25:53.858Z</time>
      </trkpt>
      <trkpt lat="45.897156" lon="6.815495">
        <ele>1001.842330</ele>
        <time>2026-08-02T07:25:57.501Z</time>
      </trkpt>
      <trkpt lat="45.897073" lon="6.814818">
        <ele>1001.579444</ele>
        <time>2026-08-02T07:26:04.054Z</time>
      </trkpt>
      <trkpt lat="45.897055" lon="6.814666">
        <ele>1001.520480</ele>
        <time>2026-08-02T07:26:05.347Z</time>
      </trkpt>
      <trkpt lat="45.896991" lon="6.813968">
        <ele>1001.251242</ele>
        <time>2026-08-02T07:26:11.044Z</time>
      </trkpt>
      <trkpt lat="45.897048" lon="6.812684">
        <ele>1000.507188</ele>
        <time>2026-08-02T07:26:21.677Z</time>
      </trkpt>
      <trkpt lat="45.897050" lon="6.812381">
        <ele>1000.324738</ele>
        <time>2026-08-02T07:26:24.284Z</time>
      </trkpt>
      <trkpt lat="45.897002" lon="6.811938">
        <ele>1000.054786</ele>
        <time>2026-08-02T07:26:28.251Z</time>
      </trkpt>
      <trkpt lat="45.896939" lon="6.811588">
        <ele>999.837110</ele>
        <time>2026-08-02T07:26:31.583Z</time>
      </trkpt>
      <trkpt lat="45.896911" lon="6.811492">
        <ele>999.774436</ele>
        <time>2026-08-02T07:26:32.562Z</time>
      </trkpt>
      <trkpt lat="45.896818" lon="6.811172">
        <ele>999.598326</ele>
        <time>2026-08-02T07:26:35.929Z</time>
      </trkpt>
      <trkpt lat="45.896672" lon="6.810891">
        <ele>999.477847</ele>
        <time>2026-08-02T07:26:39.320Z</time>
      </trkpt>
      <trkpt lat="45.896389" lon="6.810439">
        <ele>999.268959</ele>
        <time>2026-08-02T07:26:45.136Z</time>
      </trkpt>
      <trkpt lat="45.896272" lon="6.810195">
        <ele>999.167156</ele>
        <time>2026-08-02T07:26:47.960Z</time>
      </trkpt>
      <trkpt lat="45.896082" lon="6.809653">
        <ele>998.958651</ele>
        <time>2026-08-02T07:26:53.824Z</time>
      </trkpt>
      <trkpt lat="45.896005" lon="6.809338">
        <ele>998.843944</ele>
        <time>2026-08-02T07:26:56.902Z</time>
      </trkpt>
      <trkpt lat="45.895950" lon="6.808868">
        <ele>998.495544</ele>
        <time>2026-08-02T07:27:01.077Z</time>
      </trkpt>
      <trkpt lat="45.895891" lon="6.807851">
        <ele>997.265768</ele>
        <time>2026-08-02T07:27:09.202Z</time>
      </trkpt>
      <trkpt lat="45.895826" lon="6.806939">
        <ele>996.161022</ele>
        <time>2026-08-02T07:27:16.177Z</time>
      </trkpt>
      <trkpt lat="45.895776" lon="6.805717">
        <ele>994.972874</ele>
        <time>2026-08-02T07:27:25.217Z</time>
      </trkpt>
      <trkpt lat="45.895738" lon="6.805408">
        <ele>994.708530</ele>
        <time>2026-08-02T07:27:27.684Z</time>
      </trkpt>
      <trkpt lat="45.895652" lon="6.804813">
        <ele>994.196586</ele>
        <time>2026-08-02T07:27:32.730Z</time>
      </trkpt>
      <trkpt lat="45.895713" lon="6.804712">
        <ele>994.083929</ele>
        <time>2026-08-02T07:27:33.860Z</time>
      </trkpt>
      <trkpt lat="45.895680" lon="6.804599">
        <ele>993.980693</ele>
        <time>2026-08-02T07:27:34.934Z</time>
      </trkpt>
      <trkpt lat="45.895600" lon="6.804582">
        <ele>993.882804</ele>
        <time>2026-08-02T07:27:35.980Z</time>
      </trkpt>
      <trkpt lat="45.895552" lon="6.804646">
        <ele>993.803540</ele>
        <time>2026-08-02T07:27:36.825Z</time>
      </trkpt>
      <trkpt lat="45.895475" lon="6.804522">
        <ele>993.663542</ele>
        <time>2026-08-02T07:27:38.381Z</time>
      </trkpt>
      <trkpt lat="45.895328" lon="6.804055">
        <ele>993.751988</ele>
        <time>2026-08-02T07:27:43.750Z</time>
      </trkpt>
      <trkpt lat="45.894898" lon="6.803018">
        <ele>995.029023</ele>
        <time>2026-08-02T07:28:01.953Z</time>
      </trkpt>
      <trkpt lat="45.894821" lon="6.802823">
        <ele>995.266212</ele>
        <time>2026-08-02T07:28:05.501Z</time>
      </trkpt>
      <trkpt lat="45.894650" lon="6.802436">
        <ele>995.751178</ele>
        <time>2026-08-02T07:28:12.769Z</time>
      </trkpt>
      <trkpt lat="45.894275" lon="6.801772">
        <ele>996.900430</ele>
        <time>2026-08-02T07:28:26.651Z</time>
      </trkpt>
      <trkpt lat="45.894059" lon="6.801490">
        <ele>997.580275</ele>
        <time>2026-08-02T07:28:33.664Z</time>
      </trkpt>
      <trkpt lat="45.893492" lon="6.800904">
        <ele>999.207258</ele>
        <time>2026-08-02T07:28:51.289Z</time>
      </trkpt>
      <trkpt lat="45.893242" lon="6.800641">
        <ele>999.929026</ele>
        <time>2026-08-02T07:28:59.284Z</time>
      </trkpt>
      <trkpt lat="45.892429" lon="6.799944">
        <ele>1002.123943</ele>
        <time>2026-08-02T07:29:20.562Z</time>
      </trkpt>
      <trkpt lat="45.892287" lon="6.799809">
        <ele>1002.518214</ele>
        <time>2026-08-02T07:29:24.845Z</time>
      </trkpt>
      <trkpt lat="45.892147" lon="6.799594">
        <ele>1002.992716</ele>
        <time>2026-08-02T07:29:30.175Z</time>
      </trkpt>
      <trkpt lat="45.892075" lon="6.799469">
        <ele>1003.254209</ele>
        <time>2026-08-02T07:29:33.024Z</time>
      </trkpt>
      <trkpt lat="45.891996" lon="6.799334">
        <ele>1003.538462</ele>
        <time>2026-08-02T07:29:36.108Z</time>
      </trkpt>
      <trkpt lat="45.891865" lon="6.799156">
        <ele>1003.955963</ele>
        <time>2026-08-02T07:29:40.509Z</time>
      </trkpt>
      <trkpt lat="45.891802" lon="6.799099">
        <ele>1004.128356</ele>
        <time>2026-08-02T07:29:42.251Z</time>
      </trkpt>
      <trkpt lat="45.891388" lon="6.798937">
        <ele>1005.166008</ele>
        <time>2026-08-02T07:29:52.427Z</time>
      </trkpt>
      <trkpt lat="45.890774" lon="6.798728">
        <ele>1006.739988</ele>
        <time>2026-08-02T07:30:08.207Z</time>
      </trkpt>
      <trkpt lat="45.890555" lon="6.798604">
        <ele>1007.327161</ele>
        <time>2026-08-02T07:30:14.889Z</time>
      </trkpt>
      <trkpt lat="45.890182" lon="6.798313">
        <ele>1008.385911</ele>
        <time>2026-08-02T07:30:25.233Z</time>
      </trkpt>
      <trkpt lat="45.889937" lon="6.798060">
        <ele>1009.174968</ele>
        <time>2026-08-02T07:30:32.120Z</time>
      </trkpt>
      <trkpt lat="45.889879" lon="6.797959">
        <ele>1009.484419</ele>
        <time>2026-08-02T07:30:34.133Z</time>
      </trkpt>
      <trkpt lat="45.889707" lon="6.797729">
        <ele>1010.282255</ele>
        <time>2026-08-02T07:30:39.541Z</time>
      </trkpt>
      <trkpt lat="45.889685" lon="6.797699">
        <ele>1010.385245</ele>
        <time>2026-08-02T07:30:40.250Z</time>
      </trkpt>
      <trkpt lat="45.889503" lon="6.797381">
        <ele>1011.358235</ele>
        <time>2026-08-02T07:30:47.643Z</time>
      </trkpt>
      <trkpt lat="45.889454" lon="6.797203">
        <ele>1011.810620</ele>
        <time>2026-08-02T07:30:51.442Z</time>
      </trkpt>
      <trkpt lat="45.889376" lon="6.796787">
        <ele>1012.828829</ele>
        <time>2026-08-02T07:31:01.077Z</time>
      </trkpt>
      <trkpt lat="45.889352" lon="6.796495">
        <ele>1013.523729</ele>
        <time>2026-08-02T07:31:08.177Z</time>
      </trkpt>
      <trkpt lat="45.889345" lon="6.796350">
        <ele>1013.867241</ele>
        <time>2026-08-02T07:31:11.705Z</time>
      </trkpt>
      <trkpt lat="45.889334" lon="6.796254">
        <ele>1014.097179</ele>
        <time>2026-08-02T07:31:14.072Z</time>
      </trkpt>
      <trkpt lat="45.889228" lon="6.795240">
        <ele>1014.817712</ele>
        <time>2026-08-02T07:31:36.095Z</time>
      </trkpt>
      <trkpt lat="45.889334" lon="6.794323">
        <ele>1014.295343</ele>
        <time>2026-08-02T07:31:47.047Z</time>
      </trkpt>
      <trkpt lat="45.889357" lon="6.793736">
        <ele>1013.964955</ele>
        <time>2026-08-02T07:31:51.146Z</time>
      </trkpt>
      <trkpt lat="45.889235" lon="6.792417">
        <ele>1010.184217</ele>
        <time>2026-08-02T07:31:59.628Z</time>
      </trkpt>
      <trkpt lat="45.889230" lon="6.792153">
        <ele>1009.089086</ele>
        <time>2026-08-02T07:32:01.304Z</time>
      </trkpt>
      <trkpt lat="45.889333" lon="6.790750">
        <ele>1003.239020</ele>
        <time>2026-08-02T07:32:10.230Z</time>
      </trkpt>
      <trkpt lat="45.889421" lon="6.790376">
        <ele>1002.688159</ele>
        <time>2026-08-02T07:32:12.781Z</time>
      </trkpt>
      <trkpt lat="45.889567" lon="6.789861">
        <ele>1002.203373</ele>
        <time>2026-08-02T07:32:16.450Z</time>
      </trkpt>
      <trkpt lat="45.889704" lon="6.789371">
        <ele>1001.743019</ele>
        <time>2026-08-02T07:32:20.291Z</time>
      </trkpt>
      <trkpt lat="45.889762" lon="6.789153">
        <ele>1001.539558</ele>
        <time>2026-08-02T07:32:22.279Z</time>
      </trkpt>
      <trkpt lat="45.889801" lon="6.789033">
        <ele>1001.424101</ele>
        <time>2026-08-02T07:32:23.718Z</time>
      </trkpt>
      <trkpt lat="45.889874" lon="6.788941">
        <ele>1001.302476</ele>
        <time>2026-08-02T07:32:25.549Z</time>
      </trkpt>
      <trkpt lat="45.889863" lon="6.788820">
        <ele>1001.196094</ele>
        <time>2026-08-02T07:32:27.621Z</time>
      </trkpt>
      <trkpt lat="45.889925" lon="6.788601">
        <ele>1000.989984</ele>
        <time>2026-08-02T07:32:32.087Z</time>
      </trkpt>
      <trkpt lat="45.890006" lon="6.788359">
        <ele>1000.755885</ele>
        <time>2026-08-02T07:32:37.695Z</time>
      </trkpt>
      <trkpt lat="45.890342" lon="6.787275">
        <ele>1003.290363</ele>
        <time>2026-08-02T07:33:08.651Z</time>
      </trkpt>
      <trkpt lat="45.890483" lon="6.786933">
        <ele>1004.176737</ele>
        <time>2026-08-02T07:33:17.437Z</time>
      </trkpt>
      <trkpt lat="45.890667" lon="6.786541">
        <ele>1005.231052</ele>
        <time>2026-08-02T07:33:25.687Z</time>
      </trkpt>
      <trkpt lat="45.890878" lon="6.786208">
        <ele>1006.235216</ele>
        <time>2026-08-02T07:33:31.350Z</time>
      </trkpt>
      <trkpt lat="45.891098" lon="6.786028">
        <ele>1006.754330</ele>
        <time>2026-08-02T07:33:34.457Z</time>
      </trkpt>
      <trkpt lat="45.891278" lon="6.785975">
        <ele>1007.035746</ele>
        <time>2026-08-02T07:33:36.758Z</time>
      </trkpt>
      <trkpt lat="45.891773" lon="6.786048">
        <ele>1007.797864</ele>
        <time>2026-08-02T07:33:45.769Z</time>
      </trkpt>
      <trkpt lat="45.892106" lon="6.785959">
        <ele>1008.316631</ele>
        <time>2026-08-02T07:33:52.592Z</time>
      </trkpt>
      <trkpt lat="45.892259" lon="6.785860">
        <ele>1008.573631</ele>
        <time>2026-08-02T07:33:56.442Z</time>
      </trkpt>
      <trkpt lat="45.892640" lon="6.785378">
        <ele>1009.390750</ele>
        <time>2026-08-02T07:34:10.504Z</time>
      </trkpt>
      <trkpt lat="45.892899" lon="6.785106">
        <ele>1010.059918</ele>
        <time>2026-08-02T07:34:19.710Z</time>
      </trkpt>
      <trkpt lat="45.893088" lon="6.784961">
        <ele>1010.506826</ele>
        <time>2026-08-02T07:34:26.258Z</time>
      </trkpt>
      <trkpt lat="45.893437" lon="6.784613">
        <ele>1011.392922</ele>
        <time>2026-08-02T07:34:38.649Z</time>
      </trkpt>
      <trkpt lat="45.893579" lon="6.784433">
        <ele>1011.787908</ele>
        <time>2026-08-02T07:34:42.707Z</time>
      </trkpt>
      <trkpt lat="45.893746" lon="6.784152">
        <ele>1012.324335</ele>
        <time>2026-08-02T07:34:46.661Z</time>
      </trkpt>
      <trkpt lat="45.893919" lon="6.783755">
        <ele>1012.999823</ele>
        <time>2026-08-02T07:34:51.003Z</time>
      </trkpt>
      <trkpt lat="45.894153" lon="6.783451">
        <ele>1013.387388</ele>
        <time>2026-08-02T07:34:55.751Z</time>
      </trkpt>
      <trkpt lat="45.894444" lon="6.783078">
        <ele>1013.866474</ele>
        <time>2026-08-02T07:35:01.707Z</time>
      </trkpt>
      <trkpt lat="45.894521" lon="6.782892">
        <ele>1014.051518</ele>
        <time>2026-08-02T07:35:04.361Z</time>
      </trkpt>
      <trkpt lat="45.894541" lon="6.782823">
        <ele>1014.115427</ele>
        <time>2026-08-02T07:35:05.389Z</time>
      </trkpt>
      <trkpt lat="45.894708" lon="6.782157">
        <ele>1014.720710</ele>
        <time>2026-08-02T07:35:15.991Z</time>
      </trkpt>
      <trkpt lat="45.894793" lon="6.781848">
        <ele>1015.004802</ele>
        <time>2026-08-02T07:35:21.004Z</time>
      </trkpt>
      <trkpt lat="45.894855" lon="6.781680">
        <ele>1015.167392</ele>
        <time>2026-08-02T07:35:24.304Z</time>
      </trkpt>
      <trkpt lat="45.894998" lon="6.781543">
        <ele>1015.745064</ele>
        <time>2026-08-02T07:35:29.105Z</time>
      </trkpt>
      <trkpt lat="45.895061" lon="6.781534">
        <ele>1015.985297</ele>
        <time>2026-08-02T07:35:30.950Z</time>
      </trkpt>
      <trkpt lat="45.895103" lon="6.781474">
        <ele>1016.210033</ele>
        <time>2026-08-02T07:35:32.722Z</time>
      </trkpt>
      <trkpt lat="45.895112" lon="6.781390">
        <ele>1016.434480</ele>
        <time>2026-08-02T07:35:34.485Z</time>
      </trkpt>
      <trkpt lat="45.895054" lon="6.781290">
        <ele>1016.778251</ele>
        <time>2026-08-02T07:35:37.223Z</time>
      </trkpt>
      <trkpt lat="45.895018" lon="6.781076">
        <ele>1017.359676</ele>
        <time>2026-08-02T07:35:41.845Z</time>
      </trkpt>
      <trkpt lat="45.895074" lon="6.780907">
        <ele>1017.853989</ele>
        <time>2026-08-02T07:35:45.807Z</time>
      </trkpt>
      <trkpt lat="45.895183" lon="6.780714">
        <ele>1018.510381</ele>
        <time>2026-08-02T07:35:51.169Z</time>
      </trkpt>
      <trkpt lat="45.895994" lon="6.779256">
        <ele>1023.724590</ele>
        <time>2026-08-02T07:36:32.355Z</time>
      </trkpt>
      <trkpt lat="45.896389" lon="6.778547">
        <ele>1026.607545</ele>
        <time>2026-08-02T07:36:52.539Z</time>
      </trkpt>
      <trkpt lat="45.896395" lon="6.778538">
        <ele>1026.647107</ele>
        <time>2026-08-02T07:36:52.817Z</time>
      </trkpt>
      <trkpt lat="45.896533" lon="6.778270">
        <ele>1027.705383</ele>
        <time>2026-08-02T07:37:00.550Z</time>
      </trkpt>
      <trkpt lat="45.896664" lon="6.777813">
        <ele>1029.274309</ele>
        <time>2026-08-02T07:37:12.177Z</time>
      </trkpt>
      <trkpt lat="45.896828" lon="6.776286">
        <ele>1035.513880</ele>
        <time>2026-08-02T07:37:51.057Z</time>
      </trkpt>
      <trkpt lat="45.896986" lon="6.774558">
        <ele>1042.926423</ele>
        <time>2026-08-02T07:38:42.677Z</time>
      </trkpt>
      <trkpt lat="45.897095" lon="6.773328">
        <ele>1048.221248</ele>
        <time>2026-08-02T07:39:19.911Z</time>
      </trkpt>
      <trkpt lat="45.897225" lon="6.772770">
        <ele>1050.734013</ele>
        <time>2026-08-02T07:39:35.559Z</time>
      </trkpt>
      <trkpt lat="45.897332" lon="6.772438">
        <ele>1052.271675</ele>
        <time>2026-08-02T07:39:44.177Z</time>
      </trkpt>
      <trkpt lat="45.897437" lon="6.772349">
        <ele>1052.646688</ele>
        <time>2026-08-02T07:39:47.789Z</time>
      </trkpt>
      <trkpt lat="45.897548" lon="6.772317">
        <ele>1052.994951</ele>
        <time>2026-08-02T07:39:50.863Z</time>
      </trkpt>
      <trkpt lat="45.897875" lon="6.772308">
        <ele>1054.001054</ele>
        <time>2026-08-02T07:39:59.261Z</time>
      </trkpt>
      <trkpt lat="45.898568" lon="6.772508">
        <ele>1056.175437</ele>
        <time>2026-08-02T07:40:17.738Z</time>
      </trkpt>
      <trkpt lat="45.898936" lon="6.772699">
        <ele>1057.379064</ele>
        <time>2026-08-02T07:40:27.024Z</time>
      </trkpt>
      <trkpt lat="45.899369" lon="6.773045">
        <ele>1059.686316</ele>
        <time>2026-08-02T07:40:39.238Z</time>
      </trkpt>
      <trkpt lat="45.899608" lon="6.773186">
        <ele>1061.035172</ele>
        <time>2026-08-02T07:40:46.139Z</time>
      </trkpt>
      <trkpt lat="45.899954" lon="6.773572">
        <ele>1063.322089</ele>
        <time>2026-08-02T07:40:59.233Z</time>
      </trkpt>
      <trkpt lat="45.900140" lon="6.773720">
        <ele>1064.432107</ele>
        <time>2026-08-02T07:41:06.804Z</time>
      </trkpt>
      <trkpt lat="45.900277" lon="6.773887">
        <ele>1065.370052</ele>
        <time>2026-08-02T07:41:13.945Z</time>
      </trkpt>
      <trkpt lat="45.900610" lon="6.774165">
        <ele>1067.685792</ele>
        <time>2026-08-02T07:41:32.549Z</time>
      </trkpt>
      <trkpt lat="45.900710" lon="6.774219">
        <ele>1069.052230</ele>
        <time>2026-08-02T07:41:38.537Z</time>
      </trkpt>
      <trkpt lat="45.901211" lon="6.774355">
        <ele>1075.573881</ele>
        <time>2026-08-02T07:42:12.514Z</time>
      </trkpt>
      <trkpt lat="45.901375" lon="6.774320">
        <ele>1077.694619</ele>
        <time>2026-08-02T07:42:25.432Z</time>
      </trkpt>
      <trkpt lat="45.901671" lon="6.774114">
        <ele>1081.901420</ele>
        <time>2026-08-02T07:42:52.411Z</time>
      </trkpt>
      <trkpt lat="45.901740" lon="6.774025">
        <ele>1083.087396</ele>
        <time>2026-08-02T07:42:59.879Z</time>
      </trkpt>
      <trkpt lat="45.901840" lon="6.773805">
        <ele>1085.426385</ele>
        <time>2026-08-02T07:43:14.031Z</time>
      </trkpt>
      <trkpt lat="45.902286" lon="6.773234">
        <ele>1091.545201</ele>
        <time>2026-08-02T07:43:53.175Z</time>
      </trkpt>
      <trkpt lat="45.902366" lon="6.773150">
        <ele>1092.145263</ele>
        <time>2026-08-02T07:43:58.302Z</time>
      </trkpt>
      <trkpt lat="45.902459" lon="6.773122">
        <ele>1092.720731</ele>
        <time>2026-08-02T07:44:02.726Z</time>
      </trkpt>
      <trkpt lat="45.902839" lon="6.772877">
        <ele>1095.243155</ele>
        <time>2026-08-02T07:44:18.026Z</time>
      </trkpt>
      <trkpt lat="45.903266" lon="6.772663">
        <ele>1097.981965</ele>
        <time>2026-08-02T07:44:30.358Z</time>
      </trkpt>
      <trkpt lat="45.903651" lon="6.772550">
        <ele>1100.361788</ele>
        <time>2026-08-02T07:44:39.947Z</time>
      </trkpt>
      <trkpt lat="45.903894" lon="6.772407">
        <ele>1101.900403</ele>
        <time>2026-08-02T07:44:47.598Z</time>
      </trkpt>
      <trkpt lat="45.904100" lon="6.772135">
        <ele>1103.495391</ele>
        <time>2026-08-02T07:44:56.819Z</time>
      </trkpt>
      <trkpt lat="45.904318" lon="6.771703">
        <ele>1105.612551</ele>
        <time>2026-08-02T07:45:10.549Z</time>
      </trkpt>
      <trkpt lat="45.904439" lon="6.771538">
        <ele>1106.563579</ele>
        <time>2026-08-02T07:45:17.419Z</time>
      </trkpt>
      <trkpt lat="45.904606" lon="6.770904">
        <ele>1109.253082</ele>
        <time>2026-08-02T07:45:38.304Z</time>
      </trkpt>
      <trkpt lat="45.904650" lon="6.770813">
        <ele>1109.692714</ele>
        <time>2026-08-02T07:45:41.687Z</time>
      </trkpt>
      <trkpt lat="45.904759" lon="6.770671">
        <ele>1110.531519</ele>
        <time>2026-08-02T07:45:48.225Z</time>
      </trkpt>
      <trkpt lat="45.905104" lon="6.770366">
        <ele>1111.803941</ele>
        <time>2026-08-02T07:46:05.215Z</time>
      </trkpt>
      <trkpt lat="45.905147" lon="6.770287">
        <ele>1111.929685</ele>
        <time>2026-08-02T07:46:07.779Z</time>
      </trkpt>
      <trkpt lat="45.905154" lon="6.770164">
        <ele>1112.084406</ele>
        <time>2026-08-02T07:46:10.835Z</time>
      </trkpt>
      <trkpt lat="45.905134" lon="6.770091">
        <ele>1112.182765</ele>
        <time>2026-08-02T07:46:12.664Z</time>
      </trkpt>
      <trkpt lat="45.904982" lon="6.769804">
        <ele>1112.634942</ele>
        <time>2026-08-02T07:46:20.597Z</time>
      </trkpt>
      <trkpt lat="45.904820" lon="6.769257">
        <ele>1113.380252</ele>
        <time>2026-08-02T07:46:30.294Z</time>
      </trkpt>
      <trkpt lat="45.904723" lon="6.769136">
        <ele>1113.611673</ele>
        <time>2026-08-02T07:46:32.327Z</time>
      </trkpt>
      <trkpt lat="45.904696" lon="6.769061">
        <ele>1113.717540</ele>
        <time>2026-08-02T07:46:33.126Z</time>
      </trkpt>
      <trkpt lat="45.904733" lon="6.768471">
        <ele>1114.460231</ele>
        <time>2026-08-02T07:46:37.963Z</time>
      </trkpt>
      <trkpt lat="45.904820" lon="6.768086">
        <ele>1112.511296</ele>
        <time>2026-08-02T07:46:40.687Z</time>
      </trkpt>
      <trkpt lat="45.904752" lon="6.767829">
        <ele>1110.750991</ele>
        <time>2026-08-02T07:46:42.434Z</time>
      </trkpt>
      <trkpt lat="45.904745" lon="6.767661">
        <ele>1109.673490</ele>
        <time>2026-08-02T07:46:43.463Z</time>
      </trkpt>
      <trkpt lat="45.904785" lon="6.767504">
        <ele>1108.603085</ele>
        <time>2026-08-02T07:46:44.473Z</time>
      </trkpt>
      <trkpt lat="45.904921" lon="6.767267">
        <ele>1106.636370</ele>
        <time>2026-08-02T07:46:46.287Z</time>
      </trkpt>
      <trkpt lat="45.905088" lon="6.766730">
        <ele>1102.870666</ele>
        <time>2026-08-02T07:46:49.710Z</time>
      </trkpt>
      <trkpt lat="45.905328" lon="6.766520">
        <ele>1100.285436</ele>
        <time>2026-08-02T07:46:52.050Z</time>
      </trkpt>
      <trkpt lat="45.905499" lon="6.766204">
        <ele>1097.871597</ele>
        <time>2026-08-02T07:46:54.424Z</time>
      </trkpt>
      <trkpt lat="45.905686" lon="6.765903">
        <ele>1096.595840</ele>
        <time>2026-08-02T07:46:56.902Z</time>
      </trkpt>
      <trkpt lat="45.905774" lon="6.765583">
        <ele>1095.507976</ele>
        <time>2026-08-02T07:46:59.133Z</time>
      </trkpt>
      <trkpt lat="45.905807" lon="6.765317">
        <ele>1094.653723</ele>
        <time>2026-08-02T07:47:00.957Z</time>
      </trkpt>
      <trkpt lat="45.905794" lon="6.765193">
        <ele>1094.257257</ele>
        <time>2026-08-02T07:47:01.842Z</time>
      </trkpt>
      <trkpt lat="45.905740" lon="6.765052">
        <ele>1093.748408</ele>
        <time>2026-08-02T07:47:02.981Z</time>
      </trkpt>
      <trkpt lat="45.905576" lon="6.764880">
        <ele>1092.825928</ele>
        <time>2026-08-02T07:47:05.126Z</time>
      </trkpt>
      <trkpt lat="45.905254" lon="6.764753">
        <ele>1091.308788</ele>
        <time>2026-08-02T07:47:08.861Z</time>
      </trkpt>
      <trkpt lat="45.905210" lon="6.764667">
        <ele>1090.971300</ele>
        <time>2026-08-02T07:47:09.708Z</time>
      </trkpt>
      <trkpt lat="45.905212" lon="6.764433">
        <ele>1090.231416</ele>
        <time>2026-08-02T07:47:11.659Z</time>
      </trkpt>
      <trkpt lat="45.905314" lon="6.764001">
        <ele>1088.386258</ele>
        <time>2026-08-02T07:47:16.404Z</time>
      </trkpt>
      <trkpt lat="45.905386" lon="6.763566">
        <ele>1086.433046</ele>
        <time>2026-08-02T07:47:19.671Z</time>
      </trkpt>
      <trkpt lat="45.905526" lon="6.763105">
        <ele>1084.235851</ele>
        <time>2026-08-02T07:47:22.866Z</time>
      </trkpt>
      <trkpt lat="45.905548" lon="6.762855">
        <ele>1083.135090</ele>
        <time>2026-08-02T07:47:24.406Z</time>
      </trkpt>
      <trkpt lat="45.905528" lon="6.762483">
        <ele>1081.505258</ele>
        <time>2026-08-02T07:47:26.638Z</time>
      </trkpt>
      <trkpt lat="45.905584" lon="6.762328">
        <ele>1080.742354</ele>
        <time>2026-08-02T07:47:27.677Z</time>
      </trkpt>
      <trkpt lat="45.905675" lon="6.762242">
        <ele>1080.058636</ele>
        <time>2026-08-02T07:47:28.613Z</time>
      </trkpt>
      <trkpt lat="45.905972" lon="6.762079">
        <ele>1077.832761</ele>
        <time>2026-08-02T07:47:31.355Z</time>
      </trkpt>
      <trkpt lat="45.906585" lon="6.761887">
        <ele>1072.046991</ele>
        <time>2026-08-02T07:47:36.899Z</time>
      </trkpt>
      <trkpt lat="45.906761" lon="6.761760">
        <ele>1070.230817</ele>
        <time>2026-08-02T07:47:38.598Z</time>
      </trkpt>
      <trkpt lat="45.906801" lon="6.761750">
        <ele>1069.856399</ele>
        <time>2026-08-02T07:47:38.955Z</time>
      </trkpt>
      <trkpt lat="45.906855" lon="6.761796">
        <ele>1069.277503</ele>
        <time>2026-08-02T07:47:39.493Z</time>
      </trkpt>
      <trkpt lat="45.906855" lon="6.761880">
        <ele>1068.738484</ele>
        <time>2026-08-02T07:47:39.991Z</time>
      </trkpt>
      <trkpt lat="45.906829" lon="6.761912">
        <ele>1068.422802</ele>
        <time>2026-08-02T07:47:40.291Z</time>
      </trkpt>
      <trkpt lat="45.906503" lon="6.762117">
        <ele>1065.141237</ele>
        <time>2026-08-02T07:47:43.343Z</time>
      </trkpt>
      <trkpt lat="45.906452" lon="6.762236">
        <ele>1064.244403</ele>
        <time>2026-08-02T07:47:44.174Z</time>
      </trkpt>
      <trkpt lat="45.906458" lon="6.762345">
        <ele>1063.542772</ele>
        <time>2026-08-02T07:47:44.830Z</time>
      </trkpt>
      <trkpt lat="45.906495" lon="6.762423">
        <ele>1062.937010</ele>
        <time>2026-08-02T07:47:45.393Z</time>
      </trkpt>
      <trkpt lat="45.906557" lon="6.762468">
        <ele>1062.296466</ele>
        <time>2026-08-02T07:47:45.996Z</time>
      </trkpt>
      <trkpt lat="45.907020" lon="6.762485">
        <ele>1058.444389</ele>
        <time>2026-08-02T07:47:50.039Z</time>
      </trkpt>
      <trkpt lat="45.907200" lon="6.762436">
        <ele>1056.934574</ele>
        <time>2026-08-02T07:47:51.697Z</time>
      </trkpt>
      <trkpt lat="45.907441" lon="6.762126">
        <ele>1054.269053</ele>
        <time>2026-08-02T07:47:54.587Z</time>
      </trkpt>
      <trkpt lat="45.907533" lon="6.762050">
        <ele>1053.394520</ele>
        <time>2026-08-02T07:47:55.514Z</time>
      </trkpt>
      <trkpt lat="45.907636" lon="6.762023">
        <ele>1052.531659</ele>
        <time>2026-08-02T07:47:56.424Z</time>
      </trkpt>
      <trkpt lat="45.907925" lon="6.762048">
        <ele>1050.145607</ele>
        <time>2026-08-02T07:47:58.934Z</time>
      </trkpt>
      <trkpt lat="45.908080" lon="6.761865">
        <ele>1048.492429</ele>
        <time>2026-08-02T07:48:00.700Z</time>
      </trkpt>
      <trkpt lat="45.908209" lon="6.761797">
        <ele>1047.360043</ele>
        <time>2026-08-02T07:48:01.921Z</time>
      </trkpt>
      <trkpt lat="45.908288" lon="6.761821">
        <ele>1046.743642</ele>
        <time>2026-08-02T07:48:02.636Z</time>
      </trkpt>
      <trkpt lat="45.908334" lon="6.761890">
        <ele>1046.255587</ele>
        <time>2026-08-02T07:48:03.236Z</time>
      </trkpt>
      <trkpt lat="45.908344" lon="6.762043">
        <ele>1045.470722</ele>
        <time>2026-08-02T07:48:04.195Z</time>
      </trkpt>
      <trkpt lat="45.908316" lon="6.762204">
        <ele>1044.623141</ele>
        <time>2026-08-02T07:48:05.243Z</time>
      </trkpt>
      <trkpt lat="45.908227" lon="6.762516">
        <ele>1042.900931</ele>
        <time>2026-08-02T07:48:07.389Z</time>
      </trkpt>
      <trkpt lat="45.908148" lon="6.762611">
        <ele>1042.144840</ele>
        <time>2026-08-02T07:48:08.315Z</time>
      </trkpt>
      <trkpt lat="45.907946" lon="6.762736">
        <ele>1040.530519</ele>
        <time>2026-08-02T07:48:10.307Z</time>
      </trkpt>
      <trkpt lat="45.907703" lon="6.763014">
        <ele>1038.250726</ele>
        <time>2026-08-02T07:48:13.013Z</time>
      </trkpt>
      <trkpt lat="45.907509" lon="6.763108">
        <ele>1036.747976</ele>
        <time>2026-08-02T07:48:14.809Z</time>
      </trkpt>
      <trkpt lat="45.907471" lon="6.763204">
        <ele>1036.183877</ele>
        <time>2026-08-02T07:48:15.501Z</time>
      </trkpt>
      <trkpt lat="45.907481" lon="6.763296">
        <ele>1035.708294</ele>
        <time>2026-08-02T07:48:16.080Z</time>
      </trkpt>
      <trkpt lat="45.907533" lon="6.763351">
        <ele>1035.234378</ele>
        <time>2026-08-02T07:48:16.662Z</time>
      </trkpt>
      <trkpt lat="45.907615" lon="6.763354">
        <ele>1034.632288</ele>
        <time>2026-08-02T07:48:17.401Z</time>
      </trkpt>
      <trkpt lat="45.907946" lon="6.763083">
        <ele>1032.206808</ele>
        <time>2026-08-02T07:48:20.860Z</time>
      </trkpt>
      <trkpt lat="45.908471" lon="6.762975">
        <ele>1028.999608</ele>
        <time>2026-08-02T07:48:25.782Z</time>
      </trkpt>
      <trkpt lat="45.908685" lon="6.762835">
        <ele>1027.577714</ele>
        <time>2026-08-02T07:48:27.914Z</time>
      </trkpt>
      <trkpt lat="45.909137" lon="6.762481">
        <ele>1024.464817</ele>
        <time>2026-08-02T07:48:32.611Z</time>
      </trkpt>
      <trkpt lat="45.909222" lon="6.762397">
        <ele>1023.841003</ele>
        <time>2026-08-02T07:48:33.565Z</time>
      </trkpt>
      <trkpt lat="45.909341" lon="6.762214">
        <ele>1022.698341</ele>
        <time>2026-08-02T07:48:35.215Z</time>
      </trkpt>
      <trkpt lat="45.909390" lon="6.762181">
        <ele>1022.266205</ele>
        <time>2026-08-02T07:48:35.733Z</time>
      </trkpt>
      <trkpt lat="45.909461" lon="6.762190">
        <ele>1021.697011</ele>
        <time>2026-08-02T07:48:36.407Z</time>
      </trkpt>
      <trkpt lat="45.909512" lon="6.762258">
        <ele>1021.141459</ele>
        <time>2026-08-02T07:48:37.090Z</time>
      </trkpt>
      <trkpt lat="45.909527" lon="6.762336">
        <ele>1020.691804</ele>
        <time>2026-08-02T07:48:37.618Z</time>
      </trkpt>
      <trkpt lat="45.909496" lon="6.762412">
        <ele>1020.202297</ele>
        <time>2026-08-02T07:48:38.210Z</time>
      </trkpt>
      <trkpt lat="45.909289" lon="6.762553">
        <ele>1018.372970</ele>
        <time>2026-08-02T07:48:40.381Z</time>
      </trkpt>
      <trkpt lat="45.909028" lon="6.763014">
        <ele>1015.070569</ele>
        <time>2026-08-02T07:48:44.128Z</time>
      </trkpt>
      <trkpt lat="45.908678" lon="6.763429">
        <ele>1011.447075</ele>
        <time>2026-08-02T07:48:48.047Z</time>
      </trkpt>
      <trkpt lat="45.908659" lon="6.763568">
        <ele>1010.659950</ele>
        <time>2026-08-02T07:48:48.891Z</time>
      </trkpt>
      <trkpt lat="45.908706" lon="6.763686">
        <ele>1009.904448</ele>
        <time>2026-08-02T07:48:49.702Z</time>
      </trkpt>
      <trkpt lat="45.908798" lon="6.763761">
        <ele>1009.059788</ele>
        <time>2026-08-02T07:48:50.608Z</time>
      </trkpt>
      <trkpt lat="45.909278" lon="6.763916">
        <ele>1005.157598</ele>
        <time>2026-08-02T07:48:54.731Z</time>
      </trkpt>
      <trkpt lat="45.909622" lon="6.763934">
        <ele>1002.429119</ele>
        <time>2026-08-02T07:48:57.625Z</time>
      </trkpt>
      <trkpt lat="45.910055" lon="6.764043">
        <ele>998.944751</ele>
        <time>2026-08-02T07:49:01.460Z</time>
      </trkpt>
      <trkpt lat="45.910111" lon="6.764103">
        <ele>998.391105</ele>
        <time>2026-08-02T07:49:02.095Z</time>
      </trkpt>
      <trkpt lat="45.910131" lon="6.764183">
        <ele>997.922284</ele>
        <time>2026-08-02T07:49:02.651Z</time>
      </trkpt>
      <trkpt lat="45.910114" lon="6.764292">
        <ele>997.306226</ele>
        <time>2026-08-02T07:49:03.381Z</time>
      </trkpt>
      <trkpt lat="45.910018" lon="6.764446">
        <ele>996.165892</ele>
        <time>2026-08-02T07:49:04.822Z</time>
      </trkpt>
      <trkpt lat="45.909591" lon="6.764727">
        <ele>994.353536</ele>
        <time>2026-08-02T07:49:11.371Z</time>
      </trkpt>
      <trkpt lat="45.909531" lon="6.764770">
        <ele>994.329632</ele>
        <time>2026-08-02T07:49:12.990Z</time>
      </trkpt>
      <trkpt lat="45.908808" lon="6.765304">
        <ele>994.039813</ele>
        <time>2026-08-02T07:49:35.598Z</time>
      </trkpt>
      <trkpt lat="45.908451" lon="6.765802">
        <ele>993.862435</ele>
        <time>2026-08-02T07:49:41.899Z</time>
      </trkpt>
      <trkpt lat="45.908398" lon="6.765990">
        <ele>993.812114</ele>
        <time>2026-08-02T07:49:43.315Z</time>
      </trkpt>
      <trkpt lat="45.908386" lon="6.766317">
        <ele>991.891992</ele>
        <time>2026-08-02T07:49:45.429Z</time>
      </trkpt>
      <trkpt lat="45.908343" lon="6.766589">
        <ele>990.039396</ele>
        <time>2026-08-02T07:49:47.144Z</time>
      </trkpt>
      <trkpt lat="45.908337" lon="6.766905">
        <ele>987.939821</ele>
        <time>2026-08-02T07:49:49.082Z</time>
      </trkpt>
      <trkpt lat="45.908282" lon="6.767035">
        <ele>986.929312</ele>
        <time>2026-08-02T07:49:49.995Z</time>
      </trkpt>
      <trkpt lat="45.908036" lon="6.767364">
        <ele>983.721709</ele>
        <time>2026-08-02T07:49:52.858Z</time>
      </trkpt>
      <trkpt lat="45.907988" lon="6.767464">
        <ele>982.914826</ele>
        <time>2026-08-02T07:49:53.574Z</time>
      </trkpt>
      <trkpt lat="45.907961" lon="6.767622">
        <ele>981.834238</ele>
        <time>2026-08-02T07:49:54.531Z</time>
      </trkpt>
      <trkpt lat="45.907982" lon="6.767727">
        <ele>981.108613</ele>
        <time>2026-08-02T07:49:55.169Z</time>
      </trkpt>
      <trkpt lat="45.908083" lon="6.767813">
        <ele>979.988025</ele>
        <time>2026-08-02T07:49:56.164Z</time>
      </trkpt>
      <trkpt lat="45.908159" lon="6.767790">
        <ele>979.246667</ele>
        <time>2026-08-02T07:49:56.814Z</time>
      </trkpt>
      <trkpt lat="45.908210" lon="6.767685">
        <ele>978.396176</ele>
        <time>2026-08-02T07:49:57.562Z</time>
      </trkpt>
      <trkpt lat="45.908232" lon="6.767460">
        <ele>976.887096</ele>
        <time>2026-08-02T07:49:58.891Z</time>
      </trkpt>
      <trkpt lat="45.908260" lon="6.767395">
        <ele>976.374479</ele>
        <time>2026-08-02T07:49:59.335Z</time>
      </trkpt>
      <trkpt lat="45.908334" lon="6.767323">
        <ele>975.505140</ele>
        <time>2026-08-02T07:50:00.087Z</time>
      </trkpt>
      <trkpt lat="45.908431" lon="6.767316">
        <ele>974.560323</ele>
        <time>2026-08-02T07:50:00.902Z</time>
      </trkpt>
      <trkpt lat="45.908631" lon="6.767444">
        <ele>972.430502</ele>
        <time>2026-08-02T07:50:02.746Z</time>
      </trkpt>
      <trkpt lat="45.908858" lon="6.767459">
        <ele>970.219884</ele>
        <time>2026-08-02T07:50:04.664Z</time>
      </trkpt>
      <trkpt lat="45.908958" lon="6.767545">
        <ele>969.086204</ele>
        <time>2026-08-02T07:50:05.669Z</time>
      </trkpt>
      <trkpt lat="45.908997" lon="6.767652">
        <ele>968.268585</ele>
        <time>2026-08-02T07:50:06.384Z</time>
      </trkpt>
      <trkpt lat="45.908994" lon="6.767773">
        <ele>967.449036</ele>
        <time>2026-08-02T07:50:07.098Z</time>
      </trkpt>
      <trkpt lat="45.908938" lon="6.767867">
        <ele>966.611409</ele>
        <time>2026-08-02T07:50:07.825Z</time>
      </trkpt>
      <trkpt lat="45.908626" lon="6.767978">
        <ele>963.484620</ele>
        <time>2026-08-02T07:50:10.590Z</time>
      </trkpt>
      <trkpt lat="45.908595" lon="6.768069">
        <ele>962.798790</ele>
        <time>2026-08-02T07:50:11.207Z</time>
      </trkpt>
      <trkpt lat="45.908616" lon="6.768148">
        <ele>962.226354</ele>
        <time>2026-08-02T07:50:11.735Z</time>
      </trkpt>
      <trkpt lat="45.908751" lon="6.768168">
        <ele>960.906098</ele>
        <time>2026-08-02T07:50:12.957Z</time>
      </trkpt>
      <trkpt lat="45.909002" lon="6.768032">
        <ele>958.812073</ele>
        <time>2026-08-02T07:50:15.496Z</time>
      </trkpt>
      <trkpt lat="45.909220" lon="6.767766">
        <ele>957.738385</ele>
        <time>2026-08-02T07:50:18.417Z</time>
      </trkpt>
      <trkpt lat="45.909373" lon="6.767372">
        <ele>956.559655</ele>
        <time>2026-08-02T07:50:21.876Z</time>
      </trkpt>
      <trkpt lat="45.909386" lon="6.767274">
        <ele>956.299030</ele>
        <time>2026-08-02T07:50:22.661Z</time>
      </trkpt>
      <trkpt lat="45.909358" lon="6.767134">
        <ele>955.918487</ele>
        <time>2026-08-02T07:50:23.746Z</time>
      </trkpt>
      <trkpt lat="45.909171" lon="6.766943">
        <ele>955.057146</ele>
        <time>2026-08-02T07:50:26.154Z</time>
      </trkpt>
      <trkpt lat="45.909149" lon="6.766889">
        <ele>954.893673</ele>
        <time>2026-08-02T07:50:26.600Z</time>
      </trkpt>
      <trkpt lat="45.909149" lon="6.766765">
        <ele>954.569736</ele>
        <time>2026-08-02T07:50:27.493Z</time>
      </trkpt>
      <trkpt lat="45.909236" lon="6.766542">
        <ele>953.901846</ele>
        <time>2026-08-02T07:50:29.332Z</time>
      </trkpt>
      <trkpt lat="45.909448" lon="6.766262">
        <ele>952.820828</ele>
        <time>2026-08-02T07:50:32.217Z</time>
      </trkpt>
      <trkpt lat="45.909654" lon="6.766159">
        <ele>951.576026</ele>
        <time>2026-08-02T07:50:34.225Z</time>
      </trkpt>
      <trkpt lat="45.909755" lon="6.766068">
        <ele>950.628271</ele>
        <time>2026-08-02T07:50:35.355Z</time>
      </trkpt>
      <trkpt lat="45.910052" lon="6.765712">
        <ele>947.553499</ele>
        <time>2026-08-02T07:50:38.907Z</time>
      </trkpt>
      <trkpt lat="45.910162" lon="6.765523">
        <ele>946.190418</ele>
        <time>2026-08-02T07:50:40.481Z</time>
      </trkpt>
      <trkpt lat="45.910233" lon="6.765478">
        <ele>945.573475</ele>
        <time>2026-08-02T07:50:41.182Z</time>
      </trkpt>
      <trkpt lat="45.910278" lon="6.765485">
        <ele>945.213610</ele>
        <time>2026-08-02T07:50:41.575Z</time>
      </trkpt>
      <trkpt lat="45.910326" lon="6.765573">
        <ele>944.595048</ele>
        <time>2026-08-02T07:50:42.289Z</time>
      </trkpt>
      <trkpt lat="45.910312" lon="6.765669">
        <ele>944.052448</ele>
        <time>2026-08-02T07:50:42.888Z</time>
      </trkpt>
      <trkpt lat="45.910183" lon="6.765763">
        <ele>942.902535</ele>
        <time>2026-08-02T07:50:44.169Z</time>
      </trkpt>
      <trkpt lat="45.910068" lon="6.765874">
        <ele>941.801163</ele>
        <time>2026-08-02T07:50:45.381Z</time>
      </trkpt>
      <trkpt lat="45.909707" lon="6.766418">
        <ele>937.237024</ele>
        <time>2026-08-02T07:50:49.847Z</time>
      </trkpt>
      <trkpt lat="45.909565" lon="6.766712">
        <ele>933.433399</ele>
        <time>2026-08-02T07:50:51.922Z</time>
      </trkpt>
      <trkpt lat="45.909563" lon="6.766818">
        <ele>932.306428</ele>
        <time>2026-08-02T07:50:52.546Z</time>
      </trkpt>
      <trkpt lat="45.909646" lon="6.766951">
        <ele>930.407671</ele>
        <time>2026-08-02T07:50:53.587Z</time>
      </trkpt>
      <trkpt lat="45.909714" lon="6.766995">
        <ele>929.268591</ele>
        <time>2026-08-02T07:50:54.207Z</time>
      </trkpt>
      <trkpt lat="45.910058" lon="6.767006">
        <ele>924.012863</ele>
        <time>2026-08-02T07:50:57.044Z</time>
      </trkpt>
      <trkpt lat="45.910285" lon="6.767056">
        <ele>920.505068</ele>
        <time>2026-08-02T07:50:58.927Z</time>
      </trkpt>
      <trkpt lat="45.910368" lon="6.767020">
        <ele>919.180811</ele>
        <time>2026-08-02T07:50:59.641Z</time>
      </trkpt>
      <trkpt lat="45.910441" lon="6.766868">
        <ele>917.217937</ele>
        <time>2026-08-02T07:51:00.699Z</time>
      </trkpt>
      <trkpt lat="45.910471" lon="6.766925">
        <ele>916.458365</ele>
        <time>2026-08-02T07:51:01.264Z</time>
      </trkpt>
      <trkpt lat="45.910497" lon="6.767115">
        <ele>914.400417</ele>
        <time>2026-08-02T07:51:02.819Z</time>
      </trkpt>
      <trkpt lat="45.910561" lon="6.767190">
        <ele>913.139079</ele>
        <time>2026-08-02T07:51:03.776Z</time>
      </trkpt>
      <trkpt lat="45.910839" lon="6.767210">
        <ele>909.274903</ele>
        <time>2026-08-02T07:51:06.993Z</time>
      </trkpt>
      <trkpt lat="45.910934" lon="6.767308">
        <ele>907.890644</ele>
        <time>2026-08-02T07:51:08.355Z</time>
      </trkpt>
      <trkpt lat="45.910981" lon="6.767413">
        <ele>906.862321</ele>
        <time>2026-08-02T07:51:09.368Z</time>
      </trkpt>
      <trkpt lat="45.911002" lon="6.767557">
        <ele>905.650520</ele>
        <time>2026-08-02T07:51:10.572Z</time>
      </trkpt>
      <trkpt lat="45.910920" lon="6.767766">
        <ele>903.674308</ele>
        <time>2026-08-02T07:51:12.554Z</time>
      </trkpt>
      <trkpt lat="45.910910" lon="6.767894">
        <ele>902.613433</ele>
        <time>2026-08-02T07:51:13.625Z</time>
      </trkpt>
      <trkpt lat="45.911095" lon="6.768550">
        <ele>896.783463</ele>
        <time>2026-08-02T07:51:19.588Z</time>
      </trkpt>
      <trkpt lat="45.911080" lon="6.768655">
        <ele>895.900610</ele>
        <time>2026-08-02T07:51:20.496Z</time>
      </trkpt>
      <trkpt lat="45.910973" lon="6.768873">
        <ele>893.703291</ele>
        <time>2026-08-02T07:51:22.784Z</time>
      </trkpt>
      <trkpt lat="45.910929" lon="6.769167">
        <ele>891.226428</ele>
        <time>2026-08-02T07:51:25.376Z</time>
      </trkpt>
      <trkpt lat="45.910931" lon="6.769193">
        <ele>891.010979</ele>
        <time>2026-08-02T07:51:25.600Z</time>
      </trkpt>
      <trkpt lat="45.910960" lon="6.769304">
        <ele>890.034420</ele>
        <time>2026-08-02T07:51:26.613Z</time>
      </trkpt>
      <trkpt lat="45.911006" lon="6.769379">
        <ele>889.242324</ele>
        <time>2026-08-02T07:51:27.465Z</time>
      </trkpt>
      <trkpt lat="45.911240" lon="6.769530">
        <ele>887.097812</ele>
        <time>2026-08-02T07:51:30.615Z</time>
      </trkpt>
      <trkpt lat="45.911523" lon="6.769886">
        <ele>883.953515</ele>
        <time>2026-08-02T07:51:35.246Z</time>
      </trkpt>
      <trkpt lat="45.911697" lon="6.770301">
        <ele>881.135017</ele>
        <time>2026-08-02T07:51:39.411Z</time>
      </trkpt>
      <trkpt lat="45.911884" lon="6.770486">
        <ele>879.237023</ele>
        <time>2026-08-02T07:51:42.200Z</time>
      </trkpt>
      <trkpt lat="45.912274" lon="6.771173">
        <ele>874.163084</ele>
        <time>2026-08-02T07:51:50.026Z</time>
      </trkpt>
      <trkpt lat="45.912326" lon="6.771201">
        <ele>873.892487</ele>
        <time>2026-08-02T07:51:50.763Z</time>
      </trkpt>
      <trkpt lat="45.912535" lon="6.771186">
        <ele>872.872755</ele>
        <time>2026-08-02T07:51:53.610Z</time>
      </trkpt>
      <trkpt lat="45.912604" lon="6.771241">
        <ele>872.488269</ele>
        <time>2026-08-02T07:51:54.707Z</time>
      </trkpt>
      <trkpt lat="45.912781" lon="6.771242">
        <ele>871.625736</ele>
        <time>2026-08-02T07:51:57.185Z</time>
      </trkpt>
      <trkpt lat="45.912953" lon="6.771299">
        <ele>870.765585</ele>
        <time>2026-08-02T07:51:59.587Z</time>
      </trkpt>
      <trkpt lat="45.912971" lon="6.771357">
        <ele>870.550265</ele>
        <time>2026-08-02T07:52:00.192Z</time>
      </trkpt>
      <trkpt lat="45.913085" lon="6.771475">
        <ele>869.865675</ele>
        <time>2026-08-02T07:52:02.067Z</time>
      </trkpt>
      <trkpt lat="45.913069" lon="6.771648">
        <ele>869.273975</ele>
        <time>2026-08-02T07:52:03.187Z</time>
      </trkpt>
      <trkpt lat="45.913086" lon="6.771750">
        <ele>868.918370</ele>
        <time>2026-08-02T07:52:03.865Z</time>
      </trkpt>
      <trkpt lat="45.913383" lon="6.772362">
        <ele>866.388558</ele>
        <time>2026-08-02T07:52:08.873Z</time>
      </trkpt>
      <trkpt lat="45.913499" lon="6.772436">
        <ele>865.770111</ele>
        <time>2026-08-02T07:52:10.179Z</time>
      </trkpt>
      <trkpt lat="45.913792" lon="6.772401">
        <ele>864.608573</ele>
        <time>2026-08-02T07:52:13.207Z</time>
      </trkpt>
      <trkpt lat="45.913856" lon="6.772476">
        <ele>864.298823</ele>
        <time>2026-08-02T07:52:14.023Z</time>
      </trkpt>
      <trkpt lat="45.913932" lon="6.772488">
        <ele>864.012025</ele>
        <time>2026-08-02T07:52:14.774Z</time>
      </trkpt>
      <trkpt lat="45.914038" lon="6.772403">
        <ele>863.556715</ele>
        <time>2026-08-02T07:52:15.952Z</time>
      </trkpt>
      <trkpt lat="45.914287" lon="6.771871">
        <ele>861.883384</ele>
        <time>2026-08-02T07:52:20.261Z</time>
      </trkpt>
      <trkpt lat="45.914783" lon="6.771014">
        <ele>858.974125</ele>
        <time>2026-08-02T07:52:28.351Z</time>
      </trkpt>
      <trkpt lat="45.914959" lon="6.770525">
        <ele>856.247489</ele>
        <time>2026-08-02T07:52:32.036Z</time>
      </trkpt>
      <trkpt lat="45.915030" lon="6.770425">
        <ele>855.483938</ele>
        <time>2026-08-02T07:52:32.937Z</time>
      </trkpt>
      <trkpt lat="45.915103" lon="6.770378">
        <ele>854.869525</ele>
        <time>2026-08-02T07:52:33.659Z</time>
      </trkpt>
      <trkpt lat="45.915293" lon="6.770320">
        <ele>853.377542</ele>
        <time>2026-08-02T07:52:35.383Z</time>
      </trkpt>
      <trkpt lat="45.915410" lon="6.770327">
        <ele>852.478061</ele>
        <time>2026-08-02T07:52:36.407Z</time>
      </trkpt>
      <trkpt lat="45.915534" lon="6.770389">
        <ele>851.469607</ele>
        <time>2026-08-02T07:52:37.557Z</time>
      </trkpt>
      <trkpt lat="45.915682" lon="6.770530">
        <ele>850.105744</ele>
        <time>2026-08-02T07:52:39.097Z</time>
      </trkpt>
      <trkpt lat="45.915755" lon="6.770650">
        <ele>849.253894</ele>
        <time>2026-08-02T07:52:40.057Z</time>
      </trkpt>
      <trkpt lat="45.915799" lon="6.770810">
        <ele>848.334490</ele>
        <time>2026-08-02T07:52:41.097Z</time>
      </trkpt>
      <trkpt lat="45.915808" lon="6.771007">
        <ele>847.279466</ele>
        <time>2026-08-02T07:52:42.273Z</time>
      </trkpt>
      <trkpt lat="45.915779" lon="6.771344">
        <ele>845.464834</ele>
        <time>2026-08-02T07:52:44.302Z</time>
      </trkpt>
      <trkpt lat="45.915742" lon="6.771630">
        <ele>844.049538</ele>
        <time>2026-08-02T07:52:46.044Z</time>
      </trkpt>
      <trkpt lat="45.915701" lon="6.772006">
        <ele>842.287440</ele>
        <time>2026-08-02T07:52:48.335Z</time>
      </trkpt>
      <trkpt lat="45.915670" lon="6.772325">
        <ele>840.796159</ele>
        <time>2026-08-02T07:52:50.299Z</time>
      </trkpt>
      <trkpt lat="45.915680" lon="6.772507">
        <ele>839.950892</ele>
        <time>2026-08-02T07:52:51.414Z</time>
      </trkpt>
      <trkpt lat="45.915732" lon="6.772663">
        <ele>839.150004</ele>
        <time>2026-08-02T07:52:52.486Z</time>
      </trkpt>
      <trkpt lat="45.915890" lon="6.772824">
        <ele>837.861114</ele>
        <time>2026-08-02T07:52:54.256Z</time>
      </trkpt>
      <trkpt lat="45.916033" lon="6.772870">
        <ele>836.885925</ele>
        <time>2026-08-02T07:52:55.633Z</time>
      </trkpt>
      <trkpt lat="45.916804" lon="6.772841">
        <ele>832.526848</ele>
        <time>2026-08-02T07:53:03.184Z</time>
      </trkpt>
      <trkpt lat="45.917037" lon="6.772762">
        <ele>831.936041</ele>
        <time>2026-08-02T07:53:05.593Z</time>
      </trkpt>
      <trkpt lat="45.917653" lon="6.772430">
        <ele>830.312450</ele>
        <time>2026-08-02T07:53:12.472Z</time>
      </trkpt>
      <trkpt lat="45.918232" lon="6.772194">
        <ele>828.827186</ele>
        <time>2026-08-02T07:53:19.748Z</time>
      </trkpt>
      <trkpt lat="45.918629" lon="6.772043">
        <ele>827.831254</ele>
        <time>2026-08-02T07:53:24.406Z</time>
      </trkpt>
      <trkpt lat="45.919033" lon="6.771949">
        <ele>826.845513</ele>
        <time>2026-08-02T07:53:28.843Z</time>
      </trkpt>
      <trkpt lat="45.919862" lon="6.771512">
        <ele>824.718753</ele>
        <time>2026-08-02T07:53:38.065Z</time>
      </trkpt>
      <trkpt lat="45.920349" lon="6.771346">
        <ele>823.626259</ele>
        <time>2026-08-02T07:53:43.092Z</time>
      </trkpt>
      <trkpt lat="45.920655" lon="6.771302">
        <ele>823.005407</ele>
        <time>2026-08-02T07:53:46.309Z</time>
      </trkpt>
      <trkpt lat="45.920884" lon="6.771316">
        <ele>822.542672</ele>
        <time>2026-08-02T07:53:48.796Z</time>
      </trkpt>
      <trkpt lat="45.921428" lon="6.771418">
        <ele>821.435113</ele>
        <time>2026-08-02T07:53:55.143Z</time>
      </trkpt>
      <trkpt lat="45.924832" lon="6.770936">
        <ele>816.309943</ele>
        <time>2026-08-02T07:54:35.513Z</time>
      </trkpt>
      <trkpt lat="45.925318" lon="6.770763">
        <ele>815.475804</ele>
        <time>2026-08-02T07:54:40.797Z</time>
      </trkpt>
      <trkpt lat="45.925353" lon="6.770856">
        <ele>815.353265</ele>
        <time>2026-08-02T07:54:41.620Z</time>
      </trkpt>
      <trkpt lat="45.925434" lon="6.770888">
        <ele>815.218557</ele>
        <time>2026-08-02T07:54:42.488Z</time>
      </trkpt>
      <trkpt lat="45.925500" lon="6.770829">
        <ele>815.096088</ele>
        <time>2026-08-02T07:54:43.355Z</time>
      </trkpt>
      <trkpt lat="45.925518" lon="6.770734">
        <ele>814.988163</ele>
        <time>2026-08-02T07:54:44.055Z</time>
      </trkpt>
      <trkpt lat="45.925878" lon="6.770762">
        <ele>814.420047</ele>
        <time>2026-08-02T07:54:47.940Z</time>
      </trkpt>
      <trkpt lat="45.926272" lon="6.770712">
        <ele>813.796770</ele>
        <time>2026-08-02T07:54:52.333Z</time>
      </trkpt>
      <trkpt lat="45.926662" lon="6.770659">
        <ele>813.179471</ele>
        <time>2026-08-02T07:54:56.957Z</time>
      </trkpt>
      <trkpt lat="45.926682" lon="6.770657">
        <ele>813.147879</ele>
        <time>2026-08-02T07:54:57.217Z</time>
      </trkpt>
      <trkpt lat="45.927413" lon="6.770557">
        <ele>812.549806</ele>
        <time>2026-08-02T07:55:06.498Z</time>
      </trkpt>
      <trkpt lat="45.927473" lon="6.770543">
        <ele>812.564415</ele>
        <time>2026-08-02T07:55:07.299Z</time>
      </trkpt>
      <trkpt lat="45.927633" lon="6.770515">
        <ele>812.603154</ele>
        <time>2026-08-02T07:55:09.524Z</time>
      </trkpt>
      <trkpt lat="45.928235" lon="6.770425">
        <ele>812.748621</ele>
        <time>2026-08-02T07:55:18.776Z</time>
      </trkpt>
      <trkpt lat="45.928520" lon="6.770383">
        <ele>812.817478</ele>
        <time>2026-08-02T07:55:23.717Z</time>
      </trkpt>
      <trkpt lat="45.930045" lon="6.770167">
        <ele>814.179815</ele>
        <time>2026-08-02T07:55:55.335Z</time>
      </trkpt>
      <trkpt lat="45.930262" lon="6.770075">
        <ele>814.428855</ele>
        <time>2026-08-02T07:55:59.361Z</time>
      </trkpt>
      <trkpt lat="45.930547" lon="6.769743">
        <ele>814.832632</ele>
        <time>2026-08-02T07:56:05.414Z</time>
      </trkpt>
      <trkpt lat="45.930667" lon="6.769537">
        <ele>814.982965</ele>
        <time>2026-08-02T07:56:08.527Z</time>
      </trkpt>
      <trkpt lat="45.930736" lon="6.769364">
        <ele>815.079383</ele>
        <time>2026-08-02T07:56:10.919Z</time>
      </trkpt>
      <trkpt lat="45.930781" lon="6.769250">
        <ele>815.142757</ele>
        <time>2026-08-02T07:56:12.470Z</time>
      </trkpt>
      <trkpt lat="45.930922" lon="6.768885">
        <ele>815.344616</ele>
        <time>2026-08-02T07:56:17.797Z</time>
      </trkpt>
      <trkpt lat="45.931074" lon="6.768483">
        <ele>815.565835</ele>
        <time>2026-08-02T07:56:23.705Z</time>
      </trkpt>
      <trkpt lat="45.931146" lon="6.768293">
        <ele>815.670444</ele>
        <time>2026-08-02T07:56:26.447Z</time>
      </trkpt>
      <trkpt lat="45.931366" lon="6.767860">
        <ele>815.929694</ele>
        <time>2026-08-02T07:56:32.800Z</time>
      </trkpt>
      <trkpt lat="45.931527" lon="6.767345">
        <ele>816.095077</ele>
        <time>2026-08-02T07:56:39.692Z</time>
      </trkpt>
      <trkpt lat="45.931609" lon="6.766935">
        <ele>815.956515</ele>
        <time>2026-08-02T07:56:44.929Z</time>
      </trkpt>
      <trkpt lat="45.931660" lon="6.766396">
        <ele>815.779839</ele>
        <time>2026-08-02T07:56:50.809Z</time>
      </trkpt>
      <trkpt lat="45.931671" lon="6.766229">
        <ele>815.725356</ele>
        <time>2026-08-02T07:56:52.368Z</time>
      </trkpt>
      <trkpt lat="45.931749" lon="6.764504">
        <ele>815.094997</ele>
        <time>2026-08-02T07:57:06.519Z</time>
      </trkpt>
      <trkpt lat="45.931740" lon="6.764429">
        <ele>815.057610</ele>
        <time>2026-08-02T07:57:07.144Z</time>
      </trkpt>
      <trkpt lat="45.931671" lon="6.764279">
        <ele>814.969269</ele>
        <time>2026-08-02T07:57:08.613Z</time>
      </trkpt>
      <trkpt lat="45.931740" lon="6.764146">
        <ele>814.887762</ele>
        <time>2026-08-02T07:57:10.003Z</time>
      </trkpt>
      <trkpt lat="45.931777" lon="6.763975">
        <ele>814.799792</ele>
        <time>2026-08-02T07:57:11.513Z</time>
      </trkpt>
      <trkpt lat="45.931839" lon="6.762917">
        <ele>814.278234</ele>
        <time>2026-08-02T07:57:20.930Z</time>
      </trkpt>
      <trkpt lat="45.931895" lon="6.761896">
        <ele>814.230556</ele>
        <time>2026-08-02T07:57:31.628Z</time>
      </trkpt>
      <trkpt lat="45.931914" lon="6.761560">
        <ele>814.363156</ele>
        <time>2026-08-02T07:57:35.794Z</time>
      </trkpt>
      <trkpt lat="45.931963" lon="6.760659">
        <ele>814.718642</ele>
        <time>2026-08-02T07:57:47.580Z</time>
      </trkpt>
      <trkpt lat="45.931938" lon="6.760077">
        <ele>814.948006</ele>
        <time>2026-08-02T07:57:54.694Z</time>
      </trkpt>
      <trkpt lat="45.931933" lon="6.759955">
        <ele>814.996077</ele>
        <time>2026-08-02T07:57:56.177Z</time>
      </trkpt>
      <trkpt lat="45.931309" lon="6.757964">
        <ele>816.699257</ele>
        <time>2026-08-02T07:58:22.414Z</time>
      </trkpt>
      <trkpt lat="45.931181" lon="6.757489">
        <ele>817.108512</ele>
        <time>2026-08-02T07:58:30.970Z</time>
      </trkpt>
      <trkpt lat="45.931151" lon="6.757204">
        <ele>817.552416</ele>
        <time>2026-08-02T07:58:36.472Z</time>
      </trkpt>
      <trkpt lat="45.931184" lon="6.756907">
        <ele>818.030255</ele>
        <time>2026-08-02T07:58:42.268Z</time>
      </trkpt>
      <trkpt lat="45.931221" lon="6.756744">
        <ele>818.302662</ele>
        <time>2026-08-02T07:58:45.610Z</time>
      </trkpt>
      <trkpt lat="45.931542" lon="6.755824">
        <ele>819.937906</ele>
        <time>2026-08-02T07:59:04.883Z</time>
      </trkpt>
      <trkpt lat="45.931794" lon="6.755034">
        <ele>821.269411</ele>
        <time>2026-08-02T07:59:17.710Z</time>
      </trkpt>
      <trkpt lat="45.931813" lon="6.754724">
        <ele>821.484627</ele>
        <time>2026-08-02T07:59:21.784Z</time>
      </trkpt>
      <trkpt lat="45.931792" lon="6.754171">
        <ele>821.867633</ele>
        <time>2026-08-02T07:59:27.332Z</time>
      </trkpt>
      <trkpt lat="45.931810" lon="6.753882">
        <ele>822.068295</ele>
        <time>2026-08-02T07:59:30.049Z</time>
      </trkpt>
      <trkpt lat="45.931950" lon="6.753125">
        <ele>822.610001</ele>
        <time>2026-08-02T07:59:38.467Z</time>
      </trkpt>
      <trkpt lat="45.932006" lon="6.752748">
        <ele>822.876600</ele>
        <time>2026-08-02T07:59:44.225Z</time>
      </trkpt>
      <trkpt lat="45.931979" lon="6.752242">
        <ele>823.644069</ele>
        <time>2026-08-02T07:59:53.955Z</time>
      </trkpt>
      <trkpt lat="45.931995" lon="6.752119">
        <ele>823.904131</ele>
        <time>2026-08-02T07:59:56.445Z</time>
      </trkpt>
      <trkpt lat="45.932021" lon="6.752018">
        <ele>824.127955</ele>
        <time>2026-08-02T07:59:58.549Z</time>
      </trkpt>
      <trkpt lat="45.932313" lon="6.751453">
        <ele>825.590876</ele>
        <time>2026-08-02T08:00:11.700Z</time>
      </trkpt>
      <trkpt lat="45.932439" lon="6.750840">
        <ele>826.919329</ele>
        <time>2026-08-02T08:00:22.643Z</time>
      </trkpt>
      <trkpt lat="45.932484" lon="6.750726">
        <ele>827.191751</ele>
        <time>2026-08-02T08:00:25.039Z</time>
      </trkpt>
      <trkpt lat="45.932909" lon="6.750172">
        <ele>829.340542</ele>
        <time>2026-08-02T08:00:41.023Z</time>
      </trkpt>
      <trkpt lat="45.933108" lon="6.750003">
        <ele>830.617980</ele>
        <time>2026-08-02T08:00:49.235Z</time>
      </trkpt>
      <trkpt lat="45.933285" lon="6.749791">
        <ele>831.891257</ele>
        <time>2026-08-02T08:00:58.085Z</time>
      </trkpt>
      <trkpt lat="45.933442" lon="6.749539">
        <ele>833.191805</ele>
        <time>2026-08-02T08:01:06.353Z</time>
      </trkpt>
      <trkpt lat="45.933574" lon="6.749408">
        <ele>834.078307</ele>
        <time>2026-08-02T08:01:12.277Z</time>
      </trkpt>
      <trkpt lat="45.933729" lon="6.749329">
        <ele>834.987249</ele>
        <time>2026-08-02T08:01:18.621Z</time>
      </trkpt>
      <trkpt lat="45.933971" lon="6.749277">
        <ele>836.339676</ele>
        <time>2026-08-02T08:01:28.825Z</time>
      </trkpt>
      <trkpt lat="45.934141" lon="6.749221">
        <ele>837.303637</ele>
        <time>2026-08-02T08:01:36.654Z</time>
      </trkpt>
      <trkpt lat="45.934305" lon="6.749072">
        <ele>838.366871</ele>
        <time>2026-08-02T08:01:45.215Z</time>
      </trkpt>
      <trkpt lat="45.934409" lon="6.748870">
        <ele>839.115491</ele>
        <time>2026-08-02T08:01:52.947Z</time>
      </trkpt>
      <trkpt lat="45.934545" lon="6.748438">
        <ele>840.527966</ele>
        <time>2026-08-02T08:02:06.595Z</time>
      </trkpt>
      <trkpt lat="45.934607" lon="6.748361">
        <ele>840.878845</ele>
        <time>2026-08-02T08:02:09.708Z</time>
      </trkpt>
      <trkpt lat="45.935002" lon="6.748102">
        <ele>842.738187</ele>
        <time>2026-08-02T08:02:21.541Z</time>
      </trkpt>
      <trkpt lat="45.935075" lon="6.747935">
        <ele>843.325715</ele>
        <time>2026-08-02T08:02:24.817Z</time>
      </trkpt>
      <trkpt lat="45.935107" lon="6.747745">
        <ele>843.908013</ele>
        <time>2026-08-02T08:02:28.222Z</time>
      </trkpt>
      <trkpt lat="45.935115" lon="6.747377">
        <ele>845.004685</ele>
        <time>2026-08-02T08:02:35.478Z</time>
      </trkpt>
      <trkpt lat="45.935334" lon="6.746730">
        <ele>846.107047</ele>
        <time>2026-08-02T08:02:50.213Z</time>
      </trkpt>
      <trkpt lat="45.935407" lon="6.746602">
        <ele>846.137205</ele>
        <time>2026-08-02T08:02:52.996Z</time>
      </trkpt>
      <trkpt lat="45.935542" lon="6.746442">
        <ele>846.183036</ele>
        <time>2026-08-02T08:02:56.664Z</time>
      </trkpt>
      <trkpt lat="45.935635" lon="6.746370">
        <ele>846.210706</ele>
        <time>2026-08-02T08:02:58.646Z</time>
      </trkpt>
      <trkpt lat="45.935844" lon="6.746300">
        <ele>846.266922</ele>
        <time>2026-08-02T08:03:01.891Z</time>
      </trkpt>
      <trkpt lat="45.935897" lon="6.746302">
        <ele>846.280811</ele>
        <time>2026-08-02T08:03:02.758Z</time>
      </trkpt>
      <trkpt lat="45.936223" lon="6.746252">
        <ele>846.366696</ele>
        <time>2026-08-02T08:03:06.968Z</time>
      </trkpt>
      <trkpt lat="45.936310" lon="6.746122">
        <ele>846.399565</ele>
        <time>2026-08-02T08:03:08.541Z</time>
      </trkpt>
      <trkpt lat="45.936338" lon="6.745959">
        <ele>846.430154</ele>
        <time>2026-08-02T08:03:09.909Z</time>
      </trkpt>
      <trkpt lat="45.936330" lon="6.745169">
        <ele>846.126875</ele>
        <time>2026-08-02T08:03:15.870Z</time>
      </trkpt>
      <trkpt lat="45.936604" lon="6.744012">
        <ele>844.785835</ele>
        <time>2026-08-02T08:03:24.623Z</time>
      </trkpt>
      <trkpt lat="45.936653" lon="6.743851">
        <ele>844.593011</ele>
        <time>2026-08-02T08:03:26.139Z</time>
      </trkpt>
      <trkpt lat="45.936765" lon="6.743614">
        <ele>844.278622</ele>
        <time>2026-08-02T08:03:28.914Z</time>
      </trkpt>
      <trkpt lat="45.936881" lon="6.743459">
        <ele>844.028794</ele>
        <time>2026-08-02T08:03:31.445Z</time>
      </trkpt>
      <trkpt lat="45.936943" lon="6.743414">
        <ele>843.919224</ele>
        <time>2026-08-02T08:03:32.641Z</time>
      </trkpt>
      <trkpt lat="45.937960" lon="6.742770">
        <ele>844.421288</ele>
        <time>2026-08-02T08:03:49.389Z</time>
      </trkpt>
      <trkpt lat="45.938186" lon="6.742484">
        <ele>844.657254</ele>
        <time>2026-08-02T08:03:56.511Z</time>
      </trkpt>
      <trkpt lat="45.938456" lon="6.742161">
        <ele>844.932538</ele>
        <time>2026-08-02T08:04:05.064Z</time>
      </trkpt>
      <trkpt lat="45.938690" lon="6.741935">
        <ele>844.741401</ele>
        <time>2026-08-02T08:04:10.983Z</time>
      </trkpt>
      <trkpt lat="45.938899" lon="6.741707">
        <ele>843.753022</ele>
        <time>2026-08-02T08:04:15.069Z</time>
      </trkpt>
      <trkpt lat="45.939026" lon="6.741494">
        <ele>843.017909</ele>
        <time>2026-08-02T08:04:17.863Z</time>
      </trkpt>
      <trkpt lat="45.939064" lon="6.741365">
        <ele>842.650849</ele>
        <time>2026-08-02T08:04:19.149Z</time>
      </trkpt>
      <trkpt lat="45.939105" lon="6.741050">
        <ele>841.811200</ele>
        <time>2026-08-02T08:04:21.644Z</time>
      </trkpt>
      <trkpt lat="45.939099" lon="6.740946">
        <ele>841.537778</ele>
        <time>2026-08-02T08:04:22.363Z</time>
      </trkpt>
      <trkpt lat="45.939044" lon="6.740746">
        <ele>840.974282</ele>
        <time>2026-08-02T08:04:23.812Z</time>
      </trkpt>
      <trkpt lat="45.938894" lon="6.740172">
        <ele>839.367688</ele>
        <time>2026-08-02T08:04:27.672Z</time>
      </trkpt>
      <trkpt lat="45.938806" lon="6.739926">
        <ele>838.642877</ele>
        <time>2026-08-02T08:04:29.338Z</time>
      </trkpt>
      <trkpt lat="45.938372" lon="6.739288">
        <ele>833.904587</ele>
        <time>2026-08-02T08:04:34.667Z</time>
      </trkpt>
      <trkpt lat="45.938187" lon="6.738965">
        <ele>831.493586</ele>
        <time>2026-08-02T08:04:37.187Z</time>
      </trkpt>
      <trkpt lat="45.938078" lon="6.738594">
        <ele>829.173012</ele>
        <time>2026-08-02T08:04:39.659Z</time>
      </trkpt>
      <trkpt lat="45.937711" lon="6.737071">
        <ele>820.200055</ele>
        <time>2026-08-02T08:04:49.731Z</time>
      </trkpt>
      <trkpt lat="45.937506" lon="6.736337">
        <ele>816.049584</ele>
        <time>2026-08-02T08:04:54.590Z</time>
      </trkpt>
      <trkpt lat="45.937466" lon="6.735667">
        <ele>812.520986</ele>
        <time>2026-08-02T08:04:58.710Z</time>
      </trkpt>
      <trkpt lat="45.937543" lon="6.735342">
        <ele>810.719378</ele>
        <time>2026-08-02T08:05:00.815Z</time>
      </trkpt>
      <trkpt lat="45.937889" lon="6.734905">
        <ele>807.835823</ele>
        <time>2026-08-02T08:05:04.942Z</time>
      </trkpt>
      <trkpt lat="45.938034" lon="6.734674">
        <ele>806.575949</ele>
        <time>2026-08-02T08:05:06.942Z</time>
      </trkpt>
      <trkpt lat="45.938067" lon="6.734492">
        <ele>805.814458</ele>
        <time>2026-08-02T08:05:08.149Z</time>
      </trkpt>
      <trkpt lat="45.938060" lon="6.734239">
        <ele>804.789334</ele>
        <time>2026-08-02T08:05:09.789Z</time>
      </trkpt>
      <trkpt lat="45.938089" lon="6.734057">
        <ele>804.033382</ele>
        <time>2026-08-02T08:05:11.004Z</time>
      </trkpt>
      <trkpt lat="45.938237" lon="6.733754">
        <ele>802.534284</ele>
        <time>2026-08-02T08:05:13.406Z</time>
      </trkpt>
      <trkpt lat="45.938286" lon="6.733601">
        <ele>801.852310</ele>
        <time>2026-08-02T08:05:14.496Z</time>
      </trkpt>
      <trkpt lat="45.938296" lon="6.733451">
        <ele>801.242228</ele>
        <time>2026-08-02T08:05:15.473Z</time>
      </trkpt>
      <trkpt lat="45.938255" lon="6.733219">
        <ele>800.273087</ele>
        <time>2026-08-02T08:05:17.026Z</time>
      </trkpt>
      <trkpt lat="45.938166" lon="6.733051">
        <ele>799.418041</ele>
        <time>2026-08-02T08:05:18.401Z</time>
      </trkpt>
      <trkpt lat="45.937823" lon="6.732508">
        <ele>797.706221</ele>
        <time>2026-08-02T08:05:23.238Z</time>
      </trkpt>
      <trkpt lat="45.937740" lon="6.732374">
        <ele>797.293455</ele>
        <time>2026-08-02T08:05:24.467Z</time>
      </trkpt>
      <trkpt lat="45.937656" lon="6.732244">
        <ele>796.885270</ele>
        <time>2026-08-02T08:05:25.713Z</time>
      </trkpt>
      <trkpt lat="45.937094" lon="6.731260">
        <ele>793.956334</ele>
        <time>2026-08-02T08:05:35.544Z</time>
      </trkpt>
      <trkpt lat="45.936974" lon="6.730991">
        <ele>793.058536</ele>
        <time>2026-08-02T08:05:37.970Z</time>
      </trkpt>
      <trkpt lat="45.936859" lon="6.730500">
        <ele>790.851729</ele>
        <time>2026-08-02T08:05:41.549Z</time>
      </trkpt>
      <trkpt lat="45.936788" lon="6.730378">
        <ele>790.174131</ele>
        <time>2026-08-02T08:05:42.587Z</time>
      </trkpt>
      <trkpt lat="45.936698" lon="6.730285">
        <ele>789.495332</ele>
        <time>2026-08-02T08:05:43.605Z</time>
      </trkpt>
      <trkpt lat="45.936526" lon="6.730234">
        <ele>788.419715</ele>
        <time>2026-08-02T08:05:45.195Z</time>
      </trkpt>
      <trkpt lat="45.936003" lon="6.730325">
        <ele>785.193115</ele>
        <time>2026-08-02T08:05:49.838Z</time>
      </trkpt>
      <trkpt lat="45.935746" lon="6.730318">
        <ele>783.618777</ele>
        <time>2026-08-02T08:05:52.083Z</time>
      </trkpt>
      <trkpt lat="45.935538" lon="6.730274">
        <ele>782.333571</ele>
        <time>2026-08-02T08:05:53.929Z</time>
      </trkpt>
      <trkpt lat="45.935289" lon="6.730104">
        <ele>780.709079</ele>
        <time>2026-08-02T08:05:56.424Z</time>
      </trkpt>
      <trkpt lat="45.934969" lon="6.729825">
        <ele>778.503554</ele>
        <time>2026-08-02T08:05:59.894Z</time>
      </trkpt>
      <trkpt lat="45.934888" lon="6.729634">
        <ele>777.586627</ele>
        <time>2026-08-02T08:06:01.338Z</time>
      </trkpt>
      <trkpt lat="45.934918" lon="6.729172">
        <ele>775.684768</ele>
        <time>2026-08-02T08:06:04.358Z</time>
      </trkpt>
      <trkpt lat="45.934900" lon="6.728949">
        <ele>774.764610</ele>
        <time>2026-08-02T08:06:05.832Z</time>
      </trkpt>
      <trkpt lat="45.934856" lon="6.728827">
        <ele>774.201325</ele>
        <time>2026-08-02T08:06:06.745Z</time>
      </trkpt>
      <trkpt lat="45.934779" lon="6.728721">
        <ele>773.573078</ele>
        <time>2026-08-02T08:06:07.731Z</time>
      </trkpt>
      <trkpt lat="45.934708" lon="6.728650">
        <ele>773.063396</ele>
        <time>2026-08-02T08:06:08.544Z</time>
      </trkpt>
      <trkpt lat="45.934298" lon="6.728510">
        <ele>770.982977</ele>
        <time>2026-08-02T08:06:12.442Z</time>
      </trkpt>
      <trkpt lat="45.934139" lon="6.728375">
        <ele>770.255520</ele>
        <time>2026-08-02T08:06:14.161Z</time>
      </trkpt>
      <trkpt lat="45.934057" lon="6.728229">
        <ele>769.741336</ele>
        <time>2026-08-02T08:06:15.388Z</time>
      </trkpt>
      <trkpt lat="45.934023" lon="6.727986">
        <ele>769.062190</ele>
        <time>2026-08-02T08:06:16.983Z</time>
      </trkpt>
      <trkpt lat="45.934037" lon="6.727853">
        <ele>768.693628</ele>
        <time>2026-08-02T08:06:17.843Z</time>
      </trkpt>
      <trkpt lat="45.934077" lon="6.727741">
        <ele>768.348658</ele>
        <time>2026-08-02T08:06:18.669Z</time>
      </trkpt>
      <trkpt lat="45.934270" lon="6.727456">
        <ele>767.258750</ele>
        <time>2026-08-02T08:06:21.399Z</time>
      </trkpt>
      <trkpt lat="45.934838" lon="6.726419">
        <ele>763.948832</ele>
        <time>2026-08-02T08:06:31.263Z</time>
      </trkpt>
      <trkpt lat="45.934896" lon="6.726156">
        <ele>763.410054</ele>
        <time>2026-08-02T08:06:33.713Z</time>
      </trkpt>
      <trkpt lat="45.934887" lon="6.725971">
        <ele>763.047910</ele>
        <time>2026-08-02T08:06:35.338Z</time>
      </trkpt>
      <trkpt lat="45.934795" lon="6.725438">
        <ele>761.975511</ele>
        <time>2026-08-02T08:06:39.812Z</time>
      </trkpt>
      <trkpt lat="45.934897" lon="6.724294">
        <ele>759.723267</ele>
        <time>2026-08-02T08:06:47.687Z</time>
      </trkpt>
      <trkpt lat="45.934988" lon="6.723956">
        <ele>758.333825</ele>
        <time>2026-08-02T08:06:50.059Z</time>
      </trkpt>
      <trkpt lat="45.935001" lon="6.723782">
        <ele>757.630396</ele>
        <time>2026-08-02T08:06:51.200Z</time>
      </trkpt>
      <trkpt lat="45.934922" lon="6.723319">
        <ele>755.714146</ele>
        <time>2026-08-02T08:06:54.269Z</time>
      </trkpt>
      <trkpt lat="45.934854" lon="6.722714">
        <ele>753.250753</ele>
        <time>2026-08-02T08:06:58.175Z</time>
      </trkpt>
      <trkpt lat="45.934493" lon="6.722089">
        <ele>749.985086</ele>
        <time>2026-08-02T08:07:03.320Z</time>
      </trkpt>
      <trkpt lat="45.934432" lon="6.721927">
        <ele>749.241690</ele>
        <time>2026-08-02T08:07:04.481Z</time>
      </trkpt>
      <trkpt lat="45.934398" lon="6.721751">
        <ele>748.398185</ele>
        <time>2026-08-02T08:07:05.631Z</time>
      </trkpt>
      <trkpt lat="45.934391" lon="6.721525">
        <ele>747.353526</ele>
        <time>2026-08-02T08:07:07.062Z</time>
      </trkpt>
      <trkpt lat="45.934431" lon="6.720885">
        <ele>744.386218</ele>
        <time>2026-08-02T08:07:11.108Z</time>
      </trkpt>
      <trkpt lat="45.934418" lon="6.720713">
        <ele>743.587278</ele>
        <time>2026-08-02T08:07:12.200Z</time>
      </trkpt>
      <trkpt lat="45.934365" lon="6.720555">
        <ele>742.777232</ele>
        <time>2026-08-02T08:07:13.309Z</time>
      </trkpt>
      <trkpt lat="45.934320" lon="6.720491">
        <ele>742.356973</ele>
        <time>2026-08-02T08:07:13.889Z</time>
      </trkpt>
      <trkpt lat="45.933998" lon="6.720257">
        <ele>739.961424</ele>
        <time>2026-08-02T08:07:17.110Z</time>
      </trkpt>
      <trkpt lat="45.933904" lon="6.720155">
        <ele>739.179501</ele>
        <time>2026-08-02T08:07:18.152Z</time>
      </trkpt>
      <trkpt lat="45.933545" lon="6.719354">
        <ele>735.503732</ele>
        <time>2026-08-02T08:07:24.156Z</time>
      </trkpt>
      <trkpt lat="45.933513" lon="6.719428">
        <ele>735.216028</ele>
        <time>2026-08-02T08:07:24.692Z</time>
      </trkpt>
      <trkpt lat="45.933608" lon="6.719697">
        <ele>734.219922</ele>
        <time>2026-08-02T08:07:26.674Z</time>
      </trkpt>
      <trkpt lat="45.934002" lon="6.721146">
        <ele>729.083113</ele>
        <time>2026-08-02T08:07:37.370Z</time>
      </trkpt>
      <trkpt lat="45.934050" lon="6.721407">
        <ele>727.724630</ele>
        <time>2026-08-02T08:07:39.302Z</time>
      </trkpt>
      <trkpt lat="45.933942" lon="6.722077">
        <ele>723.659492</ele>
        <time>2026-08-02T08:07:43.944Z</time>
      </trkpt>
      <trkpt lat="45.933807" lon="6.722514">
        <ele>720.833167</ele>
        <time>2026-08-02T08:07:46.876Z</time>
      </trkpt>
      <trkpt lat="45.933821" lon="6.722715">
        <ele>719.639171</ele>
        <time>2026-08-02T08:07:48.082Z</time>
      </trkpt>
      <trkpt lat="45.933966" lon="6.723212">
        <ele>716.453550</ele>
        <time>2026-08-02T08:07:51.263Z</time>
      </trkpt>
      <trkpt lat="45.933940" lon="6.723320">
        <ele>715.778033</ele>
        <time>2026-08-02T08:07:51.929Z</time>
      </trkpt>
      <trkpt lat="45.933866" lon="6.723362">
        <ele>715.101910</ele>
        <time>2026-08-02T08:07:52.595Z</time>
      </trkpt>
      <trkpt lat="45.933777" lon="6.723350">
        <ele>714.342212</ele>
        <time>2026-08-02T08:07:53.343Z</time>
      </trkpt>
      <trkpt lat="45.933323" lon="6.723103">
        <ele>708.896699</ele>
        <time>2026-08-02T08:07:57.424Z</time>
      </trkpt>
      <trkpt lat="45.933060" lon="6.722921">
        <ele>705.417767</ele>
        <time>2026-08-02T08:07:59.871Z</time>
      </trkpt>
      <trkpt lat="45.932905" lon="6.722766">
        <ele>703.167391</ele>
        <time>2026-08-02T08:08:01.457Z</time>
      </trkpt>
      <trkpt lat="45.932802" lon="6.722573">
        <ele>701.150713</ele>
        <time>2026-08-02T08:08:02.878Z</time>
      </trkpt>
      <trkpt lat="45.932770" lon="6.722429">
        <ele>699.897524</ele>
        <time>2026-08-02T08:08:03.771Z</time>
      </trkpt>
      <trkpt lat="45.932751" lon="6.722140">
        <ele>697.491081</ele>
        <time>2026-08-02T08:08:05.488Z</time>
      </trkpt>
      <trkpt lat="45.932820" lon="6.721052">
        <ele>688.149649</ele>
        <time>2026-08-02T08:08:12.009Z</time>
      </trkpt>
      <trkpt lat="45.932771" lon="6.720870">
        <ele>686.404721</ele>
        <time>2026-08-02T08:08:13.172Z</time>
      </trkpt>
      <trkpt lat="45.932727" lon="6.720819">
        <ele>685.678169</ele>
        <time>2026-08-02T08:08:13.651Z</time>
      </trkpt>
      <trkpt lat="45.932629" lon="6.720796">
        <ele>684.401661</ele>
        <time>2026-08-02T08:08:14.498Z</time>
      </trkpt>
      <trkpt lat="45.932572" lon="6.720821">
        <ele>683.635565</ele>
        <time>2026-08-02T08:08:14.996Z</time>
      </trkpt>
      <trkpt lat="45.932498" lon="6.720918">
        <ele>682.348259</ele>
        <time>2026-08-02T08:08:15.850Z</time>
      </trkpt>
      <trkpt lat="45.932198" lon="6.721730">
        <ele>674.127346</ele>
        <time>2026-08-02T08:08:21.197Z</time>
      </trkpt>
      <trkpt lat="45.932093" lon="6.721958">
        <ele>671.682393</ele>
        <time>2026-08-02T08:08:22.777Z</time>
      </trkpt>
      <trkpt lat="45.932056" lon="6.721997">
        <ele>671.092614</ele>
        <time>2026-08-02T08:08:23.156Z</time>
      </trkpt>
      <trkpt lat="45.931960" lon="6.722018">
        <ele>669.844288</ele>
        <time>2026-08-02T08:08:23.965Z</time>
      </trkpt>
      <trkpt lat="45.931872" lon="6.721979">
        <ele>668.650927</ele>
        <time>2026-08-02T08:08:24.735Z</time>
      </trkpt>
      <trkpt lat="45.931825" lon="6.721920">
        <ele>667.821018</ele>
        <time>2026-08-02T08:08:25.246Z</time>
      </trkpt>
      <trkpt lat="45.931596" lon="6.721403">
        <ele>662.150550</ele>
        <time>2026-08-02T08:08:28.781Z</time>
      </trkpt>
      <trkpt lat="45.931490" lon="6.721065">
        <ele>658.720443</ele>
        <time>2026-08-02T08:08:30.914Z</time>
      </trkpt>
      <trkpt lat="45.931458" lon="6.720805">
        <ele>656.277737</ele>
        <time>2026-08-02T08:08:32.437Z</time>
      </trkpt>
      <trkpt lat="45.931490" lon="6.720196">
        <ele>650.627645</ele>
        <time>2026-08-02T08:08:36.008Z</time>
      </trkpt>
      <trkpt lat="45.931449" lon="6.720078">
        <ele>649.407352</ele>
        <time>2026-08-02T08:08:36.784Z</time>
      </trkpt>
      <trkpt lat="45.931356" lon="6.720013">
        <ele>648.031916</ele>
        <time>2026-08-02T08:08:37.672Z</time>
      </trkpt>
      <trkpt lat="45.931260" lon="6.720037">
        <ele>646.735832</ele>
        <time>2026-08-02T08:08:38.514Z</time>
      </trkpt>
      <trkpt lat="45.931225" lon="6.720080">
        <ele>646.123473</ele>
        <time>2026-08-02T08:08:38.906Z</time>
      </trkpt>
      <trkpt lat="45.931168" lon="6.720312">
        <ele>644.250477</ele>
        <time>2026-08-02T08:08:40.381Z</time>
      </trkpt>
      <trkpt lat="45.931120" lon="6.720729">
        <ele>641.694287</ele>
        <time>2026-08-02T08:08:42.929Z</time>
      </trkpt>
      <trkpt lat="45.930972" lon="6.721117">
        <ele>639.018063</ele>
        <time>2026-08-02T08:08:45.610Z</time>
      </trkpt>
      <trkpt lat="45.930948" lon="6.721235">
        <ele>638.274547</ele>
        <time>2026-08-02T08:08:46.360Z</time>
      </trkpt>
      <trkpt lat="45.930951" lon="6.721490">
        <ele>636.732160</ele>
        <time>2026-08-02T08:08:47.952Z</time>
      </trkpt>
      <trkpt lat="45.931060" lon="6.722273">
        <ele>631.902890</ele>
        <time>2026-08-02T08:08:52.932Z</time>
      </trkpt>
      <trkpt lat="45.931031" lon="6.722594">
        <ele>629.945270</ele>
        <time>2026-08-02T08:08:54.911Z</time>
      </trkpt>
      <trkpt lat="45.930866" lon="6.723351">
        <ele>624.955722</ele>
        <time>2026-08-02T08:08:59.684Z</time>
      </trkpt>
      <trkpt lat="45.930659" lon="6.724286">
        <ele>618.752005</ele>
        <time>2026-08-02T08:09:05.547Z</time>
      </trkpt>
      <trkpt lat="45.930597" lon="6.724407">
        <ele>617.801805</ele>
        <time>2026-08-02T08:09:06.460Z</time>
      </trkpt>
      <trkpt lat="45.930500" lon="6.724484">
        <ele>616.794596</ele>
        <time>2026-08-02T08:09:07.419Z</time>
      </trkpt>
      <trkpt lat="45.930402" lon="6.724481">
        <ele>615.903562</ele>
        <time>2026-08-02T08:09:08.271Z</time>
      </trkpt>
      <trkpt lat="45.930321" lon="6.724423">
        <ele>615.080999</ele>
        <time>2026-08-02T08:09:09.067Z</time>
      </trkpt>
      <trkpt lat="45.930265" lon="6.724327">
        <ele>614.288833</ele>
        <time>2026-08-02T08:09:09.832Z</time>
      </trkpt>
      <trkpt lat="45.930078" lon="6.723631">
        <ele>610.970307</ele>
        <time>2026-08-02T08:09:14.424Z</time>
      </trkpt>
      <trkpt lat="45.929964" lon="6.723406">
        <ele>609.923736</ele>
        <time>2026-08-02T08:09:16.156Z</time>
      </trkpt>
      <trkpt lat="45.929894" lon="6.723326">
        <ele>609.440378</ele>
        <time>2026-08-02T08:09:16.965Z</time>
      </trkpt>
      <trkpt lat="45.929763" lon="6.723251">
        <ele>608.678192</ele>
        <time>2026-08-02T08:09:18.256Z</time>
      </trkpt>
      <trkpt lat="45.929625" lon="6.723241">
        <ele>607.931298</ele>
        <time>2026-08-02T08:09:19.567Z</time>
      </trkpt>
      <trkpt lat="45.929094" lon="6.723373">
        <ele>605.018437</ele>
        <time>2026-08-02T08:09:24.802Z</time>
      </trkpt>
      <trkpt lat="45.928784" lon="6.723445">
        <ele>603.321035</ele>
        <time>2026-08-02T08:09:27.947Z</time>
      </trkpt>
      <trkpt lat="45.928042" lon="6.723656">
        <ele>601.724088</ele>
        <time>2026-08-02T08:09:36.001Z</time>
      </trkpt>
      <trkpt lat="45.927824" lon="6.722666">
        <ele>600.211426</ele>
        <time>2026-08-02T08:09:44.205Z</time>
      </trkpt>
      <trkpt lat="45.927756" lon="6.722227">
        <ele>599.556274</ele>
        <time>2026-08-02T08:09:47.766Z</time>
      </trkpt>
      <trkpt lat="45.927701" lon="6.721852">
        <ele>599.225489</ele>
        <time>2026-08-02T08:09:50.840Z</time>
      </trkpt>
      <trkpt lat="45.927637" lon="6.721438">
        <ele>598.870319</ele>
        <time>2026-08-02T08:09:54.302Z</time>
      </trkpt>
      <trkpt lat="45.927603" lon="6.721183">
        <ele>598.652877</ele>
        <time>2026-08-02T08:09:56.445Z</time>
      </trkpt>
      <trkpt lat="45.927544" lon="6.720792">
        <ele>598.317810</ele>
        <time>2026-08-02T08:09:59.694Z</time>
      </trkpt>
      <trkpt lat="45.927526" lon="6.720689">
        <ele>598.228870</ele>
        <time>2026-08-02T08:10:00.562Z</time>
      </trkpt>
      <trkpt lat="45.927453" lon="6.720143">
        <ele>597.763242</ele>
        <time>2026-08-02T08:10:05.126Z</time>
      </trkpt>
      <trkpt lat="45.927401" lon="6.719907">
        <ele>597.555920</ele>
        <time>2026-08-02T08:10:07.271Z</time>
      </trkpt>
      <trkpt lat="45.927260" lon="6.719685">
        <ele>597.318416</ele>
        <time>2026-08-02T08:10:09.975Z</time>
      </trkpt>
      <trkpt lat="45.926860" lon="6.719274">
        <ele>596.859574</ele>
        <time>2026-08-02T08:10:16.672Z</time>
      </trkpt>
      <trkpt lat="45.926759" lon="6.719176">
        <ele>596.745856</ele>
        <time>2026-08-02T08:10:18.299Z</time>
      </trkpt>
      <trkpt lat="45.926694" lon="6.719278">
        <ele>596.656056</ele>
        <time>2026-08-02T08:10:19.557Z</time>
      </trkpt>
      <trkpt lat="45.926306" lon="6.719358">
        <ele>596.290248</ele>
        <time>2026-08-02T08:10:24.384Z</time>
      </trkpt>
      <trkpt lat="45.926253" lon="6.719374">
        <ele>596.239707</ele>
        <time>2026-08-02T08:10:25.021Z</time>
      </trkpt>
      <trkpt lat="45.926145" lon="6.719471">
        <ele>596.120862</ele>
        <time>2026-08-02T08:10:26.516Z</time>
      </trkpt>
      <trkpt lat="45.926056" lon="6.719552">
        <ele>596.022558</ele>
        <time>2026-08-02T08:10:27.756Z</time>
      </trkpt>
      <trkpt lat="45.925949" lon="6.719636">
        <ele>595.908781</ele>
        <time>2026-08-02T08:10:29.190Z</time>
      </trkpt>
      <trkpt lat="45.925835" lon="6.719651">
        <ele>595.801946</ele>
        <time>2026-08-02T08:10:30.549Z</time>
      </trkpt>
      <trkpt lat="45.925810" lon="6.719544">
        <ele>595.728672</ele>
        <time>2026-08-02T08:10:31.475Z</time>
      </trkpt>
      <trkpt lat="45.925708" lon="6.719220">
        <ele>595.349764</ele>
        <time>2026-08-02T08:10:34.383Z</time>
      </trkpt>
      <trkpt lat="45.925507" lon="6.718750">
        <ele>594.714259</ele>
        <time>2026-08-02T08:10:38.758Z</time>
      </trkpt>
      <trkpt lat="45.925240" lon="6.718377">
        <ele>594.097755</ele>
        <time>2026-08-02T08:10:42.876Z</time>
      </trkpt>
      <trkpt lat="45.924979" lon="6.718101">
        <ele>593.561224</ele>
        <time>2026-08-02T08:10:46.432Z</time>
      </trkpt>
      <trkpt lat="45.923799" lon="6.717170">
        <ele>591.295098</ele>
        <time>2026-08-02T08:11:01.843Z</time>
      </trkpt>
      <trkpt lat="45.922939" lon="6.716508">
        <ele>589.640990</ele>
        <time>2026-08-02T08:11:12.646Z</time>
      </trkpt>
      <trkpt lat="45.922382" lon="6.716115">
        <ele>588.915668</ele>
        <time>2026-08-02T08:11:19.603Z</time>
      </trkpt>
      <trkpt lat="45.920881" lon="6.715078">
        <ele>587.241167</ele>
        <time>2026-08-02T08:11:40.580Z</time>
      </trkpt>
      <trkpt lat="45.920223" lon="6.714579">
        <ele>586.779554</ele>
        <time>2026-08-02T08:11:51.103Z</time>
      </trkpt>
      <trkpt lat="45.919182" lon="6.713799">
        <ele>585.648225</ele>
        <time>2026-08-02T08:12:05.550Z</time>
      </trkpt>
      <trkpt lat="45.918619" lon="6.713376">
        <ele>584.838275</ele>
        <time>2026-08-02T08:12:12.753Z</time>
      </trkpt>
      <trkpt lat="45.916393" lon="6.711716">
        <ele>581.899727</ele>
        <time>2026-08-02T08:12:42.460Z</time>
      </trkpt>
      <trkpt lat="45.913878" lon="6.709928">
        <ele>580.290512</ele>
        <time>2026-08-02T08:13:19.383Z</time>
      </trkpt>
      <trkpt lat="45.913542" lon="6.709597">
        <ele>580.104296</ele>
        <time>2026-08-02T08:13:25.049Z</time>
      </trkpt>
      <trkpt lat="45.913392" lon="6.709376">
        <ele>580.006098</ele>
        <time>2026-08-02T08:13:28.000Z</time>
      </trkpt>
      <trkpt lat="45.913309" lon="6.709199">
        <ele>579.927828</ele>
        <time>2026-08-02T08:13:30.021Z</time>
      </trkpt>
      <trkpt lat="45.913304" lon="6.709027">
        <ele>579.864228</ele>
        <time>2026-08-02T08:13:31.638Z</time>
      </trkpt>
      <trkpt lat="45.913319" lon="6.708887">
        <ele>579.811895</ele>
        <time>2026-08-02T08:13:32.953Z</time>
      </trkpt>
      <trkpt lat="45.913391" lon="6.708786">
        <ele>579.758472</ele>
        <time>2026-08-02T08:13:34.310Z</time>
      </trkpt>
      <trkpt lat="45.913412" lon="6.708609">
        <ele>579.692135</ele>
        <time>2026-08-02T08:13:36.013Z</time>
      </trkpt>
      <trkpt lat="45.913390" lon="6.708523">
        <ele>579.658283</ele>
        <time>2026-08-02T08:13:36.866Z</time>
      </trkpt>
      <trkpt lat="45.913346" lon="6.708449">
        <ele>579.622320</ele>
        <time>2026-08-02T08:13:37.807Z</time>
      </trkpt>
      <trkpt lat="45.913264" lon="6.708396">
        <ele>579.574577</ele>
        <time>2026-08-02T08:13:39.046Z</time>
      </trkpt>
      <trkpt lat="45.913189" lon="6.708399">
        <ele>579.534736</ele>
        <time>2026-08-02T08:13:40.116Z</time>
      </trkpt>
      <trkpt lat="45.913121" lon="6.708444">
        <ele>579.494984</ele>
        <time>2026-08-02T08:13:41.169Z</time>
      </trkpt>
      <trkpt lat="45.913025" lon="6.708401">
        <ele>579.441589</ele>
        <time>2026-08-02T08:13:42.613Z</time>
      </trkpt>
      <trkpt lat="45.912858" lon="6.708296">
        <ele>579.344796</ele>
        <time>2026-08-02T08:13:45.174Z</time>
      </trkpt>
      <trkpt lat="45.912505" lon="6.707949">
        <ele>579.117702</ele>
        <time>2026-08-02T08:13:50.504Z</time>
      </trkpt>
      <trkpt lat="45.912153" lon="6.707711">
        <ele>579.122566</ele>
        <time>2026-08-02T08:13:54.995Z</time>
      </trkpt>
      <trkpt lat="45.911940" lon="6.707570">
        <ele>579.191319</ele>
        <time>2026-08-02T08:13:57.784Z</time>
      </trkpt>
      <trkpt lat="45.911436" lon="6.707223">
        <ele>579.355161</ele>
        <time>2026-08-02T08:14:06.350Z</time>
      </trkpt>
      <trkpt lat="45.911376" lon="6.707179">
        <ele>579.374909</ele>
        <time>2026-08-02T08:14:07.506Z</time>
      </trkpt>
      <trkpt lat="45.911005" lon="6.706932">
        <ele>579.494782</ele>
        <time>2026-08-02T08:14:15.396Z</time>
      </trkpt>
      <trkpt lat="45.910911" lon="6.706875">
        <ele>579.524694</ele>
        <time>2026-08-02T08:14:17.463Z</time>
      </trkpt>
      <trkpt lat="45.910943" lon="6.706811">
        <ele>579.540770</ele>
        <time>2026-08-02T08:14:18.501Z</time>
      </trkpt>
      <trkpt lat="45.910219" lon="6.706354">
        <ele>580.691495</ele>
        <time>2026-08-02T08:14:36.878Z</time>
      </trkpt>
      <trkpt lat="45.909060" lon="6.705556">
        <ele>582.921643</ele>
        <time>2026-08-02T08:15:03.842Z</time>
      </trkpt>
      <trkpt lat="45.908811" lon="6.705391">
        <ele>583.551877</ele>
        <time>2026-08-02T08:15:09.128Z</time>
      </trkpt>
      <trkpt lat="45.908792" lon="6.705451">
        <ele>583.657305</ele>
        <time>2026-08-02T08:15:10.057Z</time>
      </trkpt>
      <trkpt lat="45.908046" lon="6.704965">
        <ele>585.539934</ele>
        <time>2026-08-02T08:15:30.031Z</time>
      </trkpt>
      <trkpt lat="45.907560" lon="6.704651">
        <ele>586.776379</ele>
        <time>2026-08-02T08:15:44.090Z</time>
      </trkpt>
      <trkpt lat="45.907479" lon="6.704600">
        <ele>587.009235</ele>
        <time>2026-08-02T08:15:46.427Z</time>
      </trkpt>
      <trkpt lat="45.907237" lon="6.704450">
        <ele>587.703199</ele>
        <time>2026-08-02T08:15:53.889Z</time>
      </trkpt>
      <trkpt lat="45.907005" lon="6.704290">
        <ele>588.380789</ele>
        <time>2026-08-02T08:16:01.473Z</time>
      </trkpt>
      <trkpt lat="45.906954" lon="6.704258">
        <ele>588.527321</ele>
        <time>2026-08-02T08:16:03.105Z</time>
      </trkpt>
      <trkpt lat="45.906822" lon="6.704167">
        <ele>588.912819</ele>
        <time>2026-08-02T08:16:07.103Z</time>
      </trkpt>
      <trkpt lat="45.906458" lon="6.703917">
        <ele>589.975117</ele>
        <time>2026-08-02T08:16:17.271Z</time>
      </trkpt>
      <trkpt lat="45.906184" lon="6.703729">
        <ele>590.774613</ele>
        <time>2026-08-02T08:16:23.231Z</time>
      </trkpt>
      <trkpt lat="45.905898" lon="6.703534">
        <ele>591.684467</ele>
        <time>2026-08-02T08:16:29.766Z</time>
      </trkpt>
      <trkpt lat="45.905599" lon="6.703416">
        <ele>592.833120</ele>
        <time>2026-08-02T08:16:37.386Z</time>
      </trkpt>
      <trkpt lat="45.905321" lon="6.703357">
        <ele>593.874141</ele>
        <time>2026-08-02T08:16:45.348Z</time>
      </trkpt>
      <trkpt lat="45.905181" lon="6.703401">
        <ele>594.405029</ele>
        <time>2026-08-02T08:16:49.376Z</time>
      </trkpt>
      <trkpt lat="45.905096" lon="6.703445">
        <ele>594.739716</ele>
        <time>2026-08-02T08:16:51.818Z</time>
      </trkpt>
      <trkpt lat="45.905022" lon="6.703452">
        <ele>595.014442</ele>
        <time>2026-08-02T08:16:53.584Z</time>
      </trkpt>
      <trkpt lat="45.904983" lon="6.703536">
        <ele>595.274750</ele>
        <time>2026-08-02T08:16:55.620Z</time>
      </trkpt>
      <trkpt lat="45.904999" lon="6.703623">
        <ele>595.506717</ele>
        <time>2026-08-02T08:16:57.286Z</time>
      </trkpt>
      <trkpt lat="45.905058" lon="6.703669">
        <ele>595.755377</ele>
        <time>2026-08-02T08:16:59.200Z</time>
      </trkpt>
      <trkpt lat="45.905135" lon="6.703759">
        <ele>596.123058</ele>
        <time>2026-08-02T08:17:02.138Z</time>
      </trkpt>
      <trkpt lat="45.905258" lon="6.703906">
        <ele>596.715688</ele>
        <time>2026-08-02T08:17:07.348Z</time>
      </trkpt>
      <trkpt lat="45.905371" lon="6.704100">
        <ele>597.367853</ele>
        <time>2026-08-02T08:17:13.737Z</time>
      </trkpt>
      <trkpt lat="45.905501" lon="6.704347">
        <ele>598.223451</ele>
        <time>2026-08-02T08:17:22.281Z</time>
      </trkpt>
      <trkpt lat="45.905658" lon="6.704928">
        <ele>600.945346</ele>
        <time>2026-08-02T08:17:40.172Z</time>
      </trkpt>
      <trkpt lat="45.905831" lon="6.705687">
        <ele>604.433264</ele>
        <time>2026-08-02T08:18:02.947Z</time>
      </trkpt>
      <trkpt lat="45.905845" lon="6.705887">
        <ele>605.311089</ele>
        <time>2026-08-02T08:18:08.495Z</time>
      </trkpt>
      <trkpt lat="45.905937" lon="6.706369">
        <ele>607.493777</ele>
        <time>2026-08-02T08:18:22.529Z</time>
      </trkpt>
      <trkpt lat="45.906081" lon="6.707747">
        <ele>613.832318</ele>
        <time>2026-08-02T08:19:01.618Z</time>
      </trkpt>
      <trkpt lat="45.906168" lon="6.708265">
        <ele>616.299490</ele>
        <time>2026-08-02T08:19:15.779Z</time>
      </trkpt>
      <trkpt lat="45.906191" lon="6.708315">
        <ele>616.576997</ele>
        <time>2026-08-02T08:19:17.338Z</time>
      </trkpt>
      <trkpt lat="45.906257" lon="6.708472">
        <ele>617.426249</ele>
        <time>2026-08-02T08:19:22.066Z</time>
      </trkpt>
      <trkpt lat="45.906664" lon="6.709210">
        <ele>621.863349</ele>
        <time>2026-08-02T08:19:51.108Z</time>
      </trkpt>
      <trkpt lat="45.906730" lon="6.709378">
        <ele>622.911046</ele>
        <time>2026-08-02T08:19:57.662Z</time>
      </trkpt>
      <trkpt lat="45.906830" lon="6.709782">
        <ele>625.239661</ele>
        <time>2026-08-02T08:20:12.381Z</time>
      </trkpt>
      <trkpt lat="45.906842" lon="6.709876">
        <ele>625.758651</ele>
        <time>2026-08-02T08:20:15.651Z</time>
      </trkpt>
      <trkpt lat="45.906861" lon="6.710012">
        <ele>626.511942</ele>
        <time>2026-08-02T08:20:20.243Z</time>
      </trkpt>
      <trkpt lat="45.906905" lon="6.710314">
        <ele>628.187527</ele>
        <time>2026-08-02T08:20:30.988Z</time>
      </trkpt>
      <trkpt lat="45.907010" lon="6.710907">
        <ele>631.510454</ele>
        <time>2026-08-02T08:20:52.567Z</time>
      </trkpt>
      <trkpt lat="45.907288" lon="6.711729">
        <ele>636.280068</ele>
        <time>2026-08-02T08:21:19.746Z</time>
      </trkpt>
      <trkpt lat="45.907197" lon="6.711756">
        <ele>636.877226</ele>
        <time>2026-08-02T08:21:23.187Z</time>
      </trkpt>
      <trkpt lat="45.907096" lon="6.711708">
        <ele>637.560887</ele>
        <time>2026-08-02T08:21:26.856Z</time>
      </trkpt>
      <trkpt lat="45.907053" lon="6.711625">
        <ele>638.023626</ele>
        <time>2026-08-02T08:21:29.503Z</time>
      </trkpt>
      <trkpt lat="45.906995" lon="6.711293">
        <ele>639.554347</ele>
        <time>2026-08-02T08:21:38.032Z</time>
      </trkpt>
      <trkpt lat="45.906878" lon="6.711048">
        <ele>640.883148</ele>
        <time>2026-08-02T08:21:45.373Z</time>
      </trkpt>
      <trkpt lat="45.906810" lon="6.710975">
        <ele>641.428625</ele>
        <time>2026-08-02T08:21:48.378Z</time>
      </trkpt>
      <trkpt lat="45.906534" lon="6.710794">
        <ele>643.378327</ele>
        <time>2026-08-02T08:22:00.253Z</time>
      </trkpt>
      <trkpt lat="45.906303" lon="6.710585">
        <ele>645.132584</ele>
        <time>2026-08-02T08:22:11.427Z</time>
      </trkpt>
      <trkpt lat="45.906155" lon="6.710528">
        <ele>646.117290</ele>
        <time>2026-08-02T08:22:17.998Z</time>
      </trkpt>
      <trkpt lat="45.906085" lon="6.710573">
        <ele>646.610113</ele>
        <time>2026-08-02T08:22:21.523Z</time>
      </trkpt>
      <trkpt lat="45.906058" lon="6.710667">
        <ele>647.077257</ele>
        <time>2026-08-02T08:22:24.817Z</time>
      </trkpt>
      <trkpt lat="45.906073" lon="6.710855">
        <ele>648.004955</ele>
        <time>2026-08-02T08:22:31.100Z</time>
      </trkpt>
      <trkpt lat="45.906138" lon="6.711159">
        <ele>649.564068</ele>
        <time>2026-08-02T08:22:41.944Z</time>
      </trkpt>
      <trkpt lat="45.906277" lon="6.711806">
        <ele>652.883677</ele>
        <time>2026-08-02T08:23:05.699Z</time>
      </trkpt>
      <trkpt lat="45.906345" lon="6.712002">
        <ele>653.957364</ele>
        <time>2026-08-02T08:23:13.215Z</time>
      </trkpt>
      <trkpt lat="45.906657" lon="6.712655">
        <ele>657.840665</ele>
        <time>2026-08-02T08:23:38.406Z</time>
      </trkpt>
      <trkpt lat="45.906945" lon="6.713120">
        <ele>660.435645</ele>
        <time>2026-08-02T08:23:50.726Z</time>
      </trkpt>
      <trkpt lat="45.907122" lon="6.713394">
        <ele>661.616401</ele>
        <time>2026-08-02T08:23:56.457Z</time>
      </trkpt>
      <trkpt lat="45.907743" lon="6.714199">
        <ele>665.412122</ele>
        <time>2026-08-02T08:24:18.332Z</time>
      </trkpt>
      <trkpt lat="45.907767" lon="6.714230">
        <ele>665.558581</ele>
        <time>2026-08-02T08:24:19.587Z</time>
      </trkpt>
      <trkpt lat="45.907973" lon="6.714623">
        <ele>667.112481</ele>
        <time>2026-08-02T08:24:32.518Z</time>
      </trkpt>
      <trkpt lat="45.907992" lon="6.714698">
        <ele>667.364549</ele>
        <time>2026-08-02T08:24:34.610Z</time>
      </trkpt>
      <trkpt lat="45.907968" lon="6.714833">
        <ele>667.840204</ele>
        <time>2026-08-02T08:24:38.659Z</time>
      </trkpt>
      <trkpt lat="45.907915" lon="6.714906">
        <ele>668.537244</ele>
        <time>2026-08-02T08:24:41.865Z</time>
      </trkpt>
      <trkpt lat="45.907813" lon="6.714944">
        <ele>669.537759</ele>
        <time>2026-08-02T08:24:47.077Z</time>
      </trkpt>
      <trkpt lat="45.907717" lon="6.714857">
        <ele>670.615388</ele>
        <time>2026-08-02T08:24:52.919Z</time>
      </trkpt>
      <trkpt lat="45.907664" lon="6.714723">
        <ele>671.633742</ele>
        <time>2026-08-02T08:24:58.853Z</time>
      </trkpt>
      <trkpt lat="45.907545" lon="6.714489">
        <ele>673.548649</ele>
        <time>2026-08-02T08:25:11.649Z</time>
      </trkpt>
      <trkpt lat="45.907443" lon="6.714508">
        <ele>674.525254</ele>
        <time>2026-08-02T08:25:18.258Z</time>
      </trkpt>
      <trkpt lat="45.907408" lon="6.714624">
        <ele>675.360606</ele>
        <time>2026-08-02T08:25:24.276Z</time>
      </trkpt>
      <trkpt lat="45.907423" lon="6.714713">
        <ele>675.965624</ele>
        <time>2026-08-02T08:25:28.187Z</time>
      </trkpt>
      <trkpt lat="45.907498" lon="6.715011">
        <ele>678.059312</ele>
        <time>2026-08-02T08:25:41.967Z</time>
      </trkpt>
      <trkpt lat="45.907643" lon="6.715820">
        <ele>683.578756</ele>
        <time>2026-08-02T08:26:13.786Z</time>
      </trkpt>
      <trkpt lat="45.907737" lon="6.716104">
        <ele>685.376370</ele>
        <time>2026-08-02T08:26:23.850Z</time>
      </trkpt>
      <trkpt lat="45.907842" lon="6.716352">
        <ele>686.627776</ele>
        <time>2026-08-02T08:26:32.190Z</time>
      </trkpt>
      <trkpt lat="45.907956" lon="6.716446">
        <ele>687.442011</ele>
        <time>2026-08-02T08:26:37.830Z</time>
      </trkpt>
      <trkpt lat="45.908026" lon="6.716494">
        <ele>687.922507</ele>
        <time>2026-08-02T08:26:41.422Z</time>
      </trkpt>
      <trkpt lat="45.908260" lon="6.716733">
        <ele>689.700978</ele>
        <time>2026-08-02T08:26:52.850Z</time>
      </trkpt>
      <trkpt lat="45.908281" lon="6.716819">
        <ele>690.093860</ele>
        <time>2026-08-02T08:26:55.080Z</time>
      </trkpt>
      <trkpt lat="45.908260" lon="6.717003">
        <ele>690.897620</ele>
        <time>2026-08-02T08:26:59.774Z</time>
      </trkpt>
      <trkpt lat="45.908053" lon="6.716890">
        <ele>692.269416</ele>
        <time>2026-08-02T08:27:07.037Z</time>
      </trkpt>
      <trkpt lat="45.907851" lon="6.716716">
        <ele>693.728407</ele>
        <time>2026-08-02T08:27:15.342Z</time>
      </trkpt>
      <trkpt lat="45.907752" lon="6.716593">
        <ele>694.539143</ele>
        <time>2026-08-02T08:27:20.307Z</time>
      </trkpt>
      <trkpt lat="45.907507" lon="6.716129">
        <ele>696.823957</ele>
        <time>2026-08-02T08:27:34.277Z</time>
      </trkpt>
      <trkpt lat="45.907403" lon="6.715804">
        <ele>698.036140</ele>
        <time>2026-08-02T08:27:43.860Z</time>
      </trkpt>
      <trkpt lat="45.907334" lon="6.715678">
        <ele>698.579478</ele>
        <time>2026-08-02T08:27:48.695Z</time>
      </trkpt>
      <trkpt lat="45.907064" lon="6.715420">
        <ele>700.158494</ele>
        <time>2026-08-02T08:28:02.263Z</time>
      </trkpt>
      <trkpt lat="45.906776" lon="6.715042">
        <ele>702.057940</ele>
        <time>2026-08-02T08:28:14.718Z</time>
      </trkpt>
      <trkpt lat="45.906542" lon="6.714606">
        <ele>703.923823</ele>
        <time>2026-08-02T08:28:26.131Z</time>
      </trkpt>
      <trkpt lat="45.906428" lon="6.714377">
        <ele>704.885888</ele>
        <time>2026-08-02T08:28:31.465Z</time>
      </trkpt>
      <trkpt lat="45.906293" lon="6.714179">
        <ele>705.884524</ele>
        <time>2026-08-02T08:28:36.759Z</time>
      </trkpt>
      <trkpt lat="45.906074" lon="6.713908">
        <ele>707.380729</ele>
        <time>2026-08-02T08:28:45.496Z</time>
      </trkpt>
      <trkpt lat="45.905724" lon="6.713643">
        <ele>709.428851</ele>
        <time>2026-08-02T08:28:58.685Z</time>
      </trkpt>
      <trkpt lat="45.905579" lon="6.713455">
        <ele>710.439910</ele>
        <time>2026-08-02T08:29:04.559Z</time>
      </trkpt>
      <trkpt lat="45.905388" lon="6.713144">
        <ele>711.934260</ele>
        <time>2026-08-02T08:29:14.422Z</time>
      </trkpt>
      <trkpt lat="45.905295" lon="6.713056">
        <ele>712.510738</ele>
        <time>2026-08-02T08:29:18.898Z</time>
      </trkpt>
      <trkpt lat="45.905219" lon="6.713023">
        <ele>712.921773</ele>
        <time>2026-08-02T08:29:22.345Z</time>
      </trkpt>
      <trkpt lat="45.905107" lon="6.713025">
        <ele>713.501665</ele>
        <time>2026-08-02T08:29:27.771Z</time>
      </trkpt>
      <trkpt lat="45.904845" lon="6.713110">
        <ele>715.717612</ele>
        <time>2026-08-02T08:29:41.429Z</time>
      </trkpt>
      <trkpt lat="45.904483" lon="6.713272">
        <ele>719.637970</ele>
        <time>2026-08-02T08:29:59.480Z</time>
      </trkpt>
      <trkpt lat="45.903802" lon="6.713437">
        <ele>726.778871</ele>
        <time>2026-08-02T08:30:36.478Z</time>
      </trkpt>
      <trkpt lat="45.903668" lon="6.713438">
        <ele>728.164446</ele>
        <time>2026-08-02T08:30:44.524Z</time>
      </trkpt>
      <trkpt lat="45.903492" lon="6.713393">
        <ele>730.012860</ele>
        <time>2026-08-02T08:30:55.876Z</time>
      </trkpt>
      <trkpt lat="45.903401" lon="6.713406">
        <ele>730.958435</ele>
        <time>2026-08-02T08:31:02.013Z</time>
      </trkpt>
      <trkpt lat="45.903317" lon="6.713467">
        <ele>731.931593</ele>
        <time>2026-08-02T08:31:08.901Z</time>
      </trkpt>
      <trkpt lat="45.903207" lon="6.713565">
        <ele>733.249196</ele>
        <time>2026-08-02T08:31:19.120Z</time>
      </trkpt>
      <trkpt lat="45.903131" lon="6.713598">
        <ele>734.042227</ele>
        <time>2026-08-02T08:31:25.546Z</time>
      </trkpt>
      <trkpt lat="45.903004" lon="6.713568">
        <ele>735.327804</ele>
        <time>2026-08-02T08:31:35.799Z</time>
      </trkpt>
      <trkpt lat="45.902764" lon="6.713395">
        <ele>738.009758</ele>
        <time>2026-08-02T08:31:55.213Z</time>
      </trkpt>
      <trkpt lat="45.902715" lon="6.713361">
        <ele>738.553269</ele>
        <time>2026-08-02T08:31:58.822Z</time>
      </trkpt>
      <trkpt lat="45.902683" lon="6.713339">
        <ele>738.907601</ele>
        <time>2026-08-02T08:32:01.271Z</time>
      </trkpt>
      <trkpt lat="45.902510" lon="6.713217">
        <ele>740.832490</ele>
        <time>2026-08-02T08:32:13.075Z</time>
      </trkpt>
      <trkpt lat="45.902278" lon="6.713043">
        <ele>743.446477</ele>
        <time>2026-08-02T08:32:29.046Z</time>
      </trkpt>
      <trkpt lat="45.902187" lon="6.712924">
        <ele>744.675463</ele>
        <time>2026-08-02T08:32:35.437Z</time>
      </trkpt>
      <trkpt lat="45.902165" lon="6.712852">
        <ele>745.222049</ele>
        <time>2026-08-02T08:32:38.027Z</time>
      </trkpt>
      <trkpt lat="45.902157" lon="6.712638">
        <ele>746.711692</ele>
        <time>2026-08-02T08:32:44.868Z</time>
      </trkpt>
      <trkpt lat="45.902248" lon="6.712010">
        <ele>750.667881</ele>
        <time>2026-08-02T08:33:02.904Z</time>
      </trkpt>
      <trkpt lat="45.902318" lon="6.711813">
        <ele>750.779881</ele>
        <time>2026-08-02T08:33:07.371Z</time>
      </trkpt>
      <trkpt lat="45.902447" lon="6.711596">
        <ele>750.924389</ele>
        <time>2026-08-02T08:33:11.042Z</time>
      </trkpt>
      <trkpt lat="45.902464" lon="6.711436">
        <ele>751.006341</ele>
        <time>2026-08-02T08:33:12.356Z</time>
      </trkpt>
      <trkpt lat="45.902437" lon="6.711316">
        <ele>751.070198</ele>
        <time>2026-08-02T08:33:13.241Z</time>
      </trkpt>
      <trkpt lat="45.902371" lon="6.711196">
        <ele>751.147645</ele>
        <time>2026-08-02T08:33:14.324Z</time>
      </trkpt>
      <trkpt lat="45.902303" lon="6.711134">
        <ele>751.206241</ele>
        <time>2026-08-02T08:33:15.129Z</time>
      </trkpt>
      <trkpt lat="45.902027" lon="6.711040">
        <ele>751.412626</ele>
        <time>2026-08-02T08:33:18.070Z</time>
      </trkpt>
      <trkpt lat="45.901663" lon="6.710853">
        <ele>751.693894</ele>
        <time>2026-08-02T08:33:22.452Z</time>
      </trkpt>
      <trkpt lat="45.901573" lon="6.710718">
        <ele>751.788556</ele>
        <time>2026-08-02T08:33:24.070Z</time>
      </trkpt>
      <trkpt lat="45.901507" lon="6.710419">
        <ele>752.059857</ele>
        <time>2026-08-02T08:33:28.618Z</time>
      </trkpt>
      <trkpt lat="45.901436" lon="6.710283">
        <ele>753.088179</ele>
        <time>2026-08-02T08:33:32.304Z</time>
      </trkpt>
      <trkpt lat="45.901354" lon="6.710206">
        <ele>753.939559</ele>
        <time>2026-08-02T08:33:35.511Z</time>
      </trkpt>
      <trkpt lat="45.901044" lon="6.710096">
        <ele>756.714858</ele>
        <time>2026-08-02T08:33:47.258Z</time>
      </trkpt>
      <trkpt lat="45.900816" lon="6.710042">
        <ele>758.723259</ele>
        <time>2026-08-02T08:33:57.667Z</time>
      </trkpt>
      <trkpt lat="45.900682" lon="6.710043">
        <ele>759.887938</ele>
        <time>2026-08-02T08:34:04.687Z</time>
      </trkpt>
      <trkpt lat="45.900424" lon="6.710103">
        <ele>762.159526</ele>
        <time>2026-08-02T08:34:18.725Z</time>
      </trkpt>
      <trkpt lat="45.900012" lon="6.710077">
        <ele>765.743882</ele>
        <time>2026-08-02T08:34:44.097Z</time>
      </trkpt>
      <trkpt lat="45.900007" lon="6.710119">
        <ele>766.001610</ele>
        <time>2026-08-02T08:34:46.348Z</time>
      </trkpt>
      <trkpt lat="45.900178" lon="6.710434">
        <ele>768.756563</ele>
        <time>2026-08-02T08:35:07.215Z</time>
      </trkpt>
      <trkpt lat="45.900165" lon="6.710527">
        <ele>769.559369</ele>
        <time>2026-08-02T08:35:12.725Z</time>
      </trkpt>
      <trkpt lat="45.900125" lon="6.710567">
        <ele>770.152029</ele>
        <time>2026-08-02T08:35:16.787Z</time>
      </trkpt>
      <trkpt lat="45.899854" lon="6.710847">
        <ele>774.211288</ele>
        <time>2026-08-02T08:35:43.945Z</time>
      </trkpt>
      <trkpt lat="45.899716" lon="6.710911">
        <ele>775.974811</ele>
        <time>2026-08-02T08:35:55.258Z</time>
      </trkpt>
      <trkpt lat="45.899360" lon="6.710792">
        <ele>780.419886</ele>
        <time>2026-08-02T08:36:22.723Z</time>
      </trkpt>
      <trkpt lat="45.899236" lon="6.710803">
        <ele>781.930777</ele>
        <time>2026-08-02T08:36:31.143Z</time>
      </trkpt>
      <trkpt lat="45.899051" lon="6.711090">
        <ele>785.241665</ele>
        <time>2026-08-02T08:36:46.708Z</time>
      </trkpt>
      <trkpt lat="45.898814" lon="6.711322">
        <ele>788.729196</ele>
        <time>2026-08-02T08:37:01.014Z</time>
      </trkpt>
      <trkpt lat="45.898620" lon="6.711475">
        <ele>789.127291</ele>
        <time>2026-08-02T08:37:09.827Z</time>
      </trkpt>
      <trkpt lat="45.898437" lon="6.711451">
        <ele>788.768996</ele>
        <time>2026-08-02T08:37:15.827Z</time>
      </trkpt>
      <trkpt lat="45.898357" lon="6.711434">
        <ele>788.611316</ele>
        <time>2026-08-02T08:37:18.154Z</time>
      </trkpt>
      <trkpt lat="45.898138" lon="6.710992">
        <ele>787.875076</ele>
        <time>2026-08-02T08:37:22.878Z</time>
      </trkpt>
      <trkpt lat="45.898073" lon="6.710926">
        <ele>787.719890</ele>
        <time>2026-08-02T08:37:23.646Z</time>
      </trkpt>
      <trkpt lat="45.897914" lon="6.710883">
        <ele>787.404429</ele>
        <time>2026-08-02T08:37:25.177Z</time>
      </trkpt>
      <trkpt lat="45.897855" lon="6.710810">
        <ele>787.252620</ele>
        <time>2026-08-02T08:37:25.901Z</time>
      </trkpt>
      <trkpt lat="45.897540" lon="6.710399">
        <ele>786.423008</ele>
        <time>2026-08-02T08:37:29.756Z</time>
      </trkpt>
      <trkpt lat="45.897436" lon="6.710246">
        <ele>786.132797</ele>
        <time>2026-08-02T08:37:31.059Z</time>
      </trkpt>
      <trkpt lat="45.897379" lon="6.710168">
        <ele>785.979323</ele>
        <time>2026-08-02T08:37:31.753Z</time>
      </trkpt>
      <trkpt lat="45.897326" lon="6.710098">
        <ele>785.514875</ele>
        <time>2026-08-02T08:37:32.389Z</time>
      </trkpt>
      <trkpt lat="45.897229" lon="6.710041">
        <ele>784.636231</ele>
        <time>2026-08-02T08:37:33.309Z</time>
      </trkpt>
      <trkpt lat="45.897182" lon="6.710044">
        <ele>784.241786</ele>
        <time>2026-08-02T08:37:33.733Z</time>
      </trkpt>
      <trkpt lat="45.896541" lon="6.710235">
        <ele>778.753193</ele>
        <time>2026-08-02T08:37:39.488Z</time>
      </trkpt>
      <trkpt lat="45.896485" lon="6.710142">
        <ele>778.035614</ele>
        <time>2026-08-02T08:37:40.225Z</time>
      </trkpt>
      <trkpt lat="45.896359" lon="6.710242">
        <ele>776.828772</ele>
        <time>2026-08-02T08:37:41.498Z</time>
      </trkpt>
      <trkpt lat="45.896198" lon="6.710312">
        <ele>775.418477</ele>
        <time>2026-08-02T08:37:43.009Z</time>
      </trkpt>
      <trkpt lat="45.894907" lon="6.710702">
        <ele>768.776366</ele>
        <time>2026-08-02T08:37:54.452Z</time>
      </trkpt>
      <trkpt lat="45.894768" lon="6.710681">
        <ele>768.401213</ele>
        <time>2026-08-02T08:37:55.713Z</time>
      </trkpt>
      <trkpt lat="45.894674" lon="6.710635">
        <ele>768.134670</ele>
        <time>2026-08-02T08:37:56.649Z</time>
      </trkpt>
      <trkpt lat="45.894630" lon="6.710559">
        <ele>767.949993</ele>
        <time>2026-08-02T08:37:57.292Z</time>
      </trkpt>
      <trkpt lat="45.894557" lon="6.710530">
        <ele>767.746699</ele>
        <time>2026-08-02T08:37:58.049Z</time>
      </trkpt>
      <trkpt lat="45.894441" lon="6.710458">
        <ele>767.407528</ele>
        <time>2026-08-02T08:37:59.353Z</time>
      </trkpt>
      <trkpt lat="45.894372" lon="6.710410">
        <ele>767.201756</ele>
        <time>2026-08-02T08:38:00.182Z</time>
      </trkpt>
      <trkpt lat="45.892632" lon="6.708487">
        <ele>782.893342</ele>
        <time>2026-08-02T08:39:57.041Z</time>
      </trkpt>
      <trkpt lat="45.892474" lon="6.708318">
        <ele>784.869294</ele>
        <time>2026-08-02T08:40:10.881Z</time>
      </trkpt>
      <trkpt lat="45.892141" lon="6.707959">
        <ele>789.092735</ele>
        <time>2026-08-02T08:40:38.060Z</time>
      </trkpt>
      <trkpt lat="45.892076" lon="6.707849">
        <ele>790.111588</ele>
        <time>2026-08-02T08:40:44.279Z</time>
      </trkpt>
      <trkpt lat="45.892015" lon="6.707739">
        <ele>791.104662</ele>
        <time>2026-08-02T08:40:50.269Z</time>
      </trkpt>
      <trkpt lat="45.892007" lon="6.707641">
        <ele>791.801367</ele>
        <time>2026-08-02T08:40:54.256Z</time>
      </trkpt>
      <trkpt lat="45.891972" lon="6.707583">
        <ele>792.343385</ele>
        <time>2026-08-02T08:40:57.401Z</time>
      </trkpt>
      <trkpt lat="45.891921" lon="6.707555">
        <ele>792.897251</ele>
        <time>2026-08-02T08:41:00.577Z</time>
      </trkpt>
      <trkpt lat="45.891866" lon="6.707568">
        <ele>793.462709</ele>
        <time>2026-08-02T08:41:03.600Z</time>
      </trkpt>
      <trkpt lat="45.891790" lon="6.707486">
        <ele>794.426901</ele>
        <time>2026-08-02T08:41:08.883Z</time>
      </trkpt>
      <trkpt lat="45.891694" lon="6.707454">
        <ele>795.426658</ele>
        <time>2026-08-02T08:41:14.021Z</time>
      </trkpt>
      <trkpt lat="45.891585" lon="6.707489">
        <ele>796.559708</ele>
        <time>2026-08-02T08:41:19.598Z</time>
      </trkpt>
      <trkpt lat="45.891022" lon="6.707600">
        <ele>802.205187</ele>
        <time>2026-08-02T08:41:46.511Z</time>
      </trkpt>
      <trkpt lat="45.890793" lon="6.707525">
        <ele>804.231238</ele>
        <time>2026-08-02T08:41:57.024Z</time>
      </trkpt>
      <trkpt lat="45.890675" lon="6.707432">
        <ele>805.392211</ele>
        <time>2026-08-02T08:42:03.753Z</time>
      </trkpt>
      <trkpt lat="45.890544" lon="6.707268">
        <ele>806.891044</ele>
        <time>2026-08-02T08:42:12.626Z</time>
      </trkpt>
      <trkpt lat="45.890465" lon="6.707103">
        <ele>808.093462</ele>
        <time>2026-08-02T08:42:19.906Z</time>
      </trkpt>
      <trkpt lat="45.890353" lon="6.706746">
        <ele>810.444580</ele>
        <time>2026-08-02T08:42:34.394Z</time>
      </trkpt>
      <trkpt lat="45.890327" lon="6.706560">
        <ele>811.583632</ele>
        <time>2026-08-02T08:42:41.450Z</time>
      </trkpt>
      <trkpt lat="45.890316" lon="6.706421">
        <ele>812.423573</ele>
        <time>2026-08-02T08:42:46.424Z</time>
      </trkpt>
      <trkpt lat="45.890345" lon="6.706258">
        <ele>813.433701</ele>
        <time>2026-08-02T08:42:52.789Z</time>
      </trkpt>
      <trkpt lat="45.890410" lon="6.706145">
        <ele>814.313863</ele>
        <time>2026-08-02T08:42:58.289Z</time>
      </trkpt>
      <trkpt lat="45.890487" lon="6.706014">
        <ele>815.343330</ele>
        <time>2026-08-02T08:43:04.560Z</time>
      </trkpt>
      <trkpt lat="45.890775" lon="6.705709">
        <ele>817.973577</ele>
        <time>2026-08-02T08:43:21.802Z</time>
      </trkpt>
      <trkpt lat="45.891113" lon="6.705356">
        <ele>820.393796</ele>
        <time>2026-08-02T08:43:37.542Z</time>
      </trkpt>
      <trkpt lat="45.891264" lon="6.705265">
        <ele>821.342190</ele>
        <time>2026-08-02T08:43:43.218Z</time>
      </trkpt>
      <trkpt lat="45.891477" lon="6.705231">
        <ele>822.583448</ele>
        <time>2026-08-02T08:43:49.736Z</time>
      </trkpt>
      <trkpt lat="45.891592" lon="6.705246">
        <ele>823.252252</ele>
        <time>2026-08-02T08:43:53.399Z</time>
      </trkpt>
      <trkpt lat="45.891618" lon="6.705252">
        <ele>823.404771</ele>
        <time>2026-08-02T08:43:54.103Z</time>
      </trkpt>
      <trkpt lat="45.892066" lon="6.705335">
        <ele>826.021011</ele>
        <time>2026-08-02T08:44:09.679Z</time>
      </trkpt>
      <trkpt lat="45.892340" lon="6.705217">
        <ele>827.786072</ele>
        <time>2026-08-02T08:44:19.689Z</time>
      </trkpt>
      <trkpt lat="45.892538" lon="6.704984">
        <ele>830.002970</ele>
        <time>2026-08-02T08:44:29.254Z</time>
      </trkpt>
      <trkpt lat="45.892730" lon="6.704456">
        <ele>833.594422</ele>
        <time>2026-08-02T08:44:49.287Z</time>
      </trkpt>
      <trkpt lat="45.892820" lon="6.704322">
        <ele>834.717080</ele>
        <time>2026-08-02T08:44:56.754Z</time>
      </trkpt>
      <trkpt lat="45.893042" lon="6.704000">
        <ele>837.449511</ele>
        <time>2026-08-02T08:45:16.175Z</time>
      </trkpt>
      <trkpt lat="45.893271" lon="6.703451">
        <ele>841.308149</ele>
        <time>2026-08-02T08:45:41.991Z</time>
      </trkpt>
      <trkpt lat="45.893306" lon="6.703295">
        <ele>842.296280</ele>
        <time>2026-08-02T08:45:47.863Z</time>
      </trkpt>
      <trkpt lat="45.893319" lon="6.703094">
        <ele>843.439730</ele>
        <time>2026-08-02T08:45:54.580Z</time>
      </trkpt>
      <trkpt lat="45.893301" lon="6.702705">
        <ele>845.425748</ele>
        <time>2026-08-02T08:46:06.480Z</time>
      </trkpt>
      <trkpt lat="45.893332" lon="6.702492">
        <ele>846.534282</ele>
        <time>2026-08-02T08:46:13.052Z</time>
      </trkpt>
      <trkpt lat="45.893374" lon="6.702410">
        <ele>847.052928</ele>
        <time>2026-08-02T08:46:16.136Z</time>
      </trkpt>
      <trkpt lat="45.893455" lon="6.702336">
        <ele>847.755489</ele>
        <time>2026-08-02T08:46:20.348Z</time>
      </trkpt>
      <trkpt lat="45.894026" lon="6.701925">
        <ele>852.429912</ele>
        <time>2026-08-02T08:46:47.286Z</time>
      </trkpt>
      <trkpt lat="45.894143" lon="6.701754">
        <ele>853.651449</ele>
        <time>2026-08-02T08:46:54.097Z</time>
      </trkpt>
      <trkpt lat="45.894304" lon="6.701435">
        <ele>855.658770</ele>
        <time>2026-08-02T08:47:05.182Z</time>
      </trkpt>
      <trkpt lat="45.894365" lon="6.701199">
        <ele>856.819148</ele>
        <time>2026-08-02T08:47:12.389Z</time>
      </trkpt>
      <trkpt lat="45.894366" lon="6.701087">
        <ele>857.295307</ele>
        <time>2026-08-02T08:47:15.804Z</time>
      </trkpt>
      <trkpt lat="45.894272" lon="6.700670">
        <ele>859.158667</ele>
        <time>2026-08-02T08:47:29.773Z</time>
      </trkpt>
      <trkpt lat="45.894274" lon="6.700466">
        <ele>860.025973</ele>
        <time>2026-08-02T08:47:36.608Z</time>
      </trkpt>
      <trkpt lat="45.894410" lon="6.699483">
        <ele>864.286542</ele>
        <time>2026-08-02T08:48:04.889Z</time>
      </trkpt>
      <trkpt lat="45.894527" lon="6.698883">
        <ele>866.935403</ele>
        <time>2026-08-02T08:48:18.802Z</time>
      </trkpt>
      <trkpt lat="45.894655" lon="6.698065">
        <ele>870.326418</ele>
        <time>2026-08-02T08:48:37.800Z</time>
      </trkpt>
      <trkpt lat="45.894652" lon="6.697810">
        <ele>871.353871</ele>
        <time>2026-08-02T08:48:43.333Z</time>
      </trkpt>
      <trkpt lat="45.894598" lon="6.697556">
        <ele>872.423826</ele>
        <time>2026-08-02T08:48:49.289Z</time>
      </trkpt>
      <trkpt lat="45.894455" lon="6.697168">
        <ele>874.192588</ele>
        <time>2026-08-02T08:48:59.968Z</time>
      </trkpt>
      <trkpt lat="45.894421" lon="6.696955">
        <ele>875.072974</ele>
        <time>2026-08-02T08:49:06.167Z</time>
      </trkpt>
      <trkpt lat="45.894416" lon="6.696738">
        <ele>875.947675</ele>
        <time>2026-08-02T08:49:12.985Z</time>
      </trkpt>
      <trkpt lat="45.894369" lon="6.696439">
        <ele>877.182589</ele>
        <time>2026-08-02T08:49:23.792Z</time>
      </trkpt>
      <trkpt lat="45.894273" lon="6.696117">
        <ele>878.728253</ele>
        <time>2026-08-02T08:49:36.851Z</time>
      </trkpt>
      <trkpt lat="45.894237" lon="6.696012">
        <ele>879.263661</ele>
        <time>2026-08-02T08:49:40.945Z</time>
      </trkpt>
      <trkpt lat="45.894152" lon="6.695700">
        <ele>880.796259</ele>
        <time>2026-08-02T08:49:52.159Z</time>
      </trkpt>
      <trkpt lat="45.894044" lon="6.694631">
        <ele>885.737355</ele>
        <time>2026-08-02T08:50:22.700Z</time>
      </trkpt>
      <trkpt lat="45.894058" lon="6.694005">
        <ele>888.602300</ele>
        <time>2026-08-02T08:50:37.157Z</time>
      </trkpt>
      <trkpt lat="45.894146" lon="6.693479">
        <ele>890.968861</ele>
        <time>2026-08-02T08:50:49.957Z</time>
      </trkpt>
      <trkpt lat="45.894093" lon="6.693080">
        <ele>892.705613</ele>
        <time>2026-08-02T08:51:02.116Z</time>
      </trkpt>
      <trkpt lat="45.893993" lon="6.692917">
        <ele>893.634640</ele>
        <time>2026-08-02T08:51:08.393Z</time>
      </trkpt>
      <trkpt lat="45.893920" lon="6.692878">
        <ele>894.113092</ele>
        <time>2026-08-02T08:51:11.705Z</time>
      </trkpt>
      <trkpt lat="45.893839" lon="6.692850">
        <ele>894.624890</ele>
        <time>2026-08-02T08:51:15.014Z</time>
      </trkpt>
      <trkpt lat="45.893543" lon="6.692867">
        <ele>896.444731</ele>
        <time>2026-08-02T08:51:26.855Z</time>
      </trkpt>
      <trkpt lat="45.893369" lon="6.692767">
        <ele>897.595990</ele>
        <time>2026-08-02T08:51:34.417Z</time>
      </trkpt>
      <trkpt lat="45.893321" lon="6.692693">
        <ele>898.028493</ele>
        <time>2026-08-02T08:51:37.286Z</time>
      </trkpt>
      <trkpt lat="45.893272" lon="6.692604">
        <ele>898.513690</ele>
        <time>2026-08-02T08:51:40.409Z</time>
      </trkpt>
      <trkpt lat="45.893248" lon="6.692480">
        <ele>899.063990</ele>
        <time>2026-08-02T08:51:44.026Z</time>
      </trkpt>
      <trkpt lat="45.893331" lon="6.691823">
        <ele>901.456220</ele>
        <time>2026-08-02T08:52:03.243Z</time>
      </trkpt>
      <trkpt lat="45.893339" lon="6.691354">
        <ele>902.820679</ele>
        <time>2026-08-02T08:52:16.549Z</time>
      </trkpt>
      <trkpt lat="45.893329" lon="6.690872">
        <ele>904.223160</ele>
        <time>2026-08-02T08:52:26.616Z</time>
      </trkpt>
      <trkpt lat="45.893261" lon="6.690178">
        <ele>906.261509</ele>
        <time>2026-08-02T08:52:38.536Z</time>
      </trkpt>
      <trkpt lat="45.893171" lon="6.689926">
        <ele>907.085294</ele>
        <time>2026-08-02T08:52:42.894Z</time>
      </trkpt>
      <trkpt lat="45.892858" lon="6.689443">
        <ele>908.934980</ele>
        <time>2026-08-02T08:52:55.424Z</time>
      </trkpt>
      <trkpt lat="45.892724" lon="6.689106">
        <ele>909.986389</ele>
        <time>2026-08-02T08:53:04.439Z</time>
      </trkpt>
      <trkpt lat="45.892631" lon="6.688778">
        <ele>910.945842</ele>
        <time>2026-08-02T08:53:12.562Z</time>
      </trkpt>
      <trkpt lat="45.892539" lon="6.688595">
        <ele>911.557389</ele>
        <time>2026-08-02T08:53:17.310Z</time>
      </trkpt>
      <trkpt lat="45.892398" lon="6.688392">
        <ele>912.334309</ele>
        <time>2026-08-02T08:53:22.975Z</time>
      </trkpt>
      <trkpt lat="45.892227" lon="6.688066">
        <ele>913.440164</ele>
        <time>2026-08-02T08:53:30.407Z</time>
      </trkpt>
      <trkpt lat="45.892047" lon="6.687606">
        <ele>914.869754</ele>
        <time>2026-08-02T08:53:40.993Z</time>
      </trkpt>
      <trkpt lat="45.891854" lon="6.687205">
        <ele>916.689045</ele>
        <time>2026-08-02T08:53:53.953Z</time>
      </trkpt>
      <trkpt lat="45.891641" lon="6.686671">
        <ele>919.048006</ele>
        <time>2026-08-02T08:54:12.062Z</time>
      </trkpt>
      <trkpt lat="45.891554" lon="6.686331">
        <ele>920.436419</ele>
        <time>2026-08-02T08:54:21.264Z</time>
      </trkpt>
      <trkpt lat="45.891450" lon="6.686070">
        <ele>921.589106</ele>
        <time>2026-08-02T08:54:27.952Z</time>
      </trkpt>
      <trkpt lat="45.891231" lon="6.685679">
        <ele>923.512699</ele>
        <time>2026-08-02T08:54:38.860Z</time>
      </trkpt>
      <trkpt lat="45.891087" lon="6.685366">
        <ele>924.969036</ele>
        <time>2026-08-02T08:54:49.121Z</time>
      </trkpt>
      <trkpt lat="45.891002" lon="6.684647">
        <ele>928.652888</ele>
        <time>2026-08-02T08:55:12.644Z</time>
      </trkpt>
      <trkpt lat="45.890916" lon="6.684426">
        <ele>929.931837</ele>
        <time>2026-08-02T08:55:20.338Z</time>
      </trkpt>
      <trkpt lat="45.890806" lon="6.684304">
        <ele>930.940325</ele>
        <time>2026-08-02T08:55:26.174Z</time>
      </trkpt>
      <trkpt lat="45.890511" lon="6.684091">
        <ele>933.336368</ele>
        <time>2026-08-02T08:55:39.300Z</time>
      </trkpt>
      <trkpt lat="45.890375" lon="6.683855">
        <ele>934.884029</ele>
        <time>2026-08-02T08:55:48.032Z</time>
      </trkpt>
      <trkpt lat="45.890343" lon="6.683656">
        <ele>935.915714</ele>
        <time>2026-08-02T08:55:54.541Z</time>
      </trkpt>
      <trkpt lat="45.890345" lon="6.683446">
        <ele>936.976586</ele>
        <time>2026-08-02T08:56:01.894Z</time>
      </trkpt>
      <trkpt lat="45.890425" lon="6.682329">
        <ele>942.042237</ele>
        <time>2026-08-02T08:56:43.680Z</time>
      </trkpt>
      <trkpt lat="45.890393" lon="6.682062">
        <ele>943.234282</ele>
        <time>2026-08-02T08:56:51.304Z</time>
      </trkpt>
      <trkpt lat="45.890226" lon="6.681551">
        <ele>945.718103</ele>
        <time>2026-08-02T08:57:05.592Z</time>
      </trkpt>
      <trkpt lat="45.890223" lon="6.681376">
        <ele>946.488310</ele>
        <time>2026-08-02T08:57:09.672Z</time>
      </trkpt>
      <trkpt lat="45.890304" lon="6.681035">
        <ele>948.073623</ele>
        <time>2026-08-02T08:57:17.565Z</time>
      </trkpt>
      <trkpt lat="45.890487" lon="6.680634">
        <ele>949.801140</ele>
        <time>2026-08-02T08:57:27.434Z</time>
      </trkpt>
      <trkpt lat="45.890592" lon="6.680292">
        <ele>950.720825</ele>
        <time>2026-08-02T08:57:34.838Z</time>
      </trkpt>
      <trkpt lat="45.890687" lon="6.679335">
        <ele>953.099262</ele>
        <time>2026-08-02T08:57:51.595Z</time>
      </trkpt>
      <trkpt lat="45.890702" lon="6.679177">
        <ele>953.491605</ele>
        <time>2026-08-02T08:57:54.393Z</time>
      </trkpt>
      <trkpt lat="45.890757" lon="6.678667">
        <ele>954.761383</ele>
        <time>2026-08-02T08:58:04.350Z</time>
      </trkpt>
      <trkpt lat="45.890884" lon="6.677929">
        <ele>957.184240</ele>
        <time>2026-08-02T08:58:22.815Z</time>
      </trkpt>
      <trkpt lat="45.890859" lon="6.677630">
        <ele>958.352632</ele>
        <time>2026-08-02T08:58:30.873Z</time>
      </trkpt>
      <trkpt lat="45.890805" lon="6.677402">
        <ele>959.287031</ele>
        <time>2026-08-02T08:58:37.202Z</time>
      </trkpt>
      <trkpt lat="45.890613" lon="6.676699">
        <ele>962.216981</ele>
        <time>2026-08-02T08:58:57.383Z</time>
      </trkpt>
      <trkpt lat="45.890475" lon="6.675369">
        <ele>967.251640</ele>
        <time>2026-08-02T08:59:34.003Z</time>
      </trkpt>
      <trkpt lat="45.890462" lon="6.675052">
        <ele>968.354002</ele>
        <time>2026-08-02T08:59:41.753Z</time>
      </trkpt>
      <trkpt lat="45.890597" lon="6.674107">
        <ele>971.702913</ele>
        <time>2026-08-02T09:00:04.922Z</time>
      </trkpt>
      <trkpt lat="45.890509" lon="6.673685">
        <ele>973.232202</ele>
        <time>2026-08-02T09:00:15.083Z</time>
      </trkpt>
      <trkpt lat="45.890503" lon="6.673553">
        <ele>973.691411</ele>
        <time>2026-08-02T09:00:18.121Z</time>
      </trkpt>
      <trkpt lat="45.890592" lon="6.673149">
        <ele>975.069126</ele>
        <time>2026-08-02T09:00:27.506Z</time>
      </trkpt>
      <trkpt lat="45.890596" lon="6.673022">
        <ele>975.426656</ele>
        <time>2026-08-02T09:00:30.174Z</time>
      </trkpt>
      <trkpt lat="45.890489" lon="6.672529">
        <ele>976.878973</ele>
        <time>2026-08-02T09:00:41.659Z</time>
      </trkpt>
      <trkpt lat="45.890500" lon="6.672363">
        <ele>977.347930</ele>
        <time>2026-08-02T09:00:45.184Z</time>
      </trkpt>
      <trkpt lat="45.890641" lon="6.671707">
        <ele>979.278774</ele>
        <time>2026-08-02T09:00:59.932Z</time>
      </trkpt>
      <trkpt lat="45.890643" lon="6.671158">
        <ele>980.822757</ele>
        <time>2026-08-02T09:01:12.192Z</time>
      </trkpt>
      <trkpt lat="45.890667" lon="6.671053">
        <ele>981.133565</ele>
        <time>2026-08-02T09:01:14.791Z</time>
      </trkpt>
      <trkpt lat="45.890863" lon="6.670599">
        <ele>982.410580</ele>
        <time>2026-08-02T09:01:25.802Z</time>
      </trkpt>
      <trkpt lat="45.890901" lon="6.670365">
        <ele>982.867967</ele>
        <time>2026-08-02T09:01:30.355Z</time>
      </trkpt>
      <trkpt lat="45.890825" lon="6.669728">
        <ele>984.098199</ele>
        <time>2026-08-02T09:01:41.697Z</time>
      </trkpt>
      <trkpt lat="45.890854" lon="6.669577">
        <ele>984.396373</ele>
        <time>2026-08-02T09:01:44.457Z</time>
      </trkpt>
      <trkpt lat="45.890941" lon="6.669404">
        <ele>984.802644</ele>
        <time>2026-08-02T09:01:48.060Z</time>
      </trkpt>
      <trkpt lat="45.891349" lon="6.668869">
        <ele>986.313321</ele>
        <time>2026-08-02T09:02:02.031Z</time>
      </trkpt>
      <trkpt lat="45.891634" lon="6.668307">
        <ele>987.486740</ele>
        <time>2026-08-02T09:02:12.539Z</time>
      </trkpt>
      <trkpt lat="45.892332" lon="6.665831">
        <ele>991.460535</ele>
        <time>2026-08-02T09:02:57.305Z</time>
      </trkpt>
      <trkpt lat="45.892401" lon="6.665470">
        <ele>991.936730</ele>
        <time>2026-08-02T09:03:02.671Z</time>
      </trkpt>
      <trkpt lat="45.892568" lon="6.663835">
        <ele>994.038729</ele>
        <time>2026-08-02T09:03:26.041Z</time>
      </trkpt>
      <trkpt lat="45.892753" lon="6.662641">
        <ele>996.531442</ele>
        <time>2026-08-02T09:03:49.113Z</time>
      </trkpt>
      <trkpt lat="45.892887" lon="6.661166">
        <ele>999.532559</ele>
        <time>2026-08-02T09:04:19.052Z</time>
      </trkpt>
      <trkpt lat="45.892944" lon="6.660158">
        <ele>1000.258222</ele>
        <time>2026-08-02T09:04:35.743Z</time>
      </trkpt>
      <trkpt lat="45.892950" lon="6.658808">
        <ele>1001.226920</ele>
        <time>2026-08-02T09:04:51.271Z</time>
      </trkpt>
      <trkpt lat="45.892929" lon="6.657979">
        <ele>1001.285001</ele>
        <time>2026-08-02T09:04:57.769Z</time>
      </trkpt>
      <trkpt lat="45.892895" lon="6.657511">
        <ele>1001.246791</ele>
        <time>2026-08-02T09:05:01.503Z</time>
      </trkpt>
      <trkpt lat="45.892778" lon="6.657112">
        <ele>1001.211632</ele>
        <time>2026-08-02T09:05:07.006Z</time>
      </trkpt>
      <trkpt lat="45.892712" lon="6.656924">
        <ele>1001.194534</ele>
        <time>2026-08-02T09:05:09.776Z</time>
      </trkpt>
      <trkpt lat="45.892553" lon="6.656663">
        <ele>1001.166367</ele>
        <time>2026-08-02T09:05:13.615Z</time>
      </trkpt>
      <trkpt lat="45.892303" lon="6.656380">
        <ele>1001.137921</ele>
        <time>2026-08-02T09:05:18.263Z</time>
      </trkpt>
      <trkpt lat="45.892047" lon="6.656099">
        <ele>1001.722780</ele>
        <time>2026-08-02T09:05:24.429Z</time>
      </trkpt>
      <trkpt lat="45.891948" lon="6.655919">
        <ele>1002.012662</ele>
        <time>2026-08-02T09:05:28.297Z</time>
      </trkpt>
      <trkpt lat="45.891749" lon="6.655453">
        <ele>1002.703478</ele>
        <time>2026-08-02T09:05:38.866Z</time>
      </trkpt>
      <trkpt lat="45.891531" lon="6.655035">
        <ele>1003.363475</ele>
        <time>2026-08-02T09:05:48.656Z</time>
      </trkpt>
      <trkpt lat="45.891307" lon="6.654742">
        <ele>1003.913418</ele>
        <time>2026-08-02T09:05:53.320Z</time>
      </trkpt>
      <trkpt lat="45.891006" lon="6.654455">
        <ele>1004.626000</ele>
        <time>2026-08-02T09:05:59.728Z</time>
      </trkpt>
      <trkpt lat="45.890898" lon="6.654333">
        <ele>1004.956674</ele>
        <time>2026-08-02T09:06:02.960Z</time>
      </trkpt>
      <trkpt lat="45.890741" lon="6.654039">
        <ele>1005.577469</ele>
        <time>2026-08-02T09:06:09.583Z</time>
      </trkpt>
      <trkpt lat="45.890587" lon="6.653718">
        <ele>1006.230604</ele>
        <time>2026-08-02T09:06:16.554Z</time>
      </trkpt>
      <trkpt lat="45.890464" lon="6.653555">
        <ele>1006.633363</ele>
        <time>2026-08-02T09:06:20.598Z</time>
      </trkpt>
      <trkpt lat="45.890105" lon="6.653237">
        <ele>1007.648477</ele>
        <time>2026-08-02T09:06:30.636Z</time>
      </trkpt>
      <trkpt lat="45.889976" lon="6.653007">
        <ele>1008.143328</ele>
        <time>2026-08-02T09:06:35.914Z</time>
      </trkpt>
      <trkpt lat="45.889461" lon="6.651584">
        <ele>1010.526485</ele>
        <time>2026-08-02T09:07:07.572Z</time>
      </trkpt>
      <trkpt lat="45.889210" lon="6.651060">
        <ele>1011.438416</ele>
        <time>2026-08-02T09:07:16.919Z</time>
      </trkpt>
      <trkpt lat="45.889042" lon="6.650802">
        <ele>1011.944922</ele>
        <time>2026-08-02T09:07:21.404Z</time>
      </trkpt>
      <trkpt lat="45.888813" lon="6.650288">
        <ele>1012.594405</ele>
        <time>2026-08-02T09:07:28.279Z</time>
      </trkpt>
      <trkpt lat="45.888755" lon="6.650045">
        <ele>1012.750315</ele>
        <time>2026-08-02T09:07:31.273Z</time>
      </trkpt>
      <trkpt lat="45.888692" lon="6.649461">
        <ele>1013.108983</ele>
        <time>2026-08-02T09:07:37.115Z</time>
      </trkpt>
      <trkpt lat="45.888591" lon="6.649137">
        <ele>1013.324443</ele>
        <time>2026-08-02T09:07:40.457Z</time>
      </trkpt>
      <trkpt lat="45.888514" lon="6.649024">
        <ele>1013.420417</ele>
        <time>2026-08-02T09:07:42.167Z</time>
      </trkpt>
      <trkpt lat="45.888298" lon="6.648942">
        <ele>1013.615219</ele>
        <time>2026-08-02T09:07:46.065Z</time>
      </trkpt>
      <trkpt lat="45.888185" lon="6.648962">
        <ele>1013.714492</ele>
        <time>2026-08-02T09:07:48.324Z</time>
      </trkpt>
      <trkpt lat="45.888113" lon="6.649017">
        <ele>1013.785594</ele>
        <time>2026-08-02T09:07:50.098Z</time>
      </trkpt>
      <trkpt lat="45.888017" lon="6.649121">
        <ele>1013.890431</ele>
        <time>2026-08-02T09:07:52.888Z</time>
      </trkpt>
      <trkpt lat="45.887967" lon="6.649221">
        <ele>1013.965158</ele>
        <time>2026-08-02T09:07:54.998Z</time>
      </trkpt>
      <trkpt lat="45.887947" lon="6.649256">
        <ele>1013.992642</ele>
        <time>2026-08-02T09:07:55.771Z</time>
      </trkpt>
      <trkpt lat="45.887666" lon="6.650004">
        <ele>1016.180159</ele>
        <time>2026-08-02T09:08:13.131Z</time>
      </trkpt>
      <trkpt lat="45.887547" lon="6.650195">
        <ele>1016.844368</ele>
        <time>2026-08-02T09:08:18.580Z</time>
      </trkpt>
      <trkpt lat="45.887380" lon="6.650367">
        <ele>1017.609289</ele>
        <time>2026-08-02T09:08:24.998Z</time>
      </trkpt>
      <trkpt lat="45.887248" lon="6.650417">
        <ele>1018.117461</ele>
        <time>2026-08-02T09:08:29.411Z</time>
      </trkpt>
      <trkpt lat="45.886970" lon="6.650408">
        <ele>1019.152598</ele>
        <time>2026-08-02T09:08:38.646Z</time>
      </trkpt>
      <trkpt lat="45.886893" lon="6.650376">
        <ele>1019.450988</ele>
        <time>2026-08-02T09:08:41.243Z</time>
      </trkpt>
      <trkpt lat="45.886551" lon="6.650116">
        <ele>1020.911383</ele>
        <time>2026-08-02T09:08:53.455Z</time>
      </trkpt>
      <trkpt lat="45.885672" lon="6.649292">
        <ele>1025.212133</ele>
        <time>2026-08-02T09:09:24.973Z</time>
      </trkpt>
      <trkpt lat="45.885500" lon="6.648982">
        <ele>1026.342861</ele>
        <time>2026-08-02T09:09:33.473Z</time>
      </trkpt>
      <trkpt lat="45.885259" lon="6.648198">
        <ele>1028.781102</ele>
        <time>2026-08-02T09:09:53.006Z</time>
      </trkpt>
      <trkpt lat="45.885176" lon="6.648000">
        <ele>1029.434622</ele>
        <time>2026-08-02T09:09:58.620Z</time>
      </trkpt>
      <trkpt lat="45.884639" lon="6.647343">
        <ele>1032.299727</ele>
        <time>2026-08-02T09:10:21.945Z</time>
      </trkpt>
      <trkpt lat="45.884428" lon="6.647072">
        <ele>1033.449388</ele>
        <time>2026-08-02T09:10:30.389Z</time>
      </trkpt>
      <trkpt lat="45.884318" lon="6.646883">
        <ele>1034.145972</ele>
        <time>2026-08-02T09:10:34.968Z</time>
      </trkpt>
      <trkpt lat="45.884128" lon="6.646369">
        <ele>1035.677844</ele>
        <time>2026-08-02T09:10:46.250Z</time>
      </trkpt>
      <trkpt lat="45.883990" lon="6.646086">
        <ele>1036.392091</ele>
        <time>2026-08-02T09:10:53.151Z</time>
      </trkpt>
      <trkpt lat="45.883899" lon="6.645953">
        <ele>1036.777587</ele>
        <time>2026-08-02T09:10:56.907Z</time>
      </trkpt>
      <trkpt lat="45.883664" lon="6.645707">
        <ele>1037.641045</ele>
        <time>2026-08-02T09:11:04.919Z</time>
      </trkpt>
      <trkpt lat="45.883084" lon="6.645068">
        <ele>1039.811568</ele>
        <time>2026-08-02T09:11:23.991Z</time>
      </trkpt>
      <trkpt lat="45.883064" lon="6.645042">
        <ele>1039.891667</ele>
        <time>2026-08-02T09:11:24.654Z</time>
      </trkpt>
      <trkpt lat="45.882985" lon="6.644880">
        <ele>1040.300540</ele>
        <time>2026-08-02T09:11:28.166Z</time>
      </trkpt>
      <trkpt lat="45.882922" lon="6.644660">
        <ele>1040.753918</ele>
        <time>2026-08-02T09:11:32.500Z</time>
      </trkpt>
      <trkpt lat="45.882859" lon="6.643986">
        <ele>1041.504993</ele>
        <time>2026-08-02T09:11:44.562Z</time>
      </trkpt>
      <trkpt lat="45.882801" lon="6.643594">
        <ele>1041.947607</ele>
        <time>2026-08-02T09:11:50.213Z</time>
      </trkpt>
      <trkpt lat="45.882736" lon="6.643325">
        <ele>1042.262092</ele>
        <time>2026-08-02T09:11:53.330Z</time>
      </trkpt>
      <trkpt lat="45.882469" lon="6.642698">
        <ele>1043.073872</ele>
        <time>2026-08-02T09:12:02.636Z</time>
      </trkpt>
      <trkpt lat="45.882430" lon="6.642490">
        <ele>1043.311785</ele>
        <time>2026-08-02T09:12:05.470Z</time>
      </trkpt>
      <trkpt lat="45.882475" lon="6.642300">
        <ele>1043.533443</ele>
        <time>2026-08-02T09:12:08.175Z</time>
      </trkpt>
      <trkpt lat="45.882575" lon="6.642119">
        <ele>1044.009031</ele>
        <time>2026-08-02T09:12:11.481Z</time>
      </trkpt>
      <trkpt lat="45.882670" lon="6.642066">
        <ele>1044.329006</ele>
        <time>2026-08-02T09:12:13.598Z</time>
      </trkpt>
      <trkpt lat="45.882746" lon="6.641935">
        <ele>1044.701719</ele>
        <time>2026-08-02T09:12:16.343Z</time>
      </trkpt>
      <trkpt lat="45.882762" lon="6.641767">
        <ele>1045.072325</ele>
        <time>2026-08-02T09:12:19.279Z</time>
      </trkpt>
      <trkpt lat="45.882710" lon="6.641601">
        <ele>1045.470181</ele>
        <time>2026-08-02T09:12:22.541Z</time>
      </trkpt>
      <trkpt lat="45.882577" lon="6.641497">
        <ele>1045.945617</ele>
        <time>2026-08-02T09:12:26.638Z</time>
      </trkpt>
      <trkpt lat="45.882553" lon="6.641497">
        <ele>1046.020970</ele>
        <time>2026-08-02T09:12:27.315Z</time>
      </trkpt>
      <trkpt lat="45.882360" lon="6.641173">
        <ele>1046.952989</ele>
        <time>2026-08-02T09:12:36.159Z</time>
      </trkpt>
      <trkpt lat="45.882253" lon="6.641071">
        <ele>1047.356177</ele>
        <time>2026-08-02T09:12:40.406Z</time>
      </trkpt>
      <trkpt lat="45.882110" lon="6.640987">
        <ele>1047.841240</ele>
        <time>2026-08-02T09:12:45.779Z</time>
      </trkpt>
      <trkpt lat="45.881278" lon="6.640446">
        <ele>1050.585826</ele>
        <time>2026-08-02T09:13:13.990Z</time>
      </trkpt>
      <trkpt lat="45.880933" lon="6.640173">
        <ele>1051.721114</ele>
        <time>2026-08-02T09:13:24.047Z</time>
      </trkpt>
      <trkpt lat="45.880546" lon="6.639653">
        <ele>1053.248498</ele>
        <time>2026-08-02T09:13:36.822Z</time>
      </trkpt>
      <trkpt lat="45.880212" lon="6.639079">
        <ele>1054.755383</ele>
        <time>2026-08-02T09:13:48.955Z</time>
      </trkpt>
      <trkpt lat="45.879989" lon="6.638717">
        <ele>1055.741122</ele>
        <time>2026-08-02T09:13:56.909Z</time>
      </trkpt>
      <trkpt lat="45.879692" lon="6.638416">
        <ele>1056.805870</ele>
        <time>2026-08-02T09:14:06.271Z</time>
      </trkpt>
      <trkpt lat="45.879339" lon="6.638094">
        <ele>1058.030797</ele>
        <time>2026-08-02T09:14:18.144Z</time>
      </trkpt>
      <trkpt lat="45.878344" lon="6.637395">
        <ele>1061.702696</ele>
        <time>2026-08-02T09:14:49.560Z</time>
      </trkpt>
      <trkpt lat="45.878033" lon="6.637074">
        <ele>1063.121970</ele>
        <time>2026-08-02T09:15:00.498Z</time>
      </trkpt>
      <trkpt lat="45.877725" lon="6.636620">
        <ele>1064.757512</ele>
        <time>2026-08-02T09:15:13.445Z</time>
      </trkpt>
      <trkpt lat="45.877285" lon="6.635928">
        <ele>1067.430617</ele>
        <time>2026-08-02T09:15:34.128Z</time>
      </trkpt>
      <trkpt lat="45.877124" lon="6.635734">
        <ele>1068.444272</ele>
        <time>2026-08-02T09:15:41.361Z</time>
      </trkpt>
      <trkpt lat="45.876954" lon="6.635633">
        <ele>1069.331642</ele>
        <time>2026-08-02T09:15:47.713Z</time>
      </trkpt>
      <trkpt lat="45.876731" lon="6.635609">
        <ele>1070.410296</ele>
        <time>2026-08-02T09:15:55.552Z</time>
      </trkpt>
      <trkpt lat="45.876309" lon="6.635697">
        <ele>1072.467148</ele>
        <time>2026-08-02T09:16:11.044Z</time>
      </trkpt>
      <trkpt lat="45.876095" lon="6.635658">
        <ele>1073.507651</ele>
        <time>2026-08-02T09:16:18.684Z</time>
      </trkpt>
      <trkpt lat="45.875887" lon="6.635535">
        <ele>1074.592638</ele>
        <time>2026-08-02T09:16:26.394Z</time>
      </trkpt>
      <trkpt lat="45.875650" lon="6.635308">
        <ele>1075.793774</ele>
        <time>2026-08-02T09:16:35.952Z</time>
      </trkpt>
      <trkpt lat="45.875442" lon="6.635003">
        <ele>1076.969700</ele>
        <time>2026-08-02T09:16:45.669Z</time>
      </trkpt>
      <trkpt lat="45.875350" lon="6.634758">
        <ele>1077.736398</ele>
        <time>2026-08-02T09:16:51.827Z</time>
      </trkpt>
      <trkpt lat="45.875251" lon="6.634334">
        <ele>1078.968148</ele>
        <time>2026-08-02T09:17:01.391Z</time>
      </trkpt>
      <trkpt lat="45.875083" lon="6.633612">
        <ele>1081.064884</ele>
        <time>2026-08-02T09:17:16.314Z</time>
      </trkpt>
      <trkpt lat="45.875025" lon="6.633457">
        <ele>1081.549557</ele>
        <time>2026-08-02T09:17:19.638Z</time>
      </trkpt>
      <trkpt lat="45.874939" lon="6.633316">
        <ele>1082.065865</ele>
        <time>2026-08-02T09:17:23.253Z</time>
      </trkpt>
      <trkpt lat="45.874769" lon="6.633165">
        <ele>1082.829212</ele>
        <time>2026-08-02T09:17:28.927Z</time>
      </trkpt>
      <trkpt lat="45.873717" lon="6.632632">
        <ele>1087.078016</ele>
        <time>2026-08-02T09:18:02.136Z</time>
      </trkpt>
      <trkpt lat="45.873098" lon="6.632288">
        <ele>1089.650053</ele>
        <time>2026-08-02T09:18:23.194Z</time>
      </trkpt>
      <trkpt lat="45.872936" lon="6.632130">
        <ele>1090.447700</ele>
        <time>2026-08-02T09:18:29.526Z</time>
      </trkpt>
      <trkpt lat="45.872830" lon="6.631984">
        <ele>1091.045933</ele>
        <time>2026-08-02T09:18:34.417Z</time>
      </trkpt>
      <trkpt lat="45.872718" lon="6.631770">
        <ele>1091.805202</ele>
        <time>2026-08-02T09:18:40.661Z</time>
      </trkpt>
      <trkpt lat="45.872407" lon="6.631101">
        <ele>1094.086597</ele>
        <time>2026-08-02T09:18:58.335Z</time>
      </trkpt>
      <trkpt lat="45.872219" lon="6.630758">
        <ele>1095.324640</ele>
        <time>2026-08-02T09:19:07.634Z</time>
      </trkpt>
      <trkpt lat="45.872025" lon="6.630526">
        <ele>1096.344260</ele>
        <time>2026-08-02T09:19:14.702Z</time>
      </trkpt>
      <trkpt lat="45.871761" lon="6.630317">
        <ele>1097.378323</ele>
        <time>2026-08-02T09:19:23.103Z</time>
      </trkpt>
      <trkpt lat="45.871582" lon="6.630139">
        <ele>1098.125160</ele>
        <time>2026-08-02T09:19:29.365Z</time>
      </trkpt>
      <trkpt lat="45.871541" lon="6.630052">
        <ele>1098.376074</ele>
        <time>2026-08-02T09:19:31.516Z</time>
      </trkpt>
      <trkpt lat="45.871451" lon="6.630031">
        <ele>1098.688848</ele>
        <time>2026-08-02T09:19:34.152Z</time>
      </trkpt>
      <trkpt lat="45.871201" lon="6.629956">
        <ele>1099.564932</ele>
        <time>2026-08-02T09:19:41.238Z</time>
      </trkpt>
      <trkpt lat="45.870803" lon="6.629680">
        <ele>1101.081009</ele>
        <time>2026-08-02T09:19:53.740Z</time>
      </trkpt>
      <trkpt lat="45.869739" lon="6.628972">
        <ele>1104.293625</ele>
        <time>2026-08-02T09:20:27.629Z</time>
      </trkpt>
      <trkpt lat="45.868915" lon="6.628445">
        <ele>1106.436986</ele>
        <time>2026-08-02T09:20:48.115Z</time>
      </trkpt>
      <trkpt lat="45.868885" lon="6.628428">
        <ele>1106.513621</ele>
        <time>2026-08-02T09:20:48.745Z</time>
      </trkpt>
      <trkpt lat="45.867852" lon="6.627751">
        <ele>1107.076196</ele>
        <time>2026-08-02T09:21:07.065Z</time>
      </trkpt>
      <trkpt lat="45.867607" lon="6.627589">
        <ele>1107.162974</ele>
        <time>2026-08-02T09:21:11.300Z</time>
      </trkpt>
      <trkpt lat="45.867340" lon="6.627414">
        <ele>1107.257400</ele>
        <time>2026-08-02T09:21:15.766Z</time>
      </trkpt>
      <trkpt lat="45.866784" lon="6.627050">
        <ele>1106.982726</ele>
        <time>2026-08-02T09:21:24.302Z</time>
      </trkpt>
      <trkpt lat="45.866414" lon="6.626808">
        <ele>1106.651932</ele>
        <time>2026-08-02T09:21:29.662Z</time>
      </trkpt>
      <trkpt lat="45.866353" lon="6.626768">
        <ele>1106.597371</ele>
        <time>2026-08-02T09:21:30.557Z</time>
      </trkpt>
      <trkpt lat="45.865883" lon="6.626461">
        <ele>1106.177267</ele>
        <time>2026-08-02T09:21:36.970Z</time>
      </trkpt>
      <trkpt lat="45.865336" lon="6.626103">
        <ele>1105.538871</ele>
        <time>2026-08-02T09:21:43.812Z</time>
      </trkpt>
      <trkpt lat="45.864897" lon="6.625815">
        <ele>1104.798951</ele>
        <time>2026-08-02T09:21:49.151Z</time>
      </trkpt>
      <trkpt lat="45.864368" lon="6.625469">
        <ele>1103.907801</ele>
        <time>2026-08-02T09:21:55.722Z</time>
      </trkpt>
      <trkpt lat="45.864254" lon="6.625394">
        <ele>1103.715563</ele>
        <time>2026-08-02T09:21:57.175Z</time>
      </trkpt>
      <trkpt lat="45.863824" lon="6.625113">
        <ele>1103.034802</ele>
        <time>2026-08-02T09:22:02.741Z</time>
      </trkpt>
      <trkpt lat="45.863771" lon="6.625078">
        <ele>1102.981302</ele>
        <time>2026-08-02T09:22:03.440Z</time>
      </trkpt>
      <trkpt lat="45.863674" lon="6.625014">
        <ele>1102.883403</ele>
        <time>2026-08-02T09:22:04.735Z</time>
      </trkpt>
      <trkpt lat="45.863526" lon="6.624918">
        <ele>1102.734467</ele>
        <time>2026-08-02T09:22:06.722Z</time>
      </trkpt>
      <trkpt lat="45.863429" lon="6.624855">
        <ele>1102.636833</ele>
        <time>2026-08-02T09:22:08.036Z</time>
      </trkpt>
      <trkpt lat="45.862908" lon="6.624512">
        <ele>1102.111202</ele>
        <time>2026-08-02T09:22:15.365Z</time>
      </trkpt>
      <trkpt lat="45.862800" lon="6.624442">
        <ele>1102.002533</ele>
        <time>2026-08-02T09:22:16.876Z</time>
      </trkpt>
      <trkpt lat="45.862174" lon="6.624032">
        <ele>1101.329897</ele>
        <time>2026-08-02T09:22:25.462Z</time>
      </trkpt>
      <trkpt lat="45.861615" lon="6.623666">
        <ele>1100.467647</ele>
        <time>2026-08-02T09:22:33.003Z</time>
      </trkpt>
      <trkpt lat="45.861472" lon="6.623569">
        <ele>1100.245683</ele>
        <time>2026-08-02T09:22:34.856Z</time>
      </trkpt>
      <trkpt lat="45.861133" lon="6.623227">
        <ele>1099.664219</ele>
        <time>2026-08-02T09:22:39.570Z</time>
      </trkpt>
      <trkpt lat="45.861092" lon="6.623176">
        <ele>1099.588089</ele>
        <time>2026-08-02T09:22:40.179Z</time>
      </trkpt>
      <trkpt lat="45.860850" lon="6.622811">
        <ele>1099.095519</ele>
        <time>2026-08-02T09:22:44.134Z</time>
      </trkpt>
      <trkpt lat="45.859809" lon="6.620888">
        <ele>1096.134841</ele>
        <time>2026-08-02T09:23:02.777Z</time>
      </trkpt>
      <trkpt lat="45.859721" lon="6.620679">
        <ele>1095.833493</ele>
        <time>2026-08-02T09:23:04.730Z</time>
      </trkpt>
      <trkpt lat="45.859681" lon="6.620353">
        <ele>1095.737472</ele>
        <time>2026-08-02T09:23:07.452Z</time>
      </trkpt>
      <trkpt lat="45.859703" lon="6.620070">
        <ele>1095.735826</ele>
        <time>2026-08-02T09:23:09.860Z</time>
      </trkpt>
      <trkpt lat="45.859762" lon="6.619937">
        <ele>1095.734914</ele>
        <time>2026-08-02T09:23:11.256Z</time>
      </trkpt>
      <trkpt lat="45.859748" lon="6.619832">
        <ele>1095.734296</ele>
        <time>2026-08-02T09:23:12.243Z</time>
      </trkpt>
      <trkpt lat="45.859711" lon="6.619762">
        <ele>1095.733787</ele>
        <time>2026-08-02T09:23:13.057Z</time>
      </trkpt>
      <trkpt lat="45.859537" lon="6.619586">
        <ele>1095.732020</ele>
        <time>2026-08-02T09:23:16.217Z</time>
      </trkpt>
      <trkpt lat="45.859448" lon="6.619557">
        <ele>1095.731262</ele>
        <time>2026-08-02T09:23:17.753Z</time>
      </trkpt>
      <trkpt lat="45.859361" lon="6.619397">
        <ele>1095.730089</ele>
        <time>2026-08-02T09:23:20.271Z</time>
      </trkpt>
      <trkpt lat="45.859254" lon="6.619208">
        <ele>1095.728680</ele>
        <time>2026-08-02T09:23:23.455Z</time>
      </trkpt>
      <trkpt lat="45.859105" lon="6.619033">
        <ele>1095.727082</ele>
        <time>2026-08-02T09:23:27.167Z</time>
      </trkpt>
      <trkpt lat="45.858947" lon="6.618746">
        <ele>1095.724966</ele>
        <time>2026-08-02T09:23:31.840Z</time>
      </trkpt>
      <trkpt lat="45.858869" lon="6.618555">
        <ele>1095.689805</ele>
        <time>2026-08-02T09:23:34.661Z</time>
      </trkpt>
      <trkpt lat="45.858824" lon="6.618440">
        <ele>1095.608978</ele>
        <time>2026-08-02T09:23:36.401Z</time>
      </trkpt>
      <trkpt lat="45.858773" lon="6.618292">
        <ele>1095.507798</ele>
        <time>2026-08-02T09:23:38.498Z</time>
      </trkpt>
      <trkpt lat="45.858680" lon="6.617876">
        <ele>1095.240086</ele>
        <time>2026-08-02T09:23:43.458Z</time>
      </trkpt>
      <trkpt lat="45.858648" lon="6.617763">
        <ele>1095.165340</ele>
        <time>2026-08-02T09:23:44.662Z</time>
      </trkpt>
      <trkpt lat="45.858632" lon="6.617687">
        <ele>1095.116690</ele>
        <time>2026-08-02T09:23:45.429Z</time>
      </trkpt>
      <trkpt lat="45.858493" lon="6.617293">
        <ele>1094.846059</ele>
        <time>2026-08-02T09:23:49.488Z</time>
      </trkpt>
      <trkpt lat="45.858400" lon="6.616932">
        <ele>1094.610209</ele>
        <time>2026-08-02T09:23:52.669Z</time>
      </trkpt>
      <trkpt lat="45.858365" lon="6.616737">
        <ele>1094.486818</ele>
        <time>2026-08-02T09:23:54.202Z</time>
      </trkpt>
      <trkpt lat="45.858297" lon="6.616566">
        <ele>1094.366160</ele>
        <time>2026-08-02T09:23:55.651Z</time>
      </trkpt>
      <trkpt lat="45.858310" lon="6.616250">
        <ele>1094.172194</ele>
        <time>2026-08-02T09:23:57.940Z</time>
      </trkpt>
      <trkpt lat="45.858299" lon="6.616166">
        <ele>1094.080958</ele>
        <time>2026-08-02T09:23:58.554Z</time>
      </trkpt>
      <trkpt lat="45.858266" lon="6.616109">
        <ele>1093.954108</ele>
        <time>2026-08-02T09:23:59.083Z</time>
      </trkpt>
      <trkpt lat="45.858231" lon="6.616086">
        <ele>1093.859523</ele>
        <time>2026-08-02T09:23:59.475Z</time>
      </trkpt>
      <trkpt lat="45.858163" lon="6.615964">
        <ele>1093.592106</ele>
        <time>2026-08-02T09:24:00.590Z</time>
      </trkpt>
      <trkpt lat="45.858083" lon="6.615753">
        <ele>1093.180967</ele>
        <time>2026-08-02T09:24:02.307Z</time>
      </trkpt>
      <trkpt lat="45.857768" lon="6.614545">
        <ele>1090.973487</ele>
        <time>2026-08-02T09:24:11.565Z</time>
      </trkpt>
      <trkpt lat="45.857750" lon="6.614477">
        <ele>1090.848992</ele>
        <time>2026-08-02T09:24:12.101Z</time>
      </trkpt>
      <trkpt lat="45.857729" lon="6.614395">
        <ele>1090.699473</ele>
        <time>2026-08-02T09:24:12.761Z</time>
      </trkpt>
      <trkpt lat="45.857501" lon="6.613517">
        <ele>1089.151859</ele>
        <time>2026-08-02T09:24:20.151Z</time>
      </trkpt>
      <trkpt lat="45.857442" lon="6.613175">
        <ele>1088.602853</ele>
        <time>2026-08-02T09:24:23.148Z</time>
      </trkpt>
      <trkpt lat="45.857400" lon="6.612774">
        <ele>1087.970992</ele>
        <time>2026-08-02T09:24:26.547Z</time>
      </trkpt>
      <trkpt lat="45.857384" lon="6.612333">
        <ele>1087.282899</ele>
        <time>2026-08-02T09:24:30.027Z</time>
      </trkpt>
      <trkpt lat="45.857384" lon="6.612296">
        <ele>1087.225246</ele>
        <time>2026-08-02T09:24:30.305Z</time>
      </trkpt>
      <trkpt lat="45.857406" lon="6.611923">
        <ele>1086.641960</ele>
        <time>2026-08-02T09:24:33.026Z</time>
      </trkpt>
      <trkpt lat="45.857452" lon="6.611616">
        <ele>1086.152651</ele>
        <time>2026-08-02T09:24:35.230Z</time>
      </trkpt>
      <trkpt lat="45.857579" lon="6.610862">
        <ele>1084.741182</ele>
        <time>2026-08-02T09:24:40.552Z</time>
      </trkpt>
      <trkpt lat="45.857692" lon="6.610431">
        <ele>1083.830560</ele>
        <time>2026-08-02T09:24:43.703Z</time>
      </trkpt>
      <trkpt lat="45.857770" lon="6.610345">
        <ele>1083.551346</ele>
        <time>2026-08-02T09:24:44.685Z</time>
      </trkpt>
      <trkpt lat="45.857790" lon="6.610191">
        <ele>1083.241587</ele>
        <time>2026-08-02T09:24:45.774Z</time>
      </trkpt>
      <trkpt lat="45.857729" lon="6.610063">
        <ele>1082.934905</ele>
        <time>2026-08-02T09:24:46.860Z</time>
      </trkpt>
      <trkpt lat="45.857634" lon="6.609667">
        <ele>1082.106726</ele>
        <time>2026-08-02T09:24:49.817Z</time>
      </trkpt>
      <trkpt lat="45.857597" lon="6.609442">
        <ele>1081.649590</ele>
        <time>2026-08-02T09:24:51.463Z</time>
      </trkpt>
      <trkpt lat="45.857486" lon="6.608962">
        <ele>1080.649512</ele>
        <time>2026-08-02T09:24:55.269Z</time>
      </trkpt>
      <trkpt lat="45.857395" lon="6.608726">
        <ele>1080.864131</ele>
        <time>2026-08-02T09:24:57.639Z</time>
      </trkpt>
      <trkpt lat="45.857295" lon="6.608546">
        <ele>1081.126264</ele>
        <time>2026-08-02T09:24:59.884Z</time>
      </trkpt>
      <trkpt lat="45.856922" lon="6.608008">
        <ele>1081.990504</ele>
        <time>2026-08-02T09:25:10.144Z</time>
      </trkpt>
      <trkpt lat="45.856948" lon="6.607862">
        <ele>1082.162067</ele>
        <time>2026-08-02T09:25:12.986Z</time>
      </trkpt>
      <trkpt lat="45.856903" lon="6.607785">
        <ele>1082.276502</ele>
        <time>2026-08-02T09:25:14.743Z</time>
      </trkpt>
      <trkpt lat="45.856740" lon="6.607533">
        <ele>1082.668041</ele>
        <time>2026-08-02T09:25:21.455Z</time>
      </trkpt>
      <trkpt lat="45.856414" lon="6.606997">
        <ele>1083.478193</ele>
        <time>2026-08-02T09:25:35.850Z</time>
      </trkpt>
      <trkpt lat="45.856288" lon="6.606772">
        <ele>1083.834101</ele>
        <time>2026-08-02T09:25:41.715Z</time>
      </trkpt>
      <trkpt lat="45.855917" lon="6.606090">
        <ele>1084.916502</ele>
        <time>2026-08-02T09:25:57.881Z</time>
      </trkpt>
      <trkpt lat="45.855774" lon="6.605814">
        <ele>1085.346768</ele>
        <time>2026-08-02T09:26:03.488Z</time>
      </trkpt>
      <trkpt lat="45.855621" lon="6.605421">
        <ele>1085.909913</ele>
        <time>2026-08-02T09:26:09.925Z</time>
      </trkpt>
      <trkpt lat="45.854793" lon="6.603338">
        <ele>1086.043569</ele>
        <time>2026-08-02T09:26:32.840Z</time>
      </trkpt>
      <trkpt lat="45.854716" lon="6.603167">
        <ele>1085.958505</ele>
        <time>2026-08-02T09:26:35.366Z</time>
      </trkpt>
      <trkpt lat="45.854616" lon="6.603046">
        <ele>1085.880067</ele>
        <time>2026-08-02T09:26:37.674Z</time>
      </trkpt>
      <trkpt lat="45.854506" lon="6.603070">
        <ele>1085.813332</ele>
        <time>2026-08-02T09:26:39.564Z</time>
      </trkpt>
      <trkpt lat="45.853834" lon="6.602787">
        <ele>1084.322007</ele>
        <time>2026-08-02T09:26:51.360Z</time>
      </trkpt>
      <trkpt lat="45.853040" lon="6.602407">
        <ele>1081.959582</ele>
        <time>2026-08-02T09:27:03.718Z</time>
      </trkpt>
      <trkpt lat="45.852961" lon="6.602370">
        <ele>1081.725027</ele>
        <time>2026-08-02T09:27:04.896Z</time>
      </trkpt>
      <trkpt lat="45.852642" lon="6.602217">
        <ele>1080.775685</ele>
        <time>2026-08-02T09:27:09.717Z</time>
      </trkpt>
      <trkpt lat="45.852498" lon="6.602149">
        <ele>1079.988113</ele>
        <time>2026-08-02T09:27:11.858Z</time>
      </trkpt>
      <trkpt lat="45.852189" lon="6.601970">
        <ele>1077.734308</ele>
        <time>2026-08-02T09:27:16.378Z</time>
      </trkpt>
      <trkpt lat="45.852085" lon="6.601861">
        <ele>1076.863352</ele>
        <time>2026-08-02T09:27:18.069Z</time>
      </trkpt>
      <trkpt lat="45.852014" lon="6.601672">
        <ele>1075.851673</ele>
        <time>2026-08-02T09:27:19.995Z</time>
      </trkpt>
      <trkpt lat="45.851968" lon="6.601272">
        <ele>1073.941660</ele>
        <time>2026-08-02T09:27:23.572Z</time>
      </trkpt>
      <trkpt lat="45.851915" lon="6.601133">
        <ele>1073.195091</ele>
        <time>2026-08-02T09:27:24.942Z</time>
      </trkpt>
      <trkpt lat="45.851834" lon="6.601028">
        <ele>1072.456924</ele>
        <time>2026-08-02T09:27:26.309Z</time>
      </trkpt>
      <trkpt lat="45.851505" lon="6.600714">
        <ele>1069.784712</ele>
        <time>2026-08-02T09:27:31.233Z</time>
      </trkpt>
      <trkpt lat="45.851040" lon="6.600219">
        <ele>1066.869164</ele>
        <time>2026-08-02T09:27:38.508Z</time>
      </trkpt>
      <trkpt lat="45.851007" lon="6.600043">
        <ele>1066.344561</ele>
        <time>2026-08-02T09:27:40.118Z</time>
      </trkpt>
      <trkpt lat="45.851046" lon="6.599591">
        <ele>1065.033654</ele>
        <time>2026-08-02T09:27:44.245Z</time>
      </trkpt>
      <trkpt lat="45.851028" lon="6.599338">
        <ele>1064.301671</ele>
        <time>2026-08-02T09:27:46.679Z</time>
      </trkpt>
      <trkpt lat="45.850971" lon="6.599030">
        <ele>1063.384416</ele>
        <time>2026-08-02T09:27:49.911Z</time>
      </trkpt>
      <trkpt lat="45.850828" lon="6.598798">
        <ele>1062.492747</ele>
        <time>2026-08-02T09:27:53.330Z</time>
      </trkpt>
      <trkpt lat="45.849751" lon="6.597638">
        <ele>1060.752565</ele>
        <time>2026-08-02T09:28:26.434Z</time>
      </trkpt>
      <trkpt lat="45.849365" lon="6.597178">
        <ele>1060.623311</ele>
        <time>2026-08-02T09:28:35.830Z</time>
      </trkpt>
      <trkpt lat="45.849339" lon="6.597114">
        <ele>1060.610014</ele>
        <time>2026-08-02T09:28:36.697Z</time>
      </trkpt>
      <trkpt lat="45.849339" lon="6.597084">
        <ele>1060.604630</ele>
        <time>2026-08-02T09:28:36.942Z</time>
      </trkpt>
      <trkpt lat="45.849272" lon="6.597068">
        <ele>1060.587130</ele>
        <time>2026-08-02T09:28:37.699Z</time>
      </trkpt>
      <trkpt lat="45.849143" lon="6.596971">
        <ele>1060.549609</ele>
        <time>2026-08-02T09:28:39.292Z</time>
      </trkpt>
      <trkpt lat="45.848793" lon="6.596567">
        <ele>1059.104951</ele>
        <time>2026-08-02T09:28:43.894Z</time>
      </trkpt>
      <trkpt lat="45.847849" lon="6.595228">
        <ele>1054.613026</ele>
        <time>2026-08-02T09:28:56.786Z</time>
      </trkpt>
      <trkpt lat="45.847772" lon="6.595171">
        <ele>1054.339254</ele>
        <time>2026-08-02T09:28:57.680Z</time>
      </trkpt>
      <trkpt lat="45.847676" lon="6.595189">
        <ele>1054.058688</ele>
        <time>2026-08-02T09:28:58.679Z</time>
      </trkpt>
      <trkpt lat="45.847501" lon="6.594689">
        <ele>1052.929129</ele>
        <time>2026-08-02T09:29:02.800Z</time>
      </trkpt>
      <trkpt lat="45.847408" lon="6.594509">
        <ele>1052.476735</ele>
        <time>2026-08-02T09:29:04.457Z</time>
      </trkpt>
      <trkpt lat="45.847165" lon="6.594195">
        <ele>1051.529281</ele>
        <time>2026-08-02T09:29:07.958Z</time>
      </trkpt>
      <trkpt lat="45.846776" lon="6.593905">
        <ele>1050.259039</ele>
        <time>2026-08-02T09:29:12.597Z</time>
      </trkpt>
      <trkpt lat="45.845362" lon="6.592928">
        <ele>1045.414048</ele>
        <time>2026-08-02T09:29:28.345Z</time>
      </trkpt>
      <trkpt lat="45.845057" lon="6.592644">
        <ele>1044.271805</ele>
        <time>2026-08-02T09:29:32.042Z</time>
      </trkpt>
      <trkpt lat="45.844042" lon="6.591019">
        <ele>1039.820544</ele>
        <time>2026-08-02T09:29:48.026Z</time>
      </trkpt>
      <trkpt lat="45.843792" lon="6.590723">
        <ele>1038.883316</ele>
        <time>2026-08-02T09:29:51.312Z</time>
      </trkpt>
      <trkpt lat="45.843398" lon="6.590345">
        <ele>1037.447209</ele>
        <time>2026-08-02T09:29:56.042Z</time>
      </trkpt>
      <trkpt lat="45.842938" lon="6.589906">
        <ele>1035.730223</ele>
        <time>2026-08-02T09:30:01.516Z</time>
      </trkpt>
      <trkpt lat="45.842842" lon="6.589764">
        <ele>1035.301752</ele>
        <time>2026-08-02T09:30:02.883Z</time>
      </trkpt>
      <trkpt lat="45.842759" lon="6.589578">
        <ele>1034.823450</ele>
        <time>2026-08-02T09:30:04.411Z</time>
      </trkpt>
      <trkpt lat="45.842697" lon="6.589292">
        <ele>1034.174864</ele>
        <time>2026-08-02T09:30:06.511Z</time>
      </trkpt>
      <trkpt lat="45.842666" lon="6.588583">
        <ele>1032.693261</ele>
        <time>2026-08-02T09:30:11.733Z</time>
      </trkpt>
      <trkpt lat="45.842563" lon="6.587940">
        <ele>1031.763564</ele>
        <time>2026-08-02T09:30:17.034Z</time>
      </trkpt>
      <trkpt lat="45.842472" lon="6.587388">
        <ele>1030.964256</ele>
        <time>2026-08-02T09:30:21.549Z</time>
      </trkpt>
      <trkpt lat="45.842394" lon="6.587106">
        <ele>1030.536713</ele>
        <time>2026-08-02T09:30:23.810Z</time>
      </trkpt>
      <trkpt lat="45.842209" lon="6.586659">
        <ele>1029.804068</ele>
        <time>2026-08-02T09:30:27.802Z</time>
      </trkpt>
      <trkpt lat="45.842192" lon="6.586613">
        <ele>1029.730692</ele>
        <time>2026-08-02T09:30:28.207Z</time>
      </trkpt>
      <trkpt lat="45.842148" lon="6.586495">
        <ele>1029.542096</ele>
        <time>2026-08-02T09:30:29.245Z</time>
      </trkpt>
      <trkpt lat="45.842102" lon="6.586367">
        <ele>1029.339144</ele>
        <time>2026-08-02T09:30:30.366Z</time>
      </trkpt>
      <trkpt lat="45.842064" lon="6.586256">
        <ele>1029.164867</ele>
        <time>2026-08-02T09:30:31.337Z</time>
      </trkpt>
      <trkpt lat="45.841889" lon="6.585748">
        <ele>1028.098363</ele>
        <time>2026-08-02T09:30:35.506Z</time>
      </trkpt>
      <trkpt lat="45.841664" lon="6.585150">
        <ele>1026.817630</ele>
        <time>2026-08-02T09:30:40.300Z</time>
      </trkpt>
      <trkpt lat="45.841579" lon="6.584891">
        <ele>1026.278120</ele>
        <time>2026-08-02T09:30:42.284Z</time>
      </trkpt>
      <trkpt lat="45.841020" lon="6.583182">
        <ele>1023.539871</ele>
        <time>2026-08-02T09:30:56.162Z</time>
      </trkpt>
      <trkpt lat="45.840831" lon="6.582594">
        <ele>1022.954542</ele>
        <time>2026-08-02T09:31:01.388Z</time>
      </trkpt>
      <trkpt lat="45.840820" lon="6.582355">
        <ele>1022.738042</ele>
        <time>2026-08-02T09:31:03.468Z</time>
      </trkpt>
      <trkpt lat="45.840823" lon="6.582204">
        <ele>1022.601499</ele>
        <time>2026-08-02T09:31:04.858Z</time>
      </trkpt>
      <trkpt lat="45.840756" lon="6.582128">
        <ele>1022.490702</ele>
        <time>2026-08-02T09:31:05.995Z</time>
      </trkpt>
      <trkpt lat="45.840620" lon="6.581948">
        <ele>1022.250686</ele>
        <time>2026-08-02T09:31:08.671Z</time>
      </trkpt>
      <trkpt lat="45.840368" lon="6.581150">
        <ele>1021.612950</ele>
        <time>2026-08-02T09:31:18.366Z</time>
      </trkpt>
      <trkpt lat="45.840035" lon="6.579867">
        <ele>1020.754867</ele>
        <time>2026-08-02T09:31:30.144Z</time>
      </trkpt>
      <trkpt lat="45.839836" lon="6.579064">
        <ele>1020.204352</ele>
        <time>2026-08-02T09:31:36.850Z</time>
      </trkpt>
      <trkpt lat="45.839649" lon="6.578329">
        <ele>1019.648656</ele>
        <time>2026-08-02T09:31:42.868Z</time>
      </trkpt>
      <trkpt lat="45.839627" lon="6.578242">
        <ele>1019.582927</ele>
        <time>2026-08-02T09:31:43.582Z</time>
      </trkpt>
      <trkpt lat="45.839442" lon="6.577517">
        <ele>1019.034599</ele>
        <time>2026-08-02T09:31:49.924Z</time>
      </trkpt>
      <trkpt lat="45.839422" lon="6.577216">
        <ele>1018.819866</ele>
        <time>2026-08-02T09:31:52.703Z</time>
      </trkpt>
      <trkpt lat="45.839445" lon="6.577129">
        <ele>1018.753782</ele>
        <time>2026-08-02T09:31:53.569Z</time>
      </trkpt>
      <trkpt lat="45.839422" lon="6.577038">
        <ele>1018.685034</ele>
        <time>2026-08-02T09:31:54.483Z</time>
      </trkpt>
      <trkpt lat="45.839385" lon="6.576999">
        <ele>1018.638240</ele>
        <time>2026-08-02T09:31:55.131Z</time>
      </trkpt>
      <trkpt lat="45.839364" lon="6.576990">
        <ele>1018.615899</ele>
        <time>2026-08-02T09:31:55.429Z</time>
      </trkpt>
      <trkpt lat="45.839253" lon="6.576747">
        <ele>1018.690002</ele>
        <time>2026-08-02T09:31:58.279Z</time>
      </trkpt>
      <trkpt lat="45.838815" lon="6.575009">
        <ele>1021.039551</ele>
        <time>2026-08-02T09:32:25.911Z</time>
      </trkpt>
      <trkpt lat="45.838401" lon="6.573379">
        <ele>1023.344706</ele>
        <time>2026-08-02T09:33:01.118Z</time>
      </trkpt>
      <trkpt lat="45.838284" lon="6.572906">
        <ele>1024.026526</ele>
        <time>2026-08-02T09:33:10.037Z</time>
      </trkpt>
      <trkpt lat="45.838270" lon="6.572851">
        <ele>1024.106069</ele>
        <time>2026-08-02T09:33:10.942Z</time>
      </trkpt>
      <trkpt lat="45.838231" lon="6.572687">
        <ele>1024.341467</ele>
        <time>2026-08-02T09:33:13.539Z</time>
      </trkpt>
      <trkpt lat="45.838202" lon="6.572550">
        <ele>1024.535969</ele>
        <time>2026-08-02T09:33:15.501Z</time>
      </trkpt>
      <trkpt lat="45.837980" lon="6.571409">
        <ele>1023.967772</ele>
        <time>2026-08-02T09:33:26.060Z</time>
      </trkpt>
      <trkpt lat="45.837968" lon="6.571374">
        <ele>1023.884392</ele>
        <time>2026-08-02T09:33:26.358Z</time>
      </trkpt>
      <trkpt lat="45.837784" lon="6.570911">
        <ele>1022.745061</ele>
        <time>2026-08-02T09:33:30.200Z</time>
      </trkpt>
      <trkpt lat="45.837755" lon="6.570843">
        <ele>1022.574643</ele>
        <time>2026-08-02T09:33:30.753Z</time>
      </trkpt>
      <trkpt lat="45.837642" lon="6.570590">
        <ele>1021.932277</ele>
        <time>2026-08-02T09:33:32.796Z</time>
      </trkpt>
      <trkpt lat="45.837624" lon="6.570552">
        <ele>1021.834057</ele>
        <time>2026-08-02T09:33:33.106Z</time>
      </trkpt>
      <trkpt lat="45.837573" lon="6.570444">
        <ele>1021.555179</ele>
        <time>2026-08-02T09:33:33.978Z</time>
      </trkpt>
      <trkpt lat="45.837313" lon="6.569884">
        <ele>1020.116748</ele>
        <time>2026-08-02T09:33:38.409Z</time>
      </trkpt>
      <trkpt lat="45.837277" lon="6.569807">
        <ele>1019.918537</ele>
        <time>2026-08-02T09:33:39.026Z</time>
      </trkpt>
      <trkpt lat="45.837049" lon="6.569316">
        <ele>1018.260185</ele>
        <time>2026-08-02T09:33:42.927Z</time>
      </trkpt>
      <trkpt lat="45.837043" lon="6.569302">
        <ele>1018.212634</ele>
        <time>2026-08-02T09:33:43.042Z</time>
      </trkpt>
      <trkpt lat="45.836791" lon="6.568762">
        <ele>1016.332382</ele>
        <time>2026-08-02T09:33:47.350Z</time>
      </trkpt>
      <trkpt lat="45.836771" lon="6.568717">
        <ele>1016.177966</ele>
        <time>2026-08-02T09:33:47.708Z</time>
      </trkpt>
      <trkpt lat="45.836620" lon="6.568386">
        <ele>1015.033386</ele>
        <time>2026-08-02T09:33:50.350Z</time>
      </trkpt>
      <trkpt lat="45.836364" lon="6.567823">
        <ele>1013.088459</ele>
        <time>2026-08-02T09:33:54.978Z</time>
      </trkpt>
      <trkpt lat="45.836210" lon="6.567483">
        <ele>1012.075366</ele>
        <time>2026-08-02T09:33:57.873Z</time>
      </trkpt>
      <trkpt lat="45.836049" lon="6.567130">
        <ele>1011.346997</ele>
        <time>2026-08-02T09:34:00.963Z</time>
      </trkpt>
      <trkpt lat="45.835967" lon="6.566950">
        <ele>1010.975721</ele>
        <time>2026-08-02T09:34:02.531Z</time>
      </trkpt>
      <trkpt lat="45.835936" lon="6.566881">
        <ele>1010.833983</ele>
        <time>2026-08-02T09:34:03.139Z</time>
      </trkpt>
      <trkpt lat="45.835736" lon="6.566442">
        <ele>1009.928465</ele>
        <time>2026-08-02T09:34:07.057Z</time>
      </trkpt>
      <trkpt lat="45.835345" lon="6.565583">
        <ele>1008.157080</ele>
        <time>2026-08-02T09:34:14.797Z</time>
      </trkpt>
      <trkpt lat="45.835082" lon="6.565004">
        <ele>1007.066115</ele>
        <time>2026-08-02T09:34:19.921Z</time>
      </trkpt>
      <trkpt lat="45.835036" lon="6.564900">
        <ele>1006.877841</ele>
        <time>2026-08-02T09:34:20.830Z</time>
      </trkpt>
      <trkpt lat="45.834904" lon="6.564614">
        <ele>1006.353521</ele>
        <time>2026-08-02T09:34:23.414Z</time>
      </trkpt>
      <trkpt lat="45.834758" lon="6.564291">
        <ele>1005.765069</ele>
        <time>2026-08-02T09:34:26.338Z</time>
      </trkpt>
      <trkpt lat="45.834549" lon="6.563821">
        <ele>1004.912895</ele>
        <time>2026-08-02T09:34:30.562Z</time>
      </trkpt>
      <trkpt lat="45.834382" lon="6.563251">
        <ele>1003.967830</ele>
        <time>2026-08-02T09:34:35.164Z</time>
      </trkpt>
      <trkpt lat="45.834149" lon="6.562377">
        <ele>1002.826965</ele>
        <time>2026-08-02T09:34:42.333Z</time>
      </trkpt>
      <trkpt lat="45.833958" lon="6.561734">
        <ele>1001.983901</ele>
        <time>2026-08-02T09:34:47.952Z</time>
      </trkpt>
      <trkpt lat="45.833847" lon="6.561480">
        <ele>1001.622277</ele>
        <time>2026-08-02T09:34:50.292Z</time>
      </trkpt>
      <trkpt lat="45.833666" lon="6.561152">
        <ele>1001.117625</ele>
        <time>2026-08-02T09:34:53.559Z</time>
      </trkpt>
      <trkpt lat="45.832847" lon="6.559888">
        <ele>999.564359</ele>
        <time>2026-08-02T09:35:07.664Z</time>
      </trkpt>
      <trkpt lat="45.832730" lon="6.559638">
        <ele>999.310179</ele>
        <time>2026-08-02T09:35:10.325Z</time>
      </trkpt>
      <trkpt lat="45.832672" lon="6.559396">
        <ele>999.094185</ele>
        <time>2026-08-02T09:35:12.539Z</time>
      </trkpt>
      <trkpt lat="45.832654" lon="6.559211">
        <ele>998.936529</ele>
        <time>2026-08-02T09:35:14.121Z</time>
      </trkpt>
      <trkpt lat="45.832681" lon="6.558346">
        <ele>998.457002</ele>
        <time>2026-08-02T09:35:21.340Z</time>
      </trkpt>
      <trkpt lat="45.832685" lon="6.558165">
        <ele>998.397400</ele>
        <time>2026-08-02T09:35:22.904Z</time>
      </trkpt>
      <trkpt lat="45.832706" lon="6.557355">
        <ele>998.130625</ele>
        <time>2026-08-02T09:35:30.425Z</time>
      </trkpt>
      <trkpt lat="45.832676" lon="6.556976">
        <ele>998.005084</ele>
        <time>2026-08-02T09:35:34.024Z</time>
      </trkpt>
      <trkpt lat="45.832640" lon="6.556675">
        <ele>997.904569</ele>
        <time>2026-08-02T09:35:36.876Z</time>
      </trkpt>
      <trkpt lat="45.832538" lon="6.556099">
        <ele>997.776257</ele>
        <time>2026-08-02T09:35:42.837Z</time>
      </trkpt>
      <trkpt lat="45.832403" lon="6.555429">
        <ele>997.808369</ele>
        <time>2026-08-02T09:35:51.564Z</time>
      </trkpt>
      <trkpt lat="45.832261" lon="6.554729">
        <ele>997.841936</ele>
        <time>2026-08-02T09:35:59.746Z</time>
      </trkpt>
      <trkpt lat="45.832110" lon="6.554132">
        <ele>997.871178</ele>
        <time>2026-08-02T09:36:06.090Z</time>
      </trkpt>
      <trkpt lat="45.832057" lon="6.553865">
        <ele>997.883961</ele>
        <time>2026-08-02T09:36:08.782Z</time>
      </trkpt>
      <trkpt lat="45.831961" lon="6.553563">
        <ele>997.841174</ele>
        <time>2026-08-02T09:36:11.924Z</time>
      </trkpt>
      <trkpt lat="45.831810" lon="6.553279">
        <ele>997.780541</ele>
        <time>2026-08-02T09:36:15.120Z</time>
      </trkpt>
      <trkpt lat="45.831670" lon="6.553094">
        <ele>997.734185</ele>
        <time>2026-08-02T09:36:17.427Z</time>
      </trkpt>
      <trkpt lat="45.831597" lon="6.553012">
        <ele>997.711604</ele>
        <time>2026-08-02T09:36:18.523Z</time>
      </trkpt>
      <trkpt lat="45.831415" lon="6.552822">
        <ele>997.656783</ele>
        <time>2026-08-02T09:36:21.248Z</time>
      </trkpt>
      <trkpt lat="45.830841" lon="6.552422">
        <ele>997.501352</ele>
        <time>2026-08-02T09:36:31.317Z</time>
      </trkpt>
      <trkpt lat="45.830761" lon="6.552329">
        <ele>997.476274</ele>
        <time>2026-08-02T09:36:33.080Z</time>
      </trkpt>
      <trkpt lat="45.830635" lon="6.552089">
        <ele>997.481886</ele>
        <time>2026-08-02T09:36:36.611Z</time>
      </trkpt>
      <trkpt lat="45.830432" lon="6.551696">
        <ele>997.599308</ele>
        <time>2026-08-02T09:36:42.195Z</time>
      </trkpt>
      <trkpt lat="45.830297" lon="6.551520">
        <ele>997.662135</ele>
        <time>2026-08-02T09:36:45.108Z</time>
      </trkpt>
      <trkpt lat="45.830187" lon="6.551404">
        <ele>997.709157</ele>
        <time>2026-08-02T09:36:47.325Z</time>
      </trkpt>
      <trkpt lat="45.829692" lon="6.551025">
        <ele>997.902421</ele>
        <time>2026-08-02T09:36:56.786Z</time>
      </trkpt>
      <trkpt lat="45.829448" lon="6.550679">
        <ele>998.020581</ele>
        <time>2026-08-02T09:37:01.475Z</time>
      </trkpt>
      <trkpt lat="45.828967" lon="6.549697">
        <ele>999.563579</ele>
        <time>2026-08-02T09:37:15.328Z</time>
      </trkpt>
      <trkpt lat="45.828870" lon="6.549239">
        <ele>1000.278273</ele>
        <time>2026-08-02T09:37:23.350Z</time>
      </trkpt>
      <trkpt lat="45.828869" lon="6.548745">
        <ele>1001.015830</ele>
        <time>2026-08-02T09:37:32.978Z</time>
      </trkpt>
      <trkpt lat="45.828896" lon="6.548304">
        <ele>1001.676791</ele>
        <time>2026-08-02T09:37:42.552Z</time>
      </trkpt>
      <trkpt lat="45.828879" lon="6.548134">
        <ele>1001.936417</ele>
        <time>2026-08-02T09:37:46.447Z</time>
      </trkpt>
      <trkpt lat="45.828811" lon="6.547861">
        <ele>1002.495794</ele>
        <time>2026-08-02T09:37:53.166Z</time>
      </trkpt>
      <trkpt lat="45.828710" lon="6.547623">
        <ele>1003.033459</ele>
        <time>2026-08-02T09:37:59.175Z</time>
      </trkpt>
      <trkpt lat="45.828346" lon="6.546824">
        <ele>1004.875330</ele>
        <time>2026-08-02T09:38:15.940Z</time>
      </trkpt>
      <trkpt lat="45.828217" lon="6.546593">
        <ele>1005.446506</ele>
        <time>2026-08-02T09:38:21.080Z</time>
      </trkpt>
      <trkpt lat="45.827859" lon="6.546144">
        <ele>1006.763012</ele>
        <time>2026-08-02T09:38:33.319Z</time>
      </trkpt>
      <trkpt lat="45.827692" lon="6.545743">
        <ele>1006.941813</ele>
        <time>2026-08-02T09:38:40.070Z</time>
      </trkpt>
      <trkpt lat="45.827474" lon="6.545009">
        <ele>1007.021024</ele>
        <time>2026-08-02T09:38:48.812Z</time>
      </trkpt>
      <trkpt lat="45.827437" lon="6.544881">
        <ele>1007.034782</ele>
        <time>2026-08-02T09:38:50.542Z</time>
      </trkpt>
      <trkpt lat="45.827336" lon="6.544505">
        <ele>1007.074787</ele>
        <time>2026-08-02T09:38:55.889Z</time>
      </trkpt>
      <trkpt lat="45.827278" lon="6.544096">
        <ele>1007.116224</ele>
        <time>2026-08-02T09:39:00.432Z</time>
      </trkpt>
      <trkpt lat="45.827295" lon="6.543408">
        <ele>1006.579364</ele>
        <time>2026-08-02T09:39:05.661Z</time>
      </trkpt>
      <trkpt lat="45.827223" lon="6.543012">
        <ele>1005.663115</ele>
        <time>2026-08-02T09:39:08.516Z</time>
      </trkpt>
      <trkpt lat="45.827089" lon="6.542538">
        <ele>1004.517912</ele>
        <time>2026-08-02T09:39:12.144Z</time>
      </trkpt>
      <trkpt lat="45.827063" lon="6.542462">
        <ele>1004.328363</ele>
        <time>2026-08-02T09:39:12.746Z</time>
      </trkpt>
      <trkpt lat="45.826983" lon="6.542212">
        <ele>1003.712463</ele>
        <time>2026-08-02T09:39:14.710Z</time>
      </trkpt>
      <trkpt lat="45.826389" lon="6.540711">
        <ele>998.525173</ele>
        <time>2026-08-02T09:39:26.432Z</time>
      </trkpt>
      <trkpt lat="45.826265" lon="6.540530">
        <ele>997.466325</ele>
        <time>2026-08-02T09:39:28.090Z</time>
      </trkpt>
      <trkpt lat="45.826068" lon="6.540326">
        <ele>996.012002</ele>
        <time>2026-08-02T09:39:30.353Z</time>
      </trkpt>
      <trkpt lat="45.825861" lon="6.540135">
        <ele>994.538746</ele>
        <time>2026-08-02T09:39:32.608Z</time>
      </trkpt>
      <trkpt lat="45.825610" lon="6.539867">
        <ele>992.665846</ele>
        <time>2026-08-02T09:39:35.419Z</time>
      </trkpt>
      <trkpt lat="45.825143" lon="6.539184">
        <ele>988.821691</ele>
        <time>2026-08-02T09:39:41.261Z</time>
      </trkpt>
      <trkpt lat="45.824852" lon="6.538677">
        <ele>986.290219</ele>
        <time>2026-08-02T09:39:45.328Z</time>
      </trkpt>
      <trkpt lat="45.824737" lon="6.538367">
        <ele>984.936714</ele>
        <time>2026-08-02T09:39:47.592Z</time>
      </trkpt>
      <trkpt lat="45.824642" lon="6.537919">
        <ele>983.131920</ele>
        <time>2026-08-02T09:39:50.794Z</time>
      </trkpt>
      <trkpt lat="45.824600" lon="6.537430">
        <ele>981.233018</ele>
        <time>2026-08-02T09:39:54.299Z</time>
      </trkpt>
      <trkpt lat="45.824723" lon="6.536777">
        <ele>979.118092</ele>
        <time>2026-08-02T09:39:59.360Z</time>
      </trkpt>
      <trkpt lat="45.824726" lon="6.536569">
        <ele>978.509803</ele>
        <time>2026-08-02T09:40:00.930Z</time>
      </trkpt>
      <trkpt lat="45.824685" lon="6.536355">
        <ele>977.860883</ele>
        <time>2026-08-02T09:40:02.582Z</time>
      </trkpt>
      <trkpt lat="45.824602" lon="6.536173">
        <ele>977.224920</ele>
        <time>2026-08-02T09:40:04.174Z</time>
      </trkpt>
      <trkpt lat="45.824563" lon="6.536098">
        <ele>976.951307</ele>
        <time>2026-08-02T09:40:04.835Z</time>
      </trkpt>
      <trkpt lat="45.824312" lon="6.535658">
        <ele>975.288727</ele>
        <time>2026-08-02T09:40:08.746Z</time>
      </trkpt>
      <trkpt lat="45.824004" lon="6.535238">
        <ele>973.506011</ele>
        <time>2026-08-02T09:40:12.633Z</time>
      </trkpt>
      <trkpt lat="45.823721" lon="6.534971">
        <ele>971.421101</ele>
        <time>2026-08-02T09:40:15.633Z</time>
      </trkpt>
      <trkpt lat="45.823529" lon="6.534734">
        <ele>969.675708</ele>
        <time>2026-08-02T09:40:17.858Z</time>
      </trkpt>
      <trkpt lat="45.823392" lon="6.534404">
        <ele>967.830925</ele>
        <time>2026-08-02T09:40:20.218Z</time>
      </trkpt>
      <trkpt lat="45.823268" lon="6.533960">
        <ele>965.533696</ele>
        <time>2026-08-02T09:40:23.202Z</time>
      </trkpt>
      <trkpt lat="45.823195" lon="6.533817">
        <ele>964.682366</ele>
        <time>2026-08-02T09:40:24.317Z</time>
      </trkpt>
      <trkpt lat="45.823152" lon="6.533749">
        <ele>964.241375</ele>
        <time>2026-08-02T09:40:24.891Z</time>
      </trkpt>
      <trkpt lat="45.823012" lon="6.533543">
        <ele>962.859454</ele>
        <time>2026-08-02T09:40:26.713Z</time>
      </trkpt>
      <trkpt lat="45.822762" lon="6.533252">
        <ele>960.706143</ele>
        <time>2026-08-02T09:40:29.633Z</time>
      </trkpt>
      <trkpt lat="45.822215" lon="6.532783">
        <ele>959.825193</ele>
        <time>2026-08-02T09:40:35.593Z</time>
      </trkpt>
      <trkpt lat="45.822118" lon="6.532669">
        <ele>959.651850</ele>
        <time>2026-08-02T09:40:37.021Z</time>
      </trkpt>
      <trkpt lat="45.822019" lon="6.532467">
        <ele>959.413922</ele>
        <time>2026-08-02T09:40:39.115Z</time>
      </trkpt>
      <trkpt lat="45.821839" lon="6.531972">
        <ele>958.875985</ele>
        <time>2026-08-02T09:40:44.286Z</time>
      </trkpt>
      <trkpt lat="45.821736" lon="6.531773">
        <ele>958.637159</ele>
        <time>2026-08-02T09:40:47.644Z</time>
      </trkpt>
      <trkpt lat="45.821511" lon="6.531406">
        <ele>958.579339</ele>
        <time>2026-08-02T09:40:56.557Z</time>
      </trkpt>
      <trkpt lat="45.821451" lon="6.531050">
        <ele>960.320263</ele>
        <time>2026-08-02T09:41:04.888Z</time>
      </trkpt>
      <trkpt lat="45.821384" lon="6.530976">
        <ele>960.896932</ele>
        <time>2026-08-02T09:41:08.274Z</time>
      </trkpt>
      <trkpt lat="45.821302" lon="6.530979">
        <ele>961.456398</ele>
        <time>2026-08-02T09:41:11.488Z</time>
      </trkpt>
      <trkpt lat="45.821287" lon="6.530968">
        <ele>961.571293</ele>
        <time>2026-08-02T09:41:12.261Z</time>
      </trkpt>
      <trkpt lat="45.821245" lon="6.530695">
        <ele>962.900167</ele>
        <time>2026-08-02T09:41:21.120Z</time>
      </trkpt>
      <trkpt lat="45.821184" lon="6.530510">
        <ele>963.872974</ele>
        <time>2026-08-02T09:41:28.021Z</time>
      </trkpt>
      <trkpt lat="45.820872" lon="6.529535">
        <ele>968.972606</ele>
        <time>2026-08-02T09:42:02.899Z</time>
      </trkpt>
      <trkpt lat="45.820645" lon="6.528996">
        <ele>972.301772</ele>
        <time>2026-08-02T09:42:24.879Z</time>
      </trkpt>
      <trkpt lat="45.820465" lon="6.528721">
        <ele>974.506640</ele>
        <time>2026-08-02T09:42:38.144Z</time>
      </trkpt>
      <trkpt lat="45.819778" lon="6.527835">
        <ele>982.252761</ele>
        <time>2026-08-02T09:43:24.149Z</time>
      </trkpt>
      <trkpt lat="45.819618" lon="6.527740">
        <ele>983.704843</ele>
        <time>2026-08-02T09:43:32.180Z</time>
      </trkpt>
      <trkpt lat="45.819530" lon="6.527763">
        <ele>984.454947</ele>
        <time>2026-08-02T09:43:36.286Z</time>
      </trkpt>
      <trkpt lat="45.819457" lon="6.527827">
        <ele>985.172343</ele>
        <time>2026-08-02T09:43:40.131Z</time>
      </trkpt>
      <trkpt lat="45.819383" lon="6.528058">
        <ele>986.605274</ele>
        <time>2026-08-02T09:43:48.008Z</time>
      </trkpt>
      <trkpt lat="45.819348" lon="6.528536">
        <ele>989.275538</ele>
        <time>2026-08-02T09:44:02.745Z</time>
      </trkpt>
      <trkpt lat="45.819334" lon="6.529098">
        <ele>992.399862</ele>
        <time>2026-08-02T09:44:20.166Z</time>
      </trkpt>
      <trkpt lat="45.819380" lon="6.529591">
        <ele>995.163283</ele>
        <time>2026-08-02T09:44:35.738Z</time>
      </trkpt>
      <trkpt lat="45.819375" lon="6.529828">
        <ele>996.480597</ele>
        <time>2026-08-02T09:44:43.133Z</time>
      </trkpt>
      <trkpt lat="45.819294" lon="6.530016">
        <ele>997.708560</ele>
        <time>2026-08-02T09:44:50.144Z</time>
      </trkpt>
      <trkpt lat="45.819195" lon="6.530083">
        <ele>998.581149</ele>
        <time>2026-08-02T09:44:55.192Z</time>
      </trkpt>
      <trkpt lat="45.819113" lon="6.530082">
        <ele>999.234862</ele>
        <time>2026-08-02T09:44:59.047Z</time>
      </trkpt>
      <trkpt lat="45.818992" lon="6.529986">
        <ele>1000.516057</ele>
        <time>2026-08-02T09:45:05.610Z</time>
      </trkpt>
      <trkpt lat="45.818416" lon="6.528612">
        <ele>1013.296028</ele>
        <time>2026-08-02T09:46:13.383Z</time>
      </trkpt>
      <trkpt lat="45.818248" lon="6.528385">
        <ele>1015.935178</ele>
        <time>2026-08-02T09:46:28.761Z</time>
      </trkpt>
      <trkpt lat="45.817956" lon="6.528100">
        <ele>1019.974013</ele>
        <time>2026-08-02T09:46:52.722Z</time>
      </trkpt>
      <trkpt lat="45.817805" lon="6.527927">
        <ele>1022.277917</ele>
        <time>2026-08-02T09:47:05.702Z</time>
      </trkpt>
      <trkpt lat="45.817676" lon="6.527668">
        <ele>1024.956566</ele>
        <time>2026-08-02T09:47:20.542Z</time>
      </trkpt>
      <trkpt lat="45.817243" lon="6.526210">
        <ele>1038.292225</ele>
        <time>2026-08-02T09:48:31.463Z</time>
      </trkpt>
      <trkpt lat="45.816995" lon="6.525685">
        <ele>1043.338560</ele>
        <time>2026-08-02T09:48:56.952Z</time>
      </trkpt>
      <trkpt lat="45.816946" lon="6.525531">
        <ele>1044.471320</ele>
        <time>2026-08-02T09:49:03.927Z</time>
      </trkpt>
      <trkpt lat="45.816840" lon="6.525028">
        <ele>1047.987518</ele>
        <time>2026-08-02T09:49:25.480Z</time>
      </trkpt>
      <trkpt lat="45.816515" lon="6.523511">
        <ele>1058.606954</ele>
        <time>2026-08-02T09:50:23.312Z</time>
      </trkpt>
      <trkpt lat="45.816348" lon="6.522747">
        <ele>1062.157081</ele>
        <time>2026-08-02T09:50:48.598Z</time>
      </trkpt>
      <trkpt lat="45.816242" lon="6.522410">
        <ele>1063.634048</ele>
        <time>2026-08-02T09:50:58.985Z</time>
      </trkpt>
      <trkpt lat="45.815865" lon="6.521521">
        <ele>1067.791098</ele>
        <time>2026-08-02T09:51:23.447Z</time>
      </trkpt>
      <trkpt lat="45.815273" lon="6.520448">
        <ele>1071.931040</ele>
        <time>2026-08-02T09:51:52.947Z</time>
      </trkpt>
      <trkpt lat="45.814859" lon="6.519803">
        <ele>1074.094178</ele>
        <time>2026-08-02T09:52:08.781Z</time>
      </trkpt>
      <trkpt lat="45.814026" lon="6.518247">
        <ele>1079.374134</ele>
        <time>2026-08-02T09:52:49.271Z</time>
      </trkpt>
      <trkpt lat="45.813910" lon="6.518070">
        <ele>1080.068320</ele>
        <time>2026-08-02T09:52:54.455Z</time>
      </trkpt>
      <trkpt lat="45.813457" lon="6.517602">
        <ele>1082.356693</ele>
        <time>2026-08-02T09:53:11.810Z</time>
      </trkpt>
      <trkpt lat="45.812804" lon="6.516746">
        <ele>1086.787002</ele>
        <time>2026-08-02T09:53:42.600Z</time>
      </trkpt>
      <trkpt lat="45.811375" lon="6.515690">
        <ele>1096.190835</ele>
        <time>2026-08-02T09:54:42.848Z</time>
      </trkpt>
      <trkpt lat="45.810852" lon="6.515468">
        <ele>1100.036111</ele>
        <time>2026-08-02T09:55:07.427Z</time>
      </trkpt>
      <trkpt lat="45.810663" lon="6.515422">
        <ele>1101.387643</ele>
        <time>2026-08-02T09:55:16.697Z</time>
      </trkpt>
      <trkpt lat="45.810490" lon="6.515456">
        <ele>1102.618724</ele>
        <time>2026-08-02T09:55:24.832Z</time>
      </trkpt>
      <trkpt lat="45.810357" lon="6.515563">
        <ele>1103.693776</ele>
        <time>2026-08-02T09:55:31.503Z</time>
      </trkpt>
      <trkpt lat="45.810045" lon="6.515922">
        <ele>1106.322828</ele>
        <time>2026-08-02T09:55:48.761Z</time>
      </trkpt>
      <trkpt lat="45.809805" lon="6.516002">
        <ele>1107.416643</ele>
        <time>2026-08-02T09:55:59.702Z</time>
      </trkpt>
      <trkpt lat="45.809671" lon="6.515981">
        <ele>1108.015049</ele>
        <time>2026-08-02T09:56:05.725Z</time>
      </trkpt>
      <trkpt lat="45.809339" lon="6.515845">
        <ele>1109.547805</ele>
        <time>2026-08-02T09:56:21.269Z</time>
      </trkpt>
      <trkpt lat="45.809200" lon="6.515858">
        <ele>1110.166179</ele>
        <time>2026-08-02T09:56:27.253Z</time>
      </trkpt>
      <trkpt lat="45.808813" lon="6.516146">
        <ele>1112.101586</ele>
        <time>2026-08-02T09:56:40.807Z</time>
      </trkpt>
      <trkpt lat="45.808463" lon="6.516436">
        <ele>1113.895875</ele>
        <time>2026-08-02T09:56:48.085Z</time>
      </trkpt>
      <trkpt lat="45.808363" lon="6.516514">
        <ele>1112.616395</ele>
        <time>2026-08-02T09:56:49.906Z</time>
      </trkpt>
      <trkpt lat="45.808209" lon="6.516630">
        <ele>1110.090595</ele>
        <time>2026-08-02T09:56:52.175Z</time>
      </trkpt>
      <trkpt lat="45.808050" lon="6.516475">
        <ele>1107.299073</ele>
        <time>2026-08-02T09:56:54.172Z</time>
      </trkpt>
      <trkpt lat="45.807842" lon="6.516418">
        <ele>1104.224024</ele>
        <time>2026-08-02T09:56:56.090Z</time>
      </trkpt>
      <trkpt lat="45.807707" lon="6.516439">
        <ele>1102.252154</ele>
        <time>2026-08-02T09:56:57.243Z</time>
      </trkpt>
      <trkpt lat="45.807533" lon="6.516593">
        <ele>1099.283271</ele>
        <time>2026-08-02T09:56:58.929Z</time>
      </trkpt>
      <trkpt lat="45.807394" lon="6.516765">
        <ele>1096.617663</ele>
        <time>2026-08-02T09:57:00.430Z</time>
      </trkpt>
      <trkpt lat="45.807126" lon="6.517073">
        <ele>1091.631123</ele>
        <time>2026-08-02T09:57:03.248Z</time>
      </trkpt>
      <trkpt lat="45.807056" lon="6.517110">
        <ele>1090.547827</ele>
        <time>2026-08-02T09:57:03.866Z</time>
      </trkpt>
      <trkpt lat="45.806883" lon="6.517113">
        <ele>1088.035454</ele>
        <time>2026-08-02T09:57:05.286Z</time>
      </trkpt>
      <trkpt lat="45.806555" lon="6.517105">
        <ele>1082.891045</ele>
        <time>2026-08-02T09:57:07.980Z</time>
      </trkpt>
      <trkpt lat="45.806306" lon="6.517148">
        <ele>1078.947233</ele>
        <time>2026-08-02T09:57:10.027Z</time>
      </trkpt>
      <trkpt lat="45.806173" lon="6.517280">
        <ele>1076.404053</ele>
        <time>2026-08-02T09:57:11.343Z</time>
      </trkpt>
      <trkpt lat="45.806137" lon="6.517356">
        <ele>1075.396820</ele>
        <time>2026-08-02T09:57:11.870Z</time>
      </trkpt>
      <trkpt lat="45.806110" lon="6.517531">
        <ele>1073.432087</ele>
        <time>2026-08-02T09:57:12.893Z</time>
      </trkpt>
      <trkpt lat="45.806123" lon="6.517767">
        <ele>1070.837045</ele>
        <time>2026-08-02T09:57:14.251Z</time>
      </trkpt>
      <trkpt lat="45.806189" lon="6.518203">
        <ele>1065.946328</ele>
        <time>2026-08-02T09:57:16.919Z</time>
      </trkpt>
      <trkpt lat="45.806490" lon="6.519620">
        <ele>1053.909074</ele>
        <time>2026-08-02T09:57:28.358Z</time>
      </trkpt>
      <trkpt lat="45.806510" lon="6.519842">
        <ele>1052.499394</ele>
        <time>2026-08-02T09:57:29.736Z</time>
      </trkpt>
      <trkpt lat="45.806499" lon="6.520060">
        <ele>1051.122939</ele>
        <time>2026-08-02T09:57:31.047Z</time>
      </trkpt>
      <trkpt lat="45.806438" lon="6.520289">
        <ele>1049.579096</ele>
        <time>2026-08-02T09:57:32.488Z</time>
      </trkpt>
      <trkpt lat="45.806367" lon="6.520428">
        <ele>1048.493888</ele>
        <time>2026-08-02T09:57:33.493Z</time>
      </trkpt>
      <trkpt lat="45.806179" lon="6.520658">
        <ele>1046.261717</ele>
        <time>2026-08-02T09:57:35.544Z</time>
      </trkpt>
      <trkpt lat="45.805977" lon="6.520755">
        <ele>1044.337298</ele>
        <time>2026-08-02T09:57:37.317Z</time>
      </trkpt>
      <trkpt lat="45.805687" lon="6.520755">
        <ele>1042.835530</ele>
        <time>2026-08-02T09:57:39.723Z</time>
      </trkpt>
      <trkpt lat="45.805624" lon="6.520779">
        <ele>1042.654542</ele>
        <time>2026-08-02T09:57:40.269Z</time>
      </trkpt>
      <trkpt lat="45.805559" lon="6.520849">
        <ele>1042.428865</ele>
        <time>2026-08-02T09:57:40.945Z</time>
      </trkpt>
      <trkpt lat="45.805503" lon="6.520991">
        <ele>1042.113082</ele>
        <time>2026-08-02T09:57:41.902Z</time>
      </trkpt>
      <trkpt lat="45.805467" lon="6.521314">
        <ele>1041.479957</ele>
        <time>2026-08-02T09:57:43.863Z</time>
      </trkpt>
      <trkpt lat="45.805468" lon="6.522715">
        <ele>1038.768240</ele>
        <time>2026-08-02T09:58:03.052Z</time>
      </trkpt>
      <trkpt lat="45.805432" lon="6.522916">
        <ele>1038.366558</ele>
        <time>2026-08-02T09:58:11.299Z</time>
      </trkpt>
      <trkpt lat="45.805342" lon="6.523191">
        <ele>1040.236795</ele>
        <time>2026-08-02T09:58:22.779Z</time>
      </trkpt>
      <trkpt lat="45.805298" lon="6.523812">
        <ele>1044.341494</ele>
        <time>2026-08-02T09:58:45.672Z</time>
      </trkpt>
      <trkpt lat="45.805199" lon="6.524232">
        <ele>1047.257013</ele>
        <time>2026-08-02T09:59:01.529Z</time>
      </trkpt>
      <trkpt lat="45.805071" lon="6.524317">
        <ele>1048.587576</ele>
        <time>2026-08-02T09:59:09.001Z</time>
      </trkpt>
      <trkpt lat="45.804964" lon="6.524284">
        <ele>1049.620003</ele>
        <time>2026-08-02T09:59:14.911Z</time>
      </trkpt>
      <trkpt lat="45.804384" lon="6.523531">
        <ele>1057.398148</ele>
        <time>2026-08-02T10:00:02.460Z</time>
      </trkpt>
      <trkpt lat="45.804294" lon="6.523329">
        <ele>1059.345618</ele>
        <time>2026-08-02T10:00:12.072Z</time>
      </trkpt>
      <trkpt lat="45.804160" lon="6.522728">
        <ele>1064.471486</ele>
        <time>2026-08-02T10:00:39.674Z</time>
      </trkpt>
      <trkpt lat="45.803989" lon="6.522164">
        <ele>1069.467736</ele>
        <time>2026-08-02T10:01:09.154Z</time>
      </trkpt>
      <trkpt lat="45.803909" lon="6.521104">
        <ele>1078.089867</ele>
        <time>2026-08-02T10:01:54.896Z</time>
      </trkpt>
      <trkpt lat="45.803828" lon="6.520605">
        <ele>1082.164567</ele>
        <time>2026-08-02T10:02:11.661Z</time>
      </trkpt>
      <trkpt lat="45.803800" lon="6.520000">
        <ele>1086.986714</ele>
        <time>2026-08-02T10:02:32.664Z</time>
      </trkpt>
      <trkpt lat="45.803763" lon="6.519775">
        <ele>1088.825248</ele>
        <time>2026-08-02T10:02:41.633Z</time>
      </trkpt>
      <trkpt lat="45.803672" lon="6.519609">
        <ele>1090.504743</ele>
        <time>2026-08-02T10:02:50.256Z</time>
      </trkpt>
      <trkpt lat="45.803373" lon="6.519420">
        <ele>1094.232346</ele>
        <time>2026-08-02T10:03:11.779Z</time>
      </trkpt>
      <trkpt lat="45.803082" lon="6.519062">
        <ele>1098.841940</ele>
        <time>2026-08-02T10:03:42.465Z</time>
      </trkpt>
      <trkpt lat="45.802959" lon="6.518883">
        <ele>1101.099868</ele>
        <time>2026-08-02T10:03:56.981Z</time>
      </trkpt>
      <trkpt lat="45.802777" lon="6.518536">
        <ele>1105.000934</ele>
        <time>2026-08-02T10:04:22.348Z</time>
      </trkpt>
      <trkpt lat="45.802664" lon="6.518216">
        <ele>1108.223466</ele>
        <time>2026-08-02T10:04:43.139Z</time>
      </trkpt>
      <trkpt lat="45.802622" lon="6.518018">
        <ele>1110.082747</ele>
        <time>2026-08-02T10:04:54.529Z</time>
      </trkpt>
      <trkpt lat="45.802605" lon="6.517792">
        <ele>1112.124835</ele>
        <time>2026-08-02T10:05:05.985Z</time>
      </trkpt>
      <trkpt lat="45.802583" lon="6.516756">
        <ele>1120.425985</ele>
        <time>2026-08-02T10:05:44.187Z</time>
      </trkpt>
      <trkpt lat="45.802311" lon="6.515245">
        <ele>1124.835735</ele>
        <time>2026-08-02T10:06:09.654Z</time>
      </trkpt>
      <trkpt lat="45.802202" lon="6.514204">
        <ele>1128.200008</ele>
        <time>2026-08-02T10:06:30.014Z</time>
      </trkpt>
      <trkpt lat="45.802137" lon="6.513981">
        <ele>1129.360528</ele>
        <time>2026-08-02T10:06:36.248Z</time>
      </trkpt>
      <trkpt lat="45.801772" lon="6.513037">
        <ele>1134.543463</ele>
        <time>2026-08-02T10:07:08.774Z</time>
      </trkpt>
      <trkpt lat="45.801630" lon="6.512473">
        <ele>1137.422633</ele>
        <time>2026-08-02T10:07:29.519Z</time>
      </trkpt>
      <trkpt lat="45.801204" lon="6.511469">
        <ele>1144.004451</ele>
        <time>2026-08-02T10:08:09.197Z</time>
      </trkpt>
      <trkpt lat="45.801066" lon="6.511277">
        <ele>1145.691340</ele>
        <time>2026-08-02T10:08:17.256Z</time>
      </trkpt>
      <trkpt lat="45.800919" lon="6.511149">
        <ele>1147.200228</ele>
        <time>2026-08-02T10:08:25.180Z</time>
      </trkpt>
      <trkpt lat="45.800830" lon="6.511176">
        <ele>1147.998423</ele>
        <time>2026-08-02T10:08:29.332Z</time>
      </trkpt>
      <trkpt lat="45.800796" lon="6.511274">
        <ele>1148.668030</ele>
        <time>2026-08-02T10:08:32.583Z</time>
      </trkpt>
      <trkpt lat="45.800806" lon="6.511324">
        <ele>1148.986222</ele>
        <time>2026-08-02T10:08:34.246Z</time>
      </trkpt>
      <trkpt lat="45.800985" lon="6.511641">
        <ele>1151.481622</ele>
        <time>2026-08-02T10:08:47.863Z</time>
      </trkpt>
      <trkpt lat="45.801108" lon="6.511963">
        <ele>1153.727619</ele>
        <time>2026-08-02T10:09:02.404Z</time>
      </trkpt>
      <trkpt lat="45.801128" lon="6.512192">
        <ele>1155.139378</ele>
        <time>2026-08-02T10:09:12.468Z</time>
      </trkpt>
      <trkpt lat="45.801046" lon="6.512280">
        <ele>1156.097979</ele>
        <time>2026-08-02T10:09:19.042Z</time>
      </trkpt>
      <trkpt lat="45.800973" lon="6.512217">
        <ele>1156.918417</ele>
        <time>2026-08-02T10:09:24.470Z</time>
      </trkpt>
      <trkpt lat="45.800879" lon="6.511913">
        <ele>1159.151143</ele>
        <time>2026-08-02T10:09:37.712Z</time>
      </trkpt>
      <trkpt lat="45.800749" lon="6.511766">
        <ele>1160.745303</ele>
        <time>2026-08-02T10:09:46.674Z</time>
      </trkpt>
      <trkpt lat="45.800379" lon="6.511603">
        <ele>1164.472754</ele>
        <time>2026-08-02T10:10:09.179Z</time>
      </trkpt>
      <trkpt lat="45.800260" lon="6.511523">
        <ele>1165.738374</ele>
        <time>2026-08-02T10:10:16.659Z</time>
      </trkpt>
      <trkpt lat="45.800179" lon="6.511402">
        <ele>1166.864619</ele>
        <time>2026-08-02T10:10:22.894Z</time>
      </trkpt>
      <trkpt lat="45.799822" lon="6.510334">
        <ele>1174.028464</ele>
        <time>2026-08-02T10:11:03.585Z</time>
      </trkpt>
      <trkpt lat="45.799556" lon="6.509929">
        <ele>1176.343601</ele>
        <time>2026-08-02T10:11:17.960Z</time>
      </trkpt>
      <trkpt lat="45.799542" lon="6.510041">
        <ele>1176.817042</ele>
        <time>2026-08-02T10:11:21.560Z</time>
      </trkpt>
      <trkpt lat="45.799576" lon="6.510406">
        <ele>1178.349231</ele>
        <time>2026-08-02T10:11:32.705Z</time>
      </trkpt>
      <trkpt lat="45.799663" lon="6.510579">
        <ele>1179.236775</ele>
        <time>2026-08-02T10:11:39.243Z</time>
      </trkpt>
      <trkpt lat="45.799786" lon="6.511376">
        <ele>1182.633202</ele>
        <time>2026-08-02T10:12:03.730Z</time>
      </trkpt>
      <trkpt lat="45.799776" lon="6.511446">
        <ele>1182.930509</ele>
        <time>2026-08-02T10:12:05.781Z</time>
      </trkpt>
      <trkpt lat="45.799729" lon="6.511461">
        <ele>1183.217870</ele>
        <time>2026-08-02T10:12:07.787Z</time>
      </trkpt>
      <trkpt lat="45.799650" lon="6.511379">
        <ele>1183.698231</ele>
        <time>2026-08-02T10:12:11.407Z</time>
      </trkpt>
      <trkpt lat="45.799443" lon="6.510767">
        <ele>1185.633432</ele>
        <time>2026-08-02T10:12:27.600Z</time>
      </trkpt>
      <trkpt lat="45.799298" lon="6.510537">
        <ele>1186.515631</ele>
        <time>2026-08-02T10:12:33.957Z</time>
      </trkpt>
      <trkpt lat="45.799246" lon="6.510597">
        <ele>1186.787965</ele>
        <time>2026-08-02T10:12:35.983Z</time>
      </trkpt>
      <trkpt lat="45.798974" lon="6.510218">
        <ele>1188.335419</ele>
        <time>2026-08-02T10:12:47.284Z</time>
      </trkpt>
      <trkpt lat="45.798964" lon="6.510112">
        <ele>1188.639736</ele>
        <time>2026-08-02T10:12:49.876Z</time>
      </trkpt>
      <trkpt lat="45.799068" lon="6.509872">
        <ele>1189.443676</ele>
        <time>2026-08-02T10:12:56.677Z</time>
      </trkpt>
      <trkpt lat="45.798923" lon="6.509698">
        <ele>1190.215145</ele>
        <time>2026-08-02T10:13:03.856Z</time>
      </trkpt>
      <trkpt lat="45.798905" lon="6.509610">
        <ele>1190.476057</ele>
        <time>2026-08-02T10:13:06.567Z</time>
      </trkpt>
      <trkpt lat="45.798932" lon="6.509563">
        <ele>1190.649317</ele>
        <time>2026-08-02T10:13:08.162Z</time>
      </trkpt>
      <trkpt lat="45.798712" lon="6.509096">
        <ele>1193.821599</ele>
        <time>2026-08-02T10:13:24.268Z</time>
      </trkpt>
      <trkpt lat="45.798645" lon="6.509041">
        <ele>1194.481117</ele>
        <time>2026-08-02T10:13:28.069Z</time>
      </trkpt>
      <trkpt lat="45.797707" lon="6.508648">
        <ele>1202.829652</ele>
        <time>2026-08-02T10:14:23.148Z</time>
      </trkpt>
      <trkpt lat="45.797563" lon="6.508557">
        <ele>1204.174006</ele>
        <time>2026-08-02T10:14:31.514Z</time>
      </trkpt>
      <trkpt lat="45.797478" lon="6.508434">
        <ele>1205.205556</ele>
        <time>2026-08-02T10:14:37.764Z</time>
      </trkpt>
      <trkpt lat="45.797397" lon="6.508122">
        <ele>1206.811495</ele>
        <time>2026-08-02T10:14:49.008Z</time>
      </trkpt>
      <trkpt lat="45.797191" lon="6.507575">
        <ele>1209.123562</ele>
        <time>2026-08-02T10:15:08.087Z</time>
      </trkpt>
      <trkpt lat="45.797035" lon="6.507235">
        <ele>1210.637250</ele>
        <time>2026-08-02T10:15:19.116Z</time>
      </trkpt>
      <trkpt lat="45.796743" lon="6.506820">
        <ele>1212.829967</ele>
        <time>2026-08-02T10:15:31.445Z</time>
      </trkpt>
      <trkpt lat="45.796582" lon="6.506671">
        <ele>1213.852016</ele>
        <time>2026-08-02T10:15:36.815Z</time>
      </trkpt>
      <trkpt lat="45.796313" lon="6.506521">
        <ele>1215.391521</ele>
        <time>2026-08-02T10:15:44.845Z</time>
      </trkpt>
      <trkpt lat="45.795853" lon="6.506204">
        <ele>1217.694676</ele>
        <time>2026-08-02T10:15:58.235Z</time>
      </trkpt>
      <trkpt lat="45.795569" lon="6.505885">
        <ele>1219.273482</ele>
        <time>2026-08-02T10:16:09.105Z</time>
      </trkpt>
      <trkpt lat="45.795417" lon="6.505715">
        <ele>1220.117102</ele>
        <time>2026-08-02T10:16:15.309Z</time>
      </trkpt>
      <trkpt lat="45.795253" lon="6.505526">
        <ele>1221.037891</ele>
        <time>2026-08-02T10:16:22.233Z</time>
      </trkpt>
      <trkpt lat="45.795215" lon="6.505628">
        <ele>1221.390800</ele>
        <time>2026-08-02T10:16:25.078Z</time>
      </trkpt>
      <trkpt lat="45.795370" lon="6.506569">
        <ele>1224.723926</ele>
        <time>2026-08-02T10:16:49.225Z</time>
      </trkpt>
      <trkpt lat="45.795574" lon="6.507775">
        <ele>1230.609491</ele>
        <time>2026-08-02T10:17:26.618Z</time>
      </trkpt>
      <trkpt lat="45.795706" lon="6.508361">
        <ele>1233.530123</ele>
        <time>2026-08-02T10:17:44.807Z</time>
      </trkpt>
      <trkpt lat="45.796187" lon="6.509607">
        <ele>1241.254789</ele>
        <time>2026-08-02T10:18:29.322Z</time>
      </trkpt>
      <trkpt lat="45.796174" lon="6.509827">
        <ele>1242.532808</ele>
        <time>2026-08-02T10:18:36.402Z</time>
      </trkpt>
      <trkpt lat="45.796046" lon="6.510205">
        <ele>1244.965248</ele>
        <time>2026-08-02T10:18:49.700Z</time>
      </trkpt>
      <trkpt lat="45.796004" lon="6.510407">
        <ele>1246.185399</ele>
        <time>2026-08-02T10:18:56.082Z</time>
      </trkpt>
      <trkpt lat="45.795986" lon="6.510801">
        <ele>1248.470938</ele>
        <time>2026-08-02T10:19:09.641Z</time>
      </trkpt>
      <trkpt lat="45.796001" lon="6.511256">
        <ele>1251.169625</ele>
        <time>2026-08-02T10:19:28.281Z</time>
      </trkpt>
      <trkpt lat="45.796054" lon="6.511412">
        <ele>1252.389604</ele>
        <time>2026-08-02T10:19:35.703Z</time>
      </trkpt>
      <trkpt lat="45.796333" lon="6.511698">
        <ele>1255.847453</ele>
        <time>2026-08-02T10:19:55.435Z</time>
      </trkpt>
      <trkpt lat="45.796398" lon="6.511823">
        <ele>1256.943712</ele>
        <time>2026-08-02T10:20:01.480Z</time>
      </trkpt>
      <trkpt lat="45.796604" lon="6.512247">
        <ele>1260.576810</ele>
        <time>2026-08-02T10:20:21.531Z</time>
      </trkpt>
      <trkpt lat="45.796699" lon="6.512490">
        <ele>1262.535352</ele>
        <time>2026-08-02T10:20:32.476Z</time>
      </trkpt>
      <trkpt lat="45.796901" lon="6.512919">
        <ele>1266.174605</ele>
        <time>2026-08-02T10:20:52.985Z</time>
      </trkpt>
      <trkpt lat="45.797789" lon="6.514903">
        <ele>1281.565970</ele>
        <time>2026-08-02T10:22:18.625Z</time>
      </trkpt>
      <trkpt lat="45.797957" lon="6.515306">
        <ele>1284.583796</ele>
        <time>2026-08-02T10:22:35.279Z</time>
      </trkpt>
      <trkpt lat="45.798451" lon="6.516873">
        <ele>1294.600667</ele>
        <time>2026-08-02T10:23:34.661Z</time>
      </trkpt>
      <trkpt lat="45.798539" lon="6.517301">
        <ele>1297.174401</ele>
        <time>2026-08-02T10:23:49.365Z</time>
      </trkpt>
      <trkpt lat="45.798637" lon="6.517805">
        <ele>1300.192312</ele>
        <time>2026-08-02T10:24:06.210Z</time>
      </trkpt>
      <trkpt lat="45.798659" lon="6.518075">
        <ele>1301.581215</ele>
        <time>2026-08-02T10:24:14.644Z</time>
      </trkpt>
      <trkpt lat="45.798683" lon="6.518590">
        <ele>1304.161902</ele>
        <time>2026-08-02T10:24:29.996Z</time>
      </trkpt>
      <trkpt lat="45.798741" lon="6.518965">
        <ele>1306.082441</ele>
        <time>2026-08-02T10:24:40.782Z</time>
      </trkpt>
      <trkpt lat="45.798764" lon="6.519120">
        <ele>1306.874781</ele>
        <time>2026-08-02T10:24:45.187Z</time>
      </trkpt>
      <trkpt lat="45.798995" lon="6.520667">
        <ele>1315.231646</ele>
        <time>2026-08-02T10:25:33.312Z</time>
      </trkpt>
      <trkpt lat="45.799098" lon="6.521464">
        <ele>1320.515681</ele>
        <time>2026-08-02T10:26:00.896Z</time>
      </trkpt>
      <trkpt lat="45.799135" lon="6.521914">
        <ele>1323.469492</ele>
        <time>2026-08-02T10:26:17.687Z</time>
      </trkpt>
      <trkpt lat="45.799096" lon="6.522773">
        <ele>1329.081042</ele>
        <time>2026-08-02T10:26:52.498Z</time>
      </trkpt>
      <trkpt lat="45.798967" lon="6.523716">
        <ele>1335.828955</ele>
        <time>2026-08-02T10:27:32.180Z</time>
      </trkpt>
      <trkpt lat="45.798865" lon="6.524235">
        <ele>1339.670088</ele>
        <time>2026-08-02T10:27:53.422Z</time>
      </trkpt>
      <trkpt lat="45.798689" lon="6.524815">
        <ele>1344.176061</ele>
        <time>2026-08-02T10:28:17.781Z</time>
      </trkpt>
      <trkpt lat="45.798592" lon="6.525047">
        <ele>1346.103100</ele>
        <time>2026-08-02T10:28:28.011Z</time>
      </trkpt>
      <trkpt lat="45.798352" lon="6.525545">
        <ele>1350.287380</ele>
        <time>2026-08-02T10:28:50.381Z</time>
      </trkpt>
      <trkpt lat="45.798217" lon="6.525768">
        <ele>1352.249593</ele>
        <time>2026-08-02T10:29:00.758Z</time>
      </trkpt>
      <trkpt lat="45.798012" lon="6.526030">
        <ele>1354.866205</ele>
        <time>2026-08-02T10:29:14.541Z</time>
      </trkpt>
      <trkpt lat="45.797204" lon="6.526810">
        <ele>1364.147752</ele>
        <time>2026-08-02T10:30:06.228Z</time>
      </trkpt>
      <trkpt lat="45.796799" lon="6.527116">
        <ele>1368.664530</ele>
        <time>2026-08-02T10:30:31.707Z</time>
      </trkpt>
      <trkpt lat="45.796723" lon="6.527247">
        <ele>1369.858022</ele>
        <time>2026-08-02T10:30:38.386Z</time>
      </trkpt>
      <trkpt lat="45.796678" lon="6.527384">
        <ele>1370.918604</ele>
        <time>2026-08-02T10:30:44.404Z</time>
      </trkpt>
      <trkpt lat="45.796630" lon="6.527817">
        <ele>1373.989081</ele>
        <time>2026-08-02T10:31:01.899Z</time>
      </trkpt>
      <trkpt lat="45.796588" lon="6.527923">
        <ele>1374.842924</ele>
        <time>2026-08-02T10:31:06.746Z</time>
      </trkpt>
      <trkpt lat="45.796515" lon="6.528024">
        <ele>1375.861736</ele>
        <time>2026-08-02T10:31:12.565Z</time>
      </trkpt>
      <trkpt lat="45.796237" lon="6.528279">
        <ele>1379.176362</ele>
        <time>2026-08-02T10:31:31.152Z</time>
      </trkpt>
      <trkpt lat="45.796164" lon="6.528385">
        <ele>1380.219792</ele>
        <time>2026-08-02T10:31:36.927Z</time>
      </trkpt>
      <trkpt lat="45.796106" lon="6.528891">
        <ele>1383.795791</ele>
        <time>2026-08-02T10:31:56.383Z</time>
      </trkpt>
      <trkpt lat="45.795982" lon="6.529369">
        <ele>1386.785062</ele>
        <time>2026-08-02T10:32:14.368Z</time>
      </trkpt>
      <trkpt lat="45.795972" lon="6.529872">
        <ele>1389.734421</ele>
        <time>2026-08-02T10:32:31.955Z</time>
      </trkpt>
      <trkpt lat="45.795925" lon="6.530013">
        <ele>1390.650437</ele>
        <time>2026-08-02T10:32:37.468Z</time>
      </trkpt>
      <trkpt lat="45.795695" lon="6.530566">
        <ele>1394.424557</ele>
        <time>2026-08-02T10:32:58.879Z</time>
      </trkpt>
      <trkpt lat="45.795641" lon="6.530640">
        <ele>1395.052405</ele>
        <time>2026-08-02T10:33:02.256Z</time>
      </trkpt>
      <trkpt lat="45.795505" lon="6.530722">
        <ele>1396.292606</ele>
        <time>2026-08-02T10:33:09.006Z</time>
      </trkpt>
      <trkpt lat="45.795243" lon="6.530701">
        <ele>1398.498551</ele>
        <time>2026-08-02T10:33:20.919Z</time>
      </trkpt>
      <trkpt lat="45.795181" lon="6.530727">
        <ele>1399.017376</ele>
        <time>2026-08-02T10:33:23.774Z</time>
      </trkpt>
      <trkpt lat="45.795117" lon="6.530829">
        <ele>1399.726056</ele>
        <time>2026-08-02T10:33:28.004Z</time>
      </trkpt>
      <trkpt lat="45.795016" lon="6.531235">
        <ele>1401.952310</ele>
        <time>2026-08-02T10:33:41.028Z</time>
      </trkpt>
      <trkpt lat="45.794981" lon="6.531549">
        <ele>1403.594557</ele>
        <time>2026-08-02T10:33:50.599Z</time>
      </trkpt>
      <trkpt lat="45.794915" lon="6.531748">
        <ele>1404.732644</ele>
        <time>2026-08-02T10:33:57.210Z</time>
      </trkpt>
      <trkpt lat="45.794790" lon="6.531944">
        <ele>1406.104479</ele>
        <time>2026-08-02T10:34:05.080Z</time>
      </trkpt>
      <trkpt lat="45.794674" lon="6.532044">
        <ele>1407.106980</ele>
        <time>2026-08-02T10:34:10.863Z</time>
      </trkpt>
      <trkpt lat="45.794374" lon="6.532219">
        <ele>1409.505905</ele>
        <time>2026-08-02T10:34:25.117Z</time>
      </trkpt>
      <trkpt lat="45.793970" lon="6.532620">
        <ele>1413.334364</ele>
        <time>2026-08-02T10:34:48.199Z</time>
      </trkpt>
      <trkpt lat="45.793853" lon="6.532658">
        <ele>1414.393769</ele>
        <time>2026-08-02T10:34:53.822Z</time>
      </trkpt>
      <trkpt lat="45.793690" lon="6.532570">
        <ele>1415.931850</ele>
        <time>2026-08-02T10:35:02.184Z</time>
      </trkpt>
      <trkpt lat="45.793339" lon="6.532056">
        <ele>1420.361882</ele>
        <time>2026-08-02T10:35:26.909Z</time>
      </trkpt>
      <trkpt lat="45.793264" lon="6.531990">
        <ele>1421.138956</ele>
        <time>2026-08-02T10:35:31.317Z</time>
      </trkpt>
      <trkpt lat="45.793131" lon="6.531955">
        <ele>1422.333105</ele>
        <time>2026-08-02T10:35:38.274Z</time>
      </trkpt>
      <trkpt lat="45.792818" lon="6.532019">
        <ele>1425.125201</ele>
        <time>2026-08-02T10:35:55.003Z</time>
      </trkpt>
      <trkpt lat="45.792744" lon="6.532002">
        <ele>1425.787036</ele>
        <time>2026-08-02T10:35:58.945Z</time>
      </trkpt>
      <trkpt lat="45.791706" lon="6.531547">
        <ele>1436.787492</ele>
        <time>2026-08-02T10:36:57.705Z</time>
      </trkpt>
      <trkpt lat="45.791412" lon="6.531468">
        <ele>1439.939183</ele>
        <time>2026-08-02T10:37:15.713Z</time>
      </trkpt>
      <trkpt lat="45.791066" lon="6.531466">
        <ele>1443.584907</ele>
        <time>2026-08-02T10:37:36.909Z</time>
      </trkpt>
      <trkpt lat="45.790710" lon="6.531547">
        <ele>1447.356833</ele>
        <time>2026-08-02T10:37:58.621Z</time>
      </trkpt>
      <trkpt lat="45.790336" lon="6.531975">
        <ele>1452.058329</ele>
        <time>2026-08-02T10:38:26.572Z</time>
      </trkpt>
      <trkpt lat="45.790225" lon="6.532122">
        <ele>1453.542908</ele>
        <time>2026-08-02T10:38:34.970Z</time>
      </trkpt>
      <trkpt lat="45.789525" lon="6.533338">
        <ele>1464.346740</ele>
        <time>2026-08-02T10:39:31.917Z</time>
      </trkpt>
      <trkpt lat="45.789429" lon="6.533440">
        <ele>1465.424562</ele>
        <time>2026-08-02T10:39:38.036Z</time>
      </trkpt>
      <trkpt lat="45.789292" lon="6.533526">
        <ele>1466.727933</ele>
        <time>2026-08-02T10:39:45.766Z</time>
      </trkpt>
      <trkpt lat="45.788844" lon="6.533650">
        <ele>1470.704446</ele>
        <time>2026-08-02T10:40:09.187Z</time>
      </trkpt>
      <trkpt lat="45.788547" lon="6.533673">
        <ele>1473.296662</ele>
        <time>2026-08-02T10:40:24.024Z</time>
      </trkpt>
      <trkpt lat="45.788240" lon="6.533807">
        <ele>1476.093446</ele>
        <time>2026-08-02T10:40:39.554Z</time>
      </trkpt>
      <trkpt lat="45.788131" lon="6.533743">
        <ele>1477.119954</ele>
        <time>2026-08-02T10:40:45.251Z</time>
      </trkpt>
      <trkpt lat="45.788094" lon="6.533620">
        <ele>1477.934051</ele>
        <time>2026-08-02T10:40:49.728Z</time>
      </trkpt>
      <trkpt lat="45.788107" lon="6.533528">
        <ele>1478.504527</ele>
        <time>2026-08-02T10:40:52.917Z</time>
      </trkpt>
      <trkpt lat="45.788153" lon="6.533452">
        <ele>1479.116125</ele>
        <time>2026-08-02T10:40:56.273Z</time>
      </trkpt>
      <trkpt lat="45.788489" lon="6.533196">
        <ele>1482.529641</ele>
        <time>2026-08-02T10:41:14.355Z</time>
      </trkpt>
      <trkpt lat="45.788554" lon="6.533014">
        <ele>1483.830438</ele>
        <time>2026-08-02T10:41:21.394Z</time>
      </trkpt>
      <trkpt lat="45.788579" lon="6.532740">
        <ele>1485.588320</ele>
        <time>2026-08-02T10:41:31.371Z</time>
      </trkpt>
      <trkpt lat="45.788612" lon="6.532643">
        <ele>1486.274899</ele>
        <time>2026-08-02T10:41:35.269Z</time>
      </trkpt>
      <trkpt lat="45.788846" lon="6.532447">
        <ele>1488.747080</ele>
        <time>2026-08-02T10:41:48.993Z</time>
      </trkpt>
      <trkpt lat="45.788926" lon="6.532297">
        <ele>1489.948392</ele>
        <time>2026-08-02T10:41:55.891Z</time>
      </trkpt>
      <trkpt lat="45.788941" lon="6.532185">
        <ele>1490.673887</ele>
        <time>2026-08-02T10:42:00.074Z</time>
      </trkpt>
      <trkpt lat="45.788914" lon="6.531929">
        <ele>1492.320917</ele>
        <time>2026-08-02T10:42:09.628Z</time>
      </trkpt>
      <trkpt lat="45.788882" lon="6.531830">
        <ele>1493.015064</ele>
        <time>2026-08-02T10:42:13.730Z</time>
      </trkpt>
      <trkpt lat="45.788722" lon="6.531682">
        <ele>1494.752005</ele>
        <time>2026-08-02T10:42:24.000Z</time>
      </trkpt>
      <trkpt lat="45.788559" lon="6.531664">
        <ele>1496.243423</ele>
        <time>2026-08-02T10:42:32.832Z</time>
      </trkpt>
      <trkpt lat="45.788296" lon="6.531764">
        <ele>1498.749357</ele>
        <time>2026-08-02T10:42:47.659Z</time>
      </trkpt>
      <trkpt lat="45.787687" lon="6.531718">
        <ele>1504.379840</ele>
        <time>2026-08-02T10:43:19.873Z</time>
      </trkpt>
      <trkpt lat="45.787452" lon="6.531746">
        <ele>1506.556991</ele>
        <time>2026-08-02T10:43:31.432Z</time>
      </trkpt>
      <trkpt lat="45.787131" lon="6.531712">
        <ele>1509.528747</ele>
        <time>2026-08-02T10:43:48.083Z</time>
      </trkpt>
      <trkpt lat="45.786912" lon="6.531638">
        <ele>1511.606071</ele>
        <time>2026-08-02T10:44:00.496Z</time>
      </trkpt>
      <trkpt lat="45.786644" lon="6.531454">
        <ele>1514.027328</ele>
        <time>2026-08-02T10:44:16.312Z</time>
      </trkpt>
      <trkpt lat="45.786124" lon="6.531360">
        <ele>1517.290011</ele>
        <time>2026-08-02T10:44:40.531Z</time>
      </trkpt>
      <trkpt lat="45.785983" lon="6.531378">
        <ele>1518.171225</ele>
        <time>2026-08-02T10:44:46.358Z</time>
      </trkpt>
      <trkpt lat="45.785820" lon="6.531493">
        <ele>1519.302077</ele>
        <time>2026-08-02T10:44:53.429Z</time>
      </trkpt>
      <trkpt lat="45.785690" lon="6.531627">
        <ele>1520.298716</ele>
        <time>2026-08-02T10:44:59.375Z</time>
      </trkpt>
      <trkpt lat="45.785541" lon="6.531715">
        <ele>1521.301847</ele>
        <time>2026-08-02T10:45:05.110Z</time>
      </trkpt>
      <trkpt lat="45.785296" lon="6.531743">
        <ele>1522.831838</ele>
        <time>2026-08-02T10:45:13.251Z</time>
      </trkpt>
      <trkpt lat="45.785088" lon="6.531694">
        <ele>1524.144021</ele>
        <time>2026-08-02T10:45:19.636Z</time>
      </trkpt>
      <trkpt lat="45.784783" lon="6.531449">
        <ele>1525.842200</ele>
        <time>2026-08-02T10:45:28.705Z</time>
      </trkpt>
      <trkpt lat="45.784101" lon="6.530411">
        <ele>1530.354217</ele>
        <time>2026-08-02T10:46:01.286Z</time>
      </trkpt>
      <trkpt lat="45.784028" lon="6.530318">
        <ele>1530.797228</ele>
        <time>2026-08-02T10:46:05.014Z</time>
      </trkpt>
      <trkpt lat="45.783816" lon="6.530019">
        <ele>1532.146285</ele>
        <time>2026-08-02T10:46:16.213Z</time>
      </trkpt>
      <trkpt lat="45.783462" lon="6.529434">
        <ele>1534.452421</ele>
        <time>2026-08-02T10:46:35.088Z</time>
      </trkpt>
      <trkpt lat="45.782688" lon="6.528675">
        <ele>1538.379679</ele>
        <time>2026-08-02T10:47:05.924Z</time>
      </trkpt>
      <trkpt lat="45.781955" lon="6.527710">
        <ele>1541.484474</ele>
        <time>2026-08-02T10:47:31.649Z</time>
      </trkpt>
      <trkpt lat="45.781835" lon="6.527582">
        <ele>1541.820965</ele>
        <time>2026-08-02T10:47:35.411Z</time>
      </trkpt>
      <trkpt lat="45.781694" lon="6.527520">
        <ele>1542.152776</ele>
        <time>2026-08-02T10:47:39.154Z</time>
      </trkpt>
      <trkpt lat="45.781359" lon="6.527515">
        <ele>1542.906519</ele>
        <time>2026-08-02T10:47:47.473Z</time>
      </trkpt>
      <trkpt lat="45.781183" lon="6.527438">
        <ele>1543.320516</ele>
        <time>2026-08-02T10:47:51.853Z</time>
      </trkpt>
      <trkpt lat="45.780977" lon="6.527281">
        <ele>1543.845386</ele>
        <time>2026-08-02T10:47:56.815Z</time>
      </trkpt>
      <trkpt lat="45.780723" lon="6.526948">
        <ele>1544.259939</ele>
        <time>2026-08-02T10:48:03.105Z</time>
      </trkpt>
      <trkpt lat="45.780531" lon="6.526783">
        <ele>1544.201204</ele>
        <time>2026-08-02T10:48:07.235Z</time>
      </trkpt>
      <trkpt lat="45.780281" lon="6.526677">
        <ele>1544.132797</ele>
        <time>2026-08-02T10:48:11.842Z</time>
      </trkpt>
      <trkpt lat="45.780158" lon="6.526668">
        <ele>1544.100480</ele>
        <time>2026-08-02T10:48:13.800Z</time>
      </trkpt>
      <trkpt lat="45.779627" lon="6.526741">
        <ele>1543.960509</ele>
        <time>2026-08-02T10:48:21.093Z</time>
      </trkpt>
      <trkpt lat="45.779383" lon="6.526827">
        <ele>1543.894578</ele>
        <time>2026-08-02T10:48:24.008Z</time>
      </trkpt>
      <trkpt lat="45.778942" lon="6.526846">
        <ele>1543.603950</ele>
        <time>2026-08-02T10:48:28.789Z</time>
      </trkpt>
      <trkpt lat="45.777917" lon="6.526642">
        <ele>1542.316780</ele>
        <time>2026-08-02T10:48:40.406Z</time>
      </trkpt>
      <trkpt lat="45.777747" lon="6.526629">
        <ele>1542.105025</ele>
        <time>2026-08-02T10:48:42.628Z</time>
      </trkpt>
      <trkpt lat="45.777013" lon="6.526683">
        <ele>1541.007888</ele>
        <time>2026-08-02T10:48:53.496Z</time>
      </trkpt>
      <trkpt lat="45.776536" lon="6.526580">
        <ele>1540.131710</ele>
        <time>2026-08-02T10:48:59.625Z</time>
      </trkpt>
      <trkpt lat="45.776365" lon="6.526606">
        <ele>1539.819370</ele>
        <time>2026-08-02T10:49:01.478Z</time>
      </trkpt>
      <trkpt lat="45.776178" lon="6.526703">
        <ele>1539.458164</ele>
        <time>2026-08-02T10:49:03.559Z</time>
      </trkpt>
      <trkpt lat="45.776005" lon="6.526856">
        <ele>1539.088961</ele>
        <time>2026-08-02T10:49:05.677Z</time>
      </trkpt>
      <trkpt lat="45.775766" lon="6.527201">
        <ele>1538.472943</ele>
        <time>2026-08-02T10:49:09.143Z</time>
      </trkpt>
      <trkpt lat="45.775477" lon="6.527556">
        <ele>1537.771344</ele>
        <time>2026-08-02T10:49:12.953Z</time>
      </trkpt>
      <trkpt lat="45.775315" lon="6.527613">
        <ele>1537.462546</ele>
        <time>2026-08-02T10:49:14.626Z</time>
      </trkpt>
      <trkpt lat="45.775241" lon="6.527609">
        <ele>1537.325457</ele>
        <time>2026-08-02T10:49:15.360Z</time>
      </trkpt>
      <trkpt lat="45.774909" lon="6.527457">
        <ele>1536.680273</ele>
        <time>2026-08-02T10:49:18.850Z</time>
      </trkpt>
      <trkpt lat="45.774293" lon="6.527104">
        <ele>1535.452197</ele>
        <time>2026-08-02T10:49:26.728Z</time>
      </trkpt>
      <trkpt lat="45.774213" lon="6.527085">
        <ele>1535.302081</ele>
        <time>2026-08-02T10:49:28.052Z</time>
      </trkpt>
      <trkpt lat="45.773932" lon="6.527126">
        <ele>1535.031463</ele>
        <time>2026-08-02T10:49:32.962Z</time>
      </trkpt>
      <trkpt lat="45.773689" lon="6.527113">
        <ele>1535.115909</ele>
        <time>2026-08-02T10:49:37.590Z</time>
      </trkpt>
      <trkpt lat="45.773265" lon="6.526953">
        <ele>1535.268168</ele>
        <time>2026-08-02T10:49:45.590Z</time>
      </trkpt>
      <trkpt lat="45.772656" lon="6.526807">
        <ele>1535.482595</ele>
        <time>2026-08-02T10:49:56.065Z</time>
      </trkpt>
      <trkpt lat="45.772570" lon="6.526863">
        <ele>1535.515396</ele>
        <time>2026-08-02T10:49:57.687Z</time>
      </trkpt>
      <trkpt lat="45.772407" lon="6.527173">
        <ele>1535.609432</ele>
        <time>2026-08-02T10:50:01.906Z</time>
      </trkpt>
      <trkpt lat="45.772289" lon="6.527239">
        <ele>1535.734386</ele>
        <time>2026-08-02T10:50:03.636Z</time>
      </trkpt>
      <trkpt lat="45.771958" lon="6.527306">
        <ele>1536.103268</ele>
        <time>2026-08-02T10:50:08.097Z</time>
      </trkpt>
      <trkpt lat="45.771642" lon="6.527553">
        <ele>1536.500436</ele>
        <time>2026-08-02T10:50:12.615Z</time>
      </trkpt>
      <trkpt lat="45.771381" lon="6.527755">
        <ele>1536.827739</ele>
        <time>2026-08-02T10:50:16.623Z</time>
      </trkpt>
      <trkpt lat="45.771341" lon="6.527790">
        <ele>1536.879451</ele>
        <time>2026-08-02T10:50:17.327Z</time>
      </trkpt>
      <trkpt lat="45.770590" lon="6.528173">
        <ele>1538.652487</ele>
        <time>2026-08-02T10:50:37.664Z</time>
      </trkpt>
      <trkpt lat="45.770443" lon="6.528185">
        <ele>1539.733665</ele>
        <time>2026-08-02T10:50:42.743Z</time>
      </trkpt>
      <trkpt lat="45.769859" lon="6.528091">
        <ele>1544.048953</ele>
        <time>2026-08-02T10:51:08.095Z</time>
      </trkpt>
      <trkpt lat="45.768924" lon="6.528076">
        <ele>1550.916287</ele>
        <time>2026-08-02T10:51:58.167Z</time>
      </trkpt>
      <trkpt lat="45.768656" lon="6.527978">
        <ele>1552.969115</ele>
        <time>2026-08-02T10:52:12.167Z</time>
      </trkpt>
      <trkpt lat="45.768610" lon="6.528021">
        <ele>1553.376706</ele>
        <time>2026-08-02T10:52:14.771Z</time>
      </trkpt>
      <trkpt lat="45.768609" lon="6.528106">
        <ele>1553.816846</ele>
        <time>2026-08-02T10:52:17.761Z</time>
      </trkpt>
      <trkpt lat="45.768936" lon="6.528410">
        <ele>1556.709554</ele>
        <time>2026-08-02T10:52:35.192Z</time>
      </trkpt>
      <trkpt lat="45.769196" lon="6.528833">
        <ele>1559.628482</ele>
        <time>2026-08-02T10:52:51.246Z</time>
      </trkpt>
      <trkpt lat="45.769215" lon="6.528926">
        <ele>1560.130199</ele>
        <time>2026-08-02T10:52:53.786Z</time>
      </trkpt>
      <trkpt lat="45.769196" lon="6.528962">
        <ele>1560.363921</ele>
        <time>2026-08-02T10:52:55.085Z</time>
      </trkpt>
      <trkpt lat="45.769130" lon="6.528969">
        <ele>1560.855122</ele>
        <time>2026-08-02T10:52:57.672Z</time>
      </trkpt>
      <trkpt lat="45.768788" lon="6.528703">
        <ele>1563.743022</ele>
        <time>2026-08-02T10:53:12.472Z</time>
      </trkpt>
      <trkpt lat="45.768522" lon="6.528613">
        <ele>1566.151757</ele>
        <time>2026-08-02T10:53:23.919Z</time>
      </trkpt>
      <trkpt lat="45.767889" lon="6.528653">
        <ele>1571.962922</ele>
        <time>2026-08-02T10:53:55.351Z</time>
      </trkpt>
      <trkpt lat="45.767822" lon="6.528712">
        <ele>1572.684083</ele>
        <time>2026-08-02T10:53:59.679Z</time>
      </trkpt>
      <trkpt lat="45.767833" lon="6.528787">
        <ele>1573.174402</ele>
        <time>2026-08-02T10:54:02.611Z</time>
      </trkpt>
      <trkpt lat="45.768109" lon="6.528959">
        <ele>1575.934559</ele>
        <time>2026-08-02T10:54:19.794Z</time>
      </trkpt>
      <trkpt lat="45.768429" lon="6.529312">
        <ele>1579.637756</ele>
        <time>2026-08-02T10:54:43.404Z</time>
      </trkpt>
      <trkpt lat="45.768499" lon="6.529470">
        <ele>1580.827117</ele>
        <time>2026-08-02T10:54:51.034Z</time>
      </trkpt>
      <trkpt lat="45.768613" lon="6.529975">
        <ele>1584.070471</ele>
        <time>2026-08-02T10:55:12.330Z</time>
      </trkpt>
      <trkpt lat="45.768715" lon="6.530301">
        <ele>1586.253691</ele>
        <time>2026-08-02T10:55:25.730Z</time>
      </trkpt>
      <trkpt lat="45.768840" lon="6.530501">
        <ele>1587.894568</ele>
        <time>2026-08-02T10:55:35.404Z</time>
      </trkpt>
      <trkpt lat="45.769086" lon="6.530791">
        <ele>1590.684500</ele>
        <time>2026-08-02T10:55:50.958Z</time>
      </trkpt>
      <trkpt lat="45.769513" lon="6.531369">
        <ele>1595.828869</ele>
        <time>2026-08-02T10:56:16.909Z</time>
      </trkpt>
      <trkpt lat="45.769660" lon="6.531682">
        <ele>1597.786746</ele>
        <time>2026-08-02T10:56:27.894Z</time>
      </trkpt>
      <trkpt lat="45.769923" lon="6.532540">
        <ele>1602.358264</ele>
        <time>2026-08-02T10:56:56.723Z</time>
      </trkpt>
      <trkpt lat="45.769981" lon="6.532627">
        <ele>1602.945292</ele>
        <time>2026-08-02T10:57:00.570Z</time>
      </trkpt>
      <trkpt lat="45.770262" lon="6.532893">
        <ele>1605.300050</ele>
        <time>2026-08-02T10:57:15.500Z</time>
      </trkpt>
      <trkpt lat="45.770296" lon="6.532975">
        <ele>1605.765366</ele>
        <time>2026-08-02T10:57:18.235Z</time>
      </trkpt>
      <trkpt lat="45.770283" lon="6.533119">
        <ele>1606.473637</ele>
        <time>2026-08-02T10:57:22.628Z</time>
      </trkpt>
      <trkpt lat="45.769715" lon="6.532642">
        <ele>1610.868735</ele>
        <time>2026-08-02T10:57:49.014Z</time>
      </trkpt>
      <trkpt lat="45.769258" lon="6.532159">
        <ele>1614.443307</ele>
        <time>2026-08-02T10:58:10.876Z</time>
      </trkpt>
      <trkpt lat="45.768567" lon="6.531832">
        <ele>1619.024623</ele>
        <time>2026-08-02T10:58:39.019Z</time>
      </trkpt>
      <trkpt lat="45.768247" lon="6.531828">
        <ele>1621.187108</ele>
        <time>2026-08-02T10:58:52.217Z</time>
      </trkpt>
      <trkpt lat="45.766961" lon="6.532242">
        <ele>1631.171055</ele>
        <time>2026-08-02T10:59:52.896Z</time>
      </trkpt>
      <trkpt lat="45.766173" lon="6.532590">
        <ele>1637.308580</ele>
        <time>2026-08-02T11:00:31.754Z</time>
      </trkpt>
      <trkpt lat="45.766023" lon="6.532676">
        <ele>1638.494229</ele>
        <time>2026-08-02T11:00:39.236Z</time>
      </trkpt>
      <trkpt lat="45.765562" lon="6.533073">
        <ele>1642.441134</ele>
        <time>2026-08-02T11:01:03.434Z</time>
      </trkpt>
      <trkpt lat="45.765070" lon="6.533416">
        <ele>1646.456351</ele>
        <time>2026-08-02T11:01:27.036Z</time>
      </trkpt>
      <trkpt lat="45.763847" lon="6.533855">
        <ele>1652.856144</ele>
        <time>2026-08-02T11:02:15.338Z</time>
      </trkpt>
      <trkpt lat="45.763540" lon="6.533919">
        <ele>1654.375154</ele>
        <time>2026-08-02T11:02:24.812Z</time>
      </trkpt>
      <trkpt lat="45.763346" lon="6.533834">
        <ele>1655.368440</ele>
        <time>2026-08-02T11:02:30.472Z</time>
      </trkpt>
      <trkpt lat="45.763337" lon="6.533699">
        <ele>1655.831680</ele>
        <time>2026-08-02T11:02:32.906Z</time>
      </trkpt>
      <trkpt lat="45.763256" lon="6.533630">
        <ele>1655.976242</ele>
        <time>2026-08-02T11:02:35.276Z</time>
      </trkpt>
      <trkpt lat="45.763194" lon="6.533654">
        <ele>1656.005254</ele>
        <time>2026-08-02T11:02:36.830Z</time>
      </trkpt>
      <trkpt lat="45.763153" lon="6.533725">
        <ele>1656.034302</ele>
        <time>2026-08-02T11:02:38.324Z</time>
      </trkpt>
      <trkpt lat="45.762862" lon="6.533527">
        <ele>1656.179822</ele>
        <time>2026-08-02T11:02:44.789Z</time>
      </trkpt>
      <trkpt lat="45.762664" lon="6.533436">
        <ele>1656.273755</ele>
        <time>2026-08-02T11:02:48.159Z</time>
      </trkpt>
      <trkpt lat="45.762188" lon="6.533364">
        <ele>1656.489986</ele>
        <time>2026-08-02T11:02:54.537Z</time>
      </trkpt>
      <trkpt lat="45.761834" lon="6.533356">
        <ele>1656.649928</ele>
        <time>2026-08-02T11:02:59.031Z</time>
      </trkpt>
      <trkpt lat="45.761702" lon="6.533353">
        <ele>1656.709568</ele>
        <time>2026-08-02T11:03:00.718Z</time>
      </trkpt>
      <trkpt lat="45.761138" lon="6.533393">
        <ele>1656.462537</ele>
        <time>2026-08-02T11:03:08.105Z</time>
      </trkpt>
      <trkpt lat="45.760852" lon="6.533444">
        <ele>1656.278538</ele>
        <time>2026-08-02T11:03:11.942Z</time>
      </trkpt>
      <trkpt lat="45.760472" lon="6.533537">
        <ele>1656.032423</ele>
        <time>2026-08-02T11:03:17.281Z</time>
      </trkpt>
      <trkpt lat="45.760354" lon="6.533575">
        <ele>1655.955211</ele>
        <time>2026-08-02T11:03:18.858Z</time>
      </trkpt>
      <trkpt lat="45.760319" lon="6.533586">
        <ele>1655.932335</ele>
        <time>2026-08-02T11:03:19.330Z</time>
      </trkpt>
      <trkpt lat="45.759988" lon="6.533765">
        <ele>1655.706474</ele>
        <time>2026-08-02T11:03:23.968Z</time>
      </trkpt>
      <trkpt lat="45.759545" lon="6.534190">
        <ele>1654.378622</ele>
        <time>2026-08-02T11:03:30.554Z</time>
      </trkpt>
      <trkpt lat="45.759495" lon="6.534142">
        <ele>1654.183515</ele>
        <time>2026-08-02T11:03:31.233Z</time>
      </trkpt>
      <trkpt lat="45.759411" lon="6.534177">
        <ele>1653.899901</ele>
        <time>2026-08-02T11:03:32.210Z</time>
      </trkpt>
      <trkpt lat="45.759388" lon="6.534256">
        <ele>1653.706272</ele>
        <time>2026-08-02T11:03:32.860Z</time>
      </trkpt>
      <trkpt lat="45.759412" lon="6.534350">
        <ele>1653.479858</ele>
        <time>2026-08-02T11:03:33.625Z</time>
      </trkpt>
      <trkpt lat="45.759215" lon="6.534750">
        <ele>1652.372351</ele>
        <time>2026-08-02T11:03:37.103Z</time>
      </trkpt>
      <trkpt lat="45.759142" lon="6.534908">
        <ele>1651.943698</ele>
        <time>2026-08-02T11:03:38.406Z</time>
      </trkpt>
      <trkpt lat="45.759096" lon="6.535008">
        <ele>1651.672760</ele>
        <time>2026-08-02T11:03:39.213Z</time>
      </trkpt>
      <trkpt lat="45.758949" lon="6.535303">
        <ele>1650.852757</ele>
        <time>2026-08-02T11:03:41.592Z</time>
      </trkpt>
      <trkpt lat="45.758835" lon="6.535458">
        <ele>1650.343314</ele>
        <time>2026-08-02T11:03:43.047Z</time>
      </trkpt>
      <trkpt lat="45.758759" lon="6.535550">
        <ele>1650.020792</ele>
        <time>2026-08-02T11:03:43.975Z</time>
      </trkpt>
      <trkpt lat="45.758405" lon="6.536008">
        <ele>1647.325983</ele>
        <time>2026-08-02T11:03:48.427Z</time>
      </trkpt>
      <trkpt lat="45.758187" lon="6.536558">
        <ele>1644.632952</ele>
        <time>2026-08-02T11:03:52.475Z</time>
      </trkpt>
      <trkpt lat="45.758161" lon="6.536625">
        <ele>1644.306555</ele>
        <time>2026-08-02T11:03:52.957Z</time>
      </trkpt>
      <trkpt lat="45.758025" lon="6.536931">
        <ele>1642.761926</ele>
        <time>2026-08-02T11:03:55.241Z</time>
      </trkpt>
      <trkpt lat="45.757899" lon="6.537488">
        <ele>1640.269035</ele>
        <time>2026-08-02T11:03:58.942Z</time>
      </trkpt>
      <trkpt lat="45.757744" lon="6.537892">
        <ele>1638.204559</ele>
        <time>2026-08-02T11:04:01.866Z</time>
      </trkpt>
      <trkpt lat="45.757585" lon="6.538287">
        <ele>1635.864776</ele>
        <time>2026-08-02T11:04:04.779Z</time>
      </trkpt>
      <trkpt lat="45.757515" lon="6.538488">
        <ele>1634.712144</ele>
        <time>2026-08-02T11:04:06.210Z</time>
      </trkpt>
      <trkpt lat="45.757448" lon="6.538772">
        <ele>1633.173944</ele>
        <time>2026-08-02T11:04:08.085Z</time>
      </trkpt>
      <trkpt lat="45.757362" lon="6.539084">
        <ele>1631.452725</ele>
        <time>2026-08-02T11:04:10.167Z</time>
      </trkpt>
      <trkpt lat="45.757229" lon="6.539284">
        <ele>1630.035104</ele>
        <time>2026-08-02T11:04:11.868Z</time>
      </trkpt>
      <trkpt lat="45.757177" lon="6.539263">
        <ele>1629.637810</ele>
        <time>2026-08-02T11:04:12.351Z</time>
      </trkpt>
      <trkpt lat="45.757143" lon="6.539286">
        <ele>1629.361326</ele>
        <time>2026-08-02T11:04:12.677Z</time>
      </trkpt>
      <trkpt lat="45.757121" lon="6.539364">
        <ele>1628.929655</ele>
        <time>2026-08-02T11:04:13.195Z</time>
      </trkpt>
      <trkpt lat="45.757152" lon="6.539435">
        <ele>1628.499912</ele>
        <time>2026-08-02T11:04:13.715Z</time>
      </trkpt>
      <trkpt lat="45.757048" lon="6.539694">
        <ele>1626.966653</ele>
        <time>2026-08-02T11:04:15.549Z</time>
      </trkpt>
      <trkpt lat="45.756506" lon="6.540770">
        <ele>1619.525774</ele>
        <time>2026-08-02T11:04:23.692Z</time>
      </trkpt>
      <trkpt lat="45.756464" lon="6.540762">
        <ele>1619.177863</ele>
        <time>2026-08-02T11:04:24.070Z</time>
      </trkpt>
      <trkpt lat="45.756427" lon="6.540793">
        <ele>1618.825939</ele>
        <time>2026-08-02T11:04:24.442Z</time>
      </trkpt>
      <trkpt lat="45.756414" lon="6.540872">
        <ele>1618.360917</ele>
        <time>2026-08-02T11:04:24.937Z</time>
      </trkpt>
      <trkpt lat="45.756448" lon="6.540935">
        <ele>1617.904605</ele>
        <time>2026-08-02T11:04:25.430Z</time>
      </trkpt>
      <trkpt lat="45.756357" lon="6.541181">
        <ele>1616.309394</ele>
        <time>2026-08-02T11:04:27.129Z</time>
      </trkpt>
      <trkpt lat="45.756218" lon="6.541830">
        <ele>1612.419916</ele>
        <time>2026-08-02T11:04:31.296Z</time>
      </trkpt>
      <trkpt lat="45.756205" lon="6.541905">
        <ele>1611.977166</ele>
        <time>2026-08-02T11:04:31.774Z</time>
      </trkpt>
      <trkpt lat="45.756140" lon="6.542271">
        <ele>1609.952244</ele>
        <time>2026-08-02T11:04:34.101Z</time>
      </trkpt>
      <trkpt lat="45.756079" lon="6.542484">
        <ele>1608.817830</ele>
        <time>2026-08-02T11:04:35.531Z</time>
      </trkpt>
      <trkpt lat="45.755555" lon="6.543906">
        <ele>1600.894496</ele>
        <time>2026-08-02T11:04:45.569Z</time>
      </trkpt>
      <trkpt lat="45.755507" lon="6.544052">
        <ele>1600.099289</ele>
        <time>2026-08-02T11:04:46.608Z</time>
      </trkpt>
      <trkpt lat="45.755445" lon="6.544239">
        <ele>1599.079197</ele>
        <time>2026-08-02T11:04:47.934Z</time>
      </trkpt>
      <trkpt lat="45.755280" lon="6.544765">
        <ele>1596.396295</ele>
        <time>2026-08-02T11:04:51.626Z</time>
      </trkpt>
      <trkpt lat="45.755097" lon="6.545190">
        <ele>1594.144804</ele>
        <time>2026-08-02T11:04:54.796Z</time>
      </trkpt>
      <trkpt lat="45.754976" lon="6.545380">
        <ele>1592.985080</ele>
        <time>2026-08-02T11:04:56.427Z</time>
      </trkpt>
      <trkpt lat="45.754802" lon="6.545582">
        <ele>1591.538250</ele>
        <time>2026-08-02T11:04:58.465Z</time>
      </trkpt>
      <trkpt lat="45.754575" lon="6.545773">
        <ele>1589.837441</ele>
        <time>2026-08-02T11:05:00.868Z</time>
      </trkpt>
      <trkpt lat="45.754263" lon="6.545928">
        <ele>1587.703824</ele>
        <time>2026-08-02T11:05:03.878Z</time>
      </trkpt>
      <trkpt lat="45.753892" lon="6.545879">
        <ele>1585.260266</ele>
        <time>2026-08-02T11:05:07.212Z</time>
      </trkpt>
      <trkpt lat="45.753794" lon="6.545907">
        <ele>1584.594854</ele>
        <time>2026-08-02T11:05:08.101Z</time>
      </trkpt>
      <trkpt lat="45.753138" lon="6.546343">
        <ele>1579.779763</ele>
        <time>2026-08-02T11:05:14.600Z</time>
      </trkpt>
      <trkpt lat="45.752984" lon="6.546384">
        <ele>1578.736751</ele>
        <time>2026-08-02T11:05:16.044Z</time>
      </trkpt>
      <trkpt lat="45.752904" lon="6.546360">
        <ele>1578.192494</ele>
        <time>2026-08-02T11:05:16.799Z</time>
      </trkpt>
      <trkpt lat="45.752795" lon="6.546402">
        <ele>1577.440900</ele>
        <time>2026-08-02T11:05:17.837Z</time>
      </trkpt>
      <trkpt lat="45.752627" lon="6.546474">
        <ele>1576.273259</ele>
        <time>2026-08-02T11:05:19.449Z</time>
      </trkpt>
      <trkpt lat="45.752486" lon="6.546526">
        <ele>1575.303768</ele>
        <time>2026-08-02T11:05:20.776Z</time>
      </trkpt>
      <trkpt lat="45.752060" lon="6.546683">
        <ele>1572.134356</ele>
        <time>2026-08-02T11:05:24.763Z</time>
      </trkpt>
      <trkpt lat="45.751061" lon="6.547086">
        <ele>1564.443583</ele>
        <time>2026-08-02T11:05:33.975Z</time>
      </trkpt>
      <trkpt lat="45.750567" lon="6.547276">
        <ele>1560.628497</ele>
        <time>2026-08-02T11:05:38.475Z</time>
      </trkpt>
      <trkpt lat="45.749595" lon="6.547461">
        <ele>1553.018142</ele>
        <time>2026-08-02T11:05:47.241Z</time>
      </trkpt>
      <trkpt lat="45.748849" lon="6.547672">
        <ele>1547.110010</ele>
        <time>2026-08-02T11:05:53.983Z</time>
      </trkpt>
      <trkpt lat="45.748680" lon="6.547705">
        <ele>1545.701048</ele>
        <time>2026-08-02T11:05:55.473Z</time>
      </trkpt>
      <trkpt lat="45.748517" lon="6.547690">
        <ele>1544.351777</ele>
        <time>2026-08-02T11:05:56.878Z</time>
      </trkpt>
      <trkpt lat="45.748344" lon="6.547586">
        <ele>1542.802023</ele>
        <time>2026-08-02T11:05:58.506Z</time>
      </trkpt>
      <trkpt lat="45.748144" lon="6.547477">
        <ele>1541.034434</ele>
        <time>2026-08-02T11:06:00.373Z</time>
      </trkpt>
      <trkpt lat="45.747986" lon="6.547468">
        <ele>1539.728209</ele>
        <time>2026-08-02T11:06:01.766Z</time>
      </trkpt>
      <trkpt lat="45.747885" lon="6.547494">
        <ele>1538.880522</ele>
        <time>2026-08-02T11:06:02.671Z</time>
      </trkpt>
      <trkpt lat="45.747781" lon="6.547540">
        <ele>1537.981416</ele>
        <time>2026-08-02T11:06:03.626Z</time>
      </trkpt>
      <trkpt lat="45.747588" lon="6.547696">
        <ele>1536.150973</ele>
        <time>2026-08-02T11:06:05.580Z</time>
      </trkpt>
      <trkpt lat="45.747514" lon="6.547789">
        <ele>1535.337903</ele>
        <time>2026-08-02T11:06:06.440Z</time>
      </trkpt>
      <trkpt lat="45.747458" lon="6.547925">
        <ele>1534.427621</ele>
        <time>2026-08-02T11:06:07.414Z</time>
      </trkpt>
      <trkpt lat="45.747409" lon="6.548283">
        <ele>1532.329952</ele>
        <time>2026-08-02T11:06:09.672Z</time>
      </trkpt>
      <trkpt lat="45.747302" lon="6.548613">
        <ele>1530.568792</ele>
        <time>2026-08-02T11:06:11.922Z</time>
      </trkpt>
      <trkpt lat="45.747152" lon="6.548839">
        <ele>1529.059227</ele>
        <time>2026-08-02T11:06:13.883Z</time>
      </trkpt>
      <trkpt lat="45.747002" lon="6.548970">
        <ele>1527.840894</ele>
        <time>2026-08-02T11:06:15.480Z</time>
      </trkpt>
      <trkpt lat="45.746859" lon="6.549026">
        <ele>1526.812721</ele>
        <time>2026-08-02T11:06:16.837Z</time>
      </trkpt>
      <trkpt lat="45.746378" lon="6.549081">
        <ele>1523.466041</ele>
        <time>2026-08-02T11:06:21.241Z</time>
      </trkpt>
      <trkpt lat="45.746134" lon="6.549152">
        <ele>1521.739190</ele>
        <time>2026-08-02T11:06:23.472Z</time>
      </trkpt>
      <trkpt lat="45.745267" lon="6.549559">
        <ele>1514.252499</ele>
        <time>2026-08-02T11:06:31.628Z</time>
      </trkpt>
      <trkpt lat="45.745160" lon="6.549533">
        <ele>1513.304689</ele>
        <time>2026-08-02T11:06:32.588Z</time>
      </trkpt>
      <trkpt lat="45.744950" lon="6.549335">
        <ele>1511.109288</ele>
        <time>2026-08-02T11:06:34.800Z</time>
      </trkpt>
      <trkpt lat="45.744779" lon="6.549247">
        <ele>1509.522496</ele>
        <time>2026-08-02T11:06:36.378Z</time>
      </trkpt>
      <trkpt lat="45.744601" lon="6.549226">
        <ele>1507.962696</ele>
        <time>2026-08-02T11:06:37.922Z</time>
      </trkpt>
      <trkpt lat="45.744454" lon="6.549265">
        <ele>1506.657072</ele>
        <time>2026-08-02T11:06:39.207Z</time>
      </trkpt>
      <trkpt lat="45.744245" lon="6.549443">
        <ele>1504.533741</ele>
        <time>2026-08-02T11:06:41.284Z</time>
      </trkpt>
      <trkpt lat="45.743221" lon="6.550719">
        <ele>1490.693551</ele>
        <time>2026-08-02T11:06:52.840Z</time>
      </trkpt>
      <trkpt lat="45.743098" lon="6.550911">
        <ele>1488.830183</ele>
        <time>2026-08-02T11:06:54.417Z</time>
      </trkpt>
      <trkpt lat="45.743048" lon="6.551044">
        <ele>1487.750108</ele>
        <time>2026-08-02T11:06:55.332Z</time>
      </trkpt>
      <trkpt lat="45.742917" lon="6.551795">
        <ele>1482.916675</ele>
        <time>2026-08-02T11:07:00.075Z</time>
      </trkpt>
      <trkpt lat="45.742927" lon="6.551974">
        <ele>1481.887582</ele>
        <time>2026-08-02T11:07:01.192Z</time>
      </trkpt>
      <trkpt lat="45.743090" lon="6.552704">
        <ele>1477.495196</ele>
        <time>2026-08-02T11:07:05.978Z</time>
      </trkpt>
      <trkpt lat="45.743156" lon="6.553124">
        <ele>1475.028007</ele>
        <time>2026-08-02T11:07:08.628Z</time>
      </trkpt>
      <trkpt lat="45.743142" lon="6.553357">
        <ele>1473.687798</ele>
        <time>2026-08-02T11:07:10.057Z</time>
      </trkpt>
      <trkpt lat="45.743038" lon="6.553938">
        <ele>1470.179885</ele>
        <time>2026-08-02T11:07:13.728Z</time>
      </trkpt>
      <trkpt lat="45.742950" lon="6.554485">
        <ele>1466.651179</ele>
        <time>2026-08-02T11:07:17.131Z</time>
      </trkpt>
      <trkpt lat="45.742953" lon="6.554677">
        <ele>1465.443935</ele>
        <time>2026-08-02T11:07:18.284Z</time>
      </trkpt>
      <trkpt lat="45.742971" lon="6.554842">
        <ele>1464.394123</ele>
        <time>2026-08-02T11:07:19.287Z</time>
      </trkpt>
      <trkpt lat="45.743130" lon="6.555453">
        <ele>1460.294953</ele>
        <time>2026-08-02T11:07:23.225Z</time>
      </trkpt>
      <trkpt lat="45.743178" lon="6.555791">
        <ele>1458.126695</ele>
        <time>2026-08-02T11:07:25.327Z</time>
      </trkpt>
      <trkpt lat="45.743194" lon="6.556221">
        <ele>1455.419819</ele>
        <time>2026-08-02T11:07:27.975Z</time>
      </trkpt>
      <trkpt lat="45.743229" lon="6.556392">
        <ele>1454.304875</ele>
        <time>2026-08-02T11:07:29.067Z</time>
      </trkpt>
      <trkpt lat="45.743336" lon="6.556639">
        <ele>1452.497522</ele>
        <time>2026-08-02T11:07:30.843Z</time>
      </trkpt>
      <trkpt lat="45.743572" lon="6.556976">
        <ele>1449.529485</ele>
        <time>2026-08-02T11:07:33.756Z</time>
      </trkpt>
      <trkpt lat="45.743632" lon="6.557151">
        <ele>1448.317334</ele>
        <time>2026-08-02T11:07:34.935Z</time>
      </trkpt>
      <trkpt lat="45.743700" lon="6.557484">
        <ele>1446.160326</ele>
        <time>2026-08-02T11:07:37.036Z</time>
      </trkpt>
      <trkpt lat="45.743969" lon="6.557928">
        <ele>1442.504998</ele>
        <time>2026-08-02T11:07:40.629Z</time>
      </trkpt>
      <trkpt lat="45.744015" lon="6.558207">
        <ele>1440.722766</ele>
        <time>2026-08-02T11:07:42.363Z</time>
      </trkpt>
      <trkpt lat="45.743986" lon="6.558652">
        <ele>1438.060032</ele>
        <time>2026-08-02T11:07:45.057Z</time>
      </trkpt>
      <trkpt lat="45.743996" lon="6.558759">
        <ele>1437.484815</ele>
        <time>2026-08-02T11:07:45.708Z</time>
      </trkpt>
      <trkpt lat="45.744062" lon="6.558982">
        <ele>1436.194167</ele>
        <time>2026-08-02T11:07:47.179Z</time>
      </trkpt>
      <trkpt lat="45.744210" lon="6.559195">
        <ele>1434.592622</ele>
        <time>2026-08-02T11:07:49.023Z</time>
      </trkpt>
      <trkpt lat="45.744199" lon="6.559333">
        <ele>1433.852539</ele>
        <time>2026-08-02T11:07:49.881Z</time>
      </trkpt>
      <trkpt lat="45.744102" lon="6.559342">
        <ele>1433.110381</ele>
        <time>2026-08-02T11:07:50.741Z</time>
      </trkpt>
      <trkpt lat="45.744006" lon="6.559199">
        <ele>1432.053117</ele>
        <time>2026-08-02T11:07:51.978Z</time>
      </trkpt>
      <trkpt lat="45.743707" lon="6.558294">
        <ele>1426.717910</ele>
        <time>2026-08-02T11:07:58.282Z</time>
      </trkpt>
      <trkpt lat="45.743657" lon="6.558223">
        <ele>1426.180456</ele>
        <time>2026-08-02T11:07:58.911Z</time>
      </trkpt>
      <trkpt lat="45.743524" lon="6.558138">
        <ele>1425.068562</ele>
        <time>2026-08-02T11:08:00.210Z</time>
      </trkpt>
      <trkpt lat="45.742849" lon="6.557996">
        <ele>1421.081616</ele>
        <time>2026-08-02T11:08:06.419Z</time>
      </trkpt>
      <trkpt lat="45.742751" lon="6.557929">
        <ele>1420.448838</ele>
        <time>2026-08-02T11:08:07.411Z</time>
      </trkpt>
      <trkpt lat="45.742521" lon="6.557648">
        <ele>1418.687429</ele>
        <time>2026-08-02T11:08:10.200Z</time>
      </trkpt>
      <trkpt lat="45.742209" lon="6.557481">
        <ele>1416.746507</ele>
        <time>2026-08-02T11:08:13.332Z</time>
      </trkpt>
      <trkpt lat="45.742072" lon="6.557314">
        <ele>1415.698314</ele>
        <time>2026-08-02T11:08:15.023Z</time>
      </trkpt>
      <trkpt lat="45.741967" lon="6.557116">
        <ele>1414.686940</ele>
        <time>2026-08-02T11:08:16.657Z</time>
      </trkpt>
      <trkpt lat="45.741701" lon="6.556357">
        <ele>1410.707745</ele>
        <time>2026-08-02T11:08:22.210Z</time>
      </trkpt>
      <trkpt lat="45.741647" lon="6.556317">
        <ele>1410.297257</ele>
        <time>2026-08-02T11:08:22.789Z</time>
      </trkpt>
      <trkpt lat="45.741569" lon="6.556379">
        <ele>1409.694933</ele>
        <time>2026-08-02T11:08:23.608Z</time>
      </trkpt>
      <trkpt lat="45.741567" lon="6.556479">
        <ele>1409.223473</ele>
        <time>2026-08-02T11:08:24.261Z</time>
      </trkpt>
      <trkpt lat="45.741631" lon="6.556675">
        <ele>1408.203688</ele>
        <time>2026-08-02T11:08:25.643Z</time>
      </trkpt>
      <trkpt lat="45.741674" lon="6.556990">
        <ele>1406.691070</ele>
        <time>2026-08-02T11:08:27.667Z</time>
      </trkpt>
      <trkpt lat="45.741749" lon="6.557759">
        <ele>1403.031822</ele>
        <time>2026-08-02T11:08:32.435Z</time>
      </trkpt>
      <trkpt lat="45.742012" lon="6.558363">
        <ele>1398.944127</ele>
        <time>2026-08-02T11:08:36.736Z</time>
      </trkpt>
      <trkpt lat="45.742040" lon="6.558755">
        <ele>1396.586408</ele>
        <time>2026-08-02T11:08:39.125Z</time>
      </trkpt>
      <trkpt lat="45.742087" lon="6.558949">
        <ele>1395.357690</ele>
        <time>2026-08-02T11:08:40.379Z</time>
      </trkpt>
      <trkpt lat="45.742094" lon="6.559326">
        <ele>1393.101178</ele>
        <time>2026-08-02T11:08:42.682Z</time>
      </trkpt>
      <trkpt lat="45.742148" lon="6.559500">
        <ele>1391.961782</ele>
        <time>2026-08-02T11:08:43.853Z</time>
      </trkpt>
      <trkpt lat="45.742371" lon="6.559970">
        <ele>1388.561267</ele>
        <time>2026-08-02T11:08:47.337Z</time>
      </trkpt>
      <trkpt lat="45.742703" lon="6.560386">
        <ele>1384.945172</ele>
        <time>2026-08-02T11:08:51.233Z</time>
      </trkpt>
      <trkpt lat="45.742844" lon="6.560595">
        <ele>1383.336797</ele>
        <time>2026-08-02T11:08:53.029Z</time>
      </trkpt>
      <trkpt lat="45.742919" lon="6.560762">
        <ele>1382.238007</ele>
        <time>2026-08-02T11:08:54.264Z</time>
      </trkpt>
      <trkpt lat="45.742977" lon="6.561083">
        <ele>1380.403378</ele>
        <time>2026-08-02T11:08:56.317Z</time>
      </trkpt>
      <trkpt lat="45.743005" lon="6.561528">
        <ele>1377.931244</ele>
        <time>2026-08-02T11:08:59.085Z</time>
      </trkpt>
      <trkpt lat="45.743034" lon="6.561692">
        <ele>1376.995171</ele>
        <time>2026-08-02T11:09:00.128Z</time>
      </trkpt>
      <trkpt lat="45.743308" lon="6.562596">
        <ele>1371.522728</ele>
        <time>2026-08-02T11:09:06.185Z</time>
      </trkpt>
      <trkpt lat="45.743355" lon="6.562814">
        <ele>1370.239476</ele>
        <time>2026-08-02T11:09:07.598Z</time>
      </trkpt>
      <trkpt lat="45.743356" lon="6.562950">
        <ele>1369.474542</ele>
        <time>2026-08-02T11:09:08.437Z</time>
      </trkpt>
      <trkpt lat="45.743322" lon="6.563091">
        <ele>1368.635524</ele>
        <time>2026-08-02T11:09:09.353Z</time>
      </trkpt>
      <trkpt lat="45.743222" lon="6.563262">
        <ele>1367.380762</ele>
        <time>2026-08-02T11:09:10.730Z</time>
      </trkpt>
      <trkpt lat="45.742750" lon="6.563616">
        <ele>1363.087338</ele>
        <time>2026-08-02T11:09:15.427Z</time>
      </trkpt>
      <trkpt lat="45.742675" lon="6.563720">
        <ele>1362.246225</ele>
        <time>2026-08-02T11:09:16.345Z</time>
      </trkpt>
      <trkpt lat="45.742626" lon="6.563906">
        <ele>1361.128058</ele>
        <time>2026-08-02T11:09:17.567Z</time>
      </trkpt>
      <trkpt lat="45.742631" lon="6.564128">
        <ele>1359.878818</ele>
        <time>2026-08-02T11:09:18.935Z</time>
      </trkpt>
      <trkpt lat="45.742710" lon="6.564367">
        <ele>1358.391465</ele>
        <time>2026-08-02T11:09:20.564Z</time>
      </trkpt>
      <trkpt lat="45.743057" lon="6.565097">
        <ele>1353.757206</ele>
        <time>2026-08-02T11:09:25.998Z</time>
      </trkpt>
      <trkpt lat="45.743476" lon="6.565928">
        <ele>1348.392185</ele>
        <time>2026-08-02T11:09:32.355Z</time>
      </trkpt>
      <trkpt lat="45.743584" lon="6.566233">
        <ele>1346.602377</ele>
        <time>2026-08-02T11:09:34.509Z</time>
      </trkpt>
      <trkpt lat="45.743650" lon="6.566410">
        <ele>1345.552187</ele>
        <time>2026-08-02T11:09:35.789Z</time>
      </trkpt>
      <trkpt lat="45.743820" lon="6.566720">
        <ele>1343.054910</ele>
        <time>2026-08-02T11:09:38.315Z</time>
      </trkpt>
      <trkpt lat="45.744194" lon="6.567192">
        <ele>1338.011221</ele>
        <time>2026-08-02T11:09:42.773Z</time>
      </trkpt>
      <trkpt lat="45.744421" lon="6.567594">
        <ele>1334.359037</ele>
        <time>2026-08-02T11:09:45.860Z</time>
      </trkpt>
      <trkpt lat="45.744452" lon="6.567663">
        <ele>1333.779464</ele>
        <time>2026-08-02T11:09:46.345Z</time>
      </trkpt>
      <trkpt lat="45.744600" lon="6.567995">
        <ele>1330.997135</ele>
        <time>2026-08-02T11:09:48.661Z</time>
      </trkpt>
      <trkpt lat="45.744635" lon="6.568283">
        <ele>1328.932512</ele>
        <time>2026-08-02T11:09:50.378Z</time>
      </trkpt>
      <trkpt lat="45.744577" lon="6.568722">
        <ele>1325.822362</ele>
        <time>2026-08-02T11:09:52.988Z</time>
      </trkpt>
      <trkpt lat="45.744518" lon="6.569014">
        <ele>1323.805169</ele>
        <time>2026-08-02T11:09:54.764Z</time>
      </trkpt>
      <trkpt lat="45.744554" lon="6.569304">
        <ele>1321.850619</ele>
        <time>2026-08-02T11:09:56.493Z</time>
      </trkpt>
      <trkpt lat="45.744602" lon="6.569421">
        <ele>1320.950027</ele>
        <time>2026-08-02T11:09:57.286Z</time>
      </trkpt>
      <trkpt lat="45.744949" lon="6.569984">
        <ele>1315.965728</ele>
        <time>2026-08-02T11:10:01.748Z</time>
      </trkpt>
      <trkpt lat="45.745097" lon="6.570174">
        <ele>1314.076298</ele>
        <time>2026-08-02T11:10:03.513Z</time>
      </trkpt>
      <trkpt lat="45.745227" lon="6.570304">
        <ele>1312.568946</ele>
        <time>2026-08-02T11:10:04.983Z</time>
      </trkpt>
      <trkpt lat="45.745891" lon="6.570713">
        <ele>1307.009917</ele>
        <time>2026-08-02T11:10:12.049Z</time>
      </trkpt>
      <trkpt lat="45.746979" lon="6.571588">
        <ele>1299.325162</ele>
        <time>2026-08-02T11:10:23.539Z</time>
      </trkpt>
      <trkpt lat="45.747514" lon="6.571965">
        <ele>1294.204116</ele>
        <time>2026-08-02T11:10:28.702Z</time>
      </trkpt>
      <trkpt lat="45.747719" lon="6.572423">
        <ele>1290.607347</ele>
        <time>2026-08-02T11:10:31.978Z</time>
      </trkpt>
      <trkpt lat="45.747943" lon="6.572793">
        <ele>1287.369403</ele>
        <time>2026-08-02T11:10:34.919Z</time>
      </trkpt>
      <trkpt lat="45.748652" lon="6.573651">
        <ele>1278.617664</ele>
        <time>2026-08-02T11:10:42.893Z</time>
      </trkpt>
      <trkpt lat="45.749345" lon="6.574368">
        <ele>1270.635997</ele>
        <time>2026-08-02T11:10:50.370Z</time>
      </trkpt>
      <trkpt lat="45.749516" lon="6.574617">
        <ele>1268.359502</ele>
        <time>2026-08-02T11:10:52.465Z</time>
      </trkpt>
      <trkpt lat="45.749636" lon="6.574798">
        <ele>1266.732624</ele>
        <time>2026-08-02T11:10:53.968Z</time>
      </trkpt>
      <trkpt lat="45.749792" lon="6.574914">
        <ele>1265.091445</ele>
        <time>2026-08-02T11:10:55.480Z</time>
      </trkpt>
      <trkpt lat="45.750044" lon="6.575052">
        <ele>1262.621470</ele>
        <time>2026-08-02T11:10:57.814Z</time>
      </trkpt>
      <trkpt lat="45.750126" lon="6.575159">
        <ele>1261.612135</ele>
        <time>2026-08-02T11:10:58.777Z</time>
      </trkpt>
      <trkpt lat="45.750286" lon="6.575507">
        <ele>1258.965428</ele>
        <time>2026-08-02T11:11:01.320Z</time>
      </trkpt>
      <trkpt lat="45.750552" lon="6.575831">
        <ele>1255.788160</ele>
        <time>2026-08-02T11:11:04.412Z</time>
      </trkpt>
      <trkpt lat="45.750701" lon="6.575940">
        <ele>1254.265594</ele>
        <time>2026-08-02T11:11:05.860Z</time>
      </trkpt>
      <trkpt lat="45.750984" lon="6.576020">
        <ele>1251.640277</ele>
        <time>2026-08-02T11:11:08.335Z</time>
      </trkpt>
      <trkpt lat="45.751072" lon="6.576111">
        <ele>1250.652623</ele>
        <time>2026-08-02T11:11:09.271Z</time>
      </trkpt>
      <trkpt lat="45.751529" lon="6.576756">
        <ele>1245.026557</ele>
        <time>2026-08-02T11:11:14.886Z</time>
      </trkpt>
      <trkpt lat="45.751575" lon="6.576878">
        <ele>1244.201911</ele>
        <time>2026-08-02T11:11:15.720Z</time>
      </trkpt>
      <trkpt lat="45.751601" lon="6.577436">
        <ele>1240.876251</ele>
        <time>2026-08-02T11:11:19.097Z</time>
      </trkpt>
      <trkpt lat="45.751632" lon="6.577515">
        <ele>1240.337267</ele>
        <time>2026-08-02T11:11:19.649Z</time>
      </trkpt>
      <trkpt lat="45.751870" lon="6.577619">
        <ele>1238.216731</ele>
        <time>2026-08-02T11:11:21.835Z</time>
      </trkpt>
      <trkpt lat="45.751912" lon="6.577710">
        <ele>1237.567913</ele>
        <time>2026-08-02T11:11:22.514Z</time>
      </trkpt>
      <trkpt lat="45.751906" lon="6.577762">
        <ele>1237.254486</ele>
        <time>2026-08-02T11:11:22.832Z</time>
      </trkpt>
      <trkpt lat="45.751885" lon="6.577807">
        <ele>1236.932552</ele>
        <time>2026-08-02T11:11:23.179Z</time>
      </trkpt>
      <trkpt lat="45.751779" lon="6.577820">
        <ele>1236.025870</ele>
        <time>2026-08-02T11:11:24.121Z</time>
      </trkpt>
      <trkpt lat="45.751471" lon="6.577651">
        <ele>1233.215140</ele>
        <time>2026-08-02T11:11:27.067Z</time>
      </trkpt>
      <trkpt lat="45.751422" lon="6.577580">
        <ele>1232.617006</ele>
        <time>2026-08-02T11:11:27.692Z</time>
      </trkpt>
      <trkpt lat="45.751319" lon="6.577220">
        <ele>1230.251621</ele>
        <time>2026-08-02T11:11:30.101Z</time>
      </trkpt>
      <trkpt lat="45.751228" lon="6.577017">
        <ele>1228.784791</ele>
        <time>2026-08-02T11:11:31.587Z</time>
      </trkpt>
      <trkpt lat="45.750931" lon="6.576731">
        <ele>1225.667309</ele>
        <time>2026-08-02T11:11:34.699Z</time>
      </trkpt>
      <trkpt lat="45.750836" lon="6.576687">
        <ele>1224.797476</ele>
        <time>2026-08-02T11:11:35.580Z</time>
      </trkpt>
      <trkpt lat="45.750518" lon="6.576755">
        <ele>1221.996248</ele>
        <time>2026-08-02T11:11:38.424Z</time>
      </trkpt>
      <trkpt lat="45.750325" lon="6.576700">
        <ele>1220.281825</ele>
        <time>2026-08-02T11:11:40.144Z</time>
      </trkpt>
      <trkpt lat="45.749650" lon="6.576386">
        <ele>1213.871613</ele>
        <time>2026-08-02T11:11:46.213Z</time>
      </trkpt>
      <trkpt lat="45.749202" lon="6.576270">
        <ele>1209.609134</ele>
        <time>2026-08-02T11:11:50.146Z</time>
      </trkpt>
      <trkpt lat="45.748950" lon="6.576151">
        <ele>1207.124896</ele>
        <time>2026-08-02T11:11:52.450Z</time>
      </trkpt>
      <trkpt lat="45.748745" lon="6.576015">
        <ele>1205.009815</ele>
        <time>2026-08-02T11:11:54.409Z</time>
      </trkpt>
      <trkpt lat="45.748563" lon="6.575801">
        <ele>1202.805588</ele>
        <time>2026-08-02T11:11:56.473Z</time>
      </trkpt>
      <trkpt lat="45.748385" lon="6.575657">
        <ele>1200.891777</ele>
        <time>2026-08-02T11:11:58.246Z</time>
      </trkpt>
      <trkpt lat="45.747677" lon="6.575403">
        <ele>1195.438192</ele>
        <time>2026-08-02T11:12:04.666Z</time>
      </trkpt>
      <trkpt lat="45.747385" lon="6.575262">
        <ele>1193.190756</ele>
        <time>2026-08-02T11:12:07.462Z</time>
      </trkpt>
      <trkpt lat="45.746807" lon="6.574920">
        <ele>1188.629734</ele>
        <time>2026-08-02T11:12:13.192Z</time>
      </trkpt>
      <trkpt lat="45.746621" lon="6.574731">
        <ele>1186.937343</ele>
        <time>2026-08-02T11:12:15.228Z</time>
      </trkpt>
      <trkpt lat="45.746384" lon="6.574289">
        <ele>1183.716906</ele>
        <time>2026-08-02T11:12:18.705Z</time>
      </trkpt>
      <trkpt lat="45.746294" lon="6.574249">
        <ele>1182.936766</ele>
        <time>2026-08-02T11:12:19.554Z</time>
      </trkpt>
      <trkpt lat="45.746217" lon="6.574267">
        <ele>1182.290843</ele>
        <time>2026-08-02T11:12:20.243Z</time>
      </trkpt>
      <trkpt lat="45.746367" lon="6.574699">
        <ele>1179.503067</ele>
        <time>2026-08-02T11:12:23.217Z</time>
      </trkpt>
      <trkpt lat="45.746583" lon="6.575215">
        <ele>1176.026648</ele>
        <time>2026-08-02T11:12:26.891Z</time>
      </trkpt>
      <trkpt lat="45.746978" lon="6.576026">
        <ele>1170.491953</ele>
        <time>2026-08-02T11:12:32.819Z</time>
      </trkpt>
      <trkpt lat="45.747060" lon="6.576181">
        <ele>1169.469939</ele>
        <time>2026-08-02T11:12:34.014Z</time>
      </trkpt>
      <trkpt lat="45.747294" lon="6.576625">
        <ele>1166.546414</ele>
        <time>2026-08-02T11:12:37.419Z</time>
      </trkpt>
      <trkpt lat="45.747552" lon="6.577121">
        <ele>1163.295892</ele>
        <time>2026-08-02T11:12:41.220Z</time>
      </trkpt>
      <trkpt lat="45.747654" lon="6.577407">
        <ele>1161.608268</ele>
        <time>2026-08-02T11:12:43.230Z</time>
      </trkpt>
      <trkpt lat="45.747671" lon="6.577502">
        <ele>1161.092956</ele>
        <time>2026-08-02T11:12:43.851Z</time>
      </trkpt>
      <trkpt lat="45.747719" lon="6.577945">
        <ele>1158.743241</ele>
        <time>2026-08-02T11:12:46.781Z</time>
      </trkpt>
      <trkpt lat="45.747827" lon="6.578330">
        <ele>1157.645003</ele>
        <time>2026-08-02T11:12:49.605Z</time>
      </trkpt>
      <trkpt lat="45.747964" lon="6.578527">
        <ele>1156.908888</ele>
        <time>2026-08-02T11:12:51.582Z</time>
      </trkpt>
      <trkpt lat="45.748142" lon="6.578640">
        <ele>1156.170482</ele>
        <time>2026-08-02T11:12:53.649Z</time>
      </trkpt>
      <trkpt lat="45.748299" lon="6.578667">
        <ele>1155.570733</ele>
        <time>2026-08-02T11:12:55.296Z</time>
      </trkpt>
      <trkpt lat="45.748422" lon="6.578683">
        <ele>1155.102295</ele>
        <time>2026-08-02T11:12:56.564Z</time>
      </trkpt>
      <trkpt lat="45.748889" lon="6.578893">
        <ele>1153.245881</ele>
        <time>2026-08-02T11:13:01.472Z</time>
      </trkpt>
      <trkpt lat="45.748993" lon="6.578974">
        <ele>1152.796933</ele>
        <time>2026-08-02T11:13:02.643Z</time>
      </trkpt>
      <trkpt lat="45.749048" lon="6.579100">
        <ele>1152.403582</ele>
        <time>2026-08-02T11:13:03.667Z</time>
      </trkpt>
      <trkpt lat="45.749043" lon="6.579214">
        <ele>1152.101268</ele>
        <time>2026-08-02T11:13:04.445Z</time>
      </trkpt>
      <trkpt lat="45.748982" lon="6.579320">
        <ele>1151.630275</ele>
        <time>2026-08-02T11:13:05.409Z</time>
      </trkpt>
      <trkpt lat="45.748672" lon="6.579444">
        <ele>1149.718248</ele>
        <time>2026-08-02T11:13:08.531Z</time>
      </trkpt>
      <trkpt lat="45.748572" lon="6.579590">
        <ele>1148.870166</ele>
        <time>2026-08-02T11:13:09.878Z</time>
      </trkpt>
      <trkpt lat="45.748530" lon="6.579870">
        <ele>1147.682910</ele>
        <time>2026-08-02T11:13:11.731Z</time>
      </trkpt>
      <trkpt lat="45.748544" lon="6.580136">
        <ele>1146.577073</ele>
        <time>2026-08-02T11:13:13.432Z</time>
      </trkpt>
      <trkpt lat="45.748581" lon="6.580322">
        <ele>1145.775291</ele>
        <time>2026-08-02T11:13:14.646Z</time>
      </trkpt>
      <trkpt lat="45.748626" lon="6.580498">
        <ele>1144.998248</ele>
        <time>2026-08-02T11:13:15.809Z</time>
      </trkpt>
      <trkpt lat="45.748748" lon="6.580834">
        <ele>1143.428080</ele>
        <time>2026-08-02T11:13:18.185Z</time>
      </trkpt>
      <trkpt lat="45.748813" lon="6.581308">
        <ele>1141.425536</ele>
        <time>2026-08-02T11:13:21.210Z</time>
      </trkpt>
      <trkpt lat="45.748854" lon="6.581842">
        <ele>1139.421936</ele>
        <time>2026-08-02T11:13:24.580Z</time>
      </trkpt>
      <trkpt lat="45.748944" lon="6.582325">
        <ele>1137.576133</ele>
        <time>2026-08-02T11:13:27.679Z</time>
      </trkpt>
      <trkpt lat="45.749125" lon="6.583067">
        <ele>1134.673981</ele>
        <time>2026-08-02T11:13:32.669Z</time>
      </trkpt>
      <trkpt lat="45.749221" lon="6.583333">
        <ele>1133.568289</ele>
        <time>2026-08-02T11:13:34.677Z</time>
      </trkpt>
      <trkpt lat="45.749343" lon="6.583547">
        <ele>1132.548004</ele>
        <time>2026-08-02T11:13:36.654Z</time>
      </trkpt>
      <trkpt lat="45.749429" lon="6.583676">
        <ele>1131.889289</ele>
        <time>2026-08-02T11:13:38.082Z</time>
      </trkpt>
      <trkpt lat="45.749736" lon="6.583937">
        <ele>1131.791238</ele>
        <time>2026-08-02T11:13:42.570Z</time>
      </trkpt>
      <trkpt lat="45.749760" lon="6.584048">
        <ele>1131.807704</ele>
        <time>2026-08-02T11:13:43.638Z</time>
      </trkpt>
      <trkpt lat="45.749748" lon="6.584105">
        <ele>1131.816140</ele>
        <time>2026-08-02T11:13:44.108Z</time>
      </trkpt>
      <trkpt lat="45.750126" lon="6.584636">
        <ele>1131.923620</ele>
        <time>2026-08-02T11:13:56.412Z</time>
      </trkpt>
      <trkpt lat="45.750225" lon="6.584765">
        <ele>1131.950789</ele>
        <time>2026-08-02T11:13:59.832Z</time>
      </trkpt>
      <trkpt lat="45.750240" lon="6.584785">
        <ele>1131.954950</ele>
        <time>2026-08-02T11:14:00.340Z</time>
      </trkpt>
      <trkpt lat="45.750302" lon="6.584900">
        <ele>1131.975541</ele>
        <time>2026-08-02T11:14:02.656Z</time>
      </trkpt>
      <trkpt lat="45.750311" lon="6.584928">
        <ele>1131.979909</ele>
        <time>2026-08-02T11:14:03.207Z</time>
      </trkpt>
      <trkpt lat="45.750443" lon="6.585307">
        <ele>1132.039926</ele>
        <time>2026-08-02T11:14:08.717Z</time>
      </trkpt>
      <trkpt lat="45.750473" lon="6.585340">
        <ele>1132.047606</ele>
        <time>2026-08-02T11:14:09.447Z</time>
      </trkpt>
      <trkpt lat="45.750592" lon="6.585439">
        <ele>1132.075545</ele>
        <time>2026-08-02T11:14:11.812Z</time>
      </trkpt>
      <trkpt lat="45.750678" lon="6.585573">
        <ele>1131.948008</ele>
        <time>2026-08-02T11:14:13.539Z</time>
      </trkpt>
      <trkpt lat="45.751000" lon="6.586279">
        <ele>1130.410544</ele>
        <time>2026-08-02T11:14:19.726Z</time>
      </trkpt>
      <trkpt lat="45.751131" lon="6.586515">
        <ele>1129.860835</ele>
        <time>2026-08-02T11:14:21.909Z</time>
      </trkpt>
      <trkpt lat="45.751691" lon="6.587466">
        <ele>1127.592524</ele>
        <time>2026-08-02T11:14:30.641Z</time>
      </trkpt>
      <trkpt lat="45.752115" lon="6.588193">
        <ele>1124.097910</ele>
        <time>2026-08-02T11:14:37.159Z</time>
      </trkpt>
      <trkpt lat="45.752177" lon="6.588359">
        <ele>1123.357230</ele>
        <time>2026-08-02T11:14:38.402Z</time>
      </trkpt>
      <trkpt lat="45.752343" lon="6.588575">
        <ele>1122.093172</ele>
        <time>2026-08-02T11:14:40.527Z</time>
      </trkpt>
      <trkpt lat="45.752559" lon="6.588950">
        <ele>1120.180304</ele>
        <time>2026-08-02T11:14:43.674Z</time>
      </trkpt>
      <trkpt lat="45.753323" lon="6.590365">
        <ele>1111.739390</ele>
        <time>2026-08-02T11:14:54.662Z</time>
      </trkpt>
      <trkpt lat="45.753464" lon="6.590562">
        <ele>1110.250258</ele>
        <time>2026-08-02T11:14:56.365Z</time>
      </trkpt>
      <trkpt lat="45.753887" lon="6.590994">
        <ele>1106.322306</ele>
        <time>2026-08-02T11:15:00.875Z</time>
      </trkpt>
      <trkpt lat="45.754016" lon="6.591545">
        <ele>1103.634551</ele>
        <time>2026-08-02T11:15:04.671Z</time>
      </trkpt>
      <trkpt lat="45.754243" lon="6.591990">
        <ele>1103.525486</ele>
        <time>2026-08-02T11:15:08.470Z</time>
      </trkpt>
      <trkpt lat="45.754460" lon="6.592325">
        <ele>1103.435046</ele>
        <time>2026-08-02T11:15:11.976Z</time>
      </trkpt>
      <trkpt lat="45.754557" lon="6.592384">
        <ele>1103.405166</ele>
        <time>2026-08-02T11:15:13.366Z</time>
      </trkpt>
      <trkpt lat="45.754574" lon="6.592408">
        <ele>1103.398399</ele>
        <time>2026-08-02T11:15:13.664Z</time>
      </trkpt>
      <trkpt lat="45.754686" lon="6.592740">
        <ele>1103.325438</ele>
        <time>2026-08-02T11:15:17.718Z</time>
      </trkpt>
      <trkpt lat="45.754923" lon="6.593354">
        <ele>1103.186607</ele>
        <time>2026-08-02T11:15:30.638Z</time>
      </trkpt>
      <trkpt lat="45.755212" lon="6.594425">
        <ele>1106.015207</ele>
        <time>2026-08-02T11:15:58.401Z</time>
      </trkpt>
      <trkpt lat="45.755468" lon="6.594790">
        <ele>1107.652389</ele>
        <time>2026-08-02T11:16:11.131Z</time>
      </trkpt>
      <trkpt lat="45.755879" lon="6.595199">
        <ele>1109.920944</ele>
        <time>2026-08-02T11:16:25.799Z</time>
      </trkpt>
      <trkpt lat="45.755894" lon="6.595311">
        <ele>1110.281710</ele>
        <time>2026-08-02T11:16:28.101Z</time>
      </trkpt>
      <trkpt lat="45.755876" lon="6.595393">
        <ele>1110.553641</ele>
        <time>2026-08-02T11:16:30.026Z</time>
      </trkpt>
      <trkpt lat="45.755648" lon="6.595636">
        <ele>1112.081913</ele>
        <time>2026-08-02T11:16:40.065Z</time>
      </trkpt>
      <trkpt lat="45.755574" lon="6.595804">
        <ele>1112.985867</ele>
        <time>2026-08-02T11:16:45.294Z</time>
      </trkpt>
      <trkpt lat="45.755484" lon="6.596368">
        <ele>1115.618250</ele>
        <time>2026-08-02T11:17:00.838Z</time>
      </trkpt>
      <trkpt lat="45.755512" lon="6.596715">
        <ele>1117.207577</ele>
        <time>2026-08-02T11:17:10.389Z</time>
      </trkpt>
      <trkpt lat="45.755776" lon="6.597437">
        <ele>1120.916344</ele>
        <time>2026-08-02T11:17:35.149Z</time>
      </trkpt>
      <trkpt lat="45.756203" lon="6.598583">
        <ele>1126.194216</ele>
        <time>2026-08-02T11:18:19.203Z</time>
      </trkpt>
      <trkpt lat="45.756317" lon="6.599043">
        <ele>1128.045579</ele>
        <time>2026-08-02T11:18:30.856Z</time>
      </trkpt>
      <trkpt lat="45.756681" lon="6.599787">
        <ele>1131.491820</ele>
        <time>2026-08-02T11:18:48.983Z</time>
      </trkpt>
      <trkpt lat="45.756763" lon="6.600299">
        <ele>1133.449072</ele>
        <time>2026-08-02T11:18:59.636Z</time>
      </trkpt>
      <trkpt lat="45.756818" lon="6.600432">
        <ele>1134.005397</ele>
        <time>2026-08-02T11:19:03.034Z</time>
      </trkpt>
      <trkpt lat="45.757051" lon="6.600914">
        <ele>1136.115405</ele>
        <time>2026-08-02T11:19:17.108Z</time>
      </trkpt>
      <trkpt lat="45.757175" lon="6.601087">
        <ele>1137.007871</ele>
        <time>2026-08-02T11:19:23.483Z</time>
      </trkpt>
      <trkpt lat="45.757543" lon="6.601382">
        <ele>1139.182467</ele>
        <time>2026-08-02T11:19:38.848Z</time>
      </trkpt>
      <trkpt lat="45.757703" lon="6.601589">
        <ele>1140.294096</ele>
        <time>2026-08-02T11:19:46.794Z</time>
      </trkpt>
      <trkpt lat="45.757762" lon="6.601748">
        <ele>1140.942106</ele>
        <time>2026-08-02T11:19:51.483Z</time>
      </trkpt>
      <trkpt lat="45.757865" lon="6.602417">
        <ele>1143.649152</ele>
        <time>2026-08-02T11:20:10.582Z</time>
      </trkpt>
      <trkpt lat="45.757960" lon="6.602735">
        <ele>1145.120109</ele>
        <time>2026-08-02T11:20:20.294Z</time>
      </trkpt>
      <trkpt lat="45.758029" lon="6.602955">
        <ele>1146.145776</ele>
        <time>2026-08-02T11:20:27.123Z</time>
      </trkpt>
      <trkpt lat="45.758173" lon="6.603265">
        <ele>1147.729402</ele>
        <time>2026-08-02T11:20:37.360Z</time>
      </trkpt>
      <trkpt lat="45.758321" lon="6.603515">
        <ele>1149.123574</ele>
        <time>2026-08-02T11:20:46.371Z</time>
      </trkpt>
      <trkpt lat="45.758696" lon="6.603972">
        <ele>1152.123545</ele>
        <time>2026-08-02T11:21:06.246Z</time>
      </trkpt>
      <trkpt lat="45.759009" lon="6.604399">
        <ele>1153.753727</ele>
        <time>2026-08-02T11:21:23.577Z</time>
      </trkpt>
      <trkpt lat="45.759286" lon="6.604867">
        <ele>1154.839693</ele>
        <time>2026-08-02T11:21:37.143Z</time>
      </trkpt>
      <trkpt lat="45.759377" lon="6.604948">
        <ele>1155.111372</ele>
        <time>2026-08-02T11:21:39.707Z</time>
      </trkpt>
      <trkpt lat="45.759651" lon="6.605066">
        <ele>1155.836988</ele>
        <time>2026-08-02T11:21:45.065Z</time>
      </trkpt>
      <trkpt lat="45.759689" lon="6.605146">
        <ele>1156.008238</ele>
        <time>2026-08-02T11:21:46.175Z</time>
      </trkpt>
      <trkpt lat="45.759791" lon="6.605552">
        <ele>1156.771792</ele>
        <time>2026-08-02T11:21:50.618Z</time>
      </trkpt>
      <trkpt lat="45.759932" lon="6.605801">
        <ele>1157.339246</ele>
        <time>2026-08-02T11:21:53.682Z</time>
      </trkpt>
      <trkpt lat="45.760152" lon="6.606445">
        <ele>1158.636873</ele>
        <time>2026-08-02T11:22:01.281Z</time>
      </trkpt>
      <trkpt lat="45.760534" lon="6.607375">
        <ele>1160.601109</ele>
        <time>2026-08-02T11:22:22.422Z</time>
      </trkpt>
      <trkpt lat="45.760899" lon="6.607883">
        <ele>1161.928350</ele>
        <time>2026-08-02T11:22:39.993Z</time>
      </trkpt>
      <trkpt lat="45.761024" lon="6.608249">
        <ele>1162.321785</ele>
        <time>2026-08-02T11:22:47.476Z</time>
      </trkpt>
      <trkpt lat="45.761119" lon="6.608371">
        <ele>1162.347475</ele>
        <time>2026-08-02T11:22:50.532Z</time>
      </trkpt>
      <trkpt lat="45.761289" lon="6.608521">
        <ele>1162.387683</ele>
        <time>2026-08-02T11:22:54.973Z</time>
      </trkpt>
      <trkpt lat="45.761311" lon="6.608622">
        <ele>1162.402551</ele>
        <time>2026-08-02T11:22:56.600Z</time>
      </trkpt>
      <trkpt lat="45.761294" lon="6.608695">
        <ele>1162.413365</ele>
        <time>2026-08-02T11:22:57.468Z</time>
      </trkpt>
      <trkpt lat="45.761044" lon="6.608942">
        <ele>1162.474521</ele>
        <time>2026-08-02T11:23:01.881Z</time>
      </trkpt>
      <trkpt lat="45.760984" lon="6.609055">
        <ele>1162.494475</ele>
        <time>2026-08-02T11:23:03.101Z</time>
      </trkpt>
      <trkpt lat="45.760963" lon="6.609247">
        <ele>1162.521783</ele>
        <time>2026-08-02T11:23:04.618Z</time>
      </trkpt>
      <trkpt lat="45.761017" lon="6.610633">
        <ele>1163.563633</ele>
        <time>2026-08-02T11:23:15.190Z</time>
      </trkpt>
      <trkpt lat="45.761022" lon="6.610750">
        <ele>1163.805348</ele>
        <time>2026-08-02T11:23:16.692Z</time>
      </trkpt>
      <trkpt lat="45.761114" lon="6.611119">
        <ele>1164.613383</ele>
        <time>2026-08-02T11:23:22.873Z</time>
      </trkpt>
      <trkpt lat="45.761179" lon="6.611556">
        <ele>1165.534761</ele>
        <time>2026-08-02T11:23:31.860Z</time>
      </trkpt>
      <trkpt lat="45.761253" lon="6.611870">
        <ele>1166.218195</ele>
        <time>2026-08-02T11:23:39.896Z</time>
      </trkpt>
      <trkpt lat="45.761338" lon="6.612507">
        <ele>1167.555541</ele>
        <time>2026-08-02T11:23:58.087Z</time>
      </trkpt>
      <trkpt lat="45.761405" lon="6.612687">
        <ele>1167.978672</ele>
        <time>2026-08-02T11:24:03.470Z</time>
      </trkpt>
      <trkpt lat="45.761589" lon="6.613041">
        <ele>1169.331196</ele>
        <time>2026-08-02T11:24:14.812Z</time>
      </trkpt>
      <trkpt lat="45.761778" lon="6.613606">
        <ele>1171.250965</ele>
        <time>2026-08-02T11:24:29.615Z</time>
      </trkpt>
      <trkpt lat="45.761894" lon="6.613837">
        <ele>1172.122986</ele>
        <time>2026-08-02T11:24:36.389Z</time>
      </trkpt>
      <trkpt lat="45.762173" lon="6.614215">
        <ele>1173.808968</ele>
        <time>2026-08-02T11:24:50.705Z</time>
      </trkpt>
      <trkpt lat="45.762411" lon="6.614855">
        <ele>1175.856459</ele>
        <time>2026-08-02T11:25:05.039Z</time>
      </trkpt>
      <trkpt lat="45.762478" lon="6.614986">
        <ele>1175.813679</ele>
        <time>2026-08-02T11:25:07.225Z</time>
      </trkpt>
      <trkpt lat="45.762616" lon="6.615160">
        <ele>1175.744295</ele>
        <time>2026-08-02T11:25:10.406Z</time>
      </trkpt>
      <trkpt lat="45.762850" lon="6.615470">
        <ele>1175.624005</ele>
        <time>2026-08-02T11:25:14.799Z</time>
      </trkpt>
      <trkpt lat="45.763092" lon="6.616072">
        <ele>1175.441020</ele>
        <time>2026-08-02T11:25:21.493Z</time>
      </trkpt>
      <trkpt lat="45.763248" lon="6.616715">
        <ele>1175.261728</ele>
        <time>2026-08-02T11:25:27.220Z</time>
      </trkpt>
      <trkpt lat="45.763437" lon="6.616885">
        <ele>1175.108996</ele>
        <time>2026-08-02T11:25:29.417Z</time>
      </trkpt>
      <trkpt lat="45.763689" lon="6.616999">
        <ele>1174.512675</ele>
        <time>2026-08-02T11:25:32.014Z</time>
      </trkpt>
      <trkpt lat="45.763811" lon="6.617102">
        <ele>1174.193163</ele>
        <time>2026-08-02T11:25:33.439Z</time>
      </trkpt>
      <trkpt lat="45.763961" lon="6.617311">
        <ele>1173.721108</ele>
        <time>2026-08-02T11:25:35.593Z</time>
      </trkpt>
      <trkpt lat="45.764108" lon="6.617576">
        <ele>1173.188115</ele>
        <time>2026-08-02T11:25:38.139Z</time>
      </trkpt>
      <trkpt lat="45.764358" lon="6.617861">
        <ele>1172.467299</ele>
        <time>2026-08-02T11:25:41.781Z</time>
      </trkpt>
      <trkpt lat="45.764409" lon="6.617965">
        <ele>1172.267173</ele>
        <time>2026-08-02T11:25:42.796Z</time>
      </trkpt>
      <trkpt lat="45.764482" lon="6.618350">
        <ele>1171.639096</ele>
        <time>2026-08-02T11:25:45.935Z</time>
      </trkpt>
      <trkpt lat="45.764588" lon="6.618542">
        <ele>1171.253639</ele>
        <time>2026-08-02T11:25:47.736Z</time>
      </trkpt>
      <trkpt lat="45.764868" lon="6.618812">
        <ele>1171.154674</ele>
        <time>2026-08-02T11:25:51.366Z</time>
      </trkpt>
      <trkpt lat="45.765337" lon="6.619127">
        <ele>1171.195403</ele>
        <time>2026-08-02T11:25:57.722Z</time>
      </trkpt>
      <trkpt lat="45.765706" lon="6.619590">
        <ele>1171.233966</ele>
        <time>2026-08-02T11:26:06.128Z</time>
      </trkpt>
      <trkpt lat="45.765856" lon="6.619706">
        <ele>1171.247368</ele>
        <time>2026-08-02T11:26:09.646Z</time>
      </trkpt>
      <trkpt lat="45.766254" lon="6.619913">
        <ele>1171.329286</ele>
        <time>2026-08-02T11:26:19.360Z</time>
      </trkpt>
      <trkpt lat="45.766435" lon="6.619966">
        <ele>1171.446814</ele>
        <time>2026-08-02T11:26:23.769Z</time>
      </trkpt>
      <trkpt lat="45.766969" lon="6.620030">
        <ele>1171.787724</ele>
        <time>2026-08-02T11:26:36.883Z</time>
      </trkpt>
      <trkpt lat="45.767168" lon="6.620106">
        <ele>1171.918741</ele>
        <time>2026-08-02T11:26:41.383Z</time>
      </trkpt>
      <trkpt lat="45.767658" lon="6.620375">
        <ele>1172.252550</ele>
        <time>2026-08-02T11:26:49.871Z</time>
      </trkpt>
      <trkpt lat="45.767741" lon="6.620455">
        <ele>1172.316179</ele>
        <time>2026-08-02T11:26:51.057Z</time>
      </trkpt>
      <trkpt lat="45.767900" lon="6.620604">
        <ele>1172.282616</ele>
        <time>2026-08-02T11:26:53.146Z</time>
      </trkpt>
      <trkpt lat="45.768285" lon="6.621116">
        <ele>1169.894106</ele>
        <time>2026-08-02T11:26:58.324Z</time>
      </trkpt>
      <trkpt lat="45.768058" lon="6.621096">
        <ele>1168.859708</ele>
        <time>2026-08-02T11:27:01.383Z</time>
      </trkpt>
      <trkpt lat="45.767912" lon="6.621161">
        <ele>1168.164380</ele>
        <time>2026-08-02T11:27:03.402Z</time>
      </trkpt>
      <trkpt lat="45.767811" lon="6.621241">
        <ele>1167.639551</ele>
        <time>2026-08-02T11:27:04.917Z</time>
      </trkpt>
      <trkpt lat="45.767554" lon="6.621541">
        <ele>1166.132146</ele>
        <time>2026-08-02T11:27:09.230Z</time>
      </trkpt>
      <trkpt lat="45.767313" lon="6.621884">
        <ele>1164.587553</ele>
        <time>2026-08-02T11:27:13.636Z</time>
      </trkpt>
      <trkpt lat="45.767180" lon="6.622154">
        <ele>1164.231218</ele>
        <time>2026-08-02T11:27:16.684Z</time>
      </trkpt>
      <trkpt lat="45.767136" lon="6.622363">
        <ele>1164.225066</ele>
        <time>2026-08-02T11:27:18.786Z</time>
      </trkpt>
      <trkpt lat="45.767127" lon="6.622647">
        <ele>1164.217055</ele>
        <time>2026-08-02T11:27:21.705Z</time>
      </trkpt>
      <trkpt lat="45.766598" lon="6.622855">
        <ele>1164.194896</ele>
        <time>2026-08-02T11:27:33.503Z</time>
      </trkpt>
      <trkpt lat="45.766482" lon="6.622900">
        <ele>1164.190041</ele>
        <time>2026-08-02T11:27:37.077Z</time>
      </trkpt>
      <trkpt lat="45.766362" lon="6.622952">
        <ele>1164.184977</ele>
        <time>2026-08-02T11:27:40.955Z</time>
      </trkpt>
      <trkpt lat="45.766214" lon="6.622944">
        <ele>1164.178994</ele>
        <time>2026-08-02T11:27:45.644Z</time>
      </trkpt>
      <trkpt lat="45.765652" lon="6.622654">
        <ele>1164.860020</ele>
        <time>2026-08-02T11:28:06.833Z</time>
      </trkpt>
      <trkpt lat="45.765552" lon="6.622565">
        <ele>1165.194001</ele>
        <time>2026-08-02T11:28:11.445Z</time>
      </trkpt>
      <trkpt lat="45.764935" lon="6.621545">
        <ele>1167.866297</ele>
        <time>2026-08-02T11:28:44.496Z</time>
      </trkpt>
      <trkpt lat="45.764205" lon="6.620580">
        <ele>1169.518728</ele>
        <time>2026-08-02T11:29:07.699Z</time>
      </trkpt>
      <trkpt lat="45.763987" lon="6.620209">
        <ele>1169.688600</ele>
        <time>2026-08-02T11:29:15.590Z</time>
      </trkpt>
      <trkpt lat="45.763795" lon="6.619962">
        <ele>1169.818106</ele>
        <time>2026-08-02T11:29:21.340Z</time>
      </trkpt>
      <trkpt lat="45.763027" lon="6.619349">
        <ele>1170.182658</ele>
        <time>2026-08-02T11:29:39.009Z</time>
      </trkpt>
      <trkpt lat="45.762716" lon="6.619250">
        <ele>1170.203461</ele>
        <time>2026-08-02T11:29:45.325Z</time>
      </trkpt>
      <trkpt lat="45.762127" lon="6.618761">
        <ele>1170.247907</ele>
        <time>2026-08-02T11:29:59.161Z</time>
      </trkpt>
      <trkpt lat="45.761606" lon="6.618439">
        <ele>1170.284955</ele>
        <time>2026-08-02T11:30:10.840Z</time>
      </trkpt>
      <trkpt lat="45.761517" lon="6.618346">
        <ele>1170.255602</ele>
        <time>2026-08-02T11:30:13.067Z</time>
      </trkpt>
      <trkpt lat="45.761329" lon="6.617903">
        <ele>1170.033426</ele>
        <time>2026-08-02T11:30:21.220Z</time>
      </trkpt>
      <trkpt lat="45.761261" lon="6.617802">
        <ele>1169.973284</ele>
        <time>2026-08-02T11:30:23.679Z</time>
      </trkpt>
      <trkpt lat="45.760692" lon="6.617345">
        <ele>1169.572696</ele>
        <time>2026-08-02T11:30:36.358Z</time>
      </trkpt>
      <trkpt lat="45.760608" lon="6.617230">
        <ele>1169.501354</ele>
        <time>2026-08-02T11:30:38.281Z</time>
      </trkpt>
      <trkpt lat="45.760395" lon="6.616828">
        <ele>1169.285058</ele>
        <time>2026-08-02T11:30:44.039Z</time>
      </trkpt>
      <trkpt lat="45.759921" lon="6.616049">
        <ele>1167.337868</ele>
        <time>2026-08-02T11:30:55.351Z</time>
      </trkpt>
      <trkpt lat="45.759810" lon="6.615739">
        <ele>1166.531467</ele>
        <time>2026-08-02T11:30:58.828Z</time>
      </trkpt>
      <trkpt lat="45.759549" lon="6.615389">
        <ele>1165.345849</ele>
        <time>2026-08-02T11:31:03.671Z</time>
      </trkpt>
      <trkpt lat="45.759468" lon="6.614964">
        <ele>1164.326230</ele>
        <time>2026-08-02T11:31:07.886Z</time>
      </trkpt>
      <trkpt lat="45.759315" lon="6.614646">
        <ele>1163.432246</ele>
        <time>2026-08-02T11:31:11.733Z</time>
      </trkpt>
      <trkpt lat="45.759098" lon="6.614306">
        <ele>1162.633653</ele>
        <time>2026-08-02T11:31:16.427Z</time>
      </trkpt>
      <trkpt lat="45.758874" lon="6.614044">
        <ele>1161.976209</ele>
        <time>2026-08-02T11:31:20.664Z</time>
      </trkpt>
      <trkpt lat="45.757985" lon="6.613405">
        <ele>1159.714689</ele>
        <time>2026-08-02T11:31:35.855Z</time>
      </trkpt>
      <trkpt lat="45.757886" lon="6.613309">
        <ele>1159.442884</ele>
        <time>2026-08-02T11:31:38.080Z</time>
      </trkpt>
      <trkpt lat="45.757698" lon="6.612855">
        <ele>1158.504085</ele>
        <time>2026-08-02T11:31:46.085Z</time>
      </trkpt>
      <trkpt lat="45.757638" lon="6.612494">
        <ele>1157.801214</ele>
        <time>2026-08-02T11:31:51.125Z</time>
      </trkpt>
      <trkpt lat="45.757555" lon="6.612266">
        <ele>1157.314132</ele>
        <time>2026-08-02T11:31:54.330Z</time>
      </trkpt>
      <trkpt lat="45.757244" lon="6.611667">
        <ele>1155.899950</ele>
        <time>2026-08-02T11:32:02.345Z</time>
      </trkpt>
      <trkpt lat="45.757154" lon="6.611443">
        <ele>1155.410367</ele>
        <time>2026-08-02T11:32:04.855Z</time>
      </trkpt>
      <trkpt lat="45.757156" lon="6.611311">
        <ele>1155.160297</ele>
        <time>2026-08-02T11:32:06.090Z</time>
      </trkpt>
      <trkpt lat="45.757248" lon="6.610858">
        <ele>1154.266692</ele>
        <time>2026-08-02T11:32:10.411Z</time>
      </trkpt>
      <trkpt lat="45.757235" lon="6.610712">
        <ele>1153.949875</ele>
        <time>2026-08-02T11:32:11.756Z</time>
      </trkpt>
      <trkpt lat="45.757132" lon="6.610354">
        <ele>1153.107765</ele>
        <time>2026-08-02T11:32:15.345Z</time>
      </trkpt>
      <trkpt lat="45.757121" lon="6.609971">
        <ele>1152.274178</ele>
        <time>2026-08-02T11:32:18.916Z</time>
      </trkpt>
      <trkpt lat="45.757069" lon="6.609376">
        <ele>1150.970163</ele>
        <time>2026-08-02T11:32:24.710Z</time>
      </trkpt>
      <trkpt lat="45.756884" lon="6.608936">
        <ele>1149.853012</ele>
        <time>2026-08-02T11:32:30.294Z</time>
      </trkpt>
      <trkpt lat="45.756563" lon="6.608532">
        <ele>1148.597868</ele>
        <time>2026-08-02T11:32:38.312Z</time>
      </trkpt>
      <trkpt lat="45.755953" lon="6.608028">
        <ele>1147.833858</ele>
        <time>2026-08-02T11:32:57.919Z</time>
      </trkpt>
      <trkpt lat="45.755445" lon="6.606762">
        <ele>1146.728182</ele>
        <time>2026-08-02T11:33:14.184Z</time>
      </trkpt>
      <trkpt lat="45.755068" lon="6.605499">
        <ele>1141.865485</ele>
        <time>2026-08-02T11:33:27.192Z</time>
      </trkpt>
      <trkpt lat="45.755127" lon="6.605162">
        <ele>1140.595686</ele>
        <time>2026-08-02T11:33:30.455Z</time>
      </trkpt>
      <trkpt lat="45.755128" lon="6.604919">
        <ele>1139.707590</ele>
        <time>2026-08-02T11:33:32.697Z</time>
      </trkpt>
      <trkpt lat="45.755078" lon="6.604674">
        <ele>1138.774684</ele>
        <time>2026-08-02T11:33:35.023Z</time>
      </trkpt>
      <trkpt lat="45.754920" lon="6.604204">
        <ele>1136.615324</ele>
        <time>2026-08-02T11:33:39.736Z</time>
      </trkpt>
      <trkpt lat="45.754773" lon="6.603742">
        <ele>1133.580602</ele>
        <time>2026-08-02T11:33:44.228Z</time>
      </trkpt>
      <trkpt lat="45.754670" lon="6.603363">
        <ele>1131.149723</ele>
        <time>2026-08-02T11:33:47.750Z</time>
      </trkpt>
      <trkpt lat="45.754394" lon="6.602793">
        <ele>1127.003103</ele>
        <time>2026-08-02T11:33:53.675Z</time>
      </trkpt>
      <trkpt lat="45.753966" lon="6.601607">
        <ele>1119.183567</ele>
        <time>2026-08-02T11:34:05.156Z</time>
      </trkpt>
      <trkpt lat="45.753606" lon="6.600760">
        <ele>1113.591929</ele>
        <time>2026-08-02T11:34:13.901Z</time>
      </trkpt>
      <trkpt lat="45.753476" lon="6.600434">
        <ele>1111.474926</ele>
        <time>2026-08-02T11:34:17.251Z</time>
      </trkpt>
      <trkpt lat="45.753247" lon="6.599967">
        <ele>1108.256763</ele>
        <time>2026-08-02T11:34:22.355Z</time>
      </trkpt>
      <trkpt lat="45.752752" lon="6.599167">
        <ele>1102.145312</ele>
        <time>2026-08-02T11:34:31.595Z</time>
      </trkpt>
      <trkpt lat="45.752573" lon="6.598454">
        <ele>1097.803499</ele>
        <time>2026-08-02T11:34:38.054Z</time>
      </trkpt>
      <trkpt lat="45.752189" lon="6.597728">
        <ele>1092.583469</ele>
        <time>2026-08-02T11:34:46.100Z</time>
      </trkpt>
      <trkpt lat="45.752034" lon="6.597552">
        <ele>1091.586356</ele>
        <time>2026-08-02T11:34:48.733Z</time>
      </trkpt>
      <trkpt lat="45.751776" lon="6.597386">
        <ele>1090.176302</ele>
        <time>2026-08-02T11:34:52.521Z</time>
      </trkpt>
      <trkpt lat="45.751254" lon="6.596683">
        <ele>1086.604823</ele>
        <time>2026-08-02T11:35:02.409Z</time>
      </trkpt>
      <trkpt lat="45.750683" lon="6.595842">
        <ele>1081.859846</ele>
        <time>2026-08-02T11:35:14.169Z</time>
      </trkpt>
      <trkpt lat="45.750167" lon="6.595226">
        <ele>1076.427922</ele>
        <time>2026-08-02T11:35:22.610Z</time>
      </trkpt>
      <trkpt lat="45.750160" lon="6.595121">
        <ele>1075.832610</ele>
        <time>2026-08-02T11:35:23.549Z</time>
      </trkpt>
      <trkpt lat="45.750186" lon="6.595009">
        <ele>1075.166426</ele>
        <time>2026-08-02T11:35:24.598Z</time>
      </trkpt>
      <trkpt lat="45.750224" lon="6.594932">
        <ele>1074.634138</ele>
        <time>2026-08-02T11:35:25.434Z</time>
      </trkpt>
      <trkpt lat="45.750312" lon="6.594845">
        <ele>1073.769429</ele>
        <time>2026-08-02T11:35:26.768Z</time>
      </trkpt>
      <trkpt lat="45.750388" lon="6.594617">
        <ele>1072.343330</ele>
        <time>2026-08-02T11:35:28.942Z</time>
      </trkpt>
      <trkpt lat="45.750390" lon="6.594465">
        <ele>1071.485302</ele>
        <time>2026-08-02T11:35:30.230Z</time>
      </trkpt>
      <trkpt lat="45.750361" lon="6.594342">
        <ele>1070.752544</ele>
        <time>2026-08-02T11:35:31.317Z</time>
      </trkpt>
      <trkpt lat="45.750014" lon="6.593930">
        <ele>1066.660022</ele>
        <time>2026-08-02T11:35:36.703Z</time>
      </trkpt>
      <trkpt lat="45.749955" lon="6.593822">
        <ele>1065.706432</ele>
        <time>2026-08-02T11:35:37.842Z</time>
      </trkpt>
      <trkpt lat="45.749931" lon="6.593694">
        <ele>1064.784964</ele>
        <time>2026-08-02T11:35:38.944Z</time>
      </trkpt>
      <trkpt lat="45.749942" lon="6.593315">
        <ele>1062.147744</ele>
        <time>2026-08-02T11:35:42.154Z</time>
      </trkpt>
      <trkpt lat="45.749920" lon="6.593059">
        <ele>1060.354495</ele>
        <time>2026-08-02T11:35:44.370Z</time>
      </trkpt>
      <trkpt lat="45.749674" lon="6.592618">
        <ele>1056.429234</ele>
        <time>2026-08-02T11:35:49.157Z</time>
      </trkpt>
      <trkpt lat="45.749535" lon="6.592294">
        <ele>1053.784982</ele>
        <time>2026-08-02T11:35:52.333Z</time>
      </trkpt>
      <trkpt lat="45.749327" lon="6.591613">
        <ele>1050.219365</ele>
        <time>2026-08-02T11:35:58.851Z</time>
      </trkpt>
      <trkpt lat="45.749249" lon="6.591506">
        <ele>1049.832667</ele>
        <time>2026-08-02T11:36:00.314Z</time>
      </trkpt>
      <trkpt lat="45.749063" lon="6.591391">
        <ele>1049.107188</ele>
        <time>2026-08-02T11:36:03.175Z</time>
      </trkpt>
      <trkpt lat="45.749027" lon="6.591328">
        <ele>1048.903694</ele>
        <time>2026-08-02T11:36:03.980Z</time>
      </trkpt>
      <trkpt lat="45.749020" lon="6.591258">
        <ele>1048.726972</ele>
        <time>2026-08-02T11:36:04.657Z</time>
      </trkpt>
      <trkpt lat="45.748735" lon="6.591307">
        <ele>1047.698973</ele>
        <time>2026-08-02T11:36:07.588Z</time>
      </trkpt>
      <trkpt lat="45.748586" lon="6.591372">
        <ele>1047.141178</ele>
        <time>2026-08-02T11:36:09.248Z</time>
      </trkpt>
      <trkpt lat="45.748495" lon="6.591474">
        <ele>1046.727428</ele>
        <time>2026-08-02T11:36:10.547Z</time>
      </trkpt>
      <trkpt lat="45.748384" lon="6.591764">
        <ele>1045.900826</ele>
        <time>2026-08-02T11:36:13.139Z</time>
      </trkpt>
      <trkpt lat="45.748275" lon="6.591972">
        <ele>1045.250758</ele>
        <time>2026-08-02T11:36:15.363Z</time>
      </trkpt>
      <trkpt lat="45.748221" lon="6.592037">
        <ele>1044.998196</ele>
        <time>2026-08-02T11:36:16.215Z</time>
      </trkpt>
      <trkpt lat="45.748117" lon="6.592096">
        <ele>1044.628685</ele>
        <time>2026-08-02T11:36:17.842Z</time>
      </trkpt>
      <trkpt lat="45.748013" lon="6.592068">
        <ele>1044.397712</ele>
        <time>2026-08-02T11:36:19.498Z</time>
      </trkpt>
      <trkpt lat="45.747947" lon="6.591930">
        <ele>1044.142891</ele>
        <time>2026-08-02T11:36:21.325Z</time>
      </trkpt>
      <trkpt lat="45.747900" lon="6.591480">
        <ele>1043.449847</ele>
        <time>2026-08-02T11:36:26.245Z</time>
      </trkpt>
      <trkpt lat="45.747829" lon="6.591234">
        <ele>1043.044372</ele>
        <time>2026-08-02T11:36:28.467Z</time>
      </trkpt>
      <trkpt lat="45.747514" lon="6.590854">
        <ele>1042.145633</ele>
        <time>2026-08-02T11:36:32.782Z</time>
      </trkpt>
      <trkpt lat="45.747194" lon="6.590159">
        <ele>1040.877381</ele>
        <time>2026-08-02T11:36:38.546Z</time>
      </trkpt>
      <trkpt lat="45.747147" lon="6.590105">
        <ele>1040.743947</ele>
        <time>2026-08-02T11:36:39.139Z</time>
      </trkpt>
      <trkpt lat="45.746938" lon="6.590026">
        <ele>1040.101062</ele>
        <time>2026-08-02T11:36:41.253Z</time>
      </trkpt>
      <trkpt lat="45.746866" lon="6.589938">
        <ele>1039.819603</ele>
        <time>2026-08-02T11:36:42.172Z</time>
      </trkpt>
      <trkpt lat="45.746832" lon="6.589705">
        <ele>1039.325542</ele>
        <time>2026-08-02T11:36:43.797Z</time>
      </trkpt>
      <trkpt lat="45.746876" lon="6.589113">
        <ele>1038.089874</ele>
        <time>2026-08-02T11:36:47.746Z</time>
      </trkpt>
      <trkpt lat="45.746808" lon="6.588885">
        <ele>1037.575243</ele>
        <time>2026-08-02T11:36:49.350Z</time>
      </trkpt>
      <trkpt lat="45.746728" lon="6.588783">
        <ele>1037.256754</ele>
        <time>2026-08-02T11:36:50.350Z</time>
      </trkpt>
      <trkpt lat="45.745888" lon="6.588183">
        <ele>1035.992058</ele>
        <time>2026-08-02T11:37:01.582Z</time>
      </trkpt>
      <trkpt lat="45.745604" lon="6.587934">
        <ele>1036.616478</ele>
        <time>2026-08-02T11:37:12.574Z</time>
      </trkpt>
      <trkpt lat="45.745537" lon="6.587910">
        <ele>1036.746001</ele>
        <time>2026-08-02T11:37:15.113Z</time>
      </trkpt>
      <trkpt lat="45.745426" lon="6.587934">
        <ele>1036.956534</ele>
        <time>2026-08-02T11:37:19.110Z</time>
      </trkpt>
      <trkpt lat="45.745251" lon="6.588136">
        <ele>1037.377977</ele>
        <time>2026-08-02T11:37:26.804Z</time>
      </trkpt>
      <trkpt lat="45.744979" lon="6.588379">
        <ele>1037.979124</ele>
        <time>2026-08-02T11:37:36.235Z</time>
      </trkpt>
      <trkpt lat="45.744902" lon="6.588398">
        <ele>1038.125661</ele>
        <time>2026-08-02T11:37:38.248Z</time>
      </trkpt>
      <trkpt lat="45.744773" lon="6.588331">
        <ele>1038.382998</ele>
        <time>2026-08-02T11:37:41.386Z</time>
      </trkpt>
      <trkpt lat="45.744730" lon="6.588260">
        <ele>1038.506037</ele>
        <time>2026-08-02T11:37:42.674Z</time>
      </trkpt>
      <trkpt lat="45.744717" lon="6.588098">
        <ele>1038.719461</ele>
        <time>2026-08-02T11:37:44.621Z</time>
      </trkpt>
      <trkpt lat="45.744792" lon="6.587790">
        <ele>1037.844429</ele>
        <time>2026-08-02T11:37:47.840Z</time>
      </trkpt>
      <trkpt lat="45.744900" lon="6.586935">
        <ele>1034.996278</ele>
        <time>2026-08-02T11:37:53.893Z</time>
      </trkpt>
      <trkpt lat="45.744902" lon="6.586658">
        <ele>1034.088251</ele>
        <time>2026-08-02T11:37:55.643Z</time>
      </trkpt>
      <trkpt lat="45.744839" lon="6.586074">
        <ele>1032.151217</ele>
        <time>2026-08-02T11:37:59.305Z</time>
      </trkpt>
      <trkpt lat="45.744731" lon="6.585926">
        <ele>1031.449296</ele>
        <time>2026-08-02T11:38:00.603Z</time>
      </trkpt>
      <trkpt lat="45.744658" lon="6.585904">
        <ele>1031.098905</ele>
        <time>2026-08-02T11:38:01.248Z</time>
      </trkpt>
      <trkpt lat="45.744469" lon="6.585926">
        <ele>1030.303129</ele>
        <time>2026-08-02T11:38:02.919Z</time>
      </trkpt>
      <trkpt lat="45.744311" lon="6.585873">
        <ele>1030.152743</ele>
        <time>2026-08-02T11:38:04.373Z</time>
      </trkpt>
      <trkpt lat="45.744253" lon="6.585800">
        <ele>1030.081201</ele>
        <time>2026-08-02T11:38:05.067Z</time>
      </trkpt>
      <trkpt lat="45.744212" lon="6.585659">
        <ele>1029.982410</ele>
        <time>2026-08-02T11:38:06.088Z</time>
      </trkpt>
      <trkpt lat="45.744168" lon="6.585236">
        <ele>1029.705814</ele>
        <time>2026-08-02T11:38:09.034Z</time>
      </trkpt>
      <trkpt lat="45.744134" lon="6.585121">
        <ele>1029.625039</ele>
        <time>2026-08-02T11:38:09.919Z</time>
      </trkpt>
      <trkpt lat="45.744039" lon="6.584997">
        <ele>1029.505947</ele>
        <time>2026-08-02T11:38:11.391Z</time>
      </trkpt>
      <trkpt lat="45.743915" lon="6.584960">
        <ele>1029.388564</ele>
        <time>2026-08-02T11:38:13.340Z</time>
      </trkpt>
      <trkpt lat="45.743397" lon="6.584857">
        <ele>1028.903906</ele>
        <time>2026-08-02T11:38:29.996Z</time>
      </trkpt>
      <trkpt lat="45.743210" lon="6.584885">
        <ele>1028.729659</ele>
        <time>2026-08-02T11:38:35.858Z</time>
      </trkpt>
      <trkpt lat="45.743049" lon="6.585005">
        <ele>1028.386107</ele>
        <time>2026-08-02T11:38:40.842Z</time>
      </trkpt>
      <trkpt lat="45.742788" lon="6.585399">
        <ele>1027.406576</ele>
        <time>2026-08-02T11:38:51.230Z</time>
      </trkpt>
      <trkpt lat="45.742685" lon="6.585451">
        <ele>1027.124415</ele>
        <time>2026-08-02T11:38:53.717Z</time>
      </trkpt>
      <trkpt lat="45.742634" lon="6.585439">
        <ele>1026.990880</ele>
        <time>2026-08-02T11:38:54.524Z</time>
      </trkpt>
      <trkpt lat="45.742562" lon="6.585366">
        <ele>1026.762990</ele>
        <time>2026-08-02T11:38:56.156Z</time>
      </trkpt>
      <trkpt lat="45.742538" lon="6.585301">
        <ele>1026.630392</ele>
        <time>2026-08-02T11:38:56.796Z</time>
      </trkpt>
      <trkpt lat="45.742538" lon="6.585130">
        <ele>1026.322053</ele>
        <time>2026-08-02T11:38:58.473Z</time>
      </trkpt>
      <trkpt lat="45.742716" lon="6.584238">
        <ele>1024.649180</ele>
        <time>2026-08-02T11:39:04.842Z</time>
      </trkpt>
      <trkpt lat="45.742702" lon="6.583810">
        <ele>1023.726531</ele>
        <time>2026-08-02T11:39:07.348Z</time>
      </trkpt>
      <trkpt lat="45.742674" lon="6.583675">
        <ele>1023.191841</ele>
        <time>2026-08-02T11:39:08.159Z</time>
      </trkpt>
      <trkpt lat="45.742591" lon="6.583533">
        <ele>1022.488621</ele>
        <time>2026-08-02T11:39:09.236Z</time>
      </trkpt>
      <trkpt lat="45.742511" lon="6.583481">
        <ele>1022.010728</ele>
        <time>2026-08-02T11:39:09.978Z</time>
      </trkpt>
      <trkpt lat="45.742123" lon="6.583329">
        <ele>1019.822503</ele>
        <time>2026-08-02T11:39:13.450Z</time>
      </trkpt>
      <trkpt lat="45.741867" lon="6.583096">
        <ele>1018.172639</ele>
        <time>2026-08-02T11:39:16.332Z</time>
      </trkpt>
      <trkpt lat="45.741768" lon="6.583037">
        <ele>1017.589344</ele>
        <time>2026-08-02T11:39:17.455Z</time>
      </trkpt>
      <trkpt lat="45.741383" lon="6.583074">
        <ele>1015.490198</ele>
        <time>2026-08-02T11:39:22.243Z</time>
      </trkpt>
      <trkpt lat="45.740865" lon="6.582887">
        <ele>1013.914439</ele>
        <time>2026-08-02T11:39:30.794Z</time>
      </trkpt>
      <trkpt lat="45.740758" lon="6.582865">
        <ele>1013.802410</ele>
        <time>2026-08-02T11:39:33.447Z</time>
      </trkpt>
      <trkpt lat="45.740511" lon="6.582885">
        <ele>1013.546014</ele>
        <time>2026-08-02T11:39:38.756Z</time>
      </trkpt>
      <trkpt lat="45.740392" lon="6.582803">
        <ele>1013.409163</ele>
        <time>2026-08-02T11:39:40.868Z</time>
      </trkpt>
      <trkpt lat="45.740240" lon="6.582580">
        <ele>1013.183702</ele>
        <time>2026-08-02T11:39:43.626Z</time>
      </trkpt>
      <trkpt lat="45.740052" lon="6.582199">
        <ele>1012.846200</ele>
        <time>2026-08-02T11:39:47.090Z</time>
      </trkpt>
      <trkpt lat="45.739820" lon="6.581855">
        <ele>1012.500190</ele>
        <time>2026-08-02T11:39:50.455Z</time>
      </trkpt>
      <trkpt lat="45.739806" lon="6.581791">
        <ele>1012.451677</ele>
        <time>2026-08-02T11:39:50.947Z</time>
      </trkpt>
      <trkpt lat="45.739821" lon="6.581358">
        <ele>1011.259605</ele>
        <time>2026-08-02T11:39:54.491Z</time>
      </trkpt>
      <trkpt lat="45.739785" lon="6.581027">
        <ele>1010.072596</ele>
        <time>2026-08-02T11:39:56.975Z</time>
      </trkpt>
      <trkpt lat="45.739750" lon="6.580903">
        <ele>1009.598647</ele>
        <time>2026-08-02T11:39:57.876Z</time>
      </trkpt>
      <trkpt lat="45.739620" lon="6.580724">
        <ele>1008.683272</ele>
        <time>2026-08-02T11:39:59.529Z</time>
      </trkpt>
      <trkpt lat="45.739259" lon="6.580535">
        <ele>1006.731938</ele>
        <time>2026-08-02T11:40:03.087Z</time>
      </trkpt>
      <trkpt lat="45.739109" lon="6.580413">
        <ele>1005.856240</ele>
        <time>2026-08-02T11:40:04.722Z</time>
      </trkpt>
      <trkpt lat="45.738989" lon="6.580157">
        <ele>1004.763521</ele>
        <time>2026-08-02T11:40:06.733Z</time>
      </trkpt>
      <trkpt lat="45.738947" lon="6.579674">
        <ele>1002.859114</ele>
        <time>2026-08-02T11:40:09.856Z</time>
      </trkpt>
      <trkpt lat="45.738773" lon="6.579209">
        <ele>999.247011</ele>
        <time>2026-08-02T11:40:13.090Z</time>
      </trkpt>
      <trkpt lat="45.738699" lon="6.579077">
        <ele>998.087901</ele>
        <time>2026-08-02T11:40:14.088Z</time>
      </trkpt>
      <trkpt lat="45.738434" lon="6.578813">
        <ele>994.921903</ele>
        <time>2026-08-02T11:40:16.792Z</time>
      </trkpt>
      <trkpt lat="45.738230" lon="6.578461">
        <ele>991.789562</ele>
        <time>2026-08-02T11:40:19.491Z</time>
      </trkpt>
      <trkpt lat="45.737775" lon="6.577922">
        <ele>985.998500</ele>
        <time>2026-08-02T11:40:24.585Z</time>
      </trkpt>
      <trkpt lat="45.737253" lon="6.577523">
        <ele>983.081827</ele>
        <time>2026-08-02T11:40:29.819Z</time>
      </trkpt>
      <trkpt lat="45.737039" lon="6.577422">
        <ele>982.054643</ele>
        <time>2026-08-02T11:40:31.919Z</time>
      </trkpt>
      <trkpt lat="45.736688" lon="6.577311">
        <ele>980.415935</ele>
        <time>2026-08-02T11:40:35.427Z</time>
      </trkpt>
      <trkpt lat="45.736408" lon="6.577198">
        <ele>979.089755</ele>
        <time>2026-08-02T11:40:38.669Z</time>
      </trkpt>
      <trkpt lat="45.736047" lon="6.577138">
        <ele>977.432936</ele>
        <time>2026-08-02T11:40:43.179Z</time>
      </trkpt>
      <trkpt lat="45.735760" lon="6.576995">
        <ele>976.408351</ele>
        <time>2026-08-02T11:40:47.572Z</time>
      </trkpt>
      <trkpt lat="45.735578" lon="6.576800">
        <ele>975.650961</ele>
        <time>2026-08-02T11:40:50.991Z</time>
      </trkpt>
      <trkpt lat="45.734982" lon="6.576043">
        <ele>972.996547</ele>
        <time>2026-08-02T11:40:58.985Z</time>
      </trkpt>
      <trkpt lat="45.734887" lon="6.575908">
        <ele>972.550621</ele>
        <time>2026-08-02T11:41:00.236Z</time>
      </trkpt>
      <trkpt lat="45.734552" lon="6.575278">
        <ele>969.722553</ele>
        <time>2026-08-02T11:41:05.358Z</time>
      </trkpt>
      <trkpt lat="45.734269" lon="6.574923">
        <ele>966.667638</ele>
        <time>2026-08-02T11:41:08.679Z</time>
      </trkpt>
      <trkpt lat="45.733959" lon="6.574588">
        <ele>963.514041</ele>
        <time>2026-08-02T11:41:12.065Z</time>
      </trkpt>
      <trkpt lat="45.733307" lon="6.573605">
        <ele>955.888054</ele>
        <time>2026-08-02T11:41:20.351Z</time>
      </trkpt>
      <trkpt lat="45.733003" lon="6.573352">
        <ele>953.214776</ele>
        <time>2026-08-02T11:41:23.345Z</time>
      </trkpt>
      <trkpt lat="45.732491" lon="6.573049">
        <ele>949.002542</ele>
        <time>2026-08-02T11:41:28.103Z</time>
      </trkpt>
      <trkpt lat="45.731982" lon="6.572976">
        <ele>945.112849</ele>
        <time>2026-08-02T11:41:32.682Z</time>
      </trkpt>
      <trkpt lat="45.731530" lon="6.573033">
        <ele>943.152752</ele>
        <time>2026-08-02T11:41:37.169Z</time>
      </trkpt>
      <trkpt lat="45.730601" lon="6.573376">
        <ele>943.368743</ele>
        <time>2026-08-02T11:41:56.690Z</time>
      </trkpt>
      <trkpt lat="45.730446" lon="6.573466">
        <ele>943.406397</ele>
        <time>2026-08-02T11:42:00.901Z</time>
      </trkpt>
      <trkpt lat="45.730289" lon="6.573573">
        <ele>943.445540</ele>
        <time>2026-08-02T11:42:05.476Z</time>
      </trkpt>
      <trkpt lat="45.729612" lon="6.573855">
        <ele>941.925840</ele>
        <time>2026-08-02T11:42:19.254Z</time>
      </trkpt>
      <trkpt lat="45.729416" lon="6.573881">
        <ele>941.138370</ele>
        <time>2026-08-02T11:42:21.483Z</time>
      </trkpt>
      <trkpt lat="45.729238" lon="6.573850">
        <ele>940.421021</ele>
        <time>2026-08-02T11:42:23.305Z</time>
      </trkpt>
      <trkpt lat="45.728966" lon="6.573737">
        <ele>939.288026</ele>
        <time>2026-08-02T11:42:25.942Z</time>
      </trkpt>
      <trkpt lat="45.728447" lon="6.573627">
        <ele>937.189117</ele>
        <time>2026-08-02T11:42:30.654Z</time>
      </trkpt>
      <trkpt lat="45.728282" lon="6.573675">
        <ele>936.515546</ele>
        <time>2026-08-02T11:42:32.144Z</time>
      </trkpt>
      <trkpt lat="45.727983" lon="6.573866">
        <ele>935.099890</ele>
        <time>2026-08-02T11:42:34.991Z</time>
      </trkpt>
      <trkpt lat="45.727864" lon="6.573903">
        <ele>934.566381</ele>
        <time>2026-08-02T11:42:36.052Z</time>
      </trkpt>
      <trkpt lat="45.727092" lon="6.573833">
        <ele>931.177281</ele>
        <time>2026-08-02T11:42:43.085Z</time>
      </trkpt>
      <trkpt lat="45.726965" lon="6.573855">
        <ele>930.616807</ele>
        <time>2026-08-02T11:42:44.432Z</time>
      </trkpt>
      <trkpt lat="45.726215" lon="6.574202">
        <ele>928.635053</ele>
        <time>2026-08-02T11:42:58.072Z</time>
      </trkpt>
      <trkpt lat="45.726148" lon="6.574331">
        <ele>928.710703</ele>
        <time>2026-08-02T11:43:01.047Z</time>
      </trkpt>
      <trkpt lat="45.726093" lon="6.574815">
        <ele>928.941424</ele>
        <time>2026-08-02T11:43:11.751Z</time>
      </trkpt>
      <trkpt lat="45.726075" lon="6.575052">
        <ele>929.053591</ele>
        <time>2026-08-02T11:43:16.580Z</time>
      </trkpt>
      <trkpt lat="45.726145" lon="6.575438">
        <ele>929.241233</ele>
        <time>2026-08-02T11:43:22.904Z</time>
      </trkpt>
      <trkpt lat="45.726188" lon="6.575897">
        <ele>929.459129</ele>
        <time>2026-08-02T11:43:27.809Z</time>
      </trkpt>
      <trkpt lat="45.726214" lon="6.576374">
        <ele>929.457936</ele>
        <time>2026-08-02T11:43:31.358Z</time>
      </trkpt>
      <trkpt lat="45.726074" lon="6.577038">
        <ele>927.552443</ele>
        <time>2026-08-02T11:43:36.052Z</time>
      </trkpt>
      <trkpt lat="45.725948" lon="6.577600">
        <ele>925.930871</ele>
        <time>2026-08-02T11:43:40.110Z</time>
      </trkpt>
      <trkpt lat="45.725774" lon="6.578239">
        <ele>924.046614</ele>
        <time>2026-08-02T11:43:44.631Z</time>
      </trkpt>
      <trkpt lat="45.725805" lon="6.578849">
        <ele>922.145622</ele>
        <time>2026-08-02T11:43:48.865Z</time>
      </trkpt>
      <trkpt lat="45.725768" lon="6.578993">
        <ele>921.273686</ele>
        <time>2026-08-02T11:43:49.901Z</time>
      </trkpt>
      <trkpt lat="45.725547" lon="6.579216">
        <ele>919.073257</ele>
        <time>2026-08-02T11:43:52.437Z</time>
      </trkpt>
      <trkpt lat="45.725110" lon="6.579451">
        <ele>915.273711</ele>
        <time>2026-08-02T11:43:56.646Z</time>
      </trkpt>
      <trkpt lat="45.724985" lon="6.579471">
        <ele>914.249893</ele>
        <time>2026-08-02T11:43:57.751Z</time>
      </trkpt>
      <trkpt lat="45.724837" lon="6.579390">
        <ele>912.960247</ele>
        <time>2026-08-02T11:43:59.108Z</time>
      </trkpt>
      <trkpt lat="45.724783" lon="6.579310">
        <ele>912.327892</ele>
        <time>2026-08-02T11:43:59.766Z</time>
      </trkpt>
      <trkpt lat="45.724727" lon="6.579155">
        <ele>911.336135</ele>
        <time>2026-08-02T11:44:00.802Z</time>
      </trkpt>
      <trkpt lat="45.724632" lon="6.578907">
        <ele>909.728645</ele>
        <time>2026-08-02T11:44:02.495Z</time>
      </trkpt>
      <trkpt lat="45.724577" lon="6.578838">
        <ele>909.133522</ele>
        <time>2026-08-02T11:44:03.113Z</time>
      </trkpt>
      <trkpt lat="45.724518" lon="6.578786">
        <ele>908.569641</ele>
        <time>2026-08-02T11:44:03.710Z</time>
      </trkpt>
      <trkpt lat="45.724113" lon="6.578594">
        <ele>903.955916</ele>
        <time>2026-08-02T11:44:07.328Z</time>
      </trkpt>
      <trkpt lat="45.723960" lon="6.578540">
        <ele>902.156959</ele>
        <time>2026-08-02T11:44:08.661Z</time>
      </trkpt>
      <trkpt lat="45.723867" lon="6.578552">
        <ele>901.090930</ele>
        <time>2026-08-02T11:44:09.444Z</time>
      </trkpt>
      <trkpt lat="45.723624" lon="6.578717">
        <ele>898.020824</ele>
        <time>2026-08-02T11:44:11.722Z</time>
      </trkpt>
      <trkpt lat="45.723227" lon="6.578829">
        <ele>893.401424</ele>
        <time>2026-08-02T11:44:15.146Z</time>
      </trkpt>
      <trkpt lat="45.722785" lon="6.579020">
        <ele>888.130728</ele>
        <time>2026-08-02T11:44:19.093Z</time>
      </trkpt>
      <trkpt lat="45.722331" lon="6.579062">
        <ele>883.525718</ele>
        <time>2026-08-02T11:44:22.972Z</time>
      </trkpt>
      <trkpt lat="45.721947" lon="6.579285">
        <ele>879.419605</ele>
        <time>2026-08-02T11:44:26.501Z</time>
      </trkpt>
      <trkpt lat="45.721616" lon="6.579506">
        <ele>875.800704</ele>
        <time>2026-08-02T11:44:29.631Z</time>
      </trkpt>
      <trkpt lat="45.721438" lon="6.579833">
        <ele>872.932032</ele>
        <time>2026-08-02T11:44:32.151Z</time>
      </trkpt>
      <trkpt lat="45.721342" lon="6.579929">
        <ele>871.771812</ele>
        <time>2026-08-02T11:44:33.179Z</time>
      </trkpt>
      <trkpt lat="45.720923" lon="6.579874">
        <ele>867.936100</ele>
        <time>2026-08-02T11:44:36.906Z</time>
      </trkpt>
      <trkpt lat="45.720443" lon="6.579978">
        <ele>863.939660</ele>
        <time>2026-08-02T11:44:41.197Z</time>
      </trkpt>
      <trkpt lat="45.720265" lon="6.580105">
        <ele>862.302582</ele>
        <time>2026-08-02T11:44:42.947Z</time>
      </trkpt>
      <trkpt lat="45.720186" lon="6.580181">
        <ele>861.519157</ele>
        <time>2026-08-02T11:44:43.784Z</time>
      </trkpt>
      <trkpt lat="45.719982" lon="6.580245">
        <ele>859.799963</ele>
        <time>2026-08-02T11:44:45.610Z</time>
      </trkpt>
      <trkpt lat="45.718631" lon="6.580064">
        <ele>848.611037</ele>
        <time>2026-08-02T11:44:57.549Z</time>
      </trkpt>
      <trkpt lat="45.718031" lon="6.580163">
        <ele>843.623954</ele>
        <time>2026-08-02T11:45:02.917Z</time>
      </trkpt>
      <trkpt lat="45.717799" lon="6.580227">
        <ele>841.673076</ele>
        <time>2026-08-02T11:45:05.016Z</time>
      </trkpt>
      <trkpt lat="45.717685" lon="6.580205">
        <ele>840.723250</ele>
        <time>2026-08-02T11:45:06.024Z</time>
      </trkpt>
      <trkpt lat="45.717588" lon="6.580129">
        <ele>839.769787</ele>
        <time>2026-08-02T11:45:06.993Z</time>
      </trkpt>
      <trkpt lat="45.717472" lon="6.579913">
        <ele>837.595075</ele>
        <time>2026-08-02T11:45:08.644Z</time>
      </trkpt>
      <trkpt lat="45.717049" lon="6.579085">
        <ele>829.407288</ele>
        <time>2026-08-02T11:45:14.740Z</time>
      </trkpt>
      <trkpt lat="45.716652" lon="6.578622">
        <ele>823.555453</ele>
        <time>2026-08-02T11:45:19.032Z</time>
      </trkpt>
      <trkpt lat="45.716505" lon="6.578492">
        <ele>821.580740</ele>
        <time>2026-08-02T11:45:20.485Z</time>
      </trkpt>
      <trkpt lat="45.716444" lon="6.578473">
        <ele>820.867208</ele>
        <time>2026-08-02T11:45:21.014Z</time>
      </trkpt>
      <trkpt lat="45.716327" lon="6.578543">
        <ele>819.417898</ele>
        <time>2026-08-02T11:45:22.077Z</time>
      </trkpt>
      <trkpt lat="45.716088" lon="6.578909">
        <ele>815.981303</ele>
        <time>2026-08-02T11:45:25.032Z</time>
      </trkpt>
      <trkpt lat="45.715977" lon="6.579014">
        <ele>814.678051</ele>
        <time>2026-08-02T11:45:26.159Z</time>
      </trkpt>
      <trkpt lat="45.715660" lon="6.579168">
        <ele>811.398596</ele>
        <time>2026-08-02T11:45:28.993Z</time>
      </trkpt>
      <trkpt lat="45.715497" lon="6.579151">
        <ele>809.797452</ele>
        <time>2026-08-02T11:45:30.402Z</time>
      </trkpt>
      <trkpt lat="45.715242" lon="6.579031">
        <ele>807.167808</ele>
        <time>2026-08-02T11:45:32.753Z</time>
      </trkpt>
      <trkpt lat="45.714988" lon="6.578963">
        <ele>804.636261</ele>
        <time>2026-08-02T11:45:35.042Z</time>
      </trkpt>
      <trkpt lat="45.714914" lon="6.578894">
        <ele>803.771172</ele>
        <time>2026-08-02T11:45:35.828Z</time>
      </trkpt>
      <trkpt lat="45.714896" lon="6.578835">
        <ele>803.330734</ele>
        <time>2026-08-02T11:45:36.228Z</time>
      </trkpt>
      <trkpt lat="45.714920" lon="6.578714">
        <ele>802.470276</ele>
        <time>2026-08-02T11:45:37.014Z</time>
      </trkpt>
      <trkpt lat="45.715013" lon="6.578658">
        <ele>801.581514</ele>
        <time>2026-08-02T11:45:37.921Z</time>
      </trkpt>
      <trkpt lat="45.715483" lon="6.578617">
        <ele>798.778801</ele>
        <time>2026-08-02T11:45:42.184Z</time>
      </trkpt>
      <trkpt lat="45.715757" lon="6.578495">
        <ele>797.070906</ele>
        <time>2026-08-02T11:45:44.891Z</time>
      </trkpt>
      <trkpt lat="45.715872" lon="6.578342">
        <ele>796.136639</ele>
        <time>2026-08-02T11:45:46.475Z</time>
      </trkpt>
      <trkpt lat="45.716037" lon="6.577976">
        <ele>794.326065</ele>
        <time>2026-08-02T11:45:49.930Z</time>
      </trkpt>
      <trkpt lat="45.716286" lon="6.577743">
        <ele>792.555682</ele>
        <time>2026-08-02T11:45:52.812Z</time>
      </trkpt>
      <trkpt lat="45.716459" lon="6.577710">
        <ele>791.516861</ele>
        <time>2026-08-02T11:45:54.368Z</time>
      </trkpt>
      <trkpt lat="45.716527" lon="6.577729">
        <ele>791.104482</ele>
        <time>2026-08-02T11:45:54.975Z</time>
      </trkpt>
      <trkpt lat="45.716811" lon="6.577922">
        <ele>787.485013</ele>
        <time>2026-08-02T11:45:57.654Z</time>
      </trkpt>
      <trkpt lat="45.716874" lon="6.577943">
        <ele>786.725287</ele>
        <time>2026-08-02T11:45:58.197Z</time>
      </trkpt>
      <trkpt lat="45.716960" lon="6.577915">
        <ele>785.689427</ele>
        <time>2026-08-02T11:45:58.937Z</time>
      </trkpt>
      <trkpt lat="45.716985" lon="6.577861">
        <ele>785.158091</ele>
        <time>2026-08-02T11:45:59.317Z</time>
      </trkpt>
      <trkpt lat="45.716982" lon="6.577747">
        <ele>784.222563</ele>
        <time>2026-08-02T11:45:59.985Z</time>
      </trkpt>
      <trkpt lat="45.716827" lon="6.577579">
        <ele>781.939515</ele>
        <time>2026-08-02T11:46:01.613Z</time>
      </trkpt>
      <trkpt lat="45.716501" lon="6.577171">
        <ele>776.854682</ele>
        <time>2026-08-02T11:46:05.215Z</time>
      </trkpt>
      <trkpt lat="45.716284" lon="6.577012">
        <ele>773.991795</ele>
        <time>2026-08-02T11:46:07.243Z</time>
      </trkpt>
      <trkpt lat="45.716175" lon="6.576982">
        <ele>772.688140</ele>
        <time>2026-08-02T11:46:08.171Z</time>
      </trkpt>
      <trkpt lat="45.715727" lon="6.577039">
        <ele>769.875457</ele>
        <time>2026-08-02T11:46:11.962Z</time>
      </trkpt>
      <trkpt lat="45.715372" lon="6.577231">
        <ele>769.823875</ele>
        <time>2026-08-02T11:46:15.483Z</time>
      </trkpt>
      <trkpt lat="45.715296" lon="6.577227">
        <ele>769.813537</ele>
        <time>2026-08-02T11:46:16.297Z</time>
      </trkpt>
      <trkpt lat="45.714748" lon="6.577014">
        <ele>769.736351</ele>
        <time>2026-08-02T11:46:26.988Z</time>
      </trkpt>
      <trkpt lat="45.714642" lon="6.577000">
        <ele>769.721881</ele>
        <time>2026-08-02T11:46:30.356Z</time>
      </trkpt>
      <trkpt lat="45.714577" lon="6.577023">
        <ele>769.712780</ele>
        <time>2026-08-02T11:46:32.814Z</time>
      </trkpt>
      <trkpt lat="45.714503" lon="6.577148">
        <ele>769.697226</ele>
        <time>2026-08-02T11:46:37.067Z</time>
      </trkpt>
      <trkpt lat="45.714479" lon="6.577329">
        <ele>769.679740</ele>
        <time>2026-08-02T11:46:42.672Z</time>
      </trkpt>
      <trkpt lat="45.714368" lon="6.577793">
        <ele>772.952879</ele>
        <time>2026-08-02T11:47:02.080Z</time>
      </trkpt>
      <trkpt lat="45.714312" lon="6.577906">
        <ele>774.575204</ele>
        <time>2026-08-02T11:47:08.549Z</time>
      </trkpt>
      <trkpt lat="45.714258" lon="6.577908">
        <ele>775.480954</ele>
        <time>2026-08-02T11:47:12.449Z</time>
      </trkpt>
      <trkpt lat="45.714187" lon="6.578263">
        <ele>779.804337</ele>
        <time>2026-08-02T11:47:32.422Z</time>
      </trkpt>
      <trkpt lat="45.714064" lon="6.578542">
        <ele>783.667405</ele>
        <time>2026-08-02T11:47:52.401Z</time>
      </trkpt>
      <trkpt lat="45.713963" lon="6.578697">
        <ele>786.149575</ele>
        <time>2026-08-02T11:48:06.332Z</time>
      </trkpt>
      <trkpt lat="45.713565" lon="6.579145">
        <ele>794.637595</ele>
        <time>2026-08-02T11:48:56.789Z</time>
      </trkpt>
      <trkpt lat="45.713244" lon="6.579716">
        <ele>803.179185</ele>
        <time>2026-08-02T11:49:47.909Z</time>
      </trkpt>
      <trkpt lat="45.713216" lon="6.579909">
        <ele>805.459209</ele>
        <time>2026-08-02T11:50:01.032Z</time>
      </trkpt>
      <trkpt lat="45.713229" lon="6.580455">
        <ele>811.778229</ele>
        <time>2026-08-02T11:50:34.233Z</time>
      </trkpt>
      <trkpt lat="45.713040" lon="6.581263">
        <ele>821.634496</ele>
        <time>2026-08-02T11:51:17.967Z</time>
      </trkpt>
      <trkpt lat="45.712995" lon="6.581536">
        <ele>824.878975</ele>
        <time>2026-08-02T11:51:31.381Z</time>
      </trkpt>
      <trkpt lat="45.713025" lon="6.581802">
        <ele>827.995571</ele>
        <time>2026-08-02T11:51:44.407Z</time>
      </trkpt>
      <trkpt lat="45.713005" lon="6.582067">
        <ele>830.801478</ele>
        <time>2026-08-02T11:51:57.784Z</time>
      </trkpt>
      <trkpt lat="45.712524" lon="6.583295">
        <ele>844.007491</ele>
        <time>2026-08-02T11:53:19.802Z</time>
      </trkpt>
      <trkpt lat="45.712269" lon="6.583675">
        <ele>848.950670</ele>
        <time>2026-08-02T11:53:46.557Z</time>
      </trkpt>
      <trkpt lat="45.711970" lon="6.584232">
        <ele>853.639751</ele>
        <time>2026-08-02T11:54:12.868Z</time>
      </trkpt>
      <trkpt lat="45.711928" lon="6.584430">
        <ele>853.493123</ele>
        <time>2026-08-02T11:54:18.656Z</time>
      </trkpt>
      <trkpt lat="45.711816" lon="6.586083">
        <ele>852.316348</ele>
        <time>2026-08-02T11:54:31.256Z</time>
      </trkpt>
      <trkpt lat="45.711807" lon="6.586479">
        <ele>852.035604</ele>
        <time>2026-08-02T11:54:33.682Z</time>
      </trkpt>
      <trkpt lat="45.711736" lon="6.586783">
        <ele>851.506764</ele>
        <time>2026-08-02T11:54:35.651Z</time>
      </trkpt>
      <trkpt lat="45.711429" lon="6.587492">
        <ele>849.637928</ele>
        <time>2026-08-02T11:54:40.828Z</time>
      </trkpt>
      <trkpt lat="45.711301" lon="6.588415">
        <ele>847.529899</ele>
        <time>2026-08-02T11:54:47.149Z</time>
      </trkpt>
      <trkpt lat="45.711205" lon="6.588806">
        <ele>846.601437</ele>
        <time>2026-08-02T11:54:50.833Z</time>
      </trkpt>
      <trkpt lat="45.711075" lon="6.589317">
        <ele>848.904724</ele>
        <time>2026-08-02T11:55:03.447Z</time>
      </trkpt>
      <trkpt lat="45.711008" lon="6.589435">
        <ele>850.073799</ele>
        <time>2026-08-02T11:55:08.615Z</time>
      </trkpt>
      <trkpt lat="45.710719" lon="6.589649">
        <ele>853.655332</ele>
        <time>2026-08-02T11:55:29.860Z</time>
      </trkpt>
      <trkpt lat="45.710240" lon="6.590069">
        <ele>859.838196</ele>
        <time>2026-08-02T11:56:08.669Z</time>
      </trkpt>
      <trkpt lat="45.710032" lon="6.590193">
        <ele>862.318408</ele>
        <time>2026-08-02T11:56:25.322Z</time>
      </trkpt>
      <trkpt lat="45.709910" lon="6.590176">
        <ele>863.667768</ele>
        <time>2026-08-02T11:56:34.600Z</time>
      </trkpt>
      <trkpt lat="45.709881" lon="6.590102">
        <ele>864.320067</ele>
        <time>2026-08-02T11:56:39.478Z</time>
      </trkpt>
      <trkpt lat="45.709905" lon="6.589981">
        <ele>865.286993</ele>
        <time>2026-08-02T11:56:46.342Z</time>
      </trkpt>
      <trkpt lat="45.710147" lon="6.589804">
        <ele>866.997362</ele>
        <time>2026-08-02T11:57:07.942Z</time>
      </trkpt>
      <trkpt lat="45.710263" lon="6.589585">
        <ele>867.933751</ele>
        <time>2026-08-02T11:57:21.633Z</time>
      </trkpt>
      <trkpt lat="45.710290" lon="6.589483">
        <ele>868.305350</ele>
        <time>2026-08-02T11:57:26.213Z</time>
      </trkpt>
      <trkpt lat="45.710290" lon="6.589373">
        <ele>868.680073</ele>
        <time>2026-08-02T11:57:30.557Z</time>
      </trkpt>
      <trkpt lat="45.710237" lon="6.589304">
        <ele>869.029506</ele>
        <time>2026-08-02T11:57:34.118Z</time>
      </trkpt>
      <trkpt lat="45.710131" lon="6.589325">
        <ele>869.551549</ele>
        <time>2026-08-02T11:57:38.735Z</time>
      </trkpt>
      <trkpt lat="45.709919" lon="6.589645">
        <ele>871.054208</ele>
        <time>2026-08-02T11:57:46.659Z</time>
      </trkpt>
      <trkpt lat="45.709581" lon="6.590014">
        <ele>873.127635</ele>
        <time>2026-08-02T11:57:51.972Z</time>
      </trkpt>
      <trkpt lat="45.709034" lon="6.590876">
        <ele>875.036621</ele>
        <time>2026-08-02T11:58:00.297Z</time>
      </trkpt>
      <trkpt lat="45.708971" lon="6.590971">
        <ele>875.090739</ele>
        <time>2026-08-02T11:58:01.266Z</time>
      </trkpt>
      <trkpt lat="45.708911" lon="6.591062">
        <ele>875.142438</ele>
        <time>2026-08-02T11:58:02.161Z</time>
      </trkpt>
      <trkpt lat="45.708605" lon="6.591546">
        <ele>875.412135</ele>
        <time>2026-08-02T11:58:07.595Z</time>
      </trkpt>
      <trkpt lat="45.708513" lon="6.591625">
        <ele>875.475591</ele>
        <time>2026-08-02T11:58:09.891Z</time>
      </trkpt>
      <trkpt lat="45.708210" lon="6.591697">
        <ele>875.657278</ele>
        <time>2026-08-02T11:58:18.366Z</time>
      </trkpt>
      <trkpt lat="45.708053" lon="6.591793">
        <ele>875.758262</ele>
        <time>2026-08-02T11:58:24.366Z</time>
      </trkpt>
      <trkpt lat="45.707882" lon="6.591949">
        <ele>876.722482</ele>
        <time>2026-08-02T11:58:32.521Z</time>
      </trkpt>
      <trkpt lat="45.707794" lon="6.592167">
        <ele>878.249607</ele>
        <time>2026-08-02T11:58:40.120Z</time>
      </trkpt>
      <trkpt lat="45.707645" lon="6.592758">
        <ele>882.060342</ele>
        <time>2026-08-02T11:59:00.592Z</time>
      </trkpt>
      <trkpt lat="45.707528" lon="6.593050">
        <ele>884.102078</ele>
        <time>2026-08-02T11:59:11.220Z</time>
      </trkpt>
      <trkpt lat="45.707344" lon="6.593331">
        <ele>886.438312</ele>
        <time>2026-08-02T11:59:24.784Z</time>
      </trkpt>
      <trkpt lat="45.707203" lon="6.593635">
        <ele>888.651642</ele>
        <time>2026-08-02T11:59:39.763Z</time>
      </trkpt>
      <trkpt lat="45.707153" lon="6.593876">
        <ele>890.176413</ele>
        <time>2026-08-02T11:59:50.583Z</time>
      </trkpt>
      <trkpt lat="45.707146" lon="6.594492">
        <ele>894.436212</ele>
        <time>2026-08-02T12:00:17.748Z</time>
      </trkpt>
      <trkpt lat="45.707086" lon="6.595061">
        <ele>898.664097</ele>
        <time>2026-08-02T12:00:44.218Z</time>
      </trkpt>
      <trkpt lat="45.707031" lon="6.595418">
        <ele>901.350081</ele>
        <time>2026-08-02T12:01:00.595Z</time>
      </trkpt>
      <trkpt lat="45.707028" lon="6.595762">
        <ele>903.877681</ele>
        <time>2026-08-02T12:01:15.555Z</time>
      </trkpt>
      <trkpt lat="45.707061" lon="6.596292">
        <ele>907.787090</ele>
        <time>2026-08-02T12:01:36.547Z</time>
      </trkpt>
      <trkpt lat="45.707059" lon="6.597244">
        <ele>913.610799</ele>
        <time>2026-08-02T12:02:02.330Z</time>
      </trkpt>
      <trkpt lat="45.706985" lon="6.597978">
        <ele>917.616449</ele>
        <time>2026-08-02T12:02:20.812Z</time>
      </trkpt>
      <trkpt lat="45.706781" lon="6.599055">
        <ele>923.643844</ele>
        <time>2026-08-02T12:02:58.758Z</time>
      </trkpt>
      <trkpt lat="45.706646" lon="6.599944">
        <ele>930.282272</ele>
        <time>2026-08-02T12:03:37.962Z</time>
      </trkpt>
      <trkpt lat="45.706566" lon="6.600970">
        <ele>938.102486</ele>
        <time>2026-08-02T12:04:23.042Z</time>
      </trkpt>
      <trkpt lat="45.706604" lon="6.601321">
        <ele>940.793063</ele>
        <time>2026-08-02T12:04:37.064Z</time>
      </trkpt>
      <trkpt lat="45.706964" lon="6.602654">
        <ele>953.275219</ele>
        <time>2026-08-02T12:05:30.911Z</time>
      </trkpt>
      <trkpt lat="45.707248" lon="6.603265">
        <ele>960.009878</ele>
        <time>2026-08-02T12:06:01.932Z</time>
      </trkpt>
      <trkpt lat="45.707397" lon="6.603964">
        <ele>966.715772</ele>
        <time>2026-08-02T12:06:39.657Z</time>
      </trkpt>
      <trkpt lat="45.707536" lon="6.604824">
        <ele>980.250461</ele>
        <time>2026-08-02T12:07:44.950Z</time>
      </trkpt>
      <trkpt lat="45.707518" lon="6.605034">
        <ele>983.617808</ele>
        <time>2026-08-02T12:08:00.781Z</time>
      </trkpt>
      <trkpt lat="45.707487" lon="6.605095">
        <ele>984.818526</ele>
        <time>2026-08-02T12:08:06.453Z</time>
      </trkpt>
      <trkpt lat="45.707339" lon="6.605239">
        <ele>988.896550</ele>
        <time>2026-08-02T12:08:25.791Z</time>
      </trkpt>
      <trkpt lat="45.707299" lon="6.605350">
        <ele>990.884536</ele>
        <time>2026-08-02T12:08:35.182Z</time>
      </trkpt>
      <trkpt lat="45.707290" lon="6.605451">
        <ele>992.505046</ele>
        <time>2026-08-02T12:08:42.824Z</time>
      </trkpt>
      <trkpt lat="45.707323" lon="6.605829">
        <ele>998.567976</ele>
        <time>2026-08-02T12:09:11.394Z</time>
      </trkpt>
      <trkpt lat="45.707299" lon="6.605970">
        <ele>1000.877777</ele>
        <time>2026-08-02T12:09:22.157Z</time>
      </trkpt>
      <trkpt lat="45.707033" lon="6.606611">
        <ele>1008.223326</ele>
        <time>2026-08-02T12:10:07.983Z</time>
      </trkpt>
      <trkpt lat="45.706976" lon="6.607101">
        <ele>1007.884071</ele>
        <time>2026-08-02T12:10:22.592Z</time>
      </trkpt>
      <trkpt lat="45.707046" lon="6.607541">
        <ele>1007.575874</ele>
        <time>2026-08-02T12:10:26.254Z</time>
      </trkpt>
      <trkpt lat="45.707107" lon="6.607788">
        <ele>1007.396948</ele>
        <time>2026-08-02T12:10:27.899Z</time>
      </trkpt>
      <trkpt lat="45.707292" lon="6.608333">
        <ele>1006.983100</ele>
        <time>2026-08-02T12:10:31.472Z</time>
      </trkpt>
      <trkpt lat="45.707355" lon="6.608744">
        <ele>1006.695727</ele>
        <time>2026-08-02T12:10:33.919Z</time>
      </trkpt>
      <trkpt lat="45.707306" lon="6.608981">
        <ele>1006.520611</ele>
        <time>2026-08-02T12:10:35.371Z</time>
      </trkpt>
      <trkpt lat="45.707039" lon="6.609463">
        <ele>1006.078946</ele>
        <time>2026-08-02T12:10:39.202Z</time>
      </trkpt>
      <trkpt lat="45.706754" lon="6.610993">
        <ele>1004.942174</ele>
        <time>2026-08-02T12:11:05.764Z</time>
      </trkpt>
      <trkpt lat="45.706751" lon="6.611105">
        <ele>1004.861712</ele>
        <time>2026-08-02T12:11:08.733Z</time>
      </trkpt>
      <trkpt lat="45.706800" lon="6.611330">
        <ele>1005.698318</ele>
        <time>2026-08-02T12:11:15.236Z</time>
      </trkpt>
      <trkpt lat="45.707056" lon="6.611704">
        <ele>1008.797583</ele>
        <time>2026-08-02T12:11:31.141Z</time>
      </trkpt>
      <trkpt lat="45.707129" lon="6.611926">
        <ele>1010.249740</ele>
        <time>2026-08-02T12:11:39.243Z</time>
      </trkpt>
      <trkpt lat="45.707149" lon="6.612134">
        <ele>1011.492291</ele>
        <time>2026-08-02T12:11:46.449Z</time>
      </trkpt>
      <trkpt lat="45.707019" lon="6.612537">
        <ele>1014.119395</ele>
        <time>2026-08-02T12:12:02.754Z</time>
      </trkpt>
      <trkpt lat="45.707043" lon="6.612717">
        <ele>1015.203874</ele>
        <time>2026-08-02T12:12:09.805Z</time>
      </trkpt>
      <trkpt lat="45.707125" lon="6.612941">
        <ele>1016.700599</ele>
        <time>2026-08-02T12:12:19.746Z</time>
      </trkpt>
      <trkpt lat="45.707119" lon="6.613035">
        <ele>1017.259207</ele>
        <time>2026-08-02T12:12:23.473Z</time>
      </trkpt>
      <trkpt lat="45.707094" lon="6.613113">
        <ele>1017.767107</ele>
        <time>2026-08-02T12:12:26.906Z</time>
      </trkpt>
      <trkpt lat="45.706891" lon="6.613398">
        <ele>1020.200069</ele>
        <time>2026-08-02T12:12:43.325Z</time>
      </trkpt>
      <trkpt lat="45.706823" lon="6.613546">
        <ele>1021.436758</ele>
        <time>2026-08-02T12:12:50.485Z</time>
      </trkpt>
      <trkpt lat="45.706430" lon="6.614691">
        <ele>1030.342833</ele>
        <time>2026-08-02T12:13:41.626Z</time>
      </trkpt>
      <trkpt lat="45.706397" lon="6.615042">
        <ele>1032.815150</ele>
        <time>2026-08-02T12:13:55.975Z</time>
      </trkpt>
      <trkpt lat="45.706415" lon="6.616464">
        <ele>1040.976613</ele>
        <time>2026-08-02T12:14:46.667Z</time>
      </trkpt>
      <trkpt lat="45.706255" lon="6.618207">
        <ele>1048.655120</ele>
        <time>2026-08-02T12:15:32.516Z</time>
      </trkpt>
      <trkpt lat="45.706125" lon="6.618780">
        <ele>1049.534919</ele>
        <time>2026-08-02T12:15:44.644Z</time>
      </trkpt>
      <trkpt lat="45.706016" lon="6.619103">
        <ele>1049.738658</ele>
        <time>2026-08-02T12:15:50.976Z</time>
      </trkpt>
      <trkpt lat="45.705896" lon="6.619321">
        <ele>1049.896307</ele>
        <time>2026-08-02T12:15:55.223Z</time>
      </trkpt>
      <trkpt lat="45.705487" lon="6.619690">
        <ele>1050.289448</ele>
        <time>2026-08-02T12:16:03.661Z</time>
      </trkpt>
      <trkpt lat="45.704984" lon="6.619990">
        <ele>1050.732586</ele>
        <time>2026-08-02T12:16:10.154Z</time>
      </trkpt>
      <trkpt lat="45.703619" lon="6.620576">
        <ele>1046.309484</ele>
        <time>2026-08-02T12:16:23.753Z</time>
      </trkpt>
      <trkpt lat="45.703541" lon="6.620655">
        <ele>1046.011873</ele>
        <time>2026-08-02T12:16:24.733Z</time>
      </trkpt>
      <trkpt lat="45.703472" lon="6.620869">
        <ele>1045.499103</ele>
        <time>2026-08-02T12:16:26.496Z</time>
      </trkpt>
      <trkpt lat="45.703480" lon="6.621093">
        <ele>1045.250279</ele>
        <time>2026-08-02T12:16:28.465Z</time>
      </trkpt>
      <trkpt lat="45.703714" lon="6.621475">
        <ele>1046.313778</ele>
        <time>2026-08-02T12:16:34.847Z</time>
      </trkpt>
      <trkpt lat="45.703752" lon="6.621615">
        <ele>1046.628147</ele>
        <time>2026-08-02T12:16:37.194Z</time>
      </trkpt>
      <trkpt lat="45.703746" lon="6.621892">
        <ele>1047.208179</ele>
        <time>2026-08-02T12:16:41.697Z</time>
      </trkpt>
      <trkpt lat="45.703635" lon="6.622687">
        <ele>1048.905021</ele>
        <time>2026-08-02T12:17:00.235Z</time>
      </trkpt>
      <trkpt lat="45.703657" lon="6.622974">
        <ele>1049.509312</ele>
        <time>2026-08-02T12:17:08.060Z</time>
      </trkpt>
      <trkpt lat="45.703777" lon="6.623337">
        <ele>1050.349880</ele>
        <time>2026-08-02T12:17:19.036Z</time>
      </trkpt>
      <trkpt lat="45.703930" lon="6.623637">
        <ele>1051.574009</ele>
        <time>2026-08-02T12:17:28.208Z</time>
      </trkpt>
      <trkpt lat="45.704079" lon="6.623829">
        <ele>1052.619032</ele>
        <time>2026-08-02T12:17:34.572Z</time>
      </trkpt>
      <trkpt lat="45.704245" lon="6.623992">
        <ele>1053.668388</ele>
        <time>2026-08-02T12:17:40.500Z</time>
      </trkpt>
      <trkpt lat="45.704758" lon="6.624314">
        <ele>1056.588523</ele>
        <time>2026-08-02T12:17:58.024Z</time>
      </trkpt>
      <trkpt lat="45.704887" lon="6.624354">
        <ele>1057.276638</ele>
        <time>2026-08-02T12:18:02.784Z</time>
      </trkpt>
      <trkpt lat="45.705185" lon="6.624365">
        <ele>1058.830746</ele>
        <time>2026-08-02T12:18:13.976Z</time>
      </trkpt>
      <trkpt lat="45.705259" lon="6.624440">
        <ele>1059.303393</ele>
        <time>2026-08-02T12:18:17.501Z</time>
      </trkpt>
      <trkpt lat="45.705262" lon="6.624556">
        <ele>1059.726012</ele>
        <time>2026-08-02T12:18:20.672Z</time>
      </trkpt>
      <trkpt lat="45.705216" lon="6.624643">
        <ele>1060.340509</ele>
        <time>2026-08-02T12:18:23.713Z</time>
      </trkpt>
      <trkpt lat="45.705179" lon="6.624666">
        <ele>1060.755801</ele>
        <time>2026-08-02T12:18:25.371Z</time>
      </trkpt>
      <trkpt lat="45.704719" lon="6.624578">
        <ele>1065.533957</ele>
        <time>2026-08-02T12:18:46.995Z</time>
      </trkpt>
      <trkpt lat="45.704028" lon="6.624409">
        <ele>1072.751396</ele>
        <time>2026-08-02T12:19:27.409Z</time>
      </trkpt>
      <trkpt lat="45.703676" lon="6.624262">
        <ele>1076.526511</ele>
        <time>2026-08-02T12:19:50.559Z</time>
      </trkpt>
      <trkpt lat="45.702637" lon="6.623603">
        <ele>1092.085654</ele>
        <time>2026-08-02T12:21:13.417Z</time>
      </trkpt>
      <trkpt lat="45.702292" lon="6.623348">
        <ele>1097.656052</ele>
        <time>2026-08-02T12:21:44.151Z</time>
      </trkpt>
      <trkpt lat="45.702181" lon="6.623230">
        <ele>1099.639536</ele>
        <time>2026-08-02T12:21:55.088Z</time>
      </trkpt>
      <trkpt lat="45.701432" lon="6.621889">
        <ele>1112.918244</ele>
        <time>2026-08-02T12:23:18.750Z</time>
      </trkpt>
      <trkpt lat="45.701222" lon="6.621450">
        <ele>1116.591020</ele>
        <time>2026-08-02T12:23:36.986Z</time>
      </trkpt>
      <trkpt lat="45.701100" lon="6.620679">
        <ele>1122.035071</ele>
        <time>2026-08-02T12:23:56.618Z</time>
      </trkpt>
      <trkpt lat="45.701044" lon="6.620487">
        <ele>1123.084150</ele>
        <time>2026-08-02T12:24:00.822Z</time>
      </trkpt>
      <trkpt lat="45.700929" lon="6.620259">
        <ele>1124.502159</ele>
        <time>2026-08-02T12:24:06.389Z</time>
      </trkpt>
      <trkpt lat="45.700894" lon="6.620006">
        <ele>1125.802557</ele>
        <time>2026-08-02T12:24:11.934Z</time>
      </trkpt>
      <trkpt lat="45.700914" lon="6.619570">
        <ele>1128.005586</ele>
        <time>2026-08-02T12:24:22.539Z</time>
      </trkpt>
      <trkpt lat="45.700845" lon="6.619281">
        <ele>1129.545503</ele>
        <time>2026-08-02T12:24:31.029Z</time>
      </trkpt>
      <trkpt lat="45.700781" lon="6.619115">
        <ele>1130.501529</ele>
        <time>2026-08-02T12:24:36.733Z</time>
      </trkpt>
      <trkpt lat="45.700688" lon="6.619000">
        <ele>1131.388638</ele>
        <time>2026-08-02T12:24:42.368Z</time>
      </trkpt>
      <trkpt lat="45.699721" lon="6.618415">
        <ele>1140.216861</ele>
        <time>2026-08-02T12:25:46.539Z</time>
      </trkpt>
      <trkpt lat="45.699354" lon="6.617904">
        <ele>1145.072531</ele>
        <time>2026-08-02T12:26:18.019Z</time>
      </trkpt>
      <trkpt lat="45.699227" lon="6.617660">
        <ele>1147.088457</ele>
        <time>2026-08-02T12:26:29.470Z</time>
      </trkpt>
      <trkpt lat="45.699160" lon="6.617473">
        <ele>1148.480777</ele>
        <time>2026-08-02T12:26:36.743Z</time>
      </trkpt>
      <trkpt lat="45.698468" lon="6.615004">
        <ele>1160.873521</ele>
        <time>2026-08-02T12:27:42.970Z</time>
      </trkpt>
      <trkpt lat="45.698334" lon="6.614804">
        <ele>1162.026317</ele>
        <time>2026-08-02T12:27:50.825Z</time>
      </trkpt>
      <trkpt lat="45.698148" lon="6.614671">
        <ele>1163.450830</ele>
        <time>2026-08-02T12:28:00.149Z</time>
      </trkpt>
      <trkpt lat="45.697404" lon="6.614504">
        <ele>1169.586471</ele>
        <time>2026-08-02T12:28:38.105Z</time>
      </trkpt>
      <trkpt lat="45.697278" lon="6.614416">
        <ele>1170.728658</ele>
        <time>2026-08-02T12:28:44.667Z</time>
      </trkpt>
      <trkpt lat="45.697053" lon="6.614177">
        <ele>1173.011223</ele>
        <time>2026-08-02T12:28:57.077Z</time>
      </trkpt>
      <trkpt lat="45.696985" lon="6.614172">
        <ele>1173.565971</ele>
        <time>2026-08-02T12:29:00.090Z</time>
      </trkpt>
      <trkpt lat="45.696901" lon="6.614269">
        <ele>1174.445204</ele>
        <time>2026-08-02T12:29:04.848Z</time>
      </trkpt>
      <trkpt lat="45.696895" lon="6.614357">
        <ele>1174.948350</ele>
        <time>2026-08-02T12:29:07.651Z</time>
      </trkpt>
      <trkpt lat="45.696920" lon="6.614434">
        <ele>1175.431548</ele>
        <time>2026-08-02T12:29:10.322Z</time>
      </trkpt>
      <trkpt lat="45.697416" lon="6.614962">
        <ele>1181.899157</ele>
        <time>2026-08-02T12:29:41.644Z</time>
      </trkpt>
      <trkpt lat="45.697643" lon="6.615258">
        <ele>1185.573248</ele>
        <time>2026-08-02T12:29:59.531Z</time>
      </trkpt>
      <trkpt lat="45.698066" lon="6.616084">
        <ele>1194.133652</ele>
        <time>2026-08-02T12:30:48.730Z</time>
      </trkpt>
      <trkpt lat="45.698093" lon="6.616235">
        <ele>1195.436377</ele>
        <time>2026-08-02T12:30:57.220Z</time>
      </trkpt>
      <trkpt lat="45.698084" lon="6.616446">
        <ele>1197.203153</ele>
        <time>2026-08-02T12:31:08.713Z</time>
      </trkpt>
      <trkpt lat="45.697949" lon="6.617349">
        <ele>1203.117053</ele>
        <time>2026-08-02T12:31:54.983Z</time>
      </trkpt>
      <trkpt lat="45.698082" lon="6.618803">
        <ele>1211.678958</ele>
        <time>2026-08-02T12:32:38.450Z</time>
      </trkpt>
      <trkpt lat="45.698154" lon="6.619076">
        <ele>1213.382763</ele>
        <time>2026-08-02T12:32:43.648Z</time>
      </trkpt>
      <trkpt lat="45.698249" lon="6.619324">
        <ele>1214.783379</ele>
        <time>2026-08-02T12:32:49.018Z</time>
      </trkpt>
      <trkpt lat="45.698370" lon="6.619547">
        <ele>1216.042980</ele>
        <time>2026-08-02T12:32:54.970Z</time>
      </trkpt>
      <trkpt lat="45.698597" lon="6.619879">
        <ele>1218.115363</ele>
        <time>2026-08-02T12:33:05.338Z</time>
      </trkpt>
      <trkpt lat="45.698634" lon="6.619975">
        <ele>1218.604446</ele>
        <time>2026-08-02T12:33:07.863Z</time>
      </trkpt>
      <trkpt lat="45.698631" lon="6.620038">
        <ele>1218.886111</ele>
        <time>2026-08-02T12:33:09.338Z</time>
      </trkpt>
      <trkpt lat="45.698594" lon="6.620102">
        <ele>1219.256695</ele>
        <time>2026-08-02T12:33:11.327Z</time>
      </trkpt>
      <trkpt lat="45.698494" lon="6.620088">
        <ele>1219.898388</ele>
        <time>2026-08-02T12:33:14.751Z</time>
      </trkpt>
      <trkpt lat="45.698232" lon="6.619600">
        <ele>1222.643931</ele>
        <time>2026-08-02T12:33:32.062Z</time>
      </trkpt>
      <trkpt lat="45.697724" lon="6.618795">
        <ele>1229.310219</ele>
        <time>2026-08-02T12:34:12.330Z</time>
      </trkpt>
      <trkpt lat="45.697623" lon="6.618510">
        <ele>1232.021988</ele>
        <time>2026-08-02T12:34:26.503Z</time>
      </trkpt>
      <trkpt lat="45.697476" lon="6.617911">
        <ele>1237.409259</ele>
        <time>2026-08-02T12:34:57.425Z</time>
      </trkpt>
      <trkpt lat="45.696970" lon="6.616699">
        <ele>1248.361730</ele>
        <time>2026-08-02T12:36:07.764Z</time>
      </trkpt>
      <trkpt lat="45.696908" lon="6.616684">
        <ele>1248.747937</ele>
        <time>2026-08-02T12:36:11.815Z</time>
      </trkpt>
      <trkpt lat="45.696864" lon="6.616714">
        <ele>1249.047268</ele>
        <time>2026-08-02T12:36:14.924Z</time>
      </trkpt>
      <trkpt lat="45.696831" lon="6.616810">
        <ele>1249.506279</ele>
        <time>2026-08-02T12:36:19.552Z</time>
      </trkpt>
      <trkpt lat="45.696831" lon="6.616897">
        <ele>1249.879505</ele>
        <time>2026-08-02T12:36:23.254Z</time>
      </trkpt>
      <trkpt lat="45.697190" lon="6.618617">
        <ele>1257.580625</ele>
        <time>2026-08-02T12:37:04.154Z</time>
      </trkpt>
      <trkpt lat="45.697287" lon="6.618995">
        <ele>1258.965944</ele>
        <time>2026-08-02T12:37:08.358Z</time>
      </trkpt>
      <trkpt lat="45.697587" lon="6.619540">
        <ele>1260.871619</ele>
        <time>2026-08-02T12:37:16.381Z</time>
      </trkpt>
      <trkpt lat="45.697949" lon="6.620397">
        <ele>1263.622099</ele>
        <time>2026-08-02T12:37:33.105Z</time>
      </trkpt>
      <trkpt lat="45.698090" lon="6.620637">
        <ele>1264.483364</ele>
        <time>2026-08-02T12:37:41.720Z</time>
      </trkpt>
      <trkpt lat="45.698363" lon="6.620891">
        <ele>1266.567546</ele>
        <time>2026-08-02T12:37:58.205Z</time>
      </trkpt>
      <trkpt lat="45.698441" lon="6.621036">
        <ele>1268.279089</ele>
        <time>2026-08-02T12:38:05.638Z</time>
      </trkpt>
      <trkpt lat="45.698461" lon="6.621180">
        <ele>1269.652082</ele>
        <time>2026-08-02T12:38:11.904Z</time>
      </trkpt>
      <trkpt lat="45.698420" lon="6.621701">
        <ele>1274.555077</ele>
        <time>2026-08-02T12:38:36.695Z</time>
      </trkpt>
      <trkpt lat="45.698455" lon="6.621995">
        <ele>1277.344090</ele>
        <time>2026-08-02T12:38:52.539Z</time>
      </trkpt>
      <trkpt lat="45.698984" lon="6.623523">
        <ele>1291.704753</ele>
        <time>2026-08-02T12:40:27.567Z</time>
      </trkpt>
      <trkpt lat="45.699121" lon="6.624490">
        <ele>1297.056945</ele>
        <time>2026-08-02T12:41:07.279Z</time>
      </trkpt>
      <trkpt lat="45.699385" lon="6.625803">
        <ele>1303.681840</ele>
        <time>2026-08-02T12:41:31.628Z</time>
      </trkpt>
      <trkpt lat="45.699538" lon="6.626172">
        <ele>1304.155134</ele>
        <time>2026-08-02T12:41:35.144Z</time>
      </trkpt>
      <trkpt lat="45.699826" lon="6.626597">
        <ele>1304.808249</ele>
        <time>2026-08-02T12:41:39.797Z</time>
      </trkpt>
      <trkpt lat="45.700646" lon="6.627512">
        <ele>1306.910178</ele>
        <time>2026-08-02T12:42:03.723Z</time>
      </trkpt>
      <trkpt lat="45.701016" lon="6.628158">
        <ele>1311.131437</ele>
        <time>2026-08-02T12:42:28.917Z</time>
      </trkpt>
      <trkpt lat="45.701120" lon="6.628270">
        <ele>1312.072891</ele>
        <time>2026-08-02T12:42:35.287Z</time>
      </trkpt>
      <trkpt lat="45.701599" lon="6.628463">
        <ele>1315.672841</ele>
        <time>2026-08-02T12:43:02.185Z</time>
      </trkpt>
      <trkpt lat="45.701909" lon="6.628748">
        <ele>1318.338048</ele>
        <time>2026-08-02T12:43:22.246Z</time>
      </trkpt>
      <trkpt lat="45.702778" lon="6.629412">
        <ele>1322.801764</ele>
        <time>2026-08-02T12:43:58.820Z</time>
      </trkpt>
      <trkpt lat="45.703010" lon="6.629498">
        <ele>1323.782567</ele>
        <time>2026-08-02T12:44:04.689Z</time>
      </trkpt>
      <trkpt lat="45.703278" lon="6.629517">
        <ele>1324.880748</ele>
        <time>2026-08-02T12:44:10.154Z</time>
      </trkpt>
      <trkpt lat="45.703723" lon="6.629486">
        <ele>1326.714800</ele>
        <time>2026-08-02T12:44:18.955Z</time>
      </trkpt>
      <trkpt lat="45.704256" lon="6.629393">
        <ele>1331.508698</ele>
        <time>2026-08-02T12:44:31.815Z</time>
      </trkpt>
      <trkpt lat="45.704974" lon="6.629471">
        <ele>1337.937524</ele>
        <time>2026-08-02T12:45:08.873Z</time>
      </trkpt>
      <trkpt lat="45.705143" lon="6.629562">
        <ele>1339.549532</ele>
        <time>2026-08-02T12:45:21.440Z</time>
      </trkpt>
      <trkpt lat="45.705384" lon="6.629855">
        <ele>1342.372136</ele>
        <time>2026-08-02T12:45:46.059Z</time>
      </trkpt>
      <trkpt lat="45.705589" lon="6.630017">
        <ele>1345.732779</ele>
        <time>2026-08-02T12:46:05.720Z</time>
      </trkpt>
      <trkpt lat="45.706926" lon="6.630754">
        <ele>1368.030261</ele>
        <time>2026-08-02T12:48:05.914Z</time>
      </trkpt>
      <trkpt lat="45.707104" lon="6.630803">
        <ele>1370.792024</ele>
        <time>2026-08-02T12:48:17.965Z</time>
      </trkpt>
      <trkpt lat="45.707439" lon="6.630836">
        <ele>1373.030170</ele>
        <time>2026-08-02T12:48:37.700Z</time>
      </trkpt>
      <trkpt lat="45.707488" lon="6.630892">
        <ele>1373.448029</ele>
        <time>2026-08-02T12:48:40.980Z</time>
      </trkpt>
      <trkpt lat="45.707511" lon="6.630987">
        <ele>1373.916028</ele>
        <time>2026-08-02T12:48:44.547Z</time>
      </trkpt>
      <trkpt lat="45.707485" lon="6.631106">
        <ele>1374.496392</ele>
        <time>2026-08-02T12:48:48.700Z</time>
      </trkpt>
      <trkpt lat="45.707438" lon="6.631162">
        <ele>1374.903918</ele>
        <time>2026-08-02T12:48:51.532Z</time>
      </trkpt>
      <trkpt lat="45.707291" lon="6.631167">
        <ele>1375.883990</ele>
        <time>2026-08-02T12:48:57.776Z</time>
      </trkpt>
      <trkpt lat="45.706016" lon="6.630863">
        <ele>1384.267265</ele>
        <time>2026-08-02T12:49:34.547Z</time>
      </trkpt>
      <trkpt lat="45.705928" lon="6.630862">
        <ele>1384.776662</ele>
        <time>2026-08-02T12:49:36.953Z</time>
      </trkpt>
      <trkpt lat="45.705657" lon="6.630961">
        <ele>1386.395569</ele>
        <time>2026-08-02T12:49:45.180Z</time>
      </trkpt>
      <trkpt lat="45.705443" lon="6.630949">
        <ele>1387.635242</ele>
        <time>2026-08-02T12:49:52.419Z</time>
      </trkpt>
      <trkpt lat="45.705353" lon="6.630905">
        <ele>1388.185726</ele>
        <time>2026-08-02T12:49:55.975Z</time>
      </trkpt>
      <trkpt lat="45.705164" lon="6.630725">
        <ele>1389.499613</ele>
        <time>2026-08-02T12:50:05.297Z</time>
      </trkpt>
      <trkpt lat="45.705006" lon="6.630679">
        <ele>1390.432897</ele>
        <time>2026-08-02T12:50:12.488Z</time>
      </trkpt>
      <trkpt lat="45.704842" lon="6.630733">
        <ele>1391.406973</ele>
        <time>2026-08-02T12:50:20.366Z</time>
      </trkpt>
      <trkpt lat="45.704712" lon="6.630830">
        <ele>1392.255502</ele>
        <time>2026-08-02T12:50:27.414Z</time>
      </trkpt>
      <trkpt lat="45.704557" lon="6.630896">
        <ele>1393.222464</ele>
        <time>2026-08-02T12:50:35.284Z</time>
      </trkpt>
      <trkpt lat="45.704117" lon="6.630911">
        <ele>1397.553654</ele>
        <time>2026-08-02T12:50:57.511Z</time>
      </trkpt>
      <trkpt lat="45.703880" lon="6.630958">
        <ele>1399.908191</ele>
        <time>2026-08-02T12:51:09.496Z</time>
      </trkpt>
      <trkpt lat="45.703363" lon="6.631096">
        <ele>1405.083540</ele>
        <time>2026-08-02T12:51:37.980Z</time>
      </trkpt>
      <trkpt lat="45.702886" lon="6.631287">
        <ele>1409.957699</ele>
        <time>2026-08-02T12:52:06.850Z</time>
      </trkpt>
      <trkpt lat="45.702346" lon="6.631283">
        <ele>1415.909774</ele>
        <time>2026-08-02T12:52:40.595Z</time>
      </trkpt>
      <trkpt lat="45.701918" lon="6.631447">
        <ele>1420.898549</ele>
        <time>2026-08-02T12:53:09.559Z</time>
      </trkpt>
      <trkpt lat="45.701791" lon="6.631437">
        <ele>1422.330705</ele>
        <time>2026-08-02T12:53:17.771Z</time>
      </trkpt>
      <trkpt lat="45.701071" lon="6.631084">
        <ele>1430.899850</ele>
        <time>2026-08-02T12:54:02.177Z</time>
      </trkpt>
      <trkpt lat="45.700631" lon="6.630951">
        <ele>1434.945455</ele>
        <time>2026-08-02T12:54:25.674Z</time>
      </trkpt>
      <trkpt lat="45.700477" lon="6.630864">
        <ele>1436.419408</ele>
        <time>2026-08-02T12:54:34.379Z</time>
      </trkpt>
      <trkpt lat="45.700237" lon="6.630672">
        <ele>1438.867078</ele>
        <time>2026-08-02T12:54:48.835Z</time>
      </trkpt>
      <trkpt lat="45.700175" lon="6.630696">
        <ele>1439.438892</ele>
        <time>2026-08-02T12:54:52.258Z</time>
      </trkpt>
      <trkpt lat="45.700153" lon="6.630789">
        <ele>1440.049447</ele>
        <time>2026-08-02T12:54:55.715Z</time>
      </trkpt>
      <trkpt lat="45.700185" lon="6.630909">
        <ele>1440.848159</ele>
        <time>2026-08-02T12:55:00.315Z</time>
      </trkpt>
      <trkpt lat="45.700256" lon="6.630996">
        <ele>1441.680166</ele>
        <time>2026-08-02T12:55:04.932Z</time>
      </trkpt>
      <trkpt lat="45.700574" lon="6.631254">
        <ele>1444.934305</ele>
        <time>2026-08-02T12:55:23.473Z</time>
      </trkpt>
      <trkpt lat="45.700927" lon="6.631633">
        <ele>1447.680907</ele>
        <time>2026-08-02T12:55:44.651Z</time>
      </trkpt>
      <trkpt lat="45.701637" lon="6.632018">
        <ele>1449.873663</ele>
        <time>2026-08-02T12:56:09.853Z</time>
      </trkpt>
      <trkpt lat="45.702275" lon="6.632109">
        <ele>1451.725460</ele>
        <time>2026-08-02T12:56:18.238Z</time>
      </trkpt>
      <trkpt lat="45.702880" lon="6.632253">
        <ele>1454.324326</ele>
        <time>2026-08-02T12:56:25.276Z</time>
      </trkpt>
      <trkpt lat="45.703694" lon="6.632123">
        <ele>1458.337105</ele>
        <time>2026-08-02T12:56:48.651Z</time>
      </trkpt>
      <trkpt lat="45.703814" lon="6.632175">
        <ele>1458.951356</ele>
        <time>2026-08-02T12:56:54.902Z</time>
      </trkpt>
      <trkpt lat="45.704110" lon="6.632412">
        <ele>1460.612873</ele>
        <time>2026-08-02T12:57:14.990Z</time>
      </trkpt>
      <trkpt lat="45.704560" lon="6.632493">
        <ele>1464.510088</ele>
        <time>2026-08-02T12:57:45.475Z</time>
      </trkpt>
      <trkpt lat="45.704947" lon="6.632835">
        <ele>1468.915194</ele>
        <time>2026-08-02T12:58:15.904Z</time>
      </trkpt>
      <trkpt lat="45.705275" lon="6.633000">
        <ele>1472.282728</ele>
        <time>2026-08-02T12:58:37.391Z</time>
      </trkpt>
      <trkpt lat="45.706212" lon="6.633131">
        <ele>1480.187208</ele>
        <time>2026-08-02T12:59:14.582Z</time>
      </trkpt>
      <trkpt lat="45.706899" lon="6.632889">
        <ele>1484.128041</ele>
        <time>2026-08-02T12:59:33.284Z</time>
      </trkpt>
      <trkpt lat="45.706950" lon="6.632915">
        <ele>1484.429589</ele>
        <time>2026-08-02T12:59:35.006Z</time>
      </trkpt>
      <trkpt lat="45.706985" lon="6.632974">
        <ele>1484.730719</ele>
        <time>2026-08-02T12:59:36.707Z</time>
      </trkpt>
      <trkpt lat="45.706971" lon="6.633128">
        <ele>1485.334811</ele>
        <time>2026-08-02T12:59:40.383Z</time>
      </trkpt>
      <trkpt lat="45.706906" lon="6.633161">
        <ele>1485.718958</ele>
        <time>2026-08-02T12:59:42.807Z</time>
      </trkpt>
      <trkpt lat="45.706539" lon="6.633214">
        <ele>1487.773603</ele>
        <time>2026-08-02T12:59:57.939Z</time>
      </trkpt>
      <trkpt lat="45.706192" lon="6.633391">
        <ele>1490.896254</ele>
        <time>2026-08-02T13:00:16.789Z</time>
      </trkpt>
      <trkpt lat="45.705894" lon="6.633414">
        <ele>1493.967466</ele>
        <time>2026-08-02T13:00:34.180Z</time>
      </trkpt>
      <trkpt lat="45.705250" lon="6.633584">
        <ele>1500.706634</ele>
        <time>2026-08-02T13:01:15.187Z</time>
      </trkpt>
      <trkpt lat="45.704484" lon="6.633587">
        <ele>1508.629094</ele>
        <time>2026-08-02T13:01:58.884Z</time>
      </trkpt>
      <trkpt lat="45.704173" lon="6.633470">
        <ele>1512.024201</ele>
        <time>2026-08-02T13:02:15.113Z</time>
      </trkpt>
      <trkpt lat="45.704055" lon="6.633484">
        <ele>1513.274364</ele>
        <time>2026-08-02T13:02:20.925Z</time>
      </trkpt>
      <trkpt lat="45.703818" lon="6.633596">
        <ele>1515.909465</ele>
        <time>2026-08-02T13:02:33.527Z</time>
      </trkpt>
      <trkpt lat="45.703694" lon="6.633608">
        <ele>1517.221696</ele>
        <time>2026-08-02T13:02:40.054Z</time>
      </trkpt>
      <trkpt lat="45.703225" lon="6.633459">
        <ele>1522.294014</ele>
        <time>2026-08-02T13:03:07.439Z</time>
      </trkpt>
      <trkpt lat="45.703082" lon="6.633452">
        <ele>1523.804750</ele>
        <time>2026-08-02T13:03:16.495Z</time>
      </trkpt>
      <trkpt lat="45.702567" lon="6.633627">
        <ele>1529.788752</ele>
        <time>2026-08-02T13:03:53.098Z</time>
      </trkpt>
      <trkpt lat="45.701754" lon="6.633780">
        <ele>1539.474442</ele>
        <time>2026-08-02T13:04:49.143Z</time>
      </trkpt>
      <trkpt lat="45.700721" lon="6.633878">
        <ele>1551.193117</ele>
        <time>2026-08-02T13:05:45.695Z</time>
      </trkpt>
      <trkpt lat="45.700104" lon="6.633900">
        <ele>1557.637611</ele>
        <time>2026-08-02T13:06:16.993Z</time>
      </trkpt>
      <trkpt lat="45.699625" lon="6.633846">
        <ele>1562.654640</ele>
        <time>2026-08-02T13:06:45.210Z</time>
      </trkpt>
      <trkpt lat="45.699521" lon="6.633868">
        <ele>1563.752359</ele>
        <time>2026-08-02T13:06:51.570Z</time>
      </trkpt>
      <trkpt lat="45.699405" lon="6.633946">
        <ele>1565.090510</ele>
        <time>2026-08-02T13:06:59.712Z</time>
      </trkpt>
      <trkpt lat="45.699088" lon="6.634165">
        <ele>1569.252091</ele>
        <time>2026-08-02T13:07:22.541Z</time>
      </trkpt>
      <trkpt lat="45.698803" lon="6.634212">
        <ele>1572.792028</ele>
        <time>2026-08-02T13:07:41.664Z</time>
      </trkpt>
      <trkpt lat="45.698315" lon="6.634177">
        <ele>1578.821134</ele>
        <time>2026-08-02T13:08:16.060Z</time>
      </trkpt>
      <trkpt lat="45.698225" lon="6.634126">
        <ele>1580.015482</ele>
        <time>2026-08-02T13:08:22.526Z</time>
      </trkpt>
      <trkpt lat="45.697974" lon="6.633871">
        <ele>1583.813112</ele>
        <time>2026-08-02T13:08:41.689Z</time>
      </trkpt>
      <trkpt lat="45.697891" lon="6.633830">
        <ele>1584.896512</ele>
        <time>2026-08-02T13:08:46.945Z</time>
      </trkpt>
      <trkpt lat="45.697329" lon="6.633905">
        <ele>1590.541565</ele>
        <time>2026-08-02T13:09:20.927Z</time>
      </trkpt>
      <trkpt lat="45.696849" lon="6.633765">
        <ele>1594.356775</ele>
        <time>2026-08-02T13:09:50.174Z</time>
      </trkpt>
      <trkpt lat="45.696466" lon="6.633541">
        <ele>1597.579013</ele>
        <time>2026-08-02T13:10:10.626Z</time>
      </trkpt>
      <trkpt lat="45.696208" lon="6.633480">
        <ele>1599.615632</ele>
        <time>2026-08-02T13:10:21.205Z</time>
      </trkpt>
      <trkpt lat="45.695975" lon="6.633382">
        <ele>1601.507014</ele>
        <time>2026-08-02T13:10:29.116Z</time>
      </trkpt>
      <trkpt lat="45.695571" lon="6.633066">
        <ele>1601.126134</ele>
        <time>2026-08-02T13:10:37.603Z</time>
      </trkpt>
      <trkpt lat="45.695391" lon="6.633000">
        <ele>1600.523954</ele>
        <time>2026-08-02T13:10:39.552Z</time>
      </trkpt>
      <trkpt lat="45.695292" lon="6.633008">
        <ele>1600.202600</ele>
        <time>2026-08-02T13:10:40.536Z</time>
      </trkpt>
      <trkpt lat="45.695150" lon="6.633060">
        <ele>1599.727584</ele>
        <time>2026-08-02T13:10:41.947Z</time>
      </trkpt>
      <trkpt lat="45.695016" lon="6.633228">
        <ele>1599.150334</ele>
        <time>2026-08-02T13:10:43.641Z</time>
      </trkpt>
      <trkpt lat="45.694934" lon="6.633462">
        <ele>1598.557712</ele>
        <time>2026-08-02T13:10:45.360Z</time>
      </trkpt>
      <trkpt lat="45.694905" lon="6.633639">
        <ele>1598.146168</ele>
        <time>2026-08-02T13:10:46.554Z</time>
      </trkpt>
      <trkpt lat="45.694907" lon="6.633882">
        <ele>1597.596060</ele>
        <time>2026-08-02T13:10:48.113Z</time>
      </trkpt>
      <trkpt lat="45.694949" lon="6.634252">
        <ele>1596.747516</ele>
        <time>2026-08-02T13:10:50.496Z</time>
      </trkpt>
      <trkpt lat="45.695103" lon="6.634880">
        <ele>1594.639434</ele>
        <time>2026-08-02T13:10:54.654Z</time>
      </trkpt>
      <trkpt lat="45.695375" lon="6.635419">
        <ele>1592.393128</ele>
        <time>2026-08-02T13:10:58.914Z</time>
      </trkpt>
      <trkpt lat="45.695811" lon="6.636142">
        <ele>1589.166416</ele>
        <time>2026-08-02T13:11:05.421Z</time>
      </trkpt>
      <trkpt lat="45.696245" lon="6.636532">
        <ele>1588.184529</ele>
        <time>2026-08-02T13:11:10.460Z</time>
      </trkpt>
      <trkpt lat="45.696401" lon="6.636718">
        <ele>1588.568991</ele>
        <time>2026-08-02T13:11:12.694Z</time>
      </trkpt>
      <trkpt lat="45.696796" lon="6.637496">
        <ele>1589.841231</ele>
        <time>2026-08-02T13:11:27.460Z</time>
      </trkpt>
      <trkpt lat="45.697029" lon="6.637789">
        <ele>1590.428519</ele>
        <time>2026-08-02T13:11:38.680Z</time>
      </trkpt>
      <trkpt lat="45.697177" lon="6.637924">
        <ele>1590.760850</ele>
        <time>2026-08-02T13:11:45.468Z</time>
      </trkpt>
      <trkpt lat="45.697897" lon="6.638384">
        <ele>1592.689970</ele>
        <time>2026-08-02T13:12:15.600Z</time>
      </trkpt>
      <trkpt lat="45.698005" lon="6.638482">
        <ele>1593.029490</ele>
        <time>2026-08-02T13:12:20.304Z</time>
      </trkpt>
      <trkpt lat="45.699380" lon="6.640337">
        <ele>1595.383611</ele>
        <time>2026-08-02T13:12:53.590Z</time>
      </trkpt>
      <trkpt lat="45.699840" lon="6.641200">
        <ele>1594.844766</ele>
        <time>2026-08-02T13:13:01.657Z</time>
      </trkpt>
      <trkpt lat="45.700182" lon="6.642076">
        <ele>1594.945755</ele>
        <time>2026-08-02T13:13:10.077Z</time>
      </trkpt>
      <trkpt lat="45.700322" lon="6.642508">
        <ele>1595.150777</ele>
        <time>2026-08-02T13:13:15.838Z</time>
      </trkpt>
      <trkpt lat="45.700415" lon="6.643126">
        <ele>1595.422932</ele>
        <time>2026-08-02T13:13:28.437Z</time>
      </trkpt>
      <trkpt lat="45.700457" lon="6.643285">
        <ele>1595.496114</ele>
        <time>2026-08-02T13:13:32.320Z</time>
      </trkpt>
      <trkpt lat="45.700691" lon="6.643804">
        <ele>1595.762055</ele>
        <time>2026-08-02T13:13:42.779Z</time>
      </trkpt>
      <trkpt lat="45.700749" lon="6.644065">
        <ele>1595.314387</ele>
        <time>2026-08-02T13:13:45.024Z</time>
      </trkpt>
      <trkpt lat="45.700756" lon="6.644323">
        <ele>1594.819917</ele>
        <time>2026-08-02T13:13:46.791Z</time>
      </trkpt>
      <trkpt lat="45.700651" lon="6.644706">
        <ele>1594.031945</ele>
        <time>2026-08-02T13:13:49.458Z</time>
      </trkpt>
      <trkpt lat="45.700596" lon="6.644827">
        <ele>1593.755460</ele>
        <time>2026-08-02T13:13:50.422Z</time>
      </trkpt>
      <trkpt lat="45.700434" lon="6.645028">
        <ele>1593.167659</ele>
        <time>2026-08-02T13:13:52.521Z</time>
      </trkpt>
      <trkpt lat="45.699966" lon="6.645360">
        <ele>1591.735476</ele>
        <time>2026-08-02T13:13:57.702Z</time>
      </trkpt>
      <trkpt lat="45.699863" lon="6.645473">
        <ele>1591.379661</ele>
        <time>2026-08-02T13:13:58.968Z</time>
      </trkpt>
      <trkpt lat="45.699800" lon="6.645601">
        <ele>1591.079767</ele>
        <time>2026-08-02T13:14:00.042Z</time>
      </trkpt>
      <trkpt lat="45.699766" lon="6.645863">
        <ele>1591.028018</ele>
        <time>2026-08-02T13:14:01.837Z</time>
      </trkpt>
      <trkpt lat="45.699782" lon="6.645986">
        <ele>1591.188476</ele>
        <time>2026-08-02T13:14:02.712Z</time>
      </trkpt>
      <trkpt lat="45.700084" lon="6.646778">
        <ele>1592.345726</ele>
        <time>2026-08-02T13:14:15.511Z</time>
      </trkpt>
      <trkpt lat="45.700433" lon="6.647627">
        <ele>1593.609145</ele>
        <time>2026-08-02T13:14:40.789Z</time>
      </trkpt>
      <trkpt lat="45.700912" lon="6.648282">
        <ele>1593.645120</ele>
        <time>2026-08-02T13:14:56.289Z</time>
      </trkpt>
      <trkpt lat="45.700970" lon="6.648404">
        <ele>1593.505158</ele>
        <time>2026-08-02T13:14:58.289Z</time>
      </trkpt>
      <trkpt lat="45.701055" lon="6.648692">
        <ele>1593.208643</ele>
        <time>2026-08-02T13:15:02.011Z</time>
      </trkpt>
      <trkpt lat="45.701074" lon="6.648850">
        <ele>1593.056597</ele>
        <time>2026-08-02T13:15:03.488Z</time>
      </trkpt>
      <trkpt lat="45.701065" lon="6.649113">
        <ele>1592.806879</ele>
        <time>2026-08-02T13:15:05.761Z</time>
      </trkpt>
      <trkpt lat="45.701054" lon="6.649207">
        <ele>1592.716491</ele>
        <time>2026-08-02T13:15:06.516Z</time>
      </trkpt>
      <trkpt lat="45.700965" lon="6.649491">
        <ele>1592.421285</ele>
        <time>2026-08-02T13:15:08.800Z</time>
      </trkpt>
      <trkpt lat="45.700834" lon="6.649702">
        <ele>1592.153544</ele>
        <time>2026-08-02T13:15:10.748Z</time>
      </trkpt>
      <trkpt lat="45.700711" lon="6.649829">
        <ele>1591.947625</ele>
        <time>2026-08-02T13:15:12.177Z</time>
      </trkpt>
      <trkpt lat="45.700434" lon="6.650021">
        <ele>1590.983287</ele>
        <time>2026-08-02T13:15:14.983Z</time>
      </trkpt>
      <trkpt lat="45.700291" lon="6.650195">
        <ele>1589.931705</ele>
        <time>2026-08-02T13:15:16.680Z</time>
      </trkpt>
      <trkpt lat="45.700239" lon="6.650313">
        <ele>1589.385653</ele>
        <time>2026-08-02T13:15:17.560Z</time>
      </trkpt>
      <trkpt lat="45.700212" lon="6.650423">
        <ele>1588.929341</ele>
        <time>2026-08-02T13:15:18.294Z</time>
      </trkpt>
      <trkpt lat="45.700204" lon="6.650619">
        <ele>1588.160961</ele>
        <time>2026-08-02T13:15:19.544Z</time>
      </trkpt>
      <trkpt lat="45.700296" lon="6.651347">
        <ele>1585.265576</ele>
        <time>2026-08-02T13:15:24.207Z</time>
      </trkpt>
      <trkpt lat="45.700267" lon="6.651954">
        <ele>1582.884455</ele>
        <time>2026-08-02T13:15:28.141Z</time>
      </trkpt>
      <trkpt lat="45.700370" lon="6.652778">
        <ele>1581.399671</ele>
        <time>2026-08-02T13:15:33.828Z</time>
      </trkpt>
      <trkpt lat="45.700369" lon="6.652904">
        <ele>1581.344435</ele>
        <time>2026-08-02T13:15:34.789Z</time>
      </trkpt>
      <trkpt lat="45.700294" lon="6.653283">
        <ele>1581.171759</ele>
        <time>2026-08-02T13:15:38.100Z</time>
      </trkpt>
      <trkpt lat="45.699851" lon="6.654073">
        <ele>1580.727648</ele>
        <time>2026-08-02T13:15:51.212Z</time>
      </trkpt>
      <trkpt lat="45.699636" lon="6.654905">
        <ele>1581.349045</ele>
        <time>2026-08-02T13:16:03.827Z</time>
      </trkpt>
      <trkpt lat="45.699542" lon="6.655084">
        <ele>1581.878852</ele>
        <time>2026-08-02T13:16:07.082Z</time>
      </trkpt>
      <trkpt lat="45.699440" lon="6.655177">
        <ele>1582.288451</ele>
        <time>2026-08-02T13:16:09.794Z</time>
      </trkpt>
      <trkpt lat="45.699325" lon="6.655229">
        <ele>1582.696943</ele>
        <time>2026-08-02T13:16:12.802Z</time>
      </trkpt>
      <trkpt lat="45.698881" lon="6.655338">
        <ele>1584.222810</ele>
        <time>2026-08-02T13:16:25.202Z</time>
      </trkpt>
      <trkpt lat="45.698796" lon="6.655385">
        <ele>1584.531447</ele>
        <time>2026-08-02T13:16:27.822Z</time>
      </trkpt>
      <trkpt lat="45.698721" lon="6.655457">
        <ele>1584.837306</ele>
        <time>2026-08-02T13:16:30.350Z</time>
      </trkpt>
      <trkpt lat="45.698265" lon="6.656038">
        <ele>1587.336888</ele>
        <time>2026-08-02T13:16:51.236Z</time>
      </trkpt>
      <trkpt lat="45.698105" lon="6.656197">
        <ele>1588.898988</ele>
        <time>2026-08-02T13:16:59.470Z</time>
      </trkpt>
      <trkpt lat="45.697873" lon="6.656320">
        <ele>1590.883228</ele>
        <time>2026-08-02T13:17:10.800Z</time>
      </trkpt>
      <trkpt lat="45.697608" lon="6.656393">
        <ele>1593.047653</ele>
        <time>2026-08-02T13:17:24.662Z</time>
      </trkpt>
      <trkpt lat="45.697418" lon="6.656394">
        <ele>1594.571565</ele>
        <time>2026-08-02T13:17:34.544Z</time>
      </trkpt>
      <trkpt lat="45.697141" lon="6.656316">
        <ele>1596.835815</ele>
        <time>2026-08-02T13:17:49.626Z</time>
      </trkpt>
      <trkpt lat="45.695427" lon="6.655591">
        <ele>1612.376790</ele>
        <time>2026-08-02T13:19:16.690Z</time>
      </trkpt>
      <trkpt lat="45.694937" lon="6.655414">
        <ele>1616.911504</ele>
        <time>2026-08-02T13:19:45.799Z</time>
      </trkpt>
      <trkpt lat="45.694762" lon="6.655426">
        <ele>1618.296899</ele>
        <time>2026-08-02T13:19:55.281Z</time>
      </trkpt>
      <trkpt lat="45.694556" lon="6.655581">
        <ele>1620.091656</ele>
        <time>2026-08-02T13:20:07.348Z</time>
      </trkpt>
      <trkpt lat="45.694518" lon="6.655632">
        <ele>1620.493354</ele>
        <time>2026-08-02T13:20:10.223Z</time>
      </trkpt>
      <trkpt lat="45.694430" lon="6.655889">
        <ele>1622.035174</ele>
        <time>2026-08-02T13:20:20.345Z</time>
      </trkpt>
      <trkpt lat="45.694422" lon="6.656197">
        <ele>1623.695469</ele>
        <time>2026-08-02T13:20:30.442Z</time>
      </trkpt>
      <trkpt lat="45.694496" lon="6.656496">
        <ele>1625.404253</ele>
        <time>2026-08-02T13:20:40.689Z</time>
      </trkpt>
      <trkpt lat="45.694613" lon="6.656676">
        <ele>1626.728780</ele>
        <time>2026-08-02T13:20:48.019Z</time>
      </trkpt>
      <trkpt lat="45.694630" lon="6.656691">
        <ele>1626.882787</ele>
        <time>2026-08-02T13:20:48.743Z</time>
      </trkpt>
      <trkpt lat="45.694747" lon="6.656779">
        <ele>1627.902054</ele>
        <time>2026-08-02T13:20:54.195Z</time>
      </trkpt>
      <trkpt lat="45.694920" lon="6.656822">
        <ele>1629.256219</ele>
        <time>2026-08-02T13:21:01.399Z</time>
      </trkpt>
      <trkpt lat="45.695583" lon="6.656736">
        <ele>1634.417421</ele>
        <time>2026-08-02T13:21:24.322Z</time>
      </trkpt>
      <trkpt lat="45.695756" lon="6.656806">
        <ele>1635.815050</ele>
        <time>2026-08-02T13:21:31.588Z</time>
      </trkpt>
      <trkpt lat="45.695895" lon="6.656974">
        <ele>1637.229246</ele>
        <time>2026-08-02T13:21:39.235Z</time>
      </trkpt>
      <trkpt lat="45.695982" lon="6.657236">
        <ele>1638.804516</ele>
        <time>2026-08-02T13:21:48.197Z</time>
      </trkpt>
      <trkpt lat="45.695963" lon="6.657498">
        <ele>1640.234839</ele>
        <time>2026-08-02T13:21:56.582Z</time>
      </trkpt>
      <trkpt lat="45.695873" lon="6.657757">
        <ele>1641.805661</ele>
        <time>2026-08-02T13:22:06.057Z</time>
      </trkpt>
      <trkpt lat="45.695804" lon="6.657860">
        <ele>1642.580622</ele>
        <time>2026-08-02T13:22:11.024Z</time>
      </trkpt>
      <trkpt lat="45.695674" lon="6.657967">
        <ele>1643.746386</ele>
        <time>2026-08-02T13:22:18.937Z</time>
      </trkpt>
      <trkpt lat="45.695531" lon="6.657984">
        <ele>1644.861933</ele>
        <time>2026-08-02T13:22:27.465Z</time>
      </trkpt>
      <trkpt lat="45.694995" lon="6.657841">
        <ele>1649.859802</ele>
        <time>2026-08-02T13:23:04.475Z</time>
      </trkpt>
      <trkpt lat="45.694667" lon="6.657797">
        <ele>1652.896162</ele>
        <time>2026-08-02T13:23:22.731Z</time>
      </trkpt>
      <trkpt lat="45.694288" lon="6.657643">
        <ele>1656.527306</ele>
        <time>2026-08-02T13:23:38.838Z</time>
      </trkpt>
      <trkpt lat="45.694220" lon="6.657616">
        <ele>1657.177708</ele>
        <time>2026-08-02T13:23:41.758Z</time>
      </trkpt>
      <trkpt lat="45.694140" lon="6.657506">
        <ele>1658.200045</ele>
        <time>2026-08-02T13:23:46.671Z</time>
      </trkpt>
      <trkpt lat="45.694038" lon="6.657194">
        <ele>1660.417776</ele>
        <time>2026-08-02T13:23:59.264Z</time>
      </trkpt>
      <trkpt lat="45.693926" lon="6.656948">
        <ele>1662.228677</ele>
        <time>2026-08-02T13:24:09.480Z</time>
      </trkpt>
      <trkpt lat="45.693588" lon="6.656573">
        <ele>1665.735056</ele>
        <time>2026-08-02T13:24:29.587Z</time>
      </trkpt>
      <trkpt lat="45.693273" lon="6.656142">
        <ele>1669.307954</ele>
        <time>2026-08-02T13:24:46.175Z</time>
      </trkpt>
      <trkpt lat="45.692861" lon="6.655784">
        <ele>1673.259879</ele>
        <time>2026-08-02T13:25:09.912Z</time>
      </trkpt>
      <trkpt lat="45.692568" lon="6.655476">
        <ele>1676.240552</ele>
        <time>2026-08-02T13:25:32.621Z</time>
      </trkpt>
      <trkpt lat="45.692083" lon="6.654684">
        <ele>1682.318095</ele>
        <time>2026-08-02T13:26:07.786Z</time>
      </trkpt>
      <trkpt lat="45.691459" lon="6.653989">
        <ele>1688.849837</ele>
        <time>2026-08-02T13:26:42.001Z</time>
      </trkpt>
      <trkpt lat="45.691223" lon="6.653645">
        <ele>1691.734470</ele>
        <time>2026-08-02T13:26:57.858Z</time>
      </trkpt>
      <trkpt lat="45.691184" lon="6.653611">
        <ele>1692.199915</ele>
        <time>2026-08-02T13:27:00.128Z</time>
      </trkpt>
      <trkpt lat="45.691108" lon="6.653631">
        <ele>1692.987576</ele>
        <time>2026-08-02T13:27:03.917Z</time>
      </trkpt>
      <trkpt lat="45.691091" lon="6.653663">
        <ele>1693.273830</ele>
        <time>2026-08-02T13:27:05.411Z</time>
      </trkpt>
      <trkpt lat="45.691103" lon="6.653768">
        <ele>1694.031391</ele>
        <time>2026-08-02T13:27:09.337Z</time>
      </trkpt>
      <trkpt lat="45.691264" lon="6.653941">
        <ele>1696.083348</ele>
        <time>2026-08-02T13:27:20.496Z</time>
      </trkpt>
      <trkpt lat="45.691717" lon="6.654639">
        <ele>1702.867223</ele>
        <time>2026-08-02T13:28:01.751Z</time>
      </trkpt>
      <trkpt lat="45.691899" lon="6.655071">
        <ele>1706.459256</ele>
        <time>2026-08-02T13:28:22.347Z</time>
      </trkpt>
      <trkpt lat="45.692105" lon="6.655691">
        <ele>1711.054822</ele>
        <time>2026-08-02T13:28:48.661Z</time>
      </trkpt>
      <trkpt lat="45.692324" lon="6.656175">
        <ele>1714.499378</ele>
        <time>2026-08-02T13:29:08.580Z</time>
      </trkpt>
      <trkpt lat="45.692665" lon="6.656718">
        <ele>1718.860860</ele>
        <time>2026-08-02T13:29:33.777Z</time>
      </trkpt>
      <trkpt lat="45.692858" lon="6.657115">
        <ele>1721.749963</ele>
        <time>2026-08-02T13:29:47.919Z</time>
      </trkpt>
      <trkpt lat="45.693004" lon="6.657300">
        <ele>1723.417225</ele>
        <time>2026-08-02T13:29:56.305Z</time>
      </trkpt>
      <trkpt lat="45.693206" lon="6.657761">
        <ele>1726.477258</ele>
        <time>2026-08-02T13:30:14.235Z</time>
      </trkpt>
      <trkpt lat="45.693497" lon="6.658110">
        <ele>1729.371576</ele>
        <time>2026-08-02T13:30:35.802Z</time>
      </trkpt>
      <trkpt lat="45.693873" lon="6.658747">
        <ele>1733.813034</ele>
        <time>2026-08-02T13:31:02.358Z</time>
      </trkpt>
      <trkpt lat="45.694215" lon="6.659237">
        <ele>1737.502036</ele>
        <time>2026-08-02T13:31:21.381Z</time>
      </trkpt>
      <trkpt lat="45.694319" lon="6.659379">
        <ele>1738.597761</ele>
        <time>2026-08-02T13:31:27.164Z</time>
      </trkpt>
      <trkpt lat="45.694333" lon="6.659397">
        <ele>1738.784503</ele>
        <time>2026-08-02T13:31:27.888Z</time>
      </trkpt>
      <trkpt lat="45.694558" lon="6.659659">
        <ele>1741.810664</ele>
        <time>2026-08-02T13:31:39.396Z</time>
      </trkpt>
      <trkpt lat="45.695189" lon="6.660208">
        <ele>1749.515005</ele>
        <time>2026-08-02T13:32:13.955Z</time>
      </trkpt>
      <trkpt lat="45.695317" lon="6.660365">
        <ele>1751.273683</ele>
        <time>2026-08-02T13:32:24.238Z</time>
      </trkpt>
      <trkpt lat="45.695427" lon="6.660528">
        <ele>1752.925506</ele>
        <time>2026-08-02T13:32:35.101Z</time>
      </trkpt>
      <trkpt lat="45.695924" lon="6.661569">
        <ele>1764.101028</ele>
        <time>2026-08-02T13:33:44.728Z</time>
      </trkpt>
      <trkpt lat="45.696129" lon="6.662201">
        <ele>1771.314144</ele>
        <time>2026-08-02T13:34:26.003Z</time>
      </trkpt>
      <trkpt lat="45.696199" lon="6.662627">
        <ele>1775.844210</ele>
        <time>2026-08-02T13:34:50.383Z</time>
      </trkpt>
      <trkpt lat="45.696279" lon="6.662823">
        <ele>1778.194098</ele>
        <time>2026-08-02T13:35:02.294Z</time>
      </trkpt>
      <trkpt lat="45.696300" lon="6.663761">
        <ele>1786.456268</ele>
        <time>2026-08-02T13:35:44.304Z</time>
      </trkpt>
      <trkpt lat="45.696274" lon="6.663838">
        <ele>1787.008587</ele>
        <time>2026-08-02T13:35:47.470Z</time>
      </trkpt>
      <trkpt lat="45.695987" lon="6.664263">
        <ele>1790.826235</ele>
        <time>2026-08-02T13:36:07.085Z</time>
      </trkpt>
      <trkpt lat="45.695907" lon="6.664420">
        <ele>1792.081269</ele>
        <time>2026-08-02T13:36:13.440Z</time>
      </trkpt>
      <trkpt lat="45.695748" lon="6.664875">
        <ele>1795.366882</ele>
        <time>2026-08-02T13:36:30.685Z</time>
      </trkpt>
      <trkpt lat="45.695655" lon="6.665033">
        <ele>1796.701242</ele>
        <time>2026-08-02T13:36:38.100Z</time>
      </trkpt>
      <trkpt lat="45.695557" lon="6.665133">
        <ele>1797.813930</ele>
        <time>2026-08-02T13:36:44.401Z</time>
      </trkpt>
      <trkpt lat="45.695480" lon="6.665183">
        <ele>1798.595669</ele>
        <time>2026-08-02T13:36:48.654Z</time>
      </trkpt>
      <trkpt lat="45.695380" lon="6.665180">
        <ele>1799.520464</ele>
        <time>2026-08-02T13:36:53.745Z</time>
      </trkpt>
      <trkpt lat="45.695042" lon="6.664971">
        <ele>1801.950314</ele>
        <time>2026-08-02T13:37:11.082Z</time>
      </trkpt>
      <trkpt lat="45.694940" lon="6.664942">
        <ele>1802.494956</ele>
        <time>2026-08-02T13:37:15.625Z</time>
      </trkpt>
      <trkpt lat="45.694555" lon="6.664991">
        <ele>1804.519291</ele>
        <time>2026-08-02T13:37:31.411Z</time>
      </trkpt>
      <trkpt lat="45.694262" lon="6.665158">
        <ele>1806.170974</ele>
        <time>2026-08-02T13:37:43.200Z</time>
      </trkpt>
      <trkpt lat="45.693880" lon="6.665478">
        <ele>1808.488963</ele>
        <time>2026-08-02T13:37:57.210Z</time>
      </trkpt>
      <trkpt lat="45.693825" lon="6.665562">
        <ele>1808.910157</ele>
        <time>2026-08-02T13:37:59.366Z</time>
      </trkpt>
      <trkpt lat="45.693729" lon="6.665990">
        <ele>1810.308448</ele>
        <time>2026-08-02T13:38:06.666Z</time>
      </trkpt>
      <trkpt lat="45.693580" lon="6.666384">
        <ele>1811.064784</ele>
        <time>2026-08-02T13:38:12.356Z</time>
      </trkpt>
      <trkpt lat="45.693546" lon="6.666803">
        <ele>1811.776857</ele>
        <time>2026-08-02T13:38:17.720Z</time>
      </trkpt>
      <trkpt lat="45.693550" lon="6.667526">
        <ele>1812.997395</ele>
        <time>2026-08-02T13:38:28.460Z</time>
      </trkpt>
      <trkpt lat="45.693522" lon="6.667736">
        <ele>1813.358298</ele>
        <time>2026-08-02T13:38:31.985Z</time>
      </trkpt>
      <trkpt lat="45.693272" lon="6.668725">
        <ele>1816.183972</ele>
        <time>2026-08-02T13:38:54.144Z</time>
      </trkpt>
      <trkpt lat="45.693165" lon="6.669214">
        <ele>1818.366770</ele>
        <time>2026-08-02T13:39:07.858Z</time>
      </trkpt>
      <trkpt lat="45.693092" lon="6.669551">
        <ele>1819.869729</ele>
        <time>2026-08-02T13:39:17.697Z</time>
      </trkpt>
      <trkpt lat="45.693045" lon="6.669782">
        <ele>1820.894612</ele>
        <time>2026-08-02T13:39:24.473Z</time>
      </trkpt>
      <trkpt lat="45.693011" lon="6.669982">
        <ele>1821.771420</ele>
        <time>2026-08-02T13:39:30.363Z</time>
      </trkpt>
      <trkpt lat="45.692972" lon="6.670145">
        <ele>1822.505355</ele>
        <time>2026-08-02T13:39:35.447Z</time>
      </trkpt>
      <trkpt lat="45.692863" lon="6.670371">
        <ele>1823.675238</ele>
        <time>2026-08-02T13:39:43.598Z</time>
      </trkpt>
      <trkpt lat="45.692622" lon="6.670785">
        <ele>1826.173504</ele>
        <time>2026-08-02T13:40:00.777Z</time>
      </trkpt>
      <trkpt lat="45.692572" lon="6.670930">
        <ele>1827.112550</ele>
        <time>2026-08-02T13:40:06.199Z</time>
      </trkpt>
      <trkpt lat="45.692511" lon="6.671319">
        <ele>1829.427743</ele>
        <time>2026-08-02T13:40:19.881Z</time>
      </trkpt>
      <trkpt lat="45.692466" lon="6.671474">
        <ele>1830.402498</ele>
        <time>2026-08-02T13:40:25.544Z</time>
      </trkpt>
      <trkpt lat="45.692189" lon="6.671857">
        <ele>1833.604056</ele>
        <time>2026-08-02T13:40:43.649Z</time>
      </trkpt>
      <trkpt lat="45.691824" lon="6.672626">
        <ele>1839.003185</ele>
        <time>2026-08-02T13:41:15.491Z</time>
      </trkpt>
      <trkpt lat="45.691739" lon="6.672733">
        <ele>1839.944176</ele>
        <time>2026-08-02T13:41:21.230Z</time>
      </trkpt>
      <trkpt lat="45.691364" lon="6.673011">
        <ele>1843.841137</ele>
        <time>2026-08-02T13:41:42.664Z</time>
      </trkpt>
      <trkpt lat="45.691266" lon="6.673118">
        <ele>1844.993887</ele>
        <time>2026-08-02T13:41:49.009Z</time>
      </trkpt>
      <trkpt lat="45.691210" lon="6.673236">
        <ele>1845.925909</ele>
        <time>2026-08-02T13:41:54.210Z</time>
      </trkpt>
      <trkpt lat="45.691165" lon="6.673379">
        <ele>1846.950600</ele>
        <time>2026-08-02T13:42:00.000Z</time>
      </trkpt>
      <trkpt lat="45.691139" lon="6.673570">
        <ele>1848.221937</ele>
        <time>2026-08-02T13:42:07.340Z</time>
      </trkpt>
      <trkpt lat="45.691129" lon="6.673977">
        <ele>1850.882641</ele>
        <time>2026-08-02T13:42:23.106Z</time>
      </trkpt>
      <trkpt lat="45.690953" lon="6.674386">
        <ele>1854.021115</ele>
        <time>2026-08-02T13:42:41.796Z</time>
      </trkpt>
      <trkpt lat="45.690918" lon="6.674597">
        <ele>1855.437984</ele>
        <time>2026-08-02T13:42:50.006Z</time>
      </trkpt>
      <trkpt lat="45.690876" lon="6.674949">
        <ele>1857.612355</ele>
        <time>2026-08-02T13:43:03.184Z</time>
      </trkpt>
      <trkpt lat="45.690883" lon="6.675330">
        <ele>1859.423531</ele>
        <time>2026-08-02T13:43:16.190Z</time>
      </trkpt>
      <trkpt lat="45.690936" lon="6.675818">
        <ele>1861.770416</ele>
        <time>2026-08-02T13:43:32.462Z</time>
      </trkpt>
      <trkpt lat="45.691070" lon="6.676524">
        <ele>1865.247034</ele>
        <time>2026-08-02T13:43:51.105Z</time>
      </trkpt>
      <trkpt lat="45.691110" lon="6.676849">
        <ele>1866.815250</ele>
        <time>2026-08-02T13:43:59.710Z</time>
      </trkpt>
      <trkpt lat="45.691144" lon="6.677106">
        <ele>1868.058244</ele>
        <time>2026-08-02T13:44:06.621Z</time>
      </trkpt>
      <trkpt lat="45.691192" lon="6.677262">
        <ele>1868.868301</ele>
        <time>2026-08-02T13:44:11.228Z</time>
      </trkpt>
      <trkpt lat="45.691214" lon="6.677310">
        <ele>1869.141118</ele>
        <time>2026-08-02T13:44:12.812Z</time>
      </trkpt>
      <trkpt lat="45.691365" lon="6.677552">
        <ele>1870.540566</ele>
        <time>2026-08-02T13:44:21.825Z</time>
      </trkpt>
      <trkpt lat="45.691971" lon="6.678548">
        <ele>1876.106015</ele>
        <time>2026-08-02T13:44:55.085Z</time>
      </trkpt>
      <trkpt lat="45.692065" lon="6.678744">
        <ele>1877.107776</ele>
        <time>2026-08-02T13:45:01.475Z</time>
      </trkpt>
      <trkpt lat="45.692141" lon="6.678977">
        <ele>1878.191281</ele>
        <time>2026-08-02T13:45:09.388Z</time>
      </trkpt>
      <trkpt lat="45.692282" lon="6.679200">
        <ele>1879.458659</ele>
        <time>2026-08-02T13:45:18.565Z</time>
      </trkpt>
      <trkpt lat="45.692382" lon="6.679279">
        <ele>1880.147613</ele>
        <time>2026-08-02T13:45:23.383Z</time>
      </trkpt>
      <trkpt lat="45.692751" lon="6.679466">
        <ele>1882.851511</ele>
        <time>2026-08-02T13:45:40.078Z</time>
      </trkpt>
      <trkpt lat="45.692884" lon="6.679584">
        <ele>1883.940139</ele>
        <time>2026-08-02T13:45:46.891Z</time>
      </trkpt>
      <trkpt lat="45.693011" lon="6.679794">
        <ele>1885.290059</ele>
        <time>2026-08-02T13:45:55.628Z</time>
      </trkpt>
      <trkpt lat="45.693205" lon="6.680558">
        <ele>1889.240666</ele>
        <time>2026-08-02T13:46:18.970Z</time>
      </trkpt>
      <trkpt lat="45.693270" lon="6.681005">
        <ele>1891.459561</ele>
        <time>2026-08-02T13:46:33.437Z</time>
      </trkpt>
      <trkpt lat="45.693309" lon="6.681337">
        <ele>1893.053426</ele>
        <time>2026-08-02T13:46:44.014Z</time>
      </trkpt>
      <trkpt lat="45.693398" lon="6.681577">
        <ele>1894.192227</ele>
        <time>2026-08-02T13:46:51.432Z</time>
      </trkpt>
      <trkpt lat="45.693544" lon="6.681759">
        <ele>1895.353769</ele>
        <time>2026-08-02T13:47:00.041Z</time>
      </trkpt>
      <trkpt lat="45.693900" lon="6.682158">
        <ele>1898.066469</ele>
        <time>2026-08-02T13:47:18.154Z</time>
      </trkpt>
      <trkpt lat="45.694190" lon="6.682371">
        <ele>1900.022093</ele>
        <time>2026-08-02T13:47:27.253Z</time>
      </trkpt>
      <trkpt lat="45.694244" lon="6.682505">
        <ele>1900.670440</ele>
        <time>2026-08-02T13:47:30.131Z</time>
      </trkpt>
      <trkpt lat="45.694246" lon="6.682665">
        <ele>1901.341096</ele>
        <time>2026-08-02T13:47:34.233Z</time>
      </trkpt>
      <trkpt lat="45.694217" lon="6.682710">
        <ele>1901.597694</ele>
        <time>2026-08-02T13:47:35.656Z</time>
      </trkpt>
      <trkpt lat="45.694136" lon="6.682765">
        <ele>1902.135586</ele>
        <time>2026-08-02T13:47:39.437Z</time>
      </trkpt>
      <trkpt lat="45.694030" lon="6.682758">
        <ele>1902.772263</ele>
        <time>2026-08-02T13:47:43.730Z</time>
      </trkpt>
      <trkpt lat="45.693663" lon="6.682440">
        <ele>1905.689928</ele>
        <time>2026-08-02T13:48:02.378Z</time>
      </trkpt>
      <trkpt lat="45.692635" lon="6.681838">
        <ele>1913.651527</ele>
        <time>2026-08-02T13:48:54.582Z</time>
      </trkpt>
      <trkpt lat="45.692538" lon="6.681758">
        <ele>1914.453975</ele>
        <time>2026-08-02T13:48:59.850Z</time>
      </trkpt>
      <trkpt lat="45.692079" lon="6.681109">
        <ele>1918.302738</ele>
        <time>2026-08-02T13:49:25.592Z</time>
      </trkpt>
      <trkpt lat="45.691617" lon="6.680542">
        <ele>1921.365781</ele>
        <time>2026-08-02T13:49:44.450Z</time>
      </trkpt>
      <trkpt lat="45.691205" lon="6.680170">
        <ele>1923.817609</ele>
        <time>2026-08-02T13:49:59.809Z</time>
      </trkpt>
      <trkpt lat="45.690956" lon="6.679985">
        <ele>1925.229697</ele>
        <time>2026-08-02T13:50:08.968Z</time>
      </trkpt>
      <trkpt lat="45.690689" lon="6.679982">
        <ele>1926.727920</ele>
        <time>2026-08-02T13:50:18.896Z</time>
      </trkpt>
      <trkpt lat="45.690457" lon="6.680106">
        <ele>1928.158150</ele>
        <time>2026-08-02T13:50:29.021Z</time>
      </trkpt>
      <trkpt lat="45.690328" lon="6.680227">
        <ele>1929.048854</ele>
        <time>2026-08-02T13:50:35.460Z</time>
      </trkpt>
      <trkpt lat="45.690173" lon="6.680472">
        <ele>1930.382386</ele>
        <time>2026-08-02T13:50:45.210Z</time>
      </trkpt>
      <trkpt lat="45.690074" lon="6.680786">
        <ele>1931.772222</ele>
        <time>2026-08-02T13:50:55.376Z</time>
      </trkpt>
      <trkpt lat="45.690029" lon="6.681090">
        <ele>1933.025895</ele>
        <time>2026-08-02T13:51:04.391Z</time>
      </trkpt>
      <trkpt lat="45.690045" lon="6.681483">
        <ele>1934.614080</ele>
        <time>2026-08-02T13:51:15.309Z</time>
      </trkpt>
      <trkpt lat="45.690129" lon="6.681789">
        <ele>1935.933174</ele>
        <time>2026-08-02T13:51:22.904Z</time>
      </trkpt>
      <trkpt lat="45.690265" lon="6.681983">
        <ele>1936.722596</ele>
        <time>2026-08-02T13:51:28.830Z</time>
      </trkpt>
      <trkpt lat="45.690734" lon="6.682358">
        <ele>1938.931415</ele>
        <time>2026-08-02T13:51:44.327Z</time>
      </trkpt>
      <trkpt lat="45.690872" lon="6.682513">
        <ele>1939.652637</ele>
        <time>2026-08-02T13:51:49.421Z</time>
      </trkpt>
      <trkpt lat="45.690970" lon="6.682732">
        <ele>1940.399645</ele>
        <time>2026-08-02T13:51:54.875Z</time>
      </trkpt>
      <trkpt lat="45.691215" lon="6.683458">
        <ele>1942.715431</ele>
        <time>2026-08-02T13:52:12.514Z</time>
      </trkpt>
      <trkpt lat="45.691496" lon="6.683828">
        <ele>1944.297700</ele>
        <time>2026-08-02T13:52:24.817Z</time>
      </trkpt>
      <trkpt lat="45.691562" lon="6.684041">
        <ele>1944.975517</ele>
        <time>2026-08-02T13:52:30.069Z</time>
      </trkpt>
      <trkpt lat="45.691572" lon="6.684161">
        <ele>1945.327058</ele>
        <time>2026-08-02T13:52:32.797Z</time>
      </trkpt>
      <trkpt lat="45.691534" lon="6.684337">
        <ele>1945.862919</ele>
        <time>2026-08-02T13:52:36.934Z</time>
      </trkpt>
      <trkpt lat="45.691263" lon="6.684805">
        <ele>1947.631224</ele>
        <time>2026-08-02T13:52:50.360Z</time>
      </trkpt>
      <trkpt lat="45.691193" lon="6.685072">
        <ele>1948.460802</ele>
        <time>2026-08-02T13:52:56.421Z</time>
      </trkpt>
      <trkpt lat="45.691052" lon="6.686740">
        <ele>1953.331481</ele>
        <time>2026-08-02T13:53:32.868Z</time>
      </trkpt>
      <trkpt lat="45.691048" lon="6.686849">
        <ele>1953.646898</ele>
        <time>2026-08-02T13:53:35.402Z</time>
      </trkpt>
      <trkpt lat="45.691099" lon="6.687069">
        <ele>1954.316739</ele>
        <time>2026-08-02T13:53:40.644Z</time>
      </trkpt>
      <trkpt lat="45.691157" lon="6.687158">
        <ele>1954.668474</ele>
        <time>2026-08-02T13:53:43.342Z</time>
      </trkpt>
      <trkpt lat="45.691342" lon="6.687335">
        <ele>1955.588990</ele>
        <time>2026-08-02T13:53:50.264Z</time>
      </trkpt>
      <trkpt lat="45.691403" lon="6.687434">
        <ele>1955.970468</ele>
        <time>2026-08-02T13:53:53.024Z</time>
      </trkpt>
      <trkpt lat="45.691456" lon="6.687676">
        <ele>1956.703351</ele>
        <time>2026-08-02T13:53:58.421Z</time>
      </trkpt>
      <trkpt lat="45.691436" lon="6.687917">
        <ele>1957.404674</ele>
        <time>2026-08-02T13:54:03.590Z</time>
      </trkpt>
      <trkpt lat="45.691325" lon="6.688229">
        <ele>1958.426483</ele>
        <time>2026-08-02T13:54:11.072Z</time>
      </trkpt>
      <trkpt lat="45.691303" lon="6.688364">
        <ele>1958.850010</ele>
        <time>2026-08-02T13:54:14.205Z</time>
      </trkpt>
      <trkpt lat="45.691345" lon="6.688918">
        <ele>1960.552532</ele>
        <time>2026-08-02T13:54:27.440Z</time>
      </trkpt>
      <trkpt lat="45.691206" lon="6.689530">
        <ele>1962.518672</ele>
        <time>2026-08-02T13:54:43.243Z</time>
      </trkpt>
      <trkpt lat="45.691200" lon="6.689759">
        <ele>1963.218807</ele>
        <time>2026-08-02T13:54:49.116Z</time>
      </trkpt>
      <trkpt lat="45.691215" lon="6.689905">
        <ele>1963.669666</ele>
        <time>2026-08-02T13:54:53.077Z</time>
      </trkpt>
      <trkpt lat="45.691267" lon="6.690235">
        <ele>1964.703219</ele>
        <time>2026-08-02T13:55:01.884Z</time>
      </trkpt>
      <trkpt lat="45.691329" lon="6.690625">
        <ele>1965.925216</ele>
        <time>2026-08-02T13:55:11.751Z</time>
      </trkpt>
      <trkpt lat="45.691470" lon="6.691396">
        <ele>1963.289698</ele>
        <time>2026-08-02T13:55:23.501Z</time>
      </trkpt>
      <trkpt lat="45.691587" lon="6.691851">
        <ele>1961.435116</ele>
        <time>2026-08-02T13:55:26.886Z</time>
      </trkpt>
      <trkpt lat="45.691663" lon="6.692056">
        <ele>1960.547384</ele>
        <time>2026-08-02T13:55:28.351Z</time>
      </trkpt>
      <trkpt lat="45.691769" lon="6.692230">
        <ele>1959.664270</ele>
        <time>2026-08-02T13:55:29.771Z</time>
      </trkpt>
      <trkpt lat="45.691883" lon="6.692340">
        <ele>1958.911455</ele>
        <time>2026-08-02T13:55:30.960Z</time>
      </trkpt>
      <trkpt lat="45.692083" lon="6.692434">
        <ele>1957.758755</ele>
        <time>2026-08-02T13:55:32.746Z</time>
      </trkpt>
      <trkpt lat="45.692849" lon="6.692515">
        <ele>1950.110871</ele>
        <time>2026-08-02T13:55:39.146Z</time>
      </trkpt>
      <trkpt lat="45.693002" lon="6.692595">
        <ele>1948.084657</ele>
        <time>2026-08-02T13:55:40.504Z</time>
      </trkpt>
      <trkpt lat="45.693160" lon="6.692748">
        <ele>1945.711825</ele>
        <time>2026-08-02T13:55:42.092Z</time>
      </trkpt>
      <trkpt lat="45.693322" lon="6.692994">
        <ele>1942.774152</ele>
        <time>2026-08-02T13:55:44.082Z</time>
      </trkpt>
      <trkpt lat="45.693509" lon="6.693359">
        <ele>1938.841033</ele>
        <time>2026-08-02T13:55:46.756Z</time>
      </trkpt>
      <trkpt lat="45.693696" lon="6.693762">
        <ele>1934.637144</ele>
        <time>2026-08-02T13:55:49.636Z</time>
      </trkpt>
      <trkpt lat="45.693799" lon="6.694074">
        <ele>1932.223511</ele>
        <time>2026-08-02T13:55:51.715Z</time>
      </trkpt>
      <trkpt lat="45.693860" lon="6.694394">
        <ele>1930.091725</ele>
        <time>2026-08-02T13:55:53.715Z</time>
      </trkpt>
      <trkpt lat="45.693897" lon="6.695115">
        <ele>1925.445520</ele>
        <time>2026-08-02T13:55:58.095Z</time>
      </trkpt>
      <trkpt lat="45.693778" lon="6.696299">
        <ele>1917.757824</ele>
        <time>2026-08-02T13:56:05.409Z</time>
      </trkpt>
      <trkpt lat="45.693676" lon="6.696788">
        <ele>1914.831279</ele>
        <time>2026-08-02T13:56:08.544Z</time>
      </trkpt>
      <trkpt lat="45.693499" lon="6.697436">
        <ele>1910.912399</ele>
        <time>2026-08-02T13:56:12.835Z</time>
      </trkpt>
      <trkpt lat="45.693341" lon="6.697856">
        <ele>1908.225557</ele>
        <time>2026-08-02T13:56:15.791Z</time>
      </trkpt>
      <trkpt lat="45.692229" lon="6.700502">
        <ele>1890.617071</ele>
        <time>2026-08-02T13:56:34.830Z</time>
      </trkpt>
      <trkpt lat="45.692171" lon="6.700716">
        <ele>1889.300933</ele>
        <time>2026-08-02T13:56:36.235Z</time>
      </trkpt>
      <trkpt lat="45.692119" lon="6.701121">
        <ele>1886.859822</ele>
        <time>2026-08-02T13:56:38.746Z</time>
      </trkpt>
      <trkpt lat="45.692119" lon="6.701547">
        <ele>1884.243994</ele>
        <time>2026-08-02T13:56:41.335Z</time>
      </trkpt>
      <trkpt lat="45.692174" lon="6.701967">
        <ele>1881.620081</ele>
        <time>2026-08-02T13:56:43.916Z</time>
      </trkpt>
      <trkpt lat="45.692587" lon="6.703157">
        <ele>1873.460755</ele>
        <time>2026-08-02T13:56:52.001Z</time>
      </trkpt>
      <trkpt lat="45.692824" lon="6.704022">
        <ele>1868.377305</ele>
        <time>2026-08-02T13:56:57.730Z</time>
      </trkpt>
      <trkpt lat="45.692881" lon="6.704256">
        <ele>1867.065839</ele>
        <time>2026-08-02T13:56:59.269Z</time>
      </trkpt>
      <trkpt lat="45.692977" lon="6.704786">
        <ele>1864.168318</ele>
        <time>2026-08-02T13:57:02.713Z</time>
      </trkpt>
      <trkpt lat="45.693898" lon="6.712611">
        <ele>1822.680430</ele>
        <time>2026-08-02T13:57:52.182Z</time>
      </trkpt>
      <trkpt lat="45.694041" lon="6.713309">
        <ele>1818.690436</ele>
        <time>2026-08-02T13:57:56.625Z</time>
      </trkpt>
      <trkpt lat="45.694320" lon="6.714100">
        <ele>1813.533269</ele>
        <time>2026-08-02T13:58:02.023Z</time>
      </trkpt>
      <trkpt lat="45.694447" lon="6.714622">
        <ele>1810.290385</ele>
        <time>2026-08-02T13:58:05.335Z</time>
      </trkpt>
      <trkpt lat="45.694478" lon="6.715076">
        <ele>1807.614204</ele>
        <time>2026-08-02T13:58:08.100Z</time>
      </trkpt>
      <trkpt lat="45.694447" lon="6.715333">
        <ele>1806.084143</ele>
        <time>2026-08-02T13:58:09.702Z</time>
      </trkpt>
      <trkpt lat="45.694386" lon="6.715561">
        <ele>1804.651766</ele>
        <time>2026-08-02T13:58:11.235Z</time>
      </trkpt>
      <trkpt lat="45.694311" lon="6.715883">
        <ele>1802.756597</ele>
        <time>2026-08-02T13:58:13.391Z</time>
      </trkpt>
      <trkpt lat="45.694307" lon="6.716012">
        <ele>1802.222718</ele>
        <time>2026-08-02T13:58:14.233Z</time>
      </trkpt>
      <trkpt lat="45.694336" lon="6.716176">
        <ele>1801.523266</ele>
        <time>2026-08-02T13:58:15.338Z</time>
      </trkpt>
      <trkpt lat="45.694458" lon="6.716424">
        <ele>1800.269128</ele>
        <time>2026-08-02T13:58:17.342Z</time>
      </trkpt>
      <trkpt lat="45.694663" lon="6.716630">
        <ele>1798.786610</ele>
        <time>2026-08-02T13:58:19.730Z</time>
      </trkpt>
      <trkpt lat="45.694746" lon="6.716657">
        <ele>1798.282789</ele>
        <time>2026-08-02T13:58:20.526Z</time>
      </trkpt>
      <trkpt lat="45.694843" lon="6.716640">
        <ele>1797.704335</ele>
        <time>2026-08-02T13:58:21.447Z</time>
      </trkpt>
      <trkpt lat="45.695305" lon="6.716392">
        <ele>1794.783736</ele>
        <time>2026-08-02T13:58:26.090Z</time>
      </trkpt>
      <trkpt lat="45.695507" lon="6.716324">
        <ele>1793.555438</ele>
        <time>2026-08-02T13:58:27.985Z</time>
      </trkpt>
      <trkpt lat="45.695688" lon="6.716371">
        <ele>1792.466574</ele>
        <time>2026-08-02T13:58:29.634Z</time>
      </trkpt>
      <trkpt lat="45.695810" lon="6.716494">
        <ele>1791.527891</ele>
        <time>2026-08-02T13:58:30.952Z</time>
      </trkpt>
      <trkpt lat="45.695875" lon="6.716676">
        <ele>1790.620800</ele>
        <time>2026-08-02T13:58:32.200Z</time>
      </trkpt>
      <trkpt lat="45.695870" lon="6.716824">
        <ele>1789.963273</ele>
        <time>2026-08-02T13:58:33.110Z</time>
      </trkpt>
      <trkpt lat="45.695732" lon="6.717192">
        <ele>1788.109774</ele>
        <time>2026-08-02T13:58:35.707Z</time>
      </trkpt>
      <trkpt lat="45.695687" lon="6.717393">
        <ele>1787.173123</ele>
        <time>2026-08-02T13:58:37.019Z</time>
      </trkpt>
      <trkpt lat="45.695738" lon="6.718085">
        <ele>1784.085277</ele>
        <time>2026-08-02T13:58:41.386Z</time>
      </trkpt>
      <trkpt lat="45.695843" lon="6.718411">
        <ele>1782.492230</ele>
        <time>2026-08-02T13:58:43.713Z</time>
      </trkpt>
      <trkpt lat="45.696014" lon="6.718614">
        <ele>1781.080928</ele>
        <time>2026-08-02T13:58:45.865Z</time>
      </trkpt>
      <trkpt lat="45.697174" lon="6.719331">
        <ele>1775.209335</ele>
        <time>2026-08-02T13:58:58.554Z</time>
      </trkpt>
      <trkpt lat="45.697323" lon="6.719509">
        <ele>1774.314639</ele>
        <time>2026-08-02T13:59:00.322Z</time>
      </trkpt>
      <trkpt lat="45.697392" lon="6.719758">
        <ele>1773.452005</ele>
        <time>2026-08-02T13:59:02.003Z</time>
      </trkpt>
      <trkpt lat="45.697403" lon="6.719938">
        <ele>1772.870153</ele>
        <time>2026-08-02T13:59:03.144Z</time>
      </trkpt>
      <trkpt lat="45.697387" lon="6.720307">
        <ele>1771.616070</ele>
        <time>2026-08-02T13:59:05.480Z</time>
      </trkpt>
      <trkpt lat="45.697333" lon="6.720770">
        <ele>1770.002287</ele>
        <time>2026-08-02T13:59:08.478Z</time>
      </trkpt>
      <trkpt lat="45.697317" lon="6.720910">
        <ele>1769.514581</ele>
        <time>2026-08-02T13:59:09.388Z</time>
      </trkpt>
      <trkpt lat="45.697269" lon="6.721288">
        <ele>1768.193754</ele>
        <time>2026-08-02T13:59:11.879Z</time>
      </trkpt>
      <trkpt lat="45.697275" lon="6.721548">
        <ele>1767.299413</ele>
        <time>2026-08-02T13:59:13.595Z</time>
      </trkpt>
      <trkpt lat="45.697332" lon="6.721687">
        <ele>1766.745270</ele>
        <time>2026-08-02T13:59:14.659Z</time>
      </trkpt>
      <trkpt lat="45.697555" lon="6.721958">
        <ele>1765.305537</ele>
        <time>2026-08-02T13:59:17.480Z</time>
      </trkpt>
      <trkpt lat="45.697634" lon="6.722091">
        <ele>1764.705310</ele>
        <time>2026-08-02T13:59:18.684Z</time>
      </trkpt>
      <trkpt lat="45.697685" lon="6.722268">
        <ele>1764.047060</ele>
        <time>2026-08-02T13:59:20.008Z</time>
      </trkpt>
      <trkpt lat="45.697707" lon="6.722518">
        <ele>1763.225565</ele>
        <time>2026-08-02T13:59:21.810Z</time>
      </trkpt>
      <trkpt lat="45.697662" lon="6.722783">
        <ele>1762.359676</ele>
        <time>2026-08-02T13:59:23.881Z</time>
      </trkpt>
      <trkpt lat="45.697412" lon="6.723414">
        <ele>1760.056350</ele>
        <time>2026-08-02T13:59:29.616Z</time>
      </trkpt>
      <trkpt lat="45.697397" lon="6.723732">
        <ele>1759.044391</ele>
        <time>2026-08-02T13:59:32.044Z</time>
      </trkpt>
      <trkpt lat="45.697442" lon="6.723912">
        <ele>1758.437379</ele>
        <time>2026-08-02T13:59:33.391Z</time>
      </trkpt>
      <trkpt lat="45.697517" lon="6.724062">
        <ele>1757.851669</ele>
        <time>2026-08-02T13:59:34.621Z</time>
      </trkpt>
      <trkpt lat="45.697911" lon="6.724544">
        <ele>1755.333371</ele>
        <time>2026-08-02T13:59:39.240Z</time>
      </trkpt>
      <trkpt lat="45.698035" lon="6.724734">
        <ele>1753.082490</ele>
        <time>2026-08-02T13:59:40.804Z</time>
      </trkpt>
      <trkpt lat="45.698093" lon="6.724949">
        <ele>1751.087467</ele>
        <time>2026-08-02T13:59:42.174Z</time>
      </trkpt>
      <trkpt lat="45.698093" lon="6.725040">
        <ele>1750.299776</ele>
        <time>2026-08-02T13:59:42.710Z</time>
      </trkpt>
      <trkpt lat="45.698045" lon="6.725196">
        <ele>1748.824221</ele>
        <time>2026-08-02T13:59:43.715Z</time>
      </trkpt>
      <trkpt lat="45.697966" lon="6.725289">
        <ele>1747.556701</ele>
        <time>2026-08-02T13:59:44.577Z</time>
      </trkpt>
      <trkpt lat="45.697890" lon="6.725327">
        <ele>1746.559031</ele>
        <time>2026-08-02T13:59:45.248Z</time>
      </trkpt>
      <trkpt lat="45.697690" lon="6.725306">
        <ele>1744.073720</ele>
        <time>2026-08-02T13:59:46.927Z</time>
      </trkpt>
      <trkpt lat="45.697284" lon="6.725166">
        <ele>1738.898178</ele>
        <time>2026-08-02T13:59:50.399Z</time>
      </trkpt>
      <trkpt lat="45.697152" lon="6.725084">
        <ele>1737.114917</ele>
        <time>2026-08-02T13:59:51.590Z</time>
      </trkpt>
      <trkpt lat="45.697066" lon="6.724965">
        <ele>1735.632678</ele>
        <time>2026-08-02T13:59:52.578Z</time>
      </trkpt>
      <trkpt lat="45.696807" lon="6.724276">
        <ele>1729.813897</ele>
        <time>2026-08-02T13:59:57.159Z</time>
      </trkpt>
      <trkpt lat="45.696070" lon="6.722663">
        <ele>1716.715601</ele>
        <time>2026-08-02T14:00:08.904Z</time>
      </trkpt>
      <trkpt lat="45.696005" lon="6.722570">
        <ele>1715.821536</ele>
        <time>2026-08-02T14:00:09.736Z</time>
      </trkpt>
      <trkpt lat="45.695901" lon="6.722547">
        <ele>1715.002937</ele>
        <time>2026-08-02T14:00:10.684Z</time>
      </trkpt>
      <trkpt lat="45.695842" lon="6.722614">
        <ele>1714.420407</ele>
        <time>2026-08-02T14:00:11.373Z</time>
      </trkpt>
      <trkpt lat="45.695829" lon="6.722733">
        <ele>1713.769633</ele>
        <time>2026-08-02T14:00:12.134Z</time>
      </trkpt>
      <trkpt lat="45.696027" lon="6.723176">
        <ele>1710.928003</ele>
        <time>2026-08-02T14:00:15.473Z</time>
      </trkpt>
      <trkpt lat="45.696093" lon="6.723474">
        <ele>1709.238909</ele>
        <time>2026-08-02T14:00:17.452Z</time>
      </trkpt>
      <trkpt lat="45.696106" lon="6.723734">
        <ele>1707.830540</ele>
        <time>2026-08-02T14:00:19.090Z</time>
      </trkpt>
      <trkpt lat="45.696088" lon="6.724516">
        <ele>1703.603118</ele>
        <time>2026-08-02T14:00:23.960Z</time>
      </trkpt>
      <trkpt lat="45.696110" lon="6.725073">
        <ele>1700.279131</ele>
        <time>2026-08-02T14:00:27.347Z</time>
      </trkpt>
      <trkpt lat="45.696148" lon="6.725507">
        <ele>1697.351546</ele>
        <time>2026-08-02T14:00:29.934Z</time>
      </trkpt>
      <trkpt lat="45.696215" lon="6.725763">
        <ele>1695.521747</ele>
        <time>2026-08-02T14:00:31.549Z</time>
      </trkpt>
      <trkpt lat="45.696338" lon="6.726244">
        <ele>1692.093342</ele>
        <time>2026-08-02T14:00:34.574Z</time>
      </trkpt>
      <trkpt lat="45.696353" lon="6.726384">
        <ele>1691.145336</ele>
        <time>2026-08-02T14:00:35.414Z</time>
      </trkpt>
      <trkpt lat="45.696340" lon="6.726618">
        <ele>1689.574186</ele>
        <time>2026-08-02T14:00:36.825Z</time>
      </trkpt>
      <trkpt lat="45.696277" lon="6.726748">
        <ele>1688.515145</ele>
        <time>2026-08-02T14:00:37.791Z</time>
      </trkpt>
      <trkpt lat="45.696208" lon="6.726782">
        <ele>1687.815870</ele>
        <time>2026-08-02T14:00:38.430Z</time>
      </trkpt>
      <trkpt lat="45.696104" lon="6.726745">
        <ele>1686.788955</ele>
        <time>2026-08-02T14:00:39.375Z</time>
      </trkpt>
      <trkpt lat="45.696053" lon="6.726654">
        <ele>1686.008040</ele>
        <time>2026-08-02T14:00:40.106Z</time>
      </trkpt>
      <trkpt lat="45.695938" lon="6.725988">
        <ele>1684.210831</ele>
        <time>2026-08-02T14:00:44.442Z</time>
      </trkpt>
      <trkpt lat="45.695782" lon="6.725461">
        <ele>1683.690677</ele>
        <time>2026-08-02T14:00:48.388Z</time>
      </trkpt>
      <trkpt lat="45.695554" lon="6.724902">
        <ele>1683.102403</ele>
        <time>2026-08-02T14:00:54.427Z</time>
      </trkpt>
      <trkpt lat="45.695259" lon="6.724379">
        <ele>1682.491487</ele>
        <time>2026-08-02T14:01:06.006Z</time>
      </trkpt>
      <trkpt lat="45.695174" lon="6.724137">
        <ele>1682.406181</ele>
        <time>2026-08-02T14:01:11.582Z</time>
      </trkpt>
      <trkpt lat="45.695188" lon="6.723845">
        <ele>1682.804851</ele>
        <time>2026-08-02T14:01:18.023Z</time>
      </trkpt>
      <trkpt lat="45.695293" lon="6.723444">
        <ele>1683.388172</ele>
        <time>2026-08-02T14:01:29.189Z</time>
      </trkpt>
      <trkpt lat="45.695310" lon="6.723275">
        <ele>1683.620742</ele>
        <time>2026-08-02T14:01:33.973Z</time>
      </trkpt>
      <trkpt lat="45.695297" lon="6.723088">
        <ele>1683.876713</ele>
        <time>2026-08-02T14:01:38.746Z</time>
      </trkpt>
      <trkpt lat="45.695186" lon="6.722479">
        <ele>1684.734009</ele>
        <time>2026-08-02T14:01:49.297Z</time>
      </trkpt>
      <trkpt lat="45.695126" lon="6.722335">
        <ele>1684.962400</ele>
        <time>2026-08-02T14:01:50.924Z</time>
      </trkpt>
      <trkpt lat="45.694953" lon="6.722087">
        <ele>1685.439818</ele>
        <time>2026-08-02T14:01:54.152Z</time>
      </trkpt>
      <trkpt lat="45.694863" lon="6.722034">
        <ele>1685.629595</ele>
        <time>2026-08-02T14:01:55.442Z</time>
      </trkpt>
      <trkpt lat="45.694719" lon="6.722047">
        <ele>1685.501791</ele>
        <time>2026-08-02T14:01:57.097Z</time>
      </trkpt>
      <trkpt lat="45.694674" lon="6.722075">
        <ele>1685.179749</ele>
        <time>2026-08-02T14:01:57.605Z</time>
      </trkpt>
      <trkpt lat="45.694499" lon="6.722216">
        <ele>1683.861751</ele>
        <time>2026-08-02T14:01:59.659Z</time>
      </trkpt>
      <trkpt lat="45.694364" lon="6.722394">
        <ele>1682.657171</ele>
        <time>2026-08-02T14:02:01.452Z</time>
      </trkpt>
      <trkpt lat="45.694265" lon="6.722578">
        <ele>1681.592384</ele>
        <time>2026-08-02T14:02:02.968Z</time>
      </trkpt>
      <trkpt lat="45.694132" lon="6.722946">
        <ele>1679.692840</ele>
        <time>2026-08-02T14:02:05.542Z</time>
      </trkpt>
      <trkpt lat="45.693960" lon="6.723301">
        <ele>1677.712143</ele>
        <time>2026-08-02T14:02:08.141Z</time>
      </trkpt>
      <trkpt lat="45.693887" lon="6.723646">
        <ele>1676.059515</ele>
        <time>2026-08-02T14:02:10.337Z</time>
      </trkpt>
      <trkpt lat="45.693894" lon="6.724038">
        <ele>1674.261807</ele>
        <time>2026-08-02T14:02:12.751Z</time>
      </trkpt>
      <trkpt lat="45.693984" lon="6.724839">
        <ele>1668.529807</ele>
        <time>2026-08-02T14:02:17.679Z</time>
      </trkpt>
      <trkpt lat="45.694049" lon="6.725892">
        <ele>1660.872320</ele>
        <time>2026-08-02T14:02:23.958Z</time>
      </trkpt>
      <trkpt lat="45.694024" lon="6.726499">
        <ele>1656.467676</ele>
        <time>2026-08-02T14:02:27.565Z</time>
      </trkpt>
      <trkpt lat="45.693970" lon="6.726921">
        <ele>1653.650200</ele>
        <time>2026-08-02T14:02:30.111Z</time>
      </trkpt>
      <trkpt lat="45.693639" lon="6.728710">
        <ele>1642.190975</ele>
        <time>2026-08-02T14:02:41.378Z</time>
      </trkpt>
      <trkpt lat="45.693541" lon="6.729711">
        <ele>1636.117137</ele>
        <time>2026-08-02T14:02:47.794Z</time>
      </trkpt>
      <trkpt lat="45.693316" lon="6.730926">
        <ele>1628.747143</ele>
        <time>2026-08-02T14:02:55.585Z</time>
      </trkpt>
      <trkpt lat="45.693310" lon="6.731128">
        <ele>1627.561688</ele>
        <time>2026-08-02T14:02:56.809Z</time>
      </trkpt>
      <trkpt lat="45.693379" lon="6.731740">
        <ele>1623.794147</ele>
        <time>2026-08-02T14:03:00.529Z</time>
      </trkpt>
      <trkpt lat="45.693351" lon="6.731899">
        <ele>1622.505102</ele>
        <time>2026-08-02T14:03:01.506Z</time>
      </trkpt>
      <trkpt lat="45.693286" lon="6.731993">
        <ele>1621.465293</ele>
        <time>2026-08-02T14:03:02.294Z</time>
      </trkpt>
      <trkpt lat="45.692729" lon="6.732323">
        <ele>1614.680976</ele>
        <time>2026-08-02T14:03:07.389Z</time>
      </trkpt>
      <trkpt lat="45.692323" lon="6.732387">
        <ele>1610.084051</ele>
        <time>2026-08-02T14:03:10.848Z</time>
      </trkpt>
      <trkpt lat="45.691621" lon="6.732567">
        <ele>1602.165717</ele>
        <time>2026-08-02T14:03:16.921Z</time>
      </trkpt>
      <trkpt lat="45.691086" lon="6.732583">
        <ele>1596.465934</ele>
        <time>2026-08-02T14:03:21.496Z</time>
      </trkpt>
      <trkpt lat="45.690797" lon="6.732625">
        <ele>1593.371837</ele>
        <time>2026-08-02T14:03:23.988Z</time>
      </trkpt>
      <trkpt lat="45.690493" lon="6.732706">
        <ele>1590.078181</ele>
        <time>2026-08-02T14:03:26.636Z</time>
      </trkpt>
      <trkpt lat="45.690119" lon="6.732861">
        <ele>1585.930952</ele>
        <time>2026-08-02T14:03:29.963Z</time>
      </trkpt>
      <trkpt lat="45.689754" lon="6.732894">
        <ele>1582.583175</ele>
        <time>2026-08-02T14:03:33.092Z</time>
      </trkpt>
      <trkpt lat="45.688991" lon="6.733081">
        <ele>1575.905970</ele>
        <time>2026-08-02T14:03:39.735Z</time>
      </trkpt>
      <trkpt lat="45.688770" lon="6.733055">
        <ele>1573.993253</ele>
        <time>2026-08-02T14:03:41.671Z</time>
      </trkpt>
      <trkpt lat="45.688291" lon="6.732844">
        <ele>1569.670327</ele>
        <time>2026-08-02T14:03:46.197Z</time>
      </trkpt>
      <trkpt lat="45.687964" lon="6.732772">
        <ele>1568.276160</ele>
        <time>2026-08-02T14:03:49.419Z</time>
      </trkpt>
      <trkpt lat="45.687734" lon="6.732808">
        <ele>1567.407576</ele>
        <time>2026-08-02T14:03:51.893Z</time>
      </trkpt>
      <trkpt lat="45.686543" lon="6.733137">
        <ele>1562.853980</ele>
        <time>2026-08-02T14:04:04.659Z</time>
      </trkpt>
      <trkpt lat="45.686298" lon="6.733265">
        <ele>1561.169405</ele>
        <time>2026-08-02T14:04:07.090Z</time>
      </trkpt>
      <trkpt lat="45.686153" lon="6.733403">
        <ele>1559.919773</ele>
        <time>2026-08-02T14:04:08.675Z</time>
      </trkpt>
      <trkpt lat="45.686025" lon="6.733578">
        <ele>1558.649479</ele>
        <time>2026-08-02T14:04:10.268Z</time>
      </trkpt>
      <trkpt lat="45.685934" lon="6.733762">
        <ele>1557.519206</ele>
        <time>2026-08-02T14:04:11.662Z</time>
      </trkpt>
      <trkpt lat="45.685866" lon="6.734089">
        <ele>1555.808671</ele>
        <time>2026-08-02T14:04:13.751Z</time>
      </trkpt>
      <trkpt lat="45.685856" lon="6.734184">
        <ele>1555.327003</ele>
        <time>2026-08-02T14:04:14.337Z</time>
      </trkpt>
      <trkpt lat="45.685855" lon="6.734935">
        <ele>1551.561790</ele>
        <time>2026-08-02T14:04:18.899Z</time>
      </trkpt>
      <trkpt lat="45.685796" lon="6.735396">
        <ele>1549.266758</ele>
        <time>2026-08-02T14:04:21.809Z</time>
      </trkpt>
      <trkpt lat="45.685684" lon="6.735725">
        <ele>1547.621845</ele>
        <time>2026-08-02T14:04:24.121Z</time>
      </trkpt>
      <trkpt lat="45.685509" lon="6.736106">
        <ele>1545.572466</ele>
        <time>2026-08-02T14:04:27.008Z</time>
      </trkpt>
      <trkpt lat="45.685148" lon="6.736714">
        <ele>1541.986144</ele>
        <time>2026-08-02T14:04:32.113Z</time>
      </trkpt>
      <trkpt lat="45.685210" lon="6.736767">
        <ele>1541.521544</ele>
        <time>2026-08-02T14:04:32.774Z</time>
      </trkpt>
      <trkpt lat="45.685284" lon="6.736775">
        <ele>1541.044099</ele>
        <time>2026-08-02T14:04:33.460Z</time>
      </trkpt>
      <trkpt lat="45.685584" lon="6.736527">
        <ele>1538.815271</ele>
        <time>2026-08-02T14:04:36.608Z</time>
      </trkpt>
      <trkpt lat="45.685849" lon="6.736376">
        <ele>1537.567520</ele>
        <time>2026-08-02T14:04:39.223Z</time>
      </trkpt>
      <trkpt lat="45.686222" lon="6.736213">
        <ele>1536.298469</ele>
        <time>2026-08-02T14:04:42.863Z</time>
      </trkpt>
      <trkpt lat="45.686603" lon="6.736118">
        <ele>1535.040017</ele>
        <time>2026-08-02T14:04:46.611Z</time>
      </trkpt>
      <trkpt lat="45.688846" lon="6.735680">
        <ele>1531.648987</ele>
        <time>2026-08-02T14:05:14.069Z</time>
      </trkpt>
      <trkpt lat="45.689724" lon="6.735509">
        <ele>1532.434135</ele>
        <time>2026-08-02T14:05:31.644Z</time>
      </trkpt>
      <trkpt lat="45.690528" lon="6.735362">
        <ele>1533.946440</ele>
        <time>2026-08-02T14:05:50.743Z</time>
      </trkpt>
      <trkpt lat="45.690863" lon="6.735301">
        <ele>1534.576525</ele>
        <time>2026-08-02T14:05:59.139Z</time>
      </trkpt>
      <trkpt lat="45.691044" lon="6.735268">
        <ele>1534.949047</ele>
        <time>2026-08-02T14:06:03.707Z</time>
      </trkpt>
      <trkpt lat="45.691339" lon="6.735214">
        <ele>1535.711105</ele>
        <time>2026-08-02T14:06:11.162Z</time>
      </trkpt>
      <trkpt lat="45.692594" lon="6.734510">
        <ele>1539.164956</ele>
        <time>2026-08-02T14:06:44.404Z</time>
      </trkpt>
      <trkpt lat="45.692786" lon="6.734446">
        <ele>1539.647067</ele>
        <time>2026-08-02T14:06:49.529Z</time>
      </trkpt>
      <trkpt lat="45.693221" lon="6.734439">
        <ele>1540.650295</ele>
        <time>2026-08-02T14:07:01.478Z</time>
      </trkpt>
      <trkpt lat="45.693430" lon="6.734319">
        <ele>1541.169592</ele>
        <time>2026-08-02T14:07:08.031Z</time>
      </trkpt>
      <trkpt lat="45.693619" lon="6.734154">
        <ele>1541.680095</ele>
        <time>2026-08-02T14:07:14.116Z</time>
      </trkpt>
      <trkpt lat="45.693964" lon="6.733760">
        <ele>1542.697834</ele>
        <time>2026-08-02T14:07:24.626Z</time>
      </trkpt>
      <trkpt lat="45.694277" lon="6.733246">
        <ele>1543.587746</ele>
        <time>2026-08-02T14:07:34.422Z</time>
      </trkpt>
      <trkpt lat="45.694356" lon="6.733202">
        <ele>1543.587746</ele>
        <time>2026-08-02T14:07:35.837Z</time>
      </trkpt>
      <trkpt lat="45.694405" lon="6.733210">
        <ele>1543.587746</ele>
        <time>2026-08-02T14:07:36.695Z</time>
      </trkpt>
      <trkpt lat="45.694479" lon="6.733229">
        <ele>1543.587746</ele>
        <time>2026-08-02T14:07:37.817Z</time>
      </trkpt>
      <trkpt lat="45.695205" lon="6.733405">
        <ele>1543.587746</ele>
        <time>2026-08-02T14:07:46.950Z</time>
      </trkpt>
      <trkpt lat="45.695326" lon="6.733473">
        <ele>1543.587746</ele>
        <time>2026-08-02T14:07:48.435Z</time>
      </trkpt>
      <trkpt lat="45.695223" lon="6.733672">
        <ele>1543.587746</ele>
        <time>2026-08-02T14:08:06.529Z</time>
      </trkpt>
      <trkpt lat="45.695144" lon="6.733942">
        <ele>1543.587746</ele>
        <time>2026-08-02T14:08:28.276Z</time>
      </trkpt>
      <trkpt lat="45.695085" lon="6.734193">
        <ele>1543.587746</ele>
        <time>2026-08-02T14:08:48.057Z</time>
      </trkpt>
      <trkpt lat="45.695423" lon="6.734409">
        <ele>1543.587746</ele>
        <time>2026-08-02T14:09:28.182Z</time>
      </trkpt>
    </trkseg>
  </trk>
</gpx>