<?xml version='1.0' encoding='UTF-8'?>
<gpx version="1.1" creator="https://www.komoot.de" xmlns="http://www.topografix.com/GPX/1/1" xmlns:xsi="http://www.w3.org/2001/XMLSchema-instance" xsi:schemaLocation="http://www.topografix.com/GPX/1/1 http://www.topografix.com/GPX/1/1/gpx.xsd">
  <metadata>
    <name>TDL2016- HERLAZ- CUNEO - Tag 1</name>
    <author>
      <link href="https://www.komoot.de">
        <text>komoot</text>
        <type>text/html</type>
      </link>
    </author>
  </metadata>
  <wpt lat="47.778518" lon="10.041869">
    <name>Historisches Zentrum von Urlau</name>
    <sym>Flag, Blue</sym>
  </wpt>
  <wpt lat="46.786655" lon="9.297331">
    <name>Camping Carrera</name>
    <sym>Campground</sym>
  </wpt>
  <trk>
    <name>TDL2016- HERLAZ- CUNEO - Tag 1</name>
    <type>racebike</type>
    <trkseg>
      <trkpt lat="47.778515" lon="10.041898">
        <ele>686.656411</ele>
        <time>2026-07-30T05:31:28.137Z</time>
      </trkpt>
      <trkpt lat="47.778470" lon="10.041888">
        <ele>686.656411</ele>
        <time>2026-07-30T05:31:28.923Z</time>
      </trkpt>
      <trkpt lat="47.777751" lon="10.041702">
        <ele>686.656411</ele>
        <time>2026-07-30T05:31:41.344Z</time>
      </trkpt>
      <trkpt lat="47.777597" lon="10.041654">
        <ele>686.694377</ele>
        <time>2026-07-30T05:31:44.092Z</time>
      </trkpt>
      <trkpt lat="47.777549" lon="10.041637">
        <ele>686.750626</ele>
        <time>2026-07-30T05:31:44.997Z</time>
      </trkpt>
      <trkpt lat="47.777269" lon="10.041469">
        <ele>687.094800</ele>
        <time>2026-07-30T05:31:50.597Z</time>
      </trkpt>
      <trkpt lat="47.777034" lon="10.041389">
        <ele>687.369624</ele>
        <time>2026-07-30T05:31:55.207Z</time>
      </trkpt>
      <trkpt lat="47.776723" lon="10.041288">
        <ele>687.732514</ele>
        <time>2026-07-30T05:32:01.255Z</time>
      </trkpt>
      <trkpt lat="47.776335" lon="10.041199">
        <ele>688.180063</ele>
        <time>2026-07-30T05:32:08.847Z</time>
      </trkpt>
      <trkpt lat="47.775980" lon="10.041166">
        <ele>688.585556</ele>
        <time>2026-07-30T05:32:15.997Z</time>
      </trkpt>
      <trkpt lat="47.775989" lon="10.040668">
        <ele>689.065070</ele>
        <time>2026-07-30T05:32:23.066Z</time>
      </trkpt>
      <trkpt lat="47.775966" lon="10.040554">
        <ele>689.190533</ele>
        <time>2026-07-30T05:32:24.888Z</time>
      </trkpt>
      <trkpt lat="47.775914" lon="10.040429">
        <ele>689.345492</ele>
        <time>2026-07-30T05:32:27.365Z</time>
      </trkpt>
      <trkpt lat="47.775544" lon="10.039976">
        <ele>690.097020</ele>
        <time>2026-07-30T05:32:38.985Z</time>
      </trkpt>
      <trkpt lat="47.775525" lon="10.039944">
        <ele>690.142029</ele>
        <time>2026-07-30T05:32:39.640Z</time>
      </trkpt>
      <trkpt lat="47.775376" lon="10.039720">
        <ele>690.474244</ele>
        <time>2026-07-30T05:32:44.334Z</time>
      </trkpt>
      <trkpt lat="47.775233" lon="10.039433">
        <ele>690.850843</ele>
        <time>2026-07-30T05:32:49.477Z</time>
      </trkpt>
      <trkpt lat="47.775131" lon="10.039209">
        <ele>691.136054</ele>
        <time>2026-07-30T05:32:53.278Z</time>
      </trkpt>
      <trkpt lat="47.775051" lon="10.039052">
        <ele>691.343737</ele>
        <time>2026-07-30T05:32:55.758Z</time>
      </trkpt>
      <trkpt lat="47.774372" lon="10.038462">
        <ele>691.477252</ele>
        <time>2026-07-30T05:33:08.209Z</time>
      </trkpt>
      <trkpt lat="47.774038" lon="10.038248">
        <ele>691.449646</ele>
        <time>2026-07-30T05:33:13.365Z</time>
      </trkpt>
      <trkpt lat="47.773771" lon="10.038159">
        <ele>691.428874</ele>
        <time>2026-07-30T05:33:16.977Z</time>
      </trkpt>
      <trkpt lat="47.773494" lon="10.038099">
        <ele>691.407624</ele>
        <time>2026-07-30T05:33:20.495Z</time>
      </trkpt>
      <trkpt lat="47.773146" lon="10.038057">
        <ele>691.399415</ele>
        <time>2026-07-30T05:33:24.923Z</time>
      </trkpt>
      <trkpt lat="47.772722" lon="10.038164">
        <ele>691.424417</ele>
        <time>2026-07-30T05:33:30.804Z</time>
      </trkpt>
      <trkpt lat="47.772685" lon="10.038263">
        <ele>691.428843</ele>
        <time>2026-07-30T05:33:31.980Z</time>
      </trkpt>
      <trkpt lat="47.772604" lon="10.038414">
        <ele>691.436392</ele>
        <time>2026-07-30T05:33:34.145Z</time>
      </trkpt>
      <trkpt lat="47.772054" lon="10.039251">
        <ele>691.482129</ele>
        <time>2026-07-30T05:33:46.355Z</time>
      </trkpt>
      <trkpt lat="47.771659" lon="10.039667">
        <ele>691.678771</ele>
        <time>2026-07-30T05:33:54.559Z</time>
      </trkpt>
      <trkpt lat="47.771113" lon="10.040209">
        <ele>692.169219</ele>
        <time>2026-07-30T05:34:06.793Z</time>
      </trkpt>
      <trkpt lat="47.770290" lon="10.040877">
        <ele>692.859061</ele>
        <time>2026-07-30T05:34:23.852Z</time>
      </trkpt>
      <trkpt lat="47.770222" lon="10.040884">
        <ele>692.891687</ele>
        <time>2026-07-30T05:34:25.048Z</time>
      </trkpt>
      <trkpt lat="47.769565" lon="10.040557">
        <ele>693.223295</ele>
        <time>2026-07-30T05:34:36.691Z</time>
      </trkpt>
      <trkpt lat="47.769475" lon="10.040538">
        <ele>693.266806</ele>
        <time>2026-07-30T05:34:38.161Z</time>
      </trkpt>
      <trkpt lat="47.769386" lon="10.040557">
        <ele>693.309843</ele>
        <time>2026-07-30T05:34:39.594Z</time>
      </trkpt>
      <trkpt lat="47.769106" lon="10.040876">
        <ele>693.478647</ele>
        <time>2026-07-30T05:34:45.202Z</time>
      </trkpt>
      <trkpt lat="47.768853" lon="10.041163">
        <ele>693.630932</ele>
        <time>2026-07-30T05:34:50.347Z</time>
      </trkpt>
      <trkpt lat="47.768665" lon="10.041321">
        <ele>693.756373</ele>
        <time>2026-07-30T05:34:53.903Z</time>
      </trkpt>
      <trkpt lat="47.768318" lon="10.041576">
        <ele>694.064450</ele>
        <time>2026-07-30T05:35:00.462Z</time>
      </trkpt>
      <trkpt lat="47.767922" lon="10.041818">
        <ele>694.405230</ele>
        <time>2026-07-30T05:35:07.786Z</time>
      </trkpt>
      <trkpt lat="47.767291" lon="10.042094">
        <ele>694.928778</ele>
        <time>2026-07-30T05:35:20.140Z</time>
      </trkpt>
      <trkpt lat="47.767234" lon="10.042167">
        <ele>694.988647</ele>
        <time>2026-07-30T05:35:21.640Z</time>
      </trkpt>
      <trkpt lat="47.767199" lon="10.042270">
        <ele>695.050399</ele>
        <time>2026-07-30T05:35:23.176Z</time>
      </trkpt>
      <trkpt lat="47.767201" lon="10.042832">
        <ele>695.297822</ele>
        <time>2026-07-30T05:35:30.686Z</time>
      </trkpt>
      <trkpt lat="47.767135" lon="10.042952">
        <ele>695.360542</ele>
        <time>2026-07-30T05:35:32.696Z</time>
      </trkpt>
      <trkpt lat="47.766965" lon="10.043258">
        <ele>695.521130</ele>
        <time>2026-07-30T05:35:37.836Z</time>
      </trkpt>
      <trkpt lat="47.766797" lon="10.043857">
        <ele>695.783680</ele>
        <time>2026-07-30T05:35:45.803Z</time>
      </trkpt>
      <trkpt lat="47.766834" lon="10.044602">
        <ele>696.085862</ele>
        <time>2026-07-30T05:35:53.541Z</time>
      </trkpt>
      <trkpt lat="47.766766" lon="10.044739">
        <ele>696.154752</ele>
        <time>2026-07-30T05:35:55.156Z</time>
      </trkpt>
      <trkpt lat="47.766697" lon="10.044825">
        <ele>696.208923</ele>
        <time>2026-07-30T05:35:56.418Z</time>
      </trkpt>
      <trkpt lat="47.766655" lon="10.044828">
        <ele>696.219213</ele>
        <time>2026-07-30T05:35:57.023Z</time>
      </trkpt>
      <trkpt lat="47.766624" lon="10.044932">
        <ele>696.228950</ele>
        <time>2026-07-30T05:35:58.092Z</time>
      </trkpt>
      <trkpt lat="47.766702" lon="10.045575">
        <ele>696.284871</ele>
        <time>2026-07-30T05:36:04.332Z</time>
      </trkpt>
      <trkpt lat="47.766634" lon="10.045728">
        <ele>696.300570</ele>
        <time>2026-07-30T05:36:06.092Z</time>
      </trkpt>
      <trkpt lat="47.766476" lon="10.045685">
        <ele>696.321022</ele>
        <time>2026-07-30T05:36:08.372Z</time>
      </trkpt>
      <trkpt lat="47.766309" lon="10.045638">
        <ele>696.342663</ele>
        <time>2026-07-30T05:36:10.768Z</time>
      </trkpt>
      <trkpt lat="47.766109" lon="10.045570">
        <ele>696.368786</ele>
        <time>2026-07-30T05:36:13.747Z</time>
      </trkpt>
      <trkpt lat="47.765819" lon="10.045491">
        <ele>696.406326</ele>
        <time>2026-07-30T05:36:18.296Z</time>
      </trkpt>
      <trkpt lat="47.765670" lon="10.045487">
        <ele>696.425302</ele>
        <time>2026-07-30T05:36:20.816Z</time>
      </trkpt>
      <trkpt lat="47.765253" lon="10.045695">
        <ele>696.677601</ele>
        <time>2026-07-30T05:36:28.839Z</time>
      </trkpt>
      <trkpt lat="47.764968" lon="10.045883">
        <ele>696.927356</ele>
        <time>2026-07-30T05:36:34.755Z</time>
      </trkpt>
      <trkpt lat="47.764682" lon="10.046123">
        <ele>697.190411</ele>
        <time>2026-07-30T05:36:40.684Z</time>
      </trkpt>
      <trkpt lat="47.763957" lon="10.046803">
        <ele>697.877016</ele>
        <time>2026-07-30T05:36:56.151Z</time>
      </trkpt>
      <trkpt lat="47.763490" lon="10.047305">
        <ele>698.445411</ele>
        <time>2026-07-30T05:37:06.487Z</time>
      </trkpt>
      <trkpt lat="47.762890" lon="10.047840">
        <ele>699.137833</ele>
        <time>2026-07-30T05:37:19.204Z</time>
      </trkpt>
      <trkpt lat="47.762701" lon="10.047932">
        <ele>699.334675</ele>
        <time>2026-07-30T05:37:22.975Z</time>
      </trkpt>
      <trkpt lat="47.762584" lon="10.047908">
        <ele>699.451584</ele>
        <time>2026-07-30T05:37:25.334Z</time>
      </trkpt>
      <trkpt lat="47.762478" lon="10.047848">
        <ele>699.563846</ele>
        <time>2026-07-30T05:37:27.655Z</time>
      </trkpt>
      <trkpt lat="47.762232" lon="10.047600">
        <ele>699.823234</ele>
        <time>2026-07-30T05:37:34.061Z</time>
      </trkpt>
      <trkpt lat="47.762138" lon="10.047546">
        <ele>699.904962</ele>
        <time>2026-07-30T05:37:36.319Z</time>
      </trkpt>
      <trkpt lat="47.762042" lon="10.047541">
        <ele>699.982873</ele>
        <time>2026-07-30T05:37:38.531Z</time>
      </trkpt>
      <trkpt lat="47.761808" lon="10.047643">
        <ele>700.180645</ele>
        <time>2026-07-30T05:37:43.719Z</time>
      </trkpt>
      <trkpt lat="47.760996" lon="10.048257">
        <ele>700.919440</ele>
        <time>2026-07-30T05:37:58.975Z</time>
      </trkpt>
      <trkpt lat="47.760753" lon="10.048593">
        <ele>701.137128</ele>
        <time>2026-07-30T05:38:04.359Z</time>
      </trkpt>
      <trkpt lat="47.760453" lon="10.048876">
        <ele>701.194461</ele>
        <time>2026-07-30T05:38:09.842Z</time>
      </trkpt>
      <trkpt lat="47.760191" lon="10.049026">
        <ele>701.239770</ele>
        <time>2026-07-30T05:38:13.837Z</time>
      </trkpt>
      <trkpt lat="47.758941" lon="10.049552">
        <ele>701.298537</ele>
        <time>2026-07-30T05:38:34.421Z</time>
      </trkpt>
      <trkpt lat="47.757977" lon="10.049872">
        <ele>700.766307</ele>
        <time>2026-07-30T05:38:47.298Z</time>
      </trkpt>
      <trkpt lat="47.757428" lon="10.050037">
        <ele>700.464499</ele>
        <time>2026-07-30T05:38:54.112Z</time>
      </trkpt>
      <trkpt lat="47.756407" lon="10.050247">
        <ele>699.945783</ele>
        <time>2026-07-30T05:39:07.229Z</time>
      </trkpt>
      <trkpt lat="47.756228" lon="10.050265">
        <ele>699.855721</ele>
        <time>2026-07-30T05:39:09.719Z</time>
      </trkpt>
      <trkpt lat="47.756006" lon="10.050235">
        <ele>699.743819</ele>
        <time>2026-07-30T05:39:12.852Z</time>
      </trkpt>
      <trkpt lat="47.754074" lon="10.049318">
        <ele>699.560802</ele>
        <time>2026-07-30T05:39:41.796Z</time>
      </trkpt>
      <trkpt lat="47.753835" lon="10.049259">
        <ele>699.647826</ele>
        <time>2026-07-30T05:39:45.906Z</time>
      </trkpt>
      <trkpt lat="47.753734" lon="10.049276">
        <ele>699.770261</ele>
        <time>2026-07-30T05:39:47.704Z</time>
      </trkpt>
      <trkpt lat="47.753417" lon="10.048662">
        <ele>700.397200</ele>
        <time>2026-07-30T05:39:57.487Z</time>
      </trkpt>
      <trkpt lat="47.753108" lon="10.048135">
        <ele>700.963490</ele>
        <time>2026-07-30T05:40:07.127Z</time>
      </trkpt>
      <trkpt lat="47.752814" lon="10.047670">
        <ele>701.480429</ele>
        <time>2026-07-30T05:40:16.548Z</time>
      </trkpt>
      <trkpt lat="47.752254" lon="10.046888">
        <ele>702.481841</ele>
        <time>2026-07-30T05:40:33.100Z</time>
      </trkpt>
      <trkpt lat="47.751579" lon="10.046124">
        <ele>703.618606</ele>
        <time>2026-07-30T05:40:50.303Z</time>
      </trkpt>
      <trkpt lat="47.750318" lon="10.044964">
        <ele>705.153904</ele>
        <time>2026-07-30T05:41:17.038Z</time>
      </trkpt>
      <trkpt lat="47.750239" lon="10.045051">
        <ele>705.245042</ele>
        <time>2026-07-30T05:41:18.827Z</time>
      </trkpt>
      <trkpt lat="47.750055" lon="10.045138">
        <ele>705.424050</ele>
        <time>2026-07-30T05:41:22.467Z</time>
      </trkpt>
      <trkpt lat="47.749813" lon="10.045169">
        <ele>705.649249</ele>
        <time>2026-07-30T05:41:27.151Z</time>
      </trkpt>
      <trkpt lat="47.749507" lon="10.044994">
        <ele>705.980333</ele>
        <time>2026-07-30T05:41:33.490Z</time>
      </trkpt>
      <trkpt lat="47.748872" lon="10.044514">
        <ele>706.763589</ele>
        <time>2026-07-30T05:41:47.327Z</time>
      </trkpt>
      <trkpt lat="47.748463" lon="10.044171">
        <ele>707.279897</ele>
        <time>2026-07-30T05:41:55.936Z</time>
      </trkpt>
      <trkpt lat="47.748325" lon="10.044003">
        <ele>707.475997</ele>
        <time>2026-07-30T05:41:59.253Z</time>
      </trkpt>
      <trkpt lat="47.747887" lon="10.042990">
        <ele>708.304754</ele>
        <time>2026-07-30T05:42:15.413Z</time>
      </trkpt>
      <trkpt lat="47.747804" lon="10.042845">
        <ele>708.430603</ele>
        <time>2026-07-30T05:42:18.237Z</time>
      </trkpt>
      <trkpt lat="47.747633" lon="10.042696">
        <ele>708.625398</ele>
        <time>2026-07-30T05:42:22.293Z</time>
      </trkpt>
      <trkpt lat="47.747050" lon="10.042494">
        <ele>709.213762</ele>
        <time>2026-07-30T05:42:33.635Z</time>
      </trkpt>
      <trkpt lat="47.746797" lon="10.042318">
        <ele>709.488290</ele>
        <time>2026-07-30T05:42:38.559Z</time>
      </trkpt>
      <trkpt lat="47.746676" lon="10.042193">
        <ele>709.547957</ele>
        <time>2026-07-30T05:42:40.901Z</time>
      </trkpt>
      <trkpt lat="47.746309" lon="10.041540">
        <ele>709.512525</ele>
        <time>2026-07-30T05:42:49.298Z</time>
      </trkpt>
      <trkpt lat="47.746033" lon="10.041127">
        <ele>709.488284</ele>
        <time>2026-07-30T05:42:54.599Z</time>
      </trkpt>
      <trkpt lat="47.745889" lon="10.041054">
        <ele>709.478864</ele>
        <time>2026-07-30T05:42:56.612Z</time>
      </trkpt>
      <trkpt lat="47.745443" lon="10.041077">
        <ele>709.451233</ele>
        <time>2026-07-30T05:43:02.768Z</time>
      </trkpt>
      <trkpt lat="47.745326" lon="10.041040">
        <ele>709.443827</ele>
        <time>2026-07-30T05:43:04.490Z</time>
      </trkpt>
      <trkpt lat="47.745223" lon="10.040966">
        <ele>709.385865</ele>
        <time>2026-07-30T05:43:06.171Z</time>
      </trkpt>
      <trkpt lat="47.744906" lon="10.040601">
        <ele>709.103002</ele>
        <time>2026-07-30T05:43:12.168Z</time>
      </trkpt>
      <trkpt lat="47.744667" lon="10.040231">
        <ele>708.859589</ele>
        <time>2026-07-30T05:43:17.214Z</time>
      </trkpt>
      <trkpt lat="47.744592" lon="10.040076">
        <ele>708.768991</ele>
        <time>2026-07-30T05:43:19.000Z</time>
      </trkpt>
      <trkpt lat="47.744290" lon="10.038930">
        <ele>708.185020</ele>
        <time>2026-07-30T05:43:29.156Z</time>
      </trkpt>
      <trkpt lat="47.744235" lon="10.038787">
        <ele>707.902787</ele>
        <time>2026-07-30T05:43:30.400Z</time>
      </trkpt>
      <trkpt lat="47.744039" lon="10.038455">
        <ele>707.042515</ele>
        <time>2026-07-30T05:43:33.597Z</time>
      </trkpt>
      <trkpt lat="47.743882" lon="10.038247">
        <ele>706.433634</ele>
        <time>2026-07-30T05:43:35.776Z</time>
      </trkpt>
      <trkpt lat="47.743694" lon="10.038138">
        <ele>705.849320</ele>
        <time>2026-07-30T05:43:37.809Z</time>
      </trkpt>
      <trkpt lat="47.743496" lon="10.038108">
        <ele>705.272992</ele>
        <time>2026-07-30T05:43:39.796Z</time>
      </trkpt>
      <trkpt lat="47.743369" lon="10.038153">
        <ele>704.894936</ele>
        <time>2026-07-30T05:43:41.105Z</time>
      </trkpt>
      <trkpt lat="47.742952" lon="10.038461">
        <ele>703.546665</ele>
        <time>2026-07-30T05:43:45.724Z</time>
      </trkpt>
      <trkpt lat="47.742760" lon="10.038482">
        <ele>702.989178</ele>
        <time>2026-07-30T05:43:47.615Z</time>
      </trkpt>
      <trkpt lat="47.742625" lon="10.038391">
        <ele>702.703852</ele>
        <time>2026-07-30T05:43:49.094Z</time>
      </trkpt>
      <trkpt lat="47.741977" lon="10.037638">
        <ele>701.170151</ele>
        <time>2026-07-30T05:43:57.776Z</time>
      </trkpt>
      <trkpt lat="47.741773" lon="10.037443">
        <ele>700.717880</ele>
        <time>2026-07-30T05:44:00.737Z</time>
      </trkpt>
      <trkpt lat="47.740163" lon="10.036908">
        <ele>698.916161</ele>
        <time>2026-07-30T05:44:21.982Z</time>
      </trkpt>
      <trkpt lat="47.739593" lon="10.036581">
        <ele>698.514687</ele>
        <time>2026-07-30T05:44:29.523Z</time>
      </trkpt>
      <trkpt lat="47.739419" lon="10.036322">
        <ele>698.484259</ele>
        <time>2026-07-30T05:44:32.724Z</time>
      </trkpt>
      <trkpt lat="47.738955" lon="10.035236">
        <ele>698.912236</ele>
        <time>2026-07-30T05:44:46.059Z</time>
      </trkpt>
      <trkpt lat="47.738848" lon="10.035133">
        <ele>698.975281</ele>
        <time>2026-07-30T05:44:48.510Z</time>
      </trkpt>
      <trkpt lat="47.738631" lon="10.035077">
        <ele>699.084217</ele>
        <time>2026-07-30T05:44:52.980Z</time>
      </trkpt>
      <trkpt lat="47.737813" lon="10.035008">
        <ele>699.582436</ele>
        <time>2026-07-30T05:45:09.543Z</time>
      </trkpt>
      <trkpt lat="47.737705" lon="10.034955">
        <ele>699.669099</ele>
        <time>2026-07-30T05:45:11.734Z</time>
      </trkpt>
      <trkpt lat="47.737317" lon="10.034624">
        <ele>700.009961</ele>
        <time>2026-07-30T05:45:19.847Z</time>
      </trkpt>
      <trkpt lat="47.737063" lon="10.034477">
        <ele>700.217655</ele>
        <time>2026-07-30T05:45:24.475Z</time>
      </trkpt>
      <trkpt lat="47.736454" lon="10.034415">
        <ele>700.682803</ele>
        <time>2026-07-30T05:45:34.309Z</time>
      </trkpt>
      <trkpt lat="47.736134" lon="10.034294">
        <ele>700.858241</ele>
        <time>2026-07-30T05:45:39.538Z</time>
      </trkpt>
      <trkpt lat="47.735957" lon="10.034146">
        <ele>700.965137</ele>
        <time>2026-07-30T05:45:42.829Z</time>
      </trkpt>
      <trkpt lat="47.735883" lon="10.034050">
        <ele>701.016834</ele>
        <time>2026-07-30T05:45:44.446Z</time>
      </trkpt>
      <trkpt lat="47.735629" lon="10.033581">
        <ele>701.230019</ele>
        <time>2026-07-30T05:45:51.383Z</time>
      </trkpt>
      <trkpt lat="47.735475" lon="10.033372">
        <ele>701.339778</ele>
        <time>2026-07-30T05:45:55.128Z</time>
      </trkpt>
      <trkpt lat="47.735312" lon="10.033218">
        <ele>701.441439</ele>
        <time>2026-07-30T05:45:58.742Z</time>
      </trkpt>
      <trkpt lat="47.735063" lon="10.033038">
        <ele>701.587185</ele>
        <time>2026-07-30T05:46:03.880Z</time>
      </trkpt>
      <trkpt lat="47.734283" lon="10.032604">
        <ele>700.995929</ele>
        <time>2026-07-30T05:46:17.224Z</time>
      </trkpt>
      <trkpt lat="47.733782" lon="10.032166">
        <ele>700.495604</ele>
        <time>2026-07-30T05:46:24.115Z</time>
      </trkpt>
      <trkpt lat="47.733304" lon="10.031653">
        <ele>699.853779</ele>
        <time>2026-07-30T05:46:30.490Z</time>
      </trkpt>
      <trkpt lat="47.733081" lon="10.031410">
        <ele>699.290802</ele>
        <time>2026-07-30T05:46:33.400Z</time>
      </trkpt>
      <trkpt lat="47.732508" lon="10.030527">
        <ele>697.610394</ele>
        <time>2026-07-30T05:46:42.140Z</time>
      </trkpt>
      <trkpt lat="47.732228" lon="10.030254">
        <ele>696.928588</ele>
        <time>2026-07-30T05:46:45.918Z</time>
      </trkpt>
      <trkpt lat="47.731932" lon="10.030019">
        <ele>696.363182</ele>
        <time>2026-07-30T05:46:49.898Z</time>
      </trkpt>
      <trkpt lat="47.731706" lon="10.029793">
        <ele>696.174344</ele>
        <time>2026-07-30T05:46:53.168Z</time>
      </trkpt>
      <trkpt lat="47.731294" lon="10.029270">
        <ele>695.798735</ele>
        <time>2026-07-30T05:46:59.816Z</time>
      </trkpt>
      <trkpt lat="47.730789" lon="10.028703">
        <ele>695.359978</ele>
        <time>2026-07-30T05:47:08.293Z</time>
      </trkpt>
      <trkpt lat="47.730314" lon="10.028278">
        <ele>695.217745</ele>
        <time>2026-07-30T05:47:16.336Z</time>
      </trkpt>
      <trkpt lat="47.729618" lon="10.027510">
        <ele>695.339386</ele>
        <time>2026-07-30T05:47:30.308Z</time>
      </trkpt>
      <trkpt lat="47.729124" lon="10.026836">
        <ele>695.424893</ele>
        <time>2026-07-30T05:47:40.906Z</time>
      </trkpt>
      <trkpt lat="47.728550" lon="10.025966">
        <ele>695.297607</ele>
        <time>2026-07-30T05:47:52.952Z</time>
      </trkpt>
      <trkpt lat="47.728399" lon="10.025797">
        <ele>695.268258</ele>
        <time>2026-07-30T05:47:55.548Z</time>
      </trkpt>
      <trkpt lat="47.728012" lon="10.025472">
        <ele>695.199240</ele>
        <time>2026-07-30T05:48:01.474Z</time>
      </trkpt>
      <trkpt lat="47.727652" lon="10.025052">
        <ele>695.125001</ele>
        <time>2026-07-30T05:48:07.786Z</time>
      </trkpt>
      <trkpt lat="47.727548" lon="10.024889">
        <ele>695.098133</ele>
        <time>2026-07-30T05:48:09.951Z</time>
      </trkpt>
      <trkpt lat="47.727401" lon="10.024560">
        <ele>695.050896</ele>
        <time>2026-07-30T05:48:13.776Z</time>
      </trkpt>
      <trkpt lat="47.727289" lon="10.024161">
        <ele>694.999190</ele>
        <time>2026-07-30T05:48:17.987Z</time>
      </trkpt>
      <trkpt lat="47.727209" lon="10.023674">
        <ele>694.939235</ele>
        <time>2026-07-30T05:48:22.862Z</time>
      </trkpt>
      <trkpt lat="47.727125" lon="10.022734">
        <ele>694.835084</ele>
        <time>2026-07-30T05:48:31.890Z</time>
      </trkpt>
      <trkpt lat="47.727038" lon="10.022129">
        <ele>694.913477</ele>
        <time>2026-07-30T05:48:37.620Z</time>
      </trkpt>
      <trkpt lat="47.726937" lon="10.021157">
        <ele>695.038101</ele>
        <time>2026-07-30T05:48:47.378Z</time>
      </trkpt>
      <trkpt lat="47.726929" lon="10.020657">
        <ele>695.101474</ele>
        <time>2026-07-30T05:48:52.944Z</time>
      </trkpt>
      <trkpt lat="47.727009" lon="10.020179">
        <ele>695.163889</ele>
        <time>2026-07-30T05:48:58.765Z</time>
      </trkpt>
      <trkpt lat="47.727116" lon="10.019760">
        <ele>695.289980</ele>
        <time>2026-07-30T05:49:04.329Z</time>
      </trkpt>
      <trkpt lat="47.727237" lon="10.018843">
        <ele>695.567599</ele>
        <time>2026-07-30T05:49:16.342Z</time>
      </trkpt>
      <trkpt lat="47.727309" lon="10.018456">
        <ele>695.686887</ele>
        <time>2026-07-30T05:49:21.219Z</time>
      </trkpt>
      <trkpt lat="47.727508" lon="10.017627">
        <ele>695.948382</ele>
        <time>2026-07-30T05:49:30.222Z</time>
      </trkpt>
      <trkpt lat="47.727565" lon="10.017305">
        <ele>695.635388</ele>
        <time>2026-07-30T05:49:33.066Z</time>
      </trkpt>
      <trkpt lat="47.727579" lon="10.017041">
        <ele>695.327267</ele>
        <time>2026-07-30T05:49:35.189Z</time>
      </trkpt>
      <trkpt lat="47.727528" lon="10.016231">
        <ele>694.380703</ele>
        <time>2026-07-30T05:49:41.390Z</time>
      </trkpt>
      <trkpt lat="47.727479" lon="10.016052">
        <ele>694.155848</ele>
        <time>2026-07-30T05:49:42.821Z</time>
      </trkpt>
      <trkpt lat="47.727252" lon="10.015777">
        <ele>693.649340</ele>
        <time>2026-07-30T05:49:45.972Z</time>
      </trkpt>
      <trkpt lat="47.727159" lon="10.015612">
        <ele>693.398872</ele>
        <time>2026-07-30T05:49:47.507Z</time>
      </trkpt>
      <trkpt lat="47.726959" lon="10.014986">
        <ele>692.546198</ele>
        <time>2026-07-30T05:49:52.385Z</time>
      </trkpt>
      <trkpt lat="47.726869" lon="10.014641">
        <ele>692.038886</ele>
        <time>2026-07-30T05:49:54.975Z</time>
      </trkpt>
      <trkpt lat="47.726769" lon="10.014070">
        <ele>691.229958</ele>
        <time>2026-07-30T05:49:59.184Z</time>
      </trkpt>
      <trkpt lat="47.726731" lon="10.013572">
        <ele>690.542829</ele>
        <time>2026-07-30T05:50:02.852Z</time>
      </trkpt>
      <trkpt lat="47.726669" lon="10.013110">
        <ele>689.896951</ele>
        <time>2026-07-30T05:50:06.350Z</time>
      </trkpt>
      <trkpt lat="47.726559" lon="10.012088">
        <ele>689.004023</ele>
        <time>2026-07-30T05:50:14.587Z</time>
      </trkpt>
      <trkpt lat="47.726731" lon="10.010642">
        <ele>688.485568</ele>
        <time>2026-07-30T05:50:28.018Z</time>
      </trkpt>
      <trkpt lat="47.726714" lon="10.010360">
        <ele>688.385604</ele>
        <time>2026-07-30T05:50:30.753Z</time>
      </trkpt>
      <trkpt lat="47.726404" lon="10.008967">
        <ele>687.965341</ele>
        <time>2026-07-30T05:50:45.140Z</time>
      </trkpt>
      <trkpt lat="47.726297" lon="10.008550">
        <ele>687.848865</ele>
        <time>2026-07-30T05:50:49.334Z</time>
      </trkpt>
      <trkpt lat="47.726185" lon="10.008257">
        <ele>687.760915</ele>
        <time>2026-07-30T05:50:52.434Z</time>
      </trkpt>
      <trkpt lat="47.726087" lon="10.008042">
        <ele>687.693136</ele>
        <time>2026-07-30T05:50:54.727Z</time>
      </trkpt>
      <trkpt lat="47.725423" lon="10.007136">
        <ele>686.903824</ele>
        <time>2026-07-30T05:51:05.946Z</time>
      </trkpt>
      <trkpt lat="47.725315" lon="10.006939">
        <ele>686.692530</ele>
        <time>2026-07-30T05:51:07.931Z</time>
      </trkpt>
      <trkpt lat="47.725203" lon="10.006621">
        <ele>686.394090</ele>
        <time>2026-07-30T05:51:10.648Z</time>
      </trkpt>
      <trkpt lat="47.725115" lon="10.006124">
        <ele>685.966797</ele>
        <time>2026-07-30T05:51:14.617Z</time>
      </trkpt>
      <trkpt lat="47.724937" lon="10.005316">
        <ele>685.291061</ele>
        <time>2026-07-30T05:51:21.235Z</time>
      </trkpt>
      <trkpt lat="47.724804" lon="10.004918">
        <ele>685.108414</ele>
        <time>2026-07-30T05:51:24.827Z</time>
      </trkpt>
      <trkpt lat="47.724299" lon="10.003942">
        <ele>684.602349</ele>
        <time>2026-07-30T05:51:35.520Z</time>
      </trkpt>
      <trkpt lat="47.724150" lon="10.003559">
        <ele>684.420509</ele>
        <time>2026-07-30T05:51:39.954Z</time>
      </trkpt>
      <trkpt lat="47.724017" lon="10.003179">
        <ele>684.244454</ele>
        <time>2026-07-30T05:51:44.117Z</time>
      </trkpt>
      <trkpt lat="47.723949" lon="10.002754">
        <ele>684.128580</ele>
        <time>2026-07-30T05:51:48.309Z</time>
      </trkpt>
      <trkpt lat="47.723857" lon="10.002397">
        <ele>684.034893</ele>
        <time>2026-07-30T05:51:51.944Z</time>
      </trkpt>
      <trkpt lat="47.723722" lon="10.002064">
        <ele>683.939614</ele>
        <time>2026-07-30T05:51:55.605Z</time>
      </trkpt>
      <trkpt lat="47.723567" lon="10.001818">
        <ele>683.857015</ele>
        <time>2026-07-30T05:51:58.742Z</time>
      </trkpt>
      <trkpt lat="47.723159" lon="10.001352">
        <ele>683.669578</ele>
        <time>2026-07-30T05:52:05.640Z</time>
      </trkpt>
      <trkpt lat="47.722287" lon="9.999702">
        <ele>683.053564</ele>
        <time>2026-07-30T05:52:23.668Z</time>
      </trkpt>
      <trkpt lat="47.722014" lon="9.999240">
        <ele>682.865632</ele>
        <time>2026-07-30T05:52:29.403Z</time>
      </trkpt>
      <trkpt lat="47.721594" lon="9.998214">
        <ele>682.981229</ele>
        <time>2026-07-30T05:52:41.615Z</time>
      </trkpt>
      <trkpt lat="47.721547" lon="9.997874">
        <ele>683.078582</ele>
        <time>2026-07-30T05:52:45.477Z</time>
      </trkpt>
      <trkpt lat="47.721578" lon="9.997279">
        <ele>683.245964</ele>
        <time>2026-07-30T05:52:52.423Z</time>
      </trkpt>
      <trkpt lat="47.721557" lon="9.996894">
        <ele>683.354301</ele>
        <time>2026-07-30T05:52:56.860Z</time>
      </trkpt>
      <trkpt lat="47.721498" lon="9.996464">
        <ele>683.477388</ele>
        <time>2026-07-30T05:53:01.910Z</time>
      </trkpt>
      <trkpt lat="47.721390" lon="9.996083">
        <ele>683.759893</ele>
        <time>2026-07-30T05:53:06.768Z</time>
      </trkpt>
      <trkpt lat="47.721163" lon="9.995613">
        <ele>684.212138</ele>
        <time>2026-07-30T05:53:14.056Z</time>
      </trkpt>
      <trkpt lat="47.721057" lon="9.995483">
        <ele>684.371805</ele>
        <time>2026-07-30T05:53:16.780Z</time>
      </trkpt>
      <trkpt lat="47.720922" lon="9.995417">
        <ele>684.536925</ele>
        <time>2026-07-30T05:53:19.686Z</time>
      </trkpt>
      <trkpt lat="47.720599" lon="9.995476">
        <ele>684.915036</ele>
        <time>2026-07-30T05:53:26.559Z</time>
      </trkpt>
      <trkpt lat="47.719879" lon="9.995741">
        <ele>685.447423</ele>
        <time>2026-07-30T05:53:42.138Z</time>
      </trkpt>
      <trkpt lat="47.719696" lon="9.995776">
        <ele>685.283941</ele>
        <time>2026-07-30T05:53:45.673Z</time>
      </trkpt>
      <trkpt lat="47.719544" lon="9.995767">
        <ele>685.149157</ele>
        <time>2026-07-30T05:53:48.337Z</time>
      </trkpt>
      <trkpt lat="47.719436" lon="9.995701">
        <ele>685.045692</ele>
        <time>2026-07-30T05:53:50.247Z</time>
      </trkpt>
      <trkpt lat="47.719338" lon="9.995619">
        <ele>684.946048</ele>
        <time>2026-07-30T05:53:51.913Z</time>
      </trkpt>
      <trkpt lat="47.719102" lon="9.995311">
        <ele>684.667780</ele>
        <time>2026-07-30T05:53:55.980Z</time>
      </trkpt>
      <trkpt lat="47.718905" lon="9.994952">
        <ele>684.391622</ele>
        <time>2026-07-30T05:53:59.548Z</time>
      </trkpt>
      <trkpt lat="47.718734" lon="9.994446">
        <ele>684.054079</ele>
        <time>2026-07-30T05:54:03.543Z</time>
      </trkpt>
      <trkpt lat="47.718609" lon="9.993891">
        <ele>682.358139</ele>
        <time>2026-07-30T05:54:07.411Z</time>
      </trkpt>
      <trkpt lat="47.718620" lon="9.993778">
        <ele>681.975114</ele>
        <time>2026-07-30T05:54:08.145Z</time>
      </trkpt>
      <trkpt lat="47.718665" lon="9.993662">
        <ele>681.525915</ele>
        <time>2026-07-30T05:54:08.997Z</time>
      </trkpt>
      <trkpt lat="47.718947" lon="9.993172">
        <ele>679.362753</ele>
        <time>2026-07-30T05:54:13.082Z</time>
      </trkpt>
      <trkpt lat="47.718550" lon="9.992811">
        <ele>677.042124</ele>
        <time>2026-07-30T05:54:17.383Z</time>
      </trkpt>
      <trkpt lat="47.718224" lon="9.992407">
        <ele>674.931952</ele>
        <time>2026-07-30T05:54:21.270Z</time>
      </trkpt>
      <trkpt lat="47.718079" lon="9.992172">
        <ele>673.927776</ele>
        <time>2026-07-30T05:54:23.224Z</time>
      </trkpt>
      <trkpt lat="47.717590" lon="9.991165">
        <ele>670.016726</ele>
        <time>2026-07-30T05:54:30.967Z</time>
      </trkpt>
      <trkpt lat="47.717344" lon="9.990593">
        <ele>667.878762</ele>
        <time>2026-07-30T05:54:35.418Z</time>
      </trkpt>
      <trkpt lat="47.717141" lon="9.990163">
        <ele>666.508522</ele>
        <time>2026-07-30T05:54:39.061Z</time>
      </trkpt>
      <trkpt lat="47.716783" lon="9.989642">
        <ele>665.898565</ele>
        <time>2026-07-30T05:54:44.683Z</time>
      </trkpt>
      <trkpt lat="47.716462" lon="9.989356">
        <ele>665.442947</ele>
        <time>2026-07-30T05:54:49.306Z</time>
      </trkpt>
      <trkpt lat="47.716264" lon="9.989239">
        <ele>665.183550</ele>
        <time>2026-07-30T05:54:52.089Z</time>
      </trkpt>
      <trkpt lat="47.716261" lon="9.989065">
        <ele>665.040985</ele>
        <time>2026-07-30T05:54:53.676Z</time>
      </trkpt>
      <trkpt lat="47.716222" lon="9.988937">
        <ele>664.925894</ele>
        <time>2026-07-30T05:54:54.946Z</time>
      </trkpt>
      <trkpt lat="47.715533" lon="9.987687">
        <ele>664.916527</ele>
        <time>2026-07-30T05:55:09.831Z</time>
      </trkpt>
      <trkpt lat="47.714982" lon="9.987090">
        <ele>665.422732</ele>
        <time>2026-07-30T05:55:20.763Z</time>
      </trkpt>
      <trkpt lat="47.714682" lon="9.986839">
        <ele>665.678310</ele>
        <time>2026-07-30T05:55:28.061Z</time>
      </trkpt>
      <trkpt lat="47.714402" lon="9.986671">
        <ele>666.640272</ele>
        <time>2026-07-30T05:55:36.053Z</time>
      </trkpt>
      <trkpt lat="47.714102" lon="9.986466">
        <ele>668.103283</ele>
        <time>2026-07-30T05:55:46.497Z</time>
      </trkpt>
      <trkpt lat="47.714052" lon="9.986437">
        <ele>668.341097</ele>
        <time>2026-07-30T05:55:48.329Z</time>
      </trkpt>
      <trkpt lat="47.713195" lon="9.985778">
        <ele>672.616452</ele>
        <time>2026-07-30T05:56:23.285Z</time>
      </trkpt>
      <trkpt lat="47.713096" lon="9.985817">
        <ele>673.070252</ele>
        <time>2026-07-30T05:56:27.031Z</time>
      </trkpt>
      <trkpt lat="47.712741" lon="9.986202">
        <ele>674.684363</ele>
        <time>2026-07-30T05:56:42.484Z</time>
      </trkpt>
      <trkpt lat="47.712532" lon="9.986444">
        <ele>675.556100</ele>
        <time>2026-07-30T05:56:50.615Z</time>
      </trkpt>
      <trkpt lat="47.712116" lon="9.986805">
        <ele>677.141106</ele>
        <time>2026-07-30T05:57:03.640Z</time>
      </trkpt>
      <trkpt lat="47.711834" lon="9.986229">
        <ele>678.718152</ele>
        <time>2026-07-30T05:57:15.064Z</time>
      </trkpt>
      <trkpt lat="47.711770" lon="9.986040">
        <ele>679.186581</ele>
        <time>2026-07-30T05:57:18.429Z</time>
      </trkpt>
      <trkpt lat="47.711574" lon="9.985441">
        <ele>680.162373</ele>
        <time>2026-07-30T05:57:29.492Z</time>
      </trkpt>
      <trkpt lat="47.711459" lon="9.985181">
        <ele>680.514234</ele>
        <time>2026-07-30T05:57:34.535Z</time>
      </trkpt>
      <trkpt lat="47.711320" lon="9.984941">
        <ele>680.872336</ele>
        <time>2026-07-30T05:57:39.426Z</time>
      </trkpt>
      <trkpt lat="47.710850" lon="9.984296">
        <ele>681.947514</ele>
        <time>2026-07-30T05:57:53.010Z</time>
      </trkpt>
      <trkpt lat="47.710495" lon="9.983811">
        <ele>682.706865</ele>
        <time>2026-07-30T05:58:02.160Z</time>
      </trkpt>
      <trkpt lat="47.709967" lon="9.983042">
        <ele>683.270535</ele>
        <time>2026-07-30T05:58:15.423Z</time>
      </trkpt>
      <trkpt lat="47.709537" lon="9.982702">
        <ele>683.641909</ele>
        <time>2026-07-30T05:58:23.650Z</time>
      </trkpt>
      <trkpt lat="47.709103" lon="9.982544">
        <ele>683.982600</ele>
        <time>2026-07-30T05:58:31.232Z</time>
      </trkpt>
      <trkpt lat="47.708885" lon="9.982472">
        <ele>684.205256</ele>
        <time>2026-07-30T05:58:35.278Z</time>
      </trkpt>
      <trkpt lat="47.708192" lon="9.982352">
        <ele>684.975318</ele>
        <time>2026-07-30T05:58:48.094Z</time>
      </trkpt>
      <trkpt lat="47.707951" lon="9.982296">
        <ele>685.244549</ele>
        <time>2026-07-30T05:58:52.617Z</time>
      </trkpt>
      <trkpt lat="47.707667" lon="9.982161">
        <ele>685.573655</ele>
        <time>2026-07-30T05:58:58.380Z</time>
      </trkpt>
      <trkpt lat="47.707452" lon="9.982154">
        <ele>685.811015</ele>
        <time>2026-07-30T05:59:02.776Z</time>
      </trkpt>
      <trkpt lat="47.707183" lon="9.982241">
        <ele>686.263741</ele>
        <time>2026-07-30T05:59:08.694Z</time>
      </trkpt>
      <trkpt lat="47.706814" lon="9.982458">
        <ele>687.396859</ele>
        <time>2026-07-30T05:59:17.684Z</time>
      </trkpt>
      <trkpt lat="47.706635" lon="9.982506">
        <ele>687.916218</ele>
        <time>2026-07-30T05:59:22.015Z</time>
      </trkpt>
      <trkpt lat="47.706452" lon="9.982422">
        <ele>688.463104</ele>
        <time>2026-07-30T05:59:26.985Z</time>
      </trkpt>
      <trkpt lat="47.706111" lon="9.982118">
        <ele>689.598545</ele>
        <time>2026-07-30T05:59:38.561Z</time>
      </trkpt>
      <trkpt lat="47.705756" lon="9.981856">
        <ele>690.730316</ele>
        <time>2026-07-30T05:59:50.964Z</time>
      </trkpt>
      <trkpt lat="47.705125" lon="9.981317">
        <ele>692.073907</ele>
        <time>2026-07-30T06:00:11.276Z</time>
      </trkpt>
      <trkpt lat="47.704953" lon="9.981187">
        <ele>692.379850</ele>
        <time>2026-07-30T06:00:15.964Z</time>
      </trkpt>
      <trkpt lat="47.704726" lon="9.982192">
        <ele>693.510896</ele>
        <time>2026-07-30T06:00:30.436Z</time>
      </trkpt>
      <trkpt lat="47.704652" lon="9.982729">
        <ele>693.936286</ele>
        <time>2026-07-30T06:00:35.176Z</time>
      </trkpt>
      <trkpt lat="47.704642" lon="9.982816">
        <ele>693.858448</ele>
        <time>2026-07-30T06:00:35.855Z</time>
      </trkpt>
      <trkpt lat="47.704583" lon="9.982779">
        <ele>693.774524</ele>
        <time>2026-07-30T06:00:36.597Z</time>
      </trkpt>
      <trkpt lat="47.704474" lon="9.982710">
        <ele>693.619255</ele>
        <time>2026-07-30T06:00:37.946Z</time>
      </trkpt>
      <trkpt lat="47.704372" lon="9.982597">
        <ele>693.452522</ele>
        <time>2026-07-30T06:00:39.385Z</time>
      </trkpt>
      <trkpt lat="47.703966" lon="9.982021">
        <ele>692.716891</ele>
        <time>2026-07-30T06:00:45.554Z</time>
      </trkpt>
      <trkpt lat="47.703785" lon="9.981824">
        <ele>692.422864</ele>
        <time>2026-07-30T06:00:47.987Z</time>
      </trkpt>
      <trkpt lat="47.703590" lon="9.981689">
        <ele>692.140938</ele>
        <time>2026-07-30T06:00:50.367Z</time>
      </trkpt>
      <trkpt lat="47.703174" lon="9.981483">
        <ele>691.731218</ele>
        <time>2026-07-30T06:00:55.574Z</time>
      </trkpt>
      <trkpt lat="47.702887" lon="9.981277">
        <ele>692.124084</ele>
        <time>2026-07-30T06:00:59.949Z</time>
      </trkpt>
      <trkpt lat="47.702710" lon="9.981105">
        <ele>692.384767</ele>
        <time>2026-07-30T06:01:03.436Z</time>
      </trkpt>
      <trkpt lat="47.701808" lon="9.980064">
        <ele>693.792535</ele>
        <time>2026-07-30T06:01:31.776Z</time>
      </trkpt>
      <trkpt lat="47.701298" lon="9.979677">
        <ele>693.101912</ele>
        <time>2026-07-30T06:01:43.423Z</time>
      </trkpt>
      <trkpt lat="47.701169" lon="9.979549">
        <ele>692.869356</ele>
        <time>2026-07-30T06:01:45.503Z</time>
      </trkpt>
      <trkpt lat="47.701053" lon="9.979347">
        <ele>692.601432</ele>
        <time>2026-07-30T06:01:47.612Z</time>
      </trkpt>
      <trkpt lat="47.700560" lon="9.978289">
        <ele>691.303035</ele>
        <time>2026-07-30T06:01:56.250Z</time>
      </trkpt>
      <trkpt lat="47.700503" lon="9.978069">
        <ele>691.102057</ele>
        <time>2026-07-30T06:01:57.770Z</time>
      </trkpt>
      <trkpt lat="47.700440" lon="9.977492">
        <ele>690.716370</ele>
        <time>2026-07-30T06:02:01.633Z</time>
      </trkpt>
      <trkpt lat="47.700368" lon="9.977243">
        <ele>690.537555</ele>
        <time>2026-07-30T06:02:03.507Z</time>
      </trkpt>
      <trkpt lat="47.699281" lon="9.975039">
        <ele>689.728768</ele>
        <time>2026-07-30T06:02:35.199Z</time>
      </trkpt>
      <trkpt lat="47.699058" lon="9.974687">
        <ele>689.880456</ele>
        <time>2026-07-30T06:02:42.653Z</time>
      </trkpt>
      <trkpt lat="47.698969" lon="9.974592">
        <ele>689.931548</ele>
        <time>2026-07-30T06:02:45.005Z</time>
      </trkpt>
      <trkpt lat="47.698591" lon="9.974309">
        <ele>690.128893</ele>
        <time>2026-07-30T06:02:52.395Z</time>
      </trkpt>
      <trkpt lat="47.698175" lon="9.973678">
        <ele>689.764011</ele>
        <time>2026-07-30T06:02:59.484Z</time>
      </trkpt>
      <trkpt lat="47.698051" lon="9.973385">
        <ele>689.434347</ele>
        <time>2026-07-30T06:03:01.872Z</time>
      </trkpt>
      <trkpt lat="47.697970" lon="9.973059">
        <ele>689.103354</ele>
        <time>2026-07-30T06:03:04.337Z</time>
      </trkpt>
      <trkpt lat="47.697847" lon="9.972788">
        <ele>688.792022</ele>
        <time>2026-07-30T06:03:06.722Z</time>
      </trkpt>
      <trkpt lat="47.697483" lon="9.972278">
        <ele>688.083973</ele>
        <time>2026-07-30T06:03:12.288Z</time>
      </trkpt>
      <trkpt lat="47.697282" lon="9.972129">
        <ele>687.766080</ele>
        <time>2026-07-30T06:03:15.048Z</time>
      </trkpt>
      <trkpt lat="47.696818" lon="9.972001">
        <ele>687.670601</ele>
        <time>2026-07-30T06:03:22.484Z</time>
      </trkpt>
      <trkpt lat="47.696606" lon="9.971908">
        <ele>687.654568</ele>
        <time>2026-07-30T06:03:26.452Z</time>
      </trkpt>
      <trkpt lat="47.696384" lon="9.971705">
        <ele>687.635662</ele>
        <time>2026-07-30T06:03:31.316Z</time>
      </trkpt>
      <trkpt lat="47.696133" lon="9.971479">
        <ele>687.614376</ele>
        <time>2026-07-30T06:03:36.431Z</time>
      </trkpt>
      <trkpt lat="47.695814" lon="9.971215">
        <ele>687.587892</ele>
        <time>2026-07-30T06:03:41.645Z</time>
      </trkpt>
      <trkpt lat="47.695617" lon="9.970983">
        <ele>687.545351</ele>
        <time>2026-07-30T06:03:44.786Z</time>
      </trkpt>
      <trkpt lat="47.695463" lon="9.970726">
        <ele>687.238602</ele>
        <time>2026-07-30T06:03:47.495Z</time>
      </trkpt>
      <trkpt lat="47.695242" lon="9.970462">
        <ele>686.863008</ele>
        <time>2026-07-30T06:03:50.719Z</time>
      </trkpt>
      <trkpt lat="47.694854" lon="9.970146">
        <ele>686.276957</ele>
        <time>2026-07-30T06:03:55.712Z</time>
      </trkpt>
      <trkpt lat="47.694633" lon="9.970101">
        <ele>685.981509</ele>
        <time>2026-07-30T06:03:58.288Z</time>
      </trkpt>
      <trkpt lat="47.694009" lon="9.970194">
        <ele>685.142058</ele>
        <time>2026-07-30T06:04:05.776Z</time>
      </trkpt>
      <trkpt lat="47.693657" lon="9.970145">
        <ele>684.564831</ele>
        <time>2026-07-30T06:04:09.982Z</time>
      </trkpt>
      <trkpt lat="47.693141" lon="9.969977">
        <ele>683.702365</ele>
        <time>2026-07-30T06:04:15.862Z</time>
      </trkpt>
      <trkpt lat="47.692792" lon="9.969738">
        <ele>683.074931</ele>
        <time>2026-07-30T06:04:20.074Z</time>
      </trkpt>
      <trkpt lat="47.692466" lon="9.969371">
        <ele>682.407118</ele>
        <time>2026-07-30T06:04:24.643Z</time>
      </trkpt>
      <trkpt lat="47.692132" lon="9.968853">
        <ele>681.815146</ele>
        <time>2026-07-30T06:04:30.247Z</time>
      </trkpt>
      <trkpt lat="47.691632" lon="9.967868">
        <ele>680.879654</ele>
        <time>2026-07-30T06:04:40.365Z</time>
      </trkpt>
      <trkpt lat="47.691421" lon="9.967508">
        <ele>680.517686</ele>
        <time>2026-07-30T06:04:44.461Z</time>
      </trkpt>
      <trkpt lat="47.691098" lon="9.967072">
        <ele>680.047604</ele>
        <time>2026-07-30T06:04:49.949Z</time>
      </trkpt>
      <trkpt lat="47.690759" lon="9.966727">
        <ele>679.634622</ele>
        <time>2026-07-30T06:04:54.957Z</time>
      </trkpt>
      <trkpt lat="47.690260" lon="9.966380">
        <ele>679.080888</ele>
        <time>2026-07-30T06:05:01.452Z</time>
      </trkpt>
      <trkpt lat="47.690053" lon="9.966301">
        <ele>678.866091</ele>
        <time>2026-07-30T06:05:03.903Z</time>
      </trkpt>
      <trkpt lat="47.689887" lon="9.966283">
        <ele>678.698812</ele>
        <time>2026-07-30T06:05:05.844Z</time>
      </trkpt>
      <trkpt lat="47.689838" lon="9.966279">
        <ele>678.649492</ele>
        <time>2026-07-30T06:05:06.431Z</time>
      </trkpt>
      <trkpt lat="47.689447" lon="9.966205">
        <ele>678.414251</ele>
        <time>2026-07-30T06:05:11.457Z</time>
      </trkpt>
      <trkpt lat="47.689312" lon="9.966110">
        <ele>678.410633</ele>
        <time>2026-07-30T06:05:13.546Z</time>
      </trkpt>
      <trkpt lat="47.689183" lon="9.965991">
        <ele>678.406956</ele>
        <time>2026-07-30T06:05:15.765Z</time>
      </trkpt>
      <trkpt lat="47.689044" lon="9.965799">
        <ele>678.402359</ele>
        <time>2026-07-30T06:05:18.587Z</time>
      </trkpt>
      <trkpt lat="47.688941" lon="9.965561">
        <ele>678.397746</ele>
        <time>2026-07-30T06:05:21.469Z</time>
      </trkpt>
      <trkpt lat="47.688853" lon="9.965244">
        <ele>678.392156</ele>
        <time>2026-07-30T06:05:24.908Z</time>
      </trkpt>
      <trkpt lat="47.688842" lon="9.964628">
        <ele>678.382110</ele>
        <time>2026-07-30T06:05:31.418Z</time>
      </trkpt>
      <trkpt lat="47.688842" lon="9.964089">
        <ele>678.404098</ele>
        <time>2026-07-30T06:05:37.536Z</time>
      </trkpt>
      <trkpt lat="47.688743" lon="9.963053">
        <ele>678.778561</ele>
        <time>2026-07-30T06:05:49.173Z</time>
      </trkpt>
      <trkpt lat="47.688782" lon="9.962465">
        <ele>678.990003</ele>
        <time>2026-07-30T06:05:55.071Z</time>
      </trkpt>
      <trkpt lat="47.688818" lon="9.962046">
        <ele>679.141164</ele>
        <time>2026-07-30T06:05:59.711Z</time>
      </trkpt>
      <trkpt lat="47.688783" lon="9.961708">
        <ele>679.263544</ele>
        <time>2026-07-30T06:06:03.847Z</time>
      </trkpt>
      <trkpt lat="47.688712" lon="9.961396">
        <ele>679.502800</ele>
        <time>2026-07-30T06:06:08.161Z</time>
      </trkpt>
      <trkpt lat="47.688451" lon="9.960482">
        <ele>680.711352</ele>
        <time>2026-07-30T06:06:23.012Z</time>
      </trkpt>
      <trkpt lat="47.688184" lon="9.959507">
        <ele>681.992646</ele>
        <time>2026-07-30T06:06:39.263Z</time>
      </trkpt>
      <trkpt lat="47.688141" lon="9.959320">
        <ele>682.233192</ele>
        <time>2026-07-30T06:06:42.492Z</time>
      </trkpt>
      <trkpt lat="47.688087" lon="9.959226">
        <ele>682.383619</ele>
        <time>2026-07-30T06:06:44.449Z</time>
      </trkpt>
      <trkpt lat="47.688014" lon="9.959148">
        <ele>682.546224</ele>
        <time>2026-07-30T06:06:46.656Z</time>
      </trkpt>
      <trkpt lat="47.688041" lon="9.959085">
        <ele>682.625081</ele>
        <time>2026-07-30T06:06:47.836Z</time>
      </trkpt>
      <trkpt lat="47.688045" lon="9.958975">
        <ele>682.729130</ele>
        <time>2026-07-30T06:06:49.637Z</time>
      </trkpt>
      <trkpt lat="47.688021" lon="9.958811">
        <ele>682.887651</ele>
        <time>2026-07-30T06:06:52.227Z</time>
      </trkpt>
      <trkpt lat="47.687986" lon="9.958550">
        <ele>683.139016</ele>
        <time>2026-07-30T06:06:56.316Z</time>
      </trkpt>
      <trkpt lat="47.687947" lon="9.958258">
        <ele>683.420195</ele>
        <time>2026-07-30T06:07:00.651Z</time>
      </trkpt>
      <trkpt lat="47.687933" lon="9.958160">
        <ele>683.514820</ele>
        <time>2026-07-30T06:07:02.015Z</time>
      </trkpt>
      <trkpt lat="47.687882" lon="9.957829">
        <ele>683.835544</ele>
        <time>2026-07-30T06:07:06.653Z</time>
      </trkpt>
      <trkpt lat="47.687864" lon="9.957655">
        <ele>684.001822</ele>
        <time>2026-07-30T06:07:08.995Z</time>
      </trkpt>
      <trkpt lat="47.687933" lon="9.957444">
        <ele>684.223388</ele>
        <time>2026-07-30T06:07:12.214Z</time>
      </trkpt>
      <trkpt lat="47.687656" lon="9.956246">
        <ele>684.840994</ele>
        <time>2026-07-30T06:07:28.600Z</time>
      </trkpt>
      <trkpt lat="47.687529" lon="9.955637">
        <ele>684.328832</ele>
        <time>2026-07-30T06:07:34.834Z</time>
      </trkpt>
      <trkpt lat="47.687464" lon="9.955358">
        <ele>684.091661</ele>
        <time>2026-07-30T06:07:37.211Z</time>
      </trkpt>
      <trkpt lat="47.687389" lon="9.955160">
        <ele>683.909151</ele>
        <time>2026-07-30T06:07:38.969Z</time>
      </trkpt>
      <trkpt lat="47.687197" lon="9.954793">
        <ele>683.535765</ele>
        <time>2026-07-30T06:07:42.408Z</time>
      </trkpt>
      <trkpt lat="47.687123" lon="9.954687">
        <ele>683.413090</ele>
        <time>2026-07-30T06:07:43.515Z</time>
      </trkpt>
      <trkpt lat="47.686583" lon="9.954248">
        <ele>682.256072</ele>
        <time>2026-07-30T06:07:49.872Z</time>
      </trkpt>
      <trkpt lat="47.686298" lon="9.953994">
        <ele>681.265626</ele>
        <time>2026-07-30T06:07:53.235Z</time>
      </trkpt>
      <trkpt lat="47.686072" lon="9.953689">
        <ele>680.355692</ele>
        <time>2026-07-30T06:07:56.281Z</time>
      </trkpt>
      <trkpt lat="47.685609" lon="9.952932">
        <ele>678.303847</ele>
        <time>2026-07-30T06:08:03.329Z</time>
      </trkpt>
      <trkpt lat="47.685442" lon="9.952642">
        <ele>677.547268</ele>
        <time>2026-07-30T06:08:06.020Z</time>
      </trkpt>
      <trkpt lat="47.684521" lon="9.951209">
        <ele>674.148084</ele>
        <time>2026-07-30T06:08:19.977Z</time>
      </trkpt>
      <trkpt lat="47.683964" lon="9.950266">
        <ele>672.520280</ele>
        <time>2026-07-30T06:08:28.990Z</time>
      </trkpt>
      <trkpt lat="47.683572" lon="9.949542">
        <ele>671.745326</ele>
        <time>2026-07-30T06:08:36.153Z</time>
      </trkpt>
      <trkpt lat="47.683341" lon="9.948951">
        <ele>671.175316</ele>
        <time>2026-07-30T06:08:41.867Z</time>
      </trkpt>
      <trkpt lat="47.683206" lon="9.948671">
        <ele>670.888052</ele>
        <time>2026-07-30T06:08:45.079Z</time>
      </trkpt>
      <trkpt lat="47.682998" lon="9.948342">
        <ele>671.075098</ele>
        <time>2026-07-30T06:08:49.781Z</time>
      </trkpt>
      <trkpt lat="47.682778" lon="9.948056">
        <ele>671.450945</ele>
        <time>2026-07-30T06:08:54.962Z</time>
      </trkpt>
      <trkpt lat="47.682540" lon="9.947812">
        <ele>671.822714</ele>
        <time>2026-07-30T06:09:00.765Z</time>
      </trkpt>
      <trkpt lat="47.681937" lon="9.947371">
        <ele>672.686784</ele>
        <time>2026-07-30T06:09:15.707Z</time>
      </trkpt>
      <trkpt lat="47.681774" lon="9.947254">
        <ele>672.919517</ele>
        <time>2026-07-30T06:09:19.980Z</time>
      </trkpt>
      <trkpt lat="47.681579" lon="9.947123">
        <ele>673.169223</ele>
        <time>2026-07-30T06:09:24.990Z</time>
      </trkpt>
      <trkpt lat="47.681181" lon="9.947005">
        <ele>673.550170</ele>
        <time>2026-07-30T06:09:34.296Z</time>
      </trkpt>
      <trkpt lat="47.680804" lon="9.947003">
        <ele>673.904037</ele>
        <time>2026-07-30T06:09:42.497Z</time>
      </trkpt>
      <trkpt lat="47.680536" lon="9.947076">
        <ele>674.159786</ele>
        <time>2026-07-30T06:09:47.916Z</time>
      </trkpt>
      <trkpt lat="47.679857" lon="9.947291">
        <ele>674.709601</ele>
        <time>2026-07-30T06:09:58.860Z</time>
      </trkpt>
      <trkpt lat="47.679488" lon="9.947372">
        <ele>673.492024</ele>
        <time>2026-07-30T06:10:03.237Z</time>
      </trkpt>
      <trkpt lat="47.679220" lon="9.947416">
        <ele>672.611888</ele>
        <time>2026-07-30T06:10:06.130Z</time>
      </trkpt>
      <trkpt lat="47.678981" lon="9.947389">
        <ele>671.829489</ele>
        <time>2026-07-30T06:10:08.592Z</time>
      </trkpt>
      <trkpt lat="47.677610" lon="9.946780">
        <ele>667.043122</ele>
        <time>2026-07-30T06:10:22.069Z</time>
      </trkpt>
      <trkpt lat="47.677393" lon="9.946718">
        <ele>666.274534</ele>
        <time>2026-07-30T06:10:24.150Z</time>
      </trkpt>
      <trkpt lat="47.677364" lon="9.946719">
        <ele>666.173642</ele>
        <time>2026-07-30T06:10:24.426Z</time>
      </trkpt>
      <trkpt lat="47.677261" lon="9.946761">
        <ele>665.802141</ele>
        <time>2026-07-30T06:10:25.467Z</time>
      </trkpt>
      <trkpt lat="47.677103" lon="9.946892">
        <ele>665.172769</ele>
        <time>2026-07-30T06:10:27.278Z</time>
      </trkpt>
      <trkpt lat="47.676660" lon="9.947409">
        <ele>663.213191</ele>
        <time>2026-07-30T06:10:33.359Z</time>
      </trkpt>
      <trkpt lat="47.676519" lon="9.947582">
        <ele>662.639720</ele>
        <time>2026-07-30T06:10:35.431Z</time>
      </trkpt>
      <trkpt lat="47.676426" lon="9.947708">
        <ele>662.526078</ele>
        <time>2026-07-30T06:10:36.910Z</time>
      </trkpt>
      <trkpt lat="47.676054" lon="9.948183">
        <ele>662.083198</ele>
        <time>2026-07-30T06:10:43.023Z</time>
      </trkpt>
      <trkpt lat="47.675902" lon="9.948028">
        <ele>661.916748</ele>
        <time>2026-07-30T06:10:45.502Z</time>
      </trkpt>
      <trkpt lat="47.675730" lon="9.947900">
        <ele>661.743070</ele>
        <time>2026-07-30T06:10:48.214Z</time>
      </trkpt>
      <trkpt lat="47.675406" lon="9.947639">
        <ele>661.410321</ele>
        <time>2026-07-30T06:10:53.008Z</time>
      </trkpt>
      <trkpt lat="47.675221" lon="9.947398">
        <ele>661.188166</ele>
        <time>2026-07-30T06:10:55.865Z</time>
      </trkpt>
      <trkpt lat="47.674970" lon="9.946978">
        <ele>661.369110</ele>
        <time>2026-07-30T06:11:00.362Z</time>
      </trkpt>
      <trkpt lat="47.674604" lon="9.946241">
        <ele>662.333655</ele>
        <time>2026-07-30T06:11:10.237Z</time>
      </trkpt>
      <trkpt lat="47.674516" lon="9.946090">
        <ele>662.543997</ele>
        <time>2026-07-30T06:11:12.908Z</time>
      </trkpt>
      <trkpt lat="47.674428" lon="9.945945">
        <ele>662.749601</ele>
        <time>2026-07-30T06:11:15.717Z</time>
      </trkpt>
      <trkpt lat="47.674365" lon="9.945861">
        <ele>662.882038</ele>
        <time>2026-07-30T06:11:17.638Z</time>
      </trkpt>
      <trkpt lat="47.673700" lon="9.945436">
        <ele>664.431940</ele>
        <time>2026-07-30T06:11:38.084Z</time>
      </trkpt>
      <trkpt lat="47.673510" lon="9.945229">
        <ele>665.744367</ele>
        <time>2026-07-30T06:11:46.378Z</time>
      </trkpt>
      <trkpt lat="47.673341" lon="9.944974">
        <ele>667.086197</ele>
        <time>2026-07-30T06:11:55.242Z</time>
      </trkpt>
      <trkpt lat="47.672875" lon="9.944045">
        <ele>671.430690</ele>
        <time>2026-07-30T06:12:26.806Z</time>
      </trkpt>
      <trkpt lat="47.672768" lon="9.943880">
        <ele>672.289797</ele>
        <time>2026-07-30T06:12:33.319Z</time>
      </trkpt>
      <trkpt lat="47.672419" lon="9.943466">
        <ele>674.458822</ele>
        <time>2026-07-30T06:12:50.926Z</time>
      </trkpt>
      <trkpt lat="47.672183" lon="9.942939">
        <ele>675.999667</ele>
        <time>2026-07-30T06:13:06.008Z</time>
      </trkpt>
      <trkpt lat="47.672149" lon="9.942780">
        <ele>676.405815</ele>
        <time>2026-07-30T06:13:09.717Z</time>
      </trkpt>
      <trkpt lat="47.672144" lon="9.942561">
        <ele>676.939296</ele>
        <time>2026-07-30T06:13:14.413Z</time>
      </trkpt>
      <trkpt lat="47.672173" lon="9.942241">
        <ele>677.725387</ele>
        <time>2026-07-30T06:13:20.819Z</time>
      </trkpt>
      <trkpt lat="47.672146" lon="9.941423">
        <ele>679.719267</ele>
        <time>2026-07-30T06:13:34.612Z</time>
      </trkpt>
      <trkpt lat="47.672113" lon="9.941077">
        <ele>680.333643</ele>
        <time>2026-07-30T06:13:39.010Z</time>
      </trkpt>
      <trkpt lat="47.672034" lon="9.940642">
        <ele>680.120573</ele>
        <time>2026-07-30T06:13:43.944Z</time>
      </trkpt>
      <trkpt lat="47.672049" lon="9.940433">
        <ele>680.021173</ele>
        <time>2026-07-30T06:13:46.156Z</time>
      </trkpt>
      <trkpt lat="47.672178" lon="9.940194">
        <ele>679.876316</ele>
        <time>2026-07-30T06:13:49.151Z</time>
      </trkpt>
      <trkpt lat="47.672789" lon="9.939535">
        <ele>679.345971</ele>
        <time>2026-07-30T06:13:58.334Z</time>
      </trkpt>
      <trkpt lat="47.673210" lon="9.939167">
        <ele>678.611145</ele>
        <time>2026-07-30T06:14:03.543Z</time>
      </trkpt>
      <trkpt lat="47.674419" lon="9.937373">
        <ele>672.820177</ele>
        <time>2026-07-30T06:14:20.791Z</time>
      </trkpt>
      <trkpt lat="47.674484" lon="9.937338">
        <ele>672.417788</ele>
        <time>2026-07-30T06:14:21.446Z</time>
      </trkpt>
      <trkpt lat="47.674689" lon="9.937229">
        <ele>671.150552</ele>
        <time>2026-07-30T06:14:23.513Z</time>
      </trkpt>
      <trkpt lat="47.675520" lon="9.936785">
        <ele>666.010770</ele>
        <time>2026-07-30T06:14:31.574Z</time>
      </trkpt>
      <trkpt lat="47.675947" lon="9.936288">
        <ele>662.853434</ele>
        <time>2026-07-30T06:14:36.421Z</time>
      </trkpt>
      <trkpt lat="47.676006" lon="9.936175">
        <ele>662.434684</ele>
        <time>2026-07-30T06:14:37.286Z</time>
      </trkpt>
      <trkpt lat="47.676046" lon="9.936026">
        <ele>662.019917</ele>
        <time>2026-07-30T06:14:38.265Z</time>
      </trkpt>
      <trkpt lat="47.676064" lon="9.935802">
        <ele>661.436604</ele>
        <time>2026-07-30T06:14:39.658Z</time>
      </trkpt>
      <trkpt lat="47.676039" lon="9.934823">
        <ele>658.903359</ele>
        <time>2026-07-30T06:14:45.969Z</time>
      </trkpt>
      <trkpt lat="47.676032" lon="9.934556">
        <ele>658.212447</ele>
        <time>2026-07-30T06:14:47.834Z</time>
      </trkpt>
      <trkpt lat="47.676071" lon="9.933265">
        <ele>655.695253</ele>
        <time>2026-07-30T06:14:57.569Z</time>
      </trkpt>
      <trkpt lat="47.676050" lon="9.932988">
        <ele>655.612541</ele>
        <time>2026-07-30T06:14:59.916Z</time>
      </trkpt>
      <trkpt lat="47.676003" lon="9.932748">
        <ele>655.538376</ele>
        <time>2026-07-30T06:15:02.033Z</time>
      </trkpt>
      <trkpt lat="47.675906" lon="9.932508">
        <ele>655.455318</ele>
        <time>2026-07-30T06:15:04.416Z</time>
      </trkpt>
      <trkpt lat="47.675567" lon="9.931670">
        <ele>655.165234</ele>
        <time>2026-07-30T06:15:13.115Z</time>
      </trkpt>
      <trkpt lat="47.675134" lon="9.930815">
        <ele>655.658468</ele>
        <time>2026-07-30T06:15:26.725Z</time>
      </trkpt>
      <trkpt lat="47.675071" lon="9.930637">
        <ele>655.897971</ele>
        <time>2026-07-30T06:15:29.834Z</time>
      </trkpt>
      <trkpt lat="47.675002" lon="9.930346">
        <ele>656.265417</ele>
        <time>2026-07-30T06:15:34.926Z</time>
      </trkpt>
      <trkpt lat="47.674926" lon="9.929848">
        <ele>656.873585</ele>
        <time>2026-07-30T06:15:44.002Z</time>
      </trkpt>
      <trkpt lat="47.674779" lon="9.928071">
        <ele>658.149613</ele>
        <time>2026-07-30T06:16:10.878Z</time>
      </trkpt>
      <trkpt lat="47.674703" lon="9.927335">
        <ele>658.104620</ele>
        <time>2026-07-30T06:16:17.643Z</time>
      </trkpt>
      <trkpt lat="47.674479" lon="9.926453">
        <ele>658.047661</ele>
        <time>2026-07-30T06:16:25.036Z</time>
      </trkpt>
      <trkpt lat="47.674423" lon="9.926102">
        <ele>658.088191</ele>
        <time>2026-07-30T06:16:27.758Z</time>
      </trkpt>
      <trkpt lat="47.674359" lon="9.925443">
        <ele>658.728096</ele>
        <time>2026-07-30T06:16:33.487Z</time>
      </trkpt>
      <trkpt lat="47.674230" lon="9.924463">
        <ele>659.687785</ele>
        <time>2026-07-30T06:16:47.066Z</time>
      </trkpt>
      <trkpt lat="47.674141" lon="9.923325">
        <ele>661.029345</ele>
        <time>2026-07-30T06:17:08.987Z</time>
      </trkpt>
      <trkpt lat="47.674153" lon="9.922985">
        <ele>661.766322</ele>
        <time>2026-07-30T06:17:16.250Z</time>
      </trkpt>
      <trkpt lat="47.674266" lon="9.922115">
        <ele>663.684243</ele>
        <time>2026-07-30T06:17:34.926Z</time>
      </trkpt>
      <trkpt lat="47.674286" lon="9.921778">
        <ele>664.416542</ele>
        <time>2026-07-30T06:17:41.367Z</time>
      </trkpt>
      <trkpt lat="47.674284" lon="9.920982">
        <ele>666.139576</ele>
        <time>2026-07-30T06:17:54.905Z</time>
      </trkpt>
      <trkpt lat="47.674339" lon="9.919698">
        <ele>667.330930</ele>
        <time>2026-07-30T06:18:13.089Z</time>
      </trkpt>
      <trkpt lat="47.674274" lon="9.919079">
        <ele>667.838084</ele>
        <time>2026-07-30T06:18:21.403Z</time>
      </trkpt>
      <trkpt lat="47.674011" lon="9.918228">
        <ele>668.487664</ele>
        <time>2026-07-30T06:18:32.850Z</time>
      </trkpt>
      <trkpt lat="47.673932" lon="9.917692">
        <ele>668.052584</ele>
        <time>2026-07-30T06:18:38.367Z</time>
      </trkpt>
      <trkpt lat="47.673911" lon="9.917098">
        <ele>667.580927</ele>
        <time>2026-07-30T06:18:43.357Z</time>
      </trkpt>
      <trkpt lat="47.673923" lon="9.916786">
        <ele>667.333125</ele>
        <time>2026-07-30T06:18:45.719Z</time>
      </trkpt>
      <trkpt lat="47.673985" lon="9.915938">
        <ele>666.656756</ele>
        <time>2026-07-30T06:18:51.921Z</time>
      </trkpt>
      <trkpt lat="47.674062" lon="9.915246">
        <ele>666.123843</ele>
        <time>2026-07-30T06:18:56.949Z</time>
      </trkpt>
      <trkpt lat="47.673992" lon="9.914592">
        <ele>665.636581</ele>
        <time>2026-07-30T06:19:01.949Z</time>
      </trkpt>
      <trkpt lat="47.673989" lon="9.914242">
        <ele>665.379026</ele>
        <time>2026-07-30T06:19:04.806Z</time>
      </trkpt>
      <trkpt lat="47.673936" lon="9.913862">
        <ele>665.093482</ele>
        <time>2026-07-30T06:19:08.298Z</time>
      </trkpt>
      <trkpt lat="47.673791" lon="9.913270">
        <ele>664.629957</ele>
        <time>2026-07-30T06:19:14.854Z</time>
      </trkpt>
      <trkpt lat="47.673739" lon="9.912952">
        <ele>664.343686</ele>
        <time>2026-07-30T06:19:18.046Z</time>
      </trkpt>
      <trkpt lat="47.673641" lon="9.912093">
        <ele>663.277272</ele>
        <time>2026-07-30T06:19:25.622Z</time>
      </trkpt>
      <trkpt lat="47.673508" lon="9.911327">
        <ele>662.309005</ele>
        <time>2026-07-30T06:19:31.472Z</time>
      </trkpt>
      <trkpt lat="47.673403" lon="9.911101">
        <ele>661.972918</ele>
        <time>2026-07-30T06:19:33.401Z</time>
      </trkpt>
      <trkpt lat="47.673439" lon="9.911001">
        <ele>661.834121</ele>
        <time>2026-07-30T06:19:34.178Z</time>
      </trkpt>
      <trkpt lat="47.673441" lon="9.910904">
        <ele>661.715335</ele>
        <time>2026-07-30T06:19:34.844Z</time>
      </trkpt>
      <trkpt lat="47.673363" lon="9.910581">
        <ele>661.295320</ele>
        <time>2026-07-30T06:19:37.161Z</time>
      </trkpt>
      <trkpt lat="47.672947" lon="9.909060">
        <ele>658.309796</ele>
        <time>2026-07-30T06:19:48.194Z</time>
      </trkpt>
      <trkpt lat="47.672691" lon="9.908412">
        <ele>656.918338</ele>
        <time>2026-07-30T06:19:53.643Z</time>
      </trkpt>
      <trkpt lat="47.672659" lon="9.908271">
        <ele>656.642760</ele>
        <time>2026-07-30T06:19:54.765Z</time>
      </trkpt>
      <trkpt lat="47.672666" lon="9.908177">
        <ele>656.467602</ele>
        <time>2026-07-30T06:19:55.497Z</time>
      </trkpt>
      <trkpt lat="47.672731" lon="9.907987">
        <ele>656.121213</ele>
        <time>2026-07-30T06:19:57.156Z</time>
      </trkpt>
      <trkpt lat="47.672992" lon="9.907682">
        <ele>655.470306</ele>
        <time>2026-07-30T06:20:01.168Z</time>
      </trkpt>
      <trkpt lat="47.673776" lon="9.906362">
        <ele>653.147470</ele>
        <time>2026-07-30T06:20:15.028Z</time>
      </trkpt>
      <trkpt lat="47.674639" lon="9.905293">
        <ele>648.651322</ele>
        <time>2026-07-30T06:20:25.923Z</time>
      </trkpt>
      <trkpt lat="47.674563" lon="9.905016">
        <ele>647.745331</ele>
        <time>2026-07-30T06:20:27.768Z</time>
      </trkpt>
      <trkpt lat="47.674225" lon="9.904205">
        <ele>644.856390</ele>
        <time>2026-07-30T06:20:33.709Z</time>
      </trkpt>
      <trkpt lat="47.673978" lon="9.903496">
        <ele>644.263926</ele>
        <time>2026-07-30T06:20:38.923Z</time>
      </trkpt>
      <trkpt lat="47.673816" lon="9.903194">
        <ele>644.070830</ele>
        <time>2026-07-30T06:20:41.722Z</time>
      </trkpt>
      <trkpt lat="47.673501" lon="9.902761">
        <ele>643.752045</ele>
        <time>2026-07-30T06:20:47.980Z</time>
      </trkpt>
      <trkpt lat="47.673328" lon="9.902513">
        <ele>643.573464</ele>
        <time>2026-07-30T06:20:53.013Z</time>
      </trkpt>
      <trkpt lat="47.672902" lon="9.901779">
        <ele>643.944830</ele>
        <time>2026-07-30T06:21:10.612Z</time>
      </trkpt>
      <trkpt lat="47.672825" lon="9.901565">
        <ele>644.342263</ele>
        <time>2026-07-30T06:21:15.367Z</time>
      </trkpt>
      <trkpt lat="47.672592" lon="9.900687">
        <ele>645.888068</ele>
        <time>2026-07-30T06:21:33.577Z</time>
      </trkpt>
      <trkpt lat="47.672333" lon="9.899907">
        <ele>647.312596</ele>
        <time>2026-07-30T06:21:47.158Z</time>
      </trkpt>
      <trkpt lat="47.672150" lon="9.899492">
        <ele>647.424681</ele>
        <time>2026-07-30T06:21:53.337Z</time>
      </trkpt>
      <trkpt lat="47.671703" lon="9.898813">
        <ele>646.615783</ele>
        <time>2026-07-30T06:22:01.967Z</time>
      </trkpt>
      <trkpt lat="47.671613" lon="9.898643">
        <ele>646.431570</ele>
        <time>2026-07-30T06:22:03.600Z</time>
      </trkpt>
      <trkpt lat="47.671473" lon="9.898376">
        <ele>646.143303</ele>
        <time>2026-07-30T06:22:06.048Z</time>
      </trkpt>
      <trkpt lat="47.671353" lon="9.898063">
        <ele>645.836485</ele>
        <time>2026-07-30T06:22:08.582Z</time>
      </trkpt>
      <trkpt lat="47.671173" lon="9.897586">
        <ele>645.351685</ele>
        <time>2026-07-30T06:22:13.972Z</time>
      </trkpt>
      <trkpt lat="47.671130" lon="9.897473">
        <ele>645.126091</ele>
        <time>2026-07-30T06:22:15.245Z</time>
      </trkpt>
      <trkpt lat="47.670753" lon="9.896173">
        <ele>642.665949</ele>
        <time>2026-07-30T06:22:29.250Z</time>
      </trkpt>
      <trkpt lat="47.670546" lon="9.894756">
        <ele>640.189773</ele>
        <time>2026-07-30T06:22:39.982Z</time>
      </trkpt>
      <trkpt lat="47.670487" lon="9.894505">
        <ele>639.761540</ele>
        <time>2026-07-30T06:22:41.975Z</time>
      </trkpt>
      <trkpt lat="47.670384" lon="9.894230">
        <ele>639.254661</ele>
        <time>2026-07-30T06:22:44.306Z</time>
      </trkpt>
      <trkpt lat="47.670232" lon="9.893920">
        <ele>638.636966</ele>
        <time>2026-07-30T06:22:47.109Z</time>
      </trkpt>
      <trkpt lat="47.669683" lon="9.893071">
        <ele>636.740952</ele>
        <time>2026-07-30T06:22:55.520Z</time>
      </trkpt>
      <trkpt lat="47.669564" lon="9.892785">
        <ele>635.881638</ele>
        <time>2026-07-30T06:22:57.867Z</time>
      </trkpt>
      <trkpt lat="47.669546" lon="9.892495">
        <ele>634.803061</ele>
        <time>2026-07-30T06:22:59.852Z</time>
      </trkpt>
      <trkpt lat="47.669600" lon="9.891619">
        <ele>631.545203</ele>
        <time>2026-07-30T06:23:05.571Z</time>
      </trkpt>
      <trkpt lat="47.669615" lon="9.891370">
        <ele>630.619341</ele>
        <time>2026-07-30T06:23:07.135Z</time>
      </trkpt>
      <trkpt lat="47.669660" lon="9.891004">
        <ele>629.241443</ele>
        <time>2026-07-30T06:23:10.413Z</time>
      </trkpt>
      <trkpt lat="47.669774" lon="9.890517">
        <ele>627.331963</ele>
        <time>2026-07-30T06:23:14.852Z</time>
      </trkpt>
      <trkpt lat="47.669884" lon="9.890148">
        <ele>625.060870</ele>
        <time>2026-07-30T06:23:18.247Z</time>
      </trkpt>
      <trkpt lat="47.669942" lon="9.889849">
        <ele>622.656079</ele>
        <time>2026-07-30T06:23:20.832Z</time>
      </trkpt>
      <trkpt lat="47.670262" lon="9.888554">
        <ele>611.995126</ele>
        <time>2026-07-30T06:23:32.008Z</time>
      </trkpt>
      <trkpt lat="47.670384" lon="9.887721">
        <ele>605.349604</ele>
        <time>2026-07-30T06:23:38.757Z</time>
      </trkpt>
      <trkpt lat="47.670378" lon="9.887308">
        <ele>601.793465</ele>
        <time>2026-07-30T06:23:41.987Z</time>
      </trkpt>
      <trkpt lat="47.670297" lon="9.886838">
        <ele>597.617063</ele>
        <time>2026-07-30T06:23:45.798Z</time>
      </trkpt>
      <trkpt lat="47.670211" lon="9.886535">
        <ele>594.786455</ele>
        <time>2026-07-30T06:23:48.398Z</time>
      </trkpt>
      <trkpt lat="47.670086" lon="9.886242">
        <ele>591.800571</ele>
        <time>2026-07-30T06:23:51.148Z</time>
      </trkpt>
      <trkpt lat="47.670066" lon="9.886117">
        <ele>590.694544</ele>
        <time>2026-07-30T06:23:52.166Z</time>
      </trkpt>
      <trkpt lat="47.670101" lon="9.886079">
        <ele>590.140284</ele>
        <time>2026-07-30T06:23:52.681Z</time>
      </trkpt>
      <trkpt lat="47.670817" lon="9.886190">
        <ele>582.168655</ele>
        <time>2026-07-30T06:24:01.347Z</time>
      </trkpt>
      <trkpt lat="47.670901" lon="9.886158">
        <ele>581.749972</ele>
        <time>2026-07-30T06:24:02.434Z</time>
      </trkpt>
      <trkpt lat="47.671030" lon="9.885935">
        <ele>580.794190</ele>
        <time>2026-07-30T06:24:04.954Z</time>
      </trkpt>
      <trkpt lat="47.671415" lon="9.885651">
        <ele>578.718722</ele>
        <time>2026-07-30T06:24:10.842Z</time>
      </trkpt>
      <trkpt lat="47.671478" lon="9.885328">
        <ele>577.625458</ele>
        <time>2026-07-30T06:24:14.026Z</time>
      </trkpt>
      <trkpt lat="47.671448" lon="9.885072">
        <ele>576.780671</ele>
        <time>2026-07-30T06:24:16.541Z</time>
      </trkpt>
      <trkpt lat="47.670839" lon="9.883126">
        <ele>574.187316</ele>
        <time>2026-07-30T06:24:40.939Z</time>
      </trkpt>
      <trkpt lat="47.670587" lon="9.882510">
        <ele>574.163663</ele>
        <time>2026-07-30T06:24:52.137Z</time>
      </trkpt>
      <trkpt lat="47.670313" lon="9.882112">
        <ele>574.144985</ele>
        <time>2026-07-30T06:25:02.462Z</time>
      </trkpt>
      <trkpt lat="47.670159" lon="9.881880">
        <ele>574.494067</ele>
        <time>2026-07-30T06:25:08.681Z</time>
      </trkpt>
      <trkpt lat="47.669856" lon="9.881455">
        <ele>575.199974</ele>
        <time>2026-07-30T06:25:20.520Z</time>
      </trkpt>
      <trkpt lat="47.669563" lon="9.881054">
        <ele>575.874826</ele>
        <time>2026-07-30T06:25:29.479Z</time>
      </trkpt>
      <trkpt lat="47.669512" lon="9.881130">
        <ele>575.997196</ele>
        <time>2026-07-30T06:25:31.452Z</time>
      </trkpt>
      <trkpt lat="47.669481" lon="9.881170">
        <ele>576.066751</ele>
        <time>2026-07-30T06:25:32.589Z</time>
      </trkpt>
      <trkpt lat="47.669404" lon="9.881255">
        <ele>576.229248</ele>
        <time>2026-07-30T06:25:35.225Z</time>
      </trkpt>
      <trkpt lat="47.669329" lon="9.881329">
        <ele>576.381756</ele>
        <time>2026-07-30T06:25:37.725Z</time>
      </trkpt>
      <trkpt lat="47.669231" lon="9.881369">
        <ele>576.553890</ele>
        <time>2026-07-30T06:25:40.497Z</time>
      </trkpt>
      <trkpt lat="47.669004" lon="9.881379">
        <ele>576.938521</ele>
        <time>2026-07-30T06:25:46.551Z</time>
      </trkpt>
      <trkpt lat="47.668715" lon="9.881288">
        <ele>577.489288</ele>
        <time>2026-07-30T06:25:54.107Z</time>
      </trkpt>
      <trkpt lat="47.668465" lon="9.881165">
        <ele>578.025935</ele>
        <time>2026-07-30T06:26:00.334Z</time>
      </trkpt>
      <trkpt lat="47.668148" lon="9.880762">
        <ele>578.876254</ele>
        <time>2026-07-30T06:26:10.444Z</time>
      </trkpt>
      <trkpt lat="47.667650" lon="9.879902">
        <ele>580.432651</ele>
        <time>2026-07-30T06:26:33.776Z</time>
      </trkpt>
      <trkpt lat="47.667515" lon="9.879793">
        <ele>580.745769</ele>
        <time>2026-07-30T06:26:39.015Z</time>
      </trkpt>
      <trkpt lat="47.667438" lon="9.879774">
        <ele>580.930133</ele>
        <time>2026-07-30T06:26:41.536Z</time>
      </trkpt>
      <trkpt lat="47.666953" lon="9.879880">
        <ele>582.443536</ele>
        <time>2026-07-30T06:26:57.508Z</time>
      </trkpt>
      <trkpt lat="47.666600" lon="9.879814">
        <ele>583.541908</ele>
        <time>2026-07-30T06:27:08.827Z</time>
      </trkpt>
      <trkpt lat="47.666347" lon="9.879781">
        <ele>584.325967</ele>
        <time>2026-07-30T06:27:16.640Z</time>
      </trkpt>
      <trkpt lat="47.665387" lon="9.879772">
        <ele>587.579879</ele>
        <time>2026-07-30T06:27:49.064Z</time>
      </trkpt>
      <trkpt lat="47.664986" lon="9.879668">
        <ele>589.250343</ele>
        <time>2026-07-30T06:28:02.495Z</time>
      </trkpt>
      <trkpt lat="47.664849" lon="9.879686">
        <ele>589.814735</ele>
        <time>2026-07-30T06:28:07.291Z</time>
      </trkpt>
      <trkpt lat="47.664730" lon="9.879750">
        <ele>590.334111</ele>
        <time>2026-07-30T06:28:11.903Z</time>
      </trkpt>
      <trkpt lat="47.664639" lon="9.879857">
        <ele>590.810446</ele>
        <time>2026-07-30T06:28:16.324Z</time>
      </trkpt>
      <trkpt lat="47.664569" lon="9.879988">
        <ele>591.272601</ele>
        <time>2026-07-30T06:28:20.827Z</time>
      </trkpt>
      <trkpt lat="47.664507" lon="9.880237">
        <ele>592.006281</ele>
        <time>2026-07-30T06:28:28.028Z</time>
      </trkpt>
      <trkpt lat="47.664461" lon="9.880458">
        <ele>592.645557</ele>
        <time>2026-07-30T06:28:34.643Z</time>
      </trkpt>
      <trkpt lat="47.664398" lon="9.880567">
        <ele>593.042523</ele>
        <time>2026-07-30T06:28:38.768Z</time>
      </trkpt>
      <trkpt lat="47.664320" lon="9.880623">
        <ele>593.398058</ele>
        <time>2026-07-30T06:28:42.385Z</time>
      </trkpt>
      <trkpt lat="47.664101" lon="9.880624">
        <ele>594.345584</ele>
        <time>2026-07-30T06:28:51.378Z</time>
      </trkpt>
      <trkpt lat="47.663836" lon="9.880598">
        <ele>595.540285</ele>
        <time>2026-07-30T06:29:01.459Z</time>
      </trkpt>
      <trkpt lat="47.663619" lon="9.880594">
        <ele>596.516534</ele>
        <time>2026-07-30T06:29:08.844Z</time>
      </trkpt>
      <trkpt lat="47.663356" lon="9.880495">
        <ele>597.737066</ele>
        <time>2026-07-30T06:29:18.905Z</time>
      </trkpt>
      <trkpt lat="47.663251" lon="9.880414">
        <ele>598.269353</ele>
        <time>2026-07-30T06:29:23.434Z</time>
      </trkpt>
      <trkpt lat="47.663137" lon="9.880303">
        <ele>598.882613</ele>
        <time>2026-07-30T06:29:28.633Z</time>
      </trkpt>
      <trkpt lat="47.662767" lon="9.879892">
        <ele>600.961292</ele>
        <time>2026-07-30T06:29:46.217Z</time>
      </trkpt>
      <trkpt lat="47.662579" lon="9.879720">
        <ele>601.943292</ele>
        <time>2026-07-30T06:29:54.635Z</time>
      </trkpt>
      <trkpt lat="47.662397" lon="9.879619">
        <ele>602.683263</ele>
        <time>2026-07-30T06:30:02.064Z</time>
      </trkpt>
      <trkpt lat="47.662058" lon="9.879540">
        <ele>603.990138</ele>
        <time>2026-07-30T06:30:15.431Z</time>
      </trkpt>
      <trkpt lat="47.661699" lon="9.879527">
        <ele>605.357784</ele>
        <time>2026-07-30T06:30:30.056Z</time>
      </trkpt>
      <trkpt lat="47.661511" lon="9.879559">
        <ele>606.078465</ele>
        <time>2026-07-30T06:30:37.444Z</time>
      </trkpt>
      <trkpt lat="47.660795" lon="9.879785">
        <ele>608.718133</ele>
        <time>2026-07-30T06:31:01.350Z</time>
      </trkpt>
      <trkpt lat="47.660550" lon="9.879818">
        <ele>608.632183</ele>
        <time>2026-07-30T06:31:07.586Z</time>
      </trkpt>
      <trkpt lat="47.660165" lon="9.879540">
        <ele>608.482608</ele>
        <time>2026-07-30T06:31:16.329Z</time>
      </trkpt>
      <trkpt lat="47.659930" lon="9.879332">
        <ele>608.387021</ele>
        <time>2026-07-30T06:31:20.952Z</time>
      </trkpt>
      <trkpt lat="47.659805" lon="9.879223">
        <ele>608.336374</ele>
        <time>2026-07-30T06:31:22.566Z</time>
      </trkpt>
      <trkpt lat="47.659140" lon="9.878632">
        <ele>608.073013</ele>
        <time>2026-07-30T06:31:31.082Z</time>
      </trkpt>
      <trkpt lat="47.658456" lon="9.877827">
        <ele>607.829928</ele>
        <time>2026-07-30T06:31:43.349Z</time>
      </trkpt>
      <trkpt lat="47.658314" lon="9.877691">
        <ele>607.782866</ele>
        <time>2026-07-30T06:31:46.298Z</time>
      </trkpt>
      <trkpt lat="47.657215" lon="9.876770">
        <ele>606.917773</ele>
        <time>2026-07-30T06:32:06.350Z</time>
      </trkpt>
      <trkpt lat="47.656726" lon="9.876287">
        <ele>606.259544</ele>
        <time>2026-07-30T06:32:12.819Z</time>
      </trkpt>
      <trkpt lat="47.656703" lon="9.876227">
        <ele>606.207431</ele>
        <time>2026-07-30T06:32:13.298Z</time>
      </trkpt>
      <trkpt lat="47.656638" lon="9.875740">
        <ele>605.832660</ele>
        <time>2026-07-30T06:32:16.875Z</time>
      </trkpt>
      <trkpt lat="47.656524" lon="9.875414">
        <ele>605.548385</ele>
        <time>2026-07-30T06:32:19.707Z</time>
      </trkpt>
      <trkpt lat="47.656372" lon="9.875251">
        <ele>605.289428</ele>
        <time>2026-07-30T06:32:21.949Z</time>
      </trkpt>
      <trkpt lat="47.656180" lon="9.875112">
        <ele>604.994417</ele>
        <time>2026-07-30T06:32:24.497Z</time>
      </trkpt>
      <trkpt lat="47.656079" lon="9.875061">
        <ele>604.847082</ele>
        <time>2026-07-30T06:32:25.724Z</time>
      </trkpt>
      <trkpt lat="47.656010" lon="9.875065">
        <ele>604.751716</ele>
        <time>2026-07-30T06:32:26.538Z</time>
      </trkpt>
      <trkpt lat="47.655820" lon="9.875160">
        <ele>604.474832</ele>
        <time>2026-07-30T06:32:28.887Z</time>
      </trkpt>
      <trkpt lat="47.655687" lon="9.875321">
        <ele>604.237829</ele>
        <time>2026-07-30T06:32:30.859Z</time>
      </trkpt>
      <trkpt lat="47.655554" lon="9.875368">
        <ele>604.049015</ele>
        <time>2026-07-30T06:32:32.413Z</time>
      </trkpt>
      <trkpt lat="47.655481" lon="9.875344">
        <ele>603.945755</ele>
        <time>2026-07-30T06:32:33.308Z</time>
      </trkpt>
      <trkpt lat="47.655401" lon="9.875228">
        <ele>603.791315</ele>
        <time>2026-07-30T06:32:34.645Z</time>
      </trkpt>
      <trkpt lat="47.655256" lon="9.874651">
        <ele>603.218412</ele>
        <time>2026-07-30T06:32:40.053Z</time>
      </trkpt>
      <trkpt lat="47.655193" lon="9.874491">
        <ele>603.018318</ele>
        <time>2026-07-30T06:32:41.658Z</time>
      </trkpt>
      <trkpt lat="47.654963" lon="9.874134">
        <ele>602.329343</ele>
        <time>2026-07-30T06:32:45.449Z</time>
      </trkpt>
      <trkpt lat="47.654577" lon="9.873609">
        <ele>601.245426</ele>
        <time>2026-07-30T06:32:50.872Z</time>
      </trkpt>
      <trkpt lat="47.654149" lon="9.873019">
        <ele>600.036118</ele>
        <time>2026-07-30T06:32:57.005Z</time>
      </trkpt>
      <trkpt lat="47.653868" lon="9.872615">
        <ele>599.325180</ele>
        <time>2026-07-30T06:33:01.372Z</time>
      </trkpt>
      <trkpt lat="47.653774" lon="9.872476">
        <ele>599.230361</ele>
        <time>2026-07-30T06:33:02.867Z</time>
      </trkpt>
      <trkpt lat="47.653633" lon="9.872365">
        <ele>599.116300</ele>
        <time>2026-07-30T06:33:04.676Z</time>
      </trkpt>
      <trkpt lat="47.653164" lon="9.872109">
        <ele>598.759181</ele>
        <time>2026-07-30T06:33:10.714Z</time>
      </trkpt>
      <trkpt lat="47.652823" lon="9.871884">
        <ele>598.492490</ele>
        <time>2026-07-30T06:33:15.630Z</time>
      </trkpt>
      <trkpt lat="47.652675" lon="9.871754">
        <ele>598.369590</ele>
        <time>2026-07-30T06:33:18.033Z</time>
      </trkpt>
      <trkpt lat="47.651888" lon="9.870905">
        <ele>598.294942</ele>
        <time>2026-07-30T06:33:34.380Z</time>
      </trkpt>
      <trkpt lat="47.651719" lon="9.870792">
        <ele>598.359340</ele>
        <time>2026-07-30T06:33:37.689Z</time>
      </trkpt>
      <trkpt lat="47.651478" lon="9.870679">
        <ele>598.447149</ele>
        <time>2026-07-30T06:33:42.166Z</time>
      </trkpt>
      <trkpt lat="47.650505" lon="9.870411">
        <ele>598.493986</ele>
        <time>2026-07-30T06:33:57.757Z</time>
      </trkpt>
      <trkpt lat="47.650247" lon="9.870298">
        <ele>598.213062</ele>
        <time>2026-07-30T06:34:01.285Z</time>
      </trkpt>
      <trkpt lat="47.650063" lon="9.870173">
        <ele>598.001735</ele>
        <time>2026-07-30T06:34:03.798Z</time>
      </trkpt>
      <trkpt lat="47.649699" lon="9.869818">
        <ele>597.546889</ele>
        <time>2026-07-30T06:34:08.969Z</time>
      </trkpt>
      <trkpt lat="47.649541" lon="9.869593">
        <ele>597.318231</ele>
        <time>2026-07-30T06:34:11.536Z</time>
      </trkpt>
      <trkpt lat="47.649128" lon="9.868858">
        <ele>596.028327</ele>
        <time>2026-07-30T06:34:19.166Z</time>
      </trkpt>
      <trkpt lat="47.648492" lon="9.867670">
        <ele>591.560367</ele>
        <time>2026-07-30T06:34:29.428Z</time>
      </trkpt>
      <trkpt lat="47.648338" lon="9.867317">
        <ele>590.322078</ele>
        <time>2026-07-30T06:34:32.030Z</time>
      </trkpt>
      <trkpt lat="47.648270" lon="9.867250">
        <ele>589.965358</ele>
        <time>2026-07-30T06:34:32.765Z</time>
      </trkpt>
      <trkpt lat="47.648132" lon="9.867197">
        <ele>589.342344</ele>
        <time>2026-07-30T06:34:34.030Z</time>
      </trkpt>
      <trkpt lat="47.648008" lon="9.867160">
        <ele>588.677060</ele>
        <time>2026-07-30T06:34:35.145Z</time>
      </trkpt>
      <trkpt lat="47.647942" lon="9.867111">
        <ele>588.161158</ele>
        <time>2026-07-30T06:34:35.786Z</time>
      </trkpt>
      <trkpt lat="47.647895" lon="9.867023">
        <ele>587.632254</ele>
        <time>2026-07-30T06:34:36.444Z</time>
      </trkpt>
      <trkpt lat="47.647251" lon="9.865543">
        <ele>579.334213</ele>
        <time>2026-07-30T06:34:46.837Z</time>
      </trkpt>
      <trkpt lat="47.647221" lon="9.865476">
        <ele>578.955315</ele>
        <time>2026-07-30T06:34:47.337Z</time>
      </trkpt>
      <trkpt lat="47.646902" lon="9.865766">
        <ele>576.409237</ele>
        <time>2026-07-30T06:34:50.870Z</time>
      </trkpt>
      <trkpt lat="47.646438" lon="9.865946">
        <ele>576.754680</ele>
        <time>2026-07-30T06:34:56.003Z</time>
      </trkpt>
      <trkpt lat="47.646156" lon="9.866116">
        <ele>576.973916</ele>
        <time>2026-07-30T06:35:01.199Z</time>
      </trkpt>
      <trkpt lat="47.646045" lon="9.866245">
        <ele>577.075460</ele>
        <time>2026-07-30T06:35:04.161Z</time>
      </trkpt>
      <trkpt lat="47.645847" lon="9.866458">
        <ele>577.251596</ele>
        <time>2026-07-30T06:35:09.962Z</time>
      </trkpt>
      <trkpt lat="47.645656" lon="9.866637">
        <ele>577.414300</ele>
        <time>2026-07-30T06:35:16.615Z</time>
      </trkpt>
      <trkpt lat="47.645367" lon="9.866813">
        <ele>577.639306</ele>
        <time>2026-07-30T06:35:27.138Z</time>
      </trkpt>
      <trkpt lat="47.645168" lon="9.866842">
        <ele>578.076341</ele>
        <time>2026-07-30T06:35:33.416Z</time>
      </trkpt>
      <trkpt lat="47.645009" lon="9.866807">
        <ele>578.591256</ele>
        <time>2026-07-30T06:35:38.214Z</time>
      </trkpt>
      <trkpt lat="47.644767" lon="9.866713">
        <ele>579.392590</ele>
        <time>2026-07-30T06:35:45.288Z</time>
      </trkpt>
      <trkpt lat="47.644494" lon="9.866580">
        <ele>580.313028</ele>
        <time>2026-07-30T06:35:52.589Z</time>
      </trkpt>
      <trkpt lat="47.644482" lon="9.866494">
        <ele>580.502575</ele>
        <time>2026-07-30T06:35:54.296Z</time>
      </trkpt>
      <trkpt lat="47.644451" lon="9.866344">
        <ele>580.841200</ele>
        <time>2026-07-30T06:35:57.592Z</time>
      </trkpt>
      <trkpt lat="47.644289" lon="9.866052">
        <ele>581.657578</ele>
        <time>2026-07-30T06:36:05.503Z</time>
      </trkpt>
      <trkpt lat="47.644206" lon="9.865807">
        <ele>582.249434</ele>
        <time>2026-07-30T06:36:11.566Z</time>
      </trkpt>
      <trkpt lat="47.644051" lon="9.865185">
        <ele>583.817679</ele>
        <time>2026-07-30T06:36:26.043Z</time>
      </trkpt>
      <trkpt lat="47.643983" lon="9.865040">
        <ele>584.435652</ele>
        <time>2026-07-30T06:36:29.474Z</time>
      </trkpt>
      <trkpt lat="47.643803" lon="9.864656">
        <ele>586.071971</ele>
        <time>2026-07-30T06:36:38.184Z</time>
      </trkpt>
      <trkpt lat="47.643464" lon="9.863512">
        <ele>590.443570</ele>
        <time>2026-07-30T06:37:10.755Z</time>
      </trkpt>
      <trkpt lat="47.643354" lon="9.863272">
        <ele>591.458919</ele>
        <time>2026-07-30T06:37:19.240Z</time>
      </trkpt>
      <trkpt lat="47.643115" lon="9.862899">
        <ele>593.203376</ele>
        <time>2026-07-30T06:37:33.798Z</time>
      </trkpt>
      <trkpt lat="47.642969" lon="9.862724">
        <ele>594.059122</ele>
        <time>2026-07-30T06:37:41.155Z</time>
      </trkpt>
      <trkpt lat="47.642503" lon="9.862442">
        <ele>596.353911</ele>
        <time>2026-07-30T06:37:59.178Z</time>
      </trkpt>
      <trkpt lat="47.642360" lon="9.862222">
        <ele>597.293091</ele>
        <time>2026-07-30T06:38:05.875Z</time>
      </trkpt>
      <trkpt lat="47.641866" lon="9.861225">
        <ele>601.056915</ele>
        <time>2026-07-30T06:38:30.071Z</time>
      </trkpt>
      <trkpt lat="47.641081" lon="9.859997">
        <ele>604.157525</ele>
        <time>2026-07-30T06:39:00.020Z</time>
      </trkpt>
      <trkpt lat="47.640831" lon="9.859516">
        <ele>605.270258</ele>
        <time>2026-07-30T06:39:10.372Z</time>
      </trkpt>
      <trkpt lat="47.640359" lon="9.858308">
        <ele>606.794568</ele>
        <time>2026-07-30T06:39:31.097Z</time>
      </trkpt>
      <trkpt lat="47.640317" lon="9.858176">
        <ele>606.919369</ele>
        <time>2026-07-30T06:39:33.008Z</time>
      </trkpt>
      <trkpt lat="47.640274" lon="9.858045">
        <ele>607.043949</ele>
        <time>2026-07-30T06:39:34.895Z</time>
      </trkpt>
      <trkpt lat="47.640041" lon="9.857450">
        <ele>607.632310</ele>
        <time>2026-07-30T06:39:43.462Z</time>
      </trkpt>
      <trkpt lat="47.639781" lon="9.857004">
        <ele>608.136521</ele>
        <time>2026-07-30T06:39:50.349Z</time>
      </trkpt>
      <trkpt lat="47.638936" lon="9.855759">
        <ele>609.221977</ele>
        <time>2026-07-30T06:40:11.607Z</time>
      </trkpt>
      <trkpt lat="47.638639" lon="9.855370">
        <ele>609.579667</ele>
        <time>2026-07-30T06:40:19.138Z</time>
      </trkpt>
      <trkpt lat="47.638121" lon="9.854828">
        <ele>610.296410</ele>
        <time>2026-07-30T06:40:31.446Z</time>
      </trkpt>
      <trkpt lat="47.637099" lon="9.851620">
        <ele>612.965158</ele>
        <time>2026-07-30T06:41:19.906Z</time>
      </trkpt>
      <trkpt lat="47.636853" lon="9.850890">
        <ele>613.458723</ele>
        <time>2026-07-30T06:41:30.311Z</time>
      </trkpt>
      <trkpt lat="47.636618" lon="9.850297">
        <ele>613.518787</ele>
        <time>2026-07-30T06:41:36.837Z</time>
      </trkpt>
      <trkpt lat="47.636556" lon="9.850182">
        <ele>613.432223</ele>
        <time>2026-07-30T06:41:38.066Z</time>
      </trkpt>
      <trkpt lat="47.636164" lon="9.849659">
        <ele>612.972436</ele>
        <time>2026-07-30T06:41:44.566Z</time>
      </trkpt>
      <trkpt lat="47.636110" lon="9.849507">
        <ele>612.871441</ele>
        <time>2026-07-30T06:41:45.952Z</time>
      </trkpt>
      <trkpt lat="47.636155" lon="9.849191">
        <ele>612.681607</ele>
        <time>2026-07-30T06:41:48.536Z</time>
      </trkpt>
      <trkpt lat="47.636115" lon="9.849113">
        <ele>612.623996</ele>
        <time>2026-07-30T06:41:49.311Z</time>
      </trkpt>
      <trkpt lat="47.635720" lon="9.848984">
        <ele>612.271211</ele>
        <time>2026-07-30T06:41:53.992Z</time>
      </trkpt>
      <trkpt lat="47.635594" lon="9.848870">
        <ele>612.142492</ele>
        <time>2026-07-30T06:41:55.694Z</time>
      </trkpt>
      <trkpt lat="47.635455" lon="9.848592">
        <ele>612.079702</ele>
        <time>2026-07-30T06:41:58.390Z</time>
      </trkpt>
      <trkpt lat="47.635156" lon="9.847831">
        <ele>611.952846</ele>
        <time>2026-07-30T06:42:06.258Z</time>
      </trkpt>
      <trkpt lat="47.635029" lon="9.847577">
        <ele>611.907299</ele>
        <time>2026-07-30T06:42:09.411Z</time>
      </trkpt>
      <trkpt lat="47.634904" lon="9.847407">
        <ele>611.871065</ele>
        <time>2026-07-30T06:42:12.005Z</time>
      </trkpt>
      <trkpt lat="47.634344" lon="9.846890">
        <ele>611.770651</ele>
        <time>2026-07-30T06:42:22.742Z</time>
      </trkpt>
      <trkpt lat="47.633760" lon="9.846326">
        <ele>612.177865</ele>
        <time>2026-07-30T06:42:35.291Z</time>
      </trkpt>
      <trkpt lat="47.632869" lon="9.845168">
        <ele>612.579792</ele>
        <time>2026-07-30T06:42:56.704Z</time>
      </trkpt>
      <trkpt lat="47.632117" lon="9.844352">
        <ele>611.095975</ele>
        <time>2026-07-30T06:43:08.171Z</time>
      </trkpt>
      <trkpt lat="47.631643" lon="9.843777">
        <ele>610.120844</ele>
        <time>2026-07-30T06:43:14.461Z</time>
      </trkpt>
      <trkpt lat="47.631407" lon="9.843556">
        <ele>609.375516</ele>
        <time>2026-07-30T06:43:17.245Z</time>
      </trkpt>
      <trkpt lat="47.631192" lon="9.843374">
        <ele>608.508683</ele>
        <time>2026-07-30T06:43:19.702Z</time>
      </trkpt>
      <trkpt lat="47.630684" lon="9.843305">
        <ele>606.722220</ele>
        <time>2026-07-30T06:43:24.725Z</time>
      </trkpt>
      <trkpt lat="47.630527" lon="9.843191">
        <ele>606.110105</ele>
        <time>2026-07-30T06:43:26.446Z</time>
      </trkpt>
      <trkpt lat="47.630389" lon="9.842781">
        <ele>605.028512</ele>
        <time>2026-07-30T06:43:29.513Z</time>
      </trkpt>
      <trkpt lat="47.629991" lon="9.840668">
        <ele>600.427206</ele>
        <time>2026-07-30T06:43:44.503Z</time>
      </trkpt>
      <trkpt lat="47.629909" lon="9.840482">
        <ele>599.982712</ele>
        <time>2026-07-30T06:43:46.020Z</time>
      </trkpt>
      <trkpt lat="47.629759" lon="9.840315">
        <ele>599.426226</ele>
        <time>2026-07-30T06:43:47.913Z</time>
      </trkpt>
      <trkpt lat="47.629601" lon="9.840181">
        <ele>598.886180</ele>
        <time>2026-07-30T06:43:49.752Z</time>
      </trkpt>
      <trkpt lat="47.629521" lon="9.840148">
        <ele>598.639777</ele>
        <time>2026-07-30T06:43:50.594Z</time>
      </trkpt>
      <trkpt lat="47.629389" lon="9.839571">
        <ele>598.152440</ele>
        <time>2026-07-30T06:43:55.051Z</time>
      </trkpt>
      <trkpt lat="47.629031" lon="9.838625">
        <ele>597.806865</ele>
        <time>2026-07-30T06:44:04.610Z</time>
      </trkpt>
      <trkpt lat="47.628893" lon="9.838344">
        <ele>597.696118</ele>
        <time>2026-07-30T06:44:08.122Z</time>
      </trkpt>
      <trkpt lat="47.628782" lon="9.838194">
        <ele>597.625160</ele>
        <time>2026-07-30T06:44:10.495Z</time>
      </trkpt>
      <trkpt lat="47.628369" lon="9.836987">
        <ele>597.684157</ele>
        <time>2026-07-30T06:44:28.423Z</time>
      </trkpt>
      <trkpt lat="47.628182" lon="9.836448">
        <ele>597.874436</ele>
        <time>2026-07-30T06:44:35.497Z</time>
      </trkpt>
      <trkpt lat="47.628160" lon="9.836389">
        <ele>597.895600</ele>
        <time>2026-07-30T06:44:36.219Z</time>
      </trkpt>
      <trkpt lat="47.628034" lon="9.836077">
        <ele>598.009764</ele>
        <time>2026-07-30T06:44:40.153Z</time>
      </trkpt>
      <trkpt lat="47.627973" lon="9.835926">
        <ele>598.065022</ele>
        <time>2026-07-30T06:44:42.003Z</time>
      </trkpt>
      <trkpt lat="47.627624" lon="9.835122">
        <ele>598.055079</ele>
        <time>2026-07-30T06:44:51.367Z</time>
      </trkpt>
      <trkpt lat="47.627354" lon="9.834446">
        <ele>597.418867</ele>
        <time>2026-07-30T06:44:58.196Z</time>
      </trkpt>
      <trkpt lat="47.627218" lon="9.833950">
        <ele>596.985320</ele>
        <time>2026-07-30T06:45:02.574Z</time>
      </trkpt>
      <trkpt lat="47.627173" lon="9.833746">
        <ele>596.811530</ele>
        <time>2026-07-30T06:45:04.265Z</time>
      </trkpt>
      <trkpt lat="47.627139" lon="9.833609">
        <ele>596.693327</ele>
        <time>2026-07-30T06:45:05.401Z</time>
      </trkpt>
      <trkpt lat="47.626998" lon="9.833110">
        <ele>596.255241</ele>
        <time>2026-07-30T06:45:09.469Z</time>
      </trkpt>
      <trkpt lat="47.626913" lon="9.832900">
        <ele>595.958570</ele>
        <time>2026-07-30T06:45:11.230Z</time>
      </trkpt>
      <trkpt lat="47.626505" lon="9.832102">
        <ele>593.837362</ele>
        <time>2026-07-30T06:45:18.219Z</time>
      </trkpt>
      <trkpt lat="47.626050" lon="9.831266">
        <ele>591.561723</ele>
        <time>2026-07-30T06:45:25.484Z</time>
      </trkpt>
      <trkpt lat="47.626090" lon="9.831215">
        <ele>591.396004</ele>
        <time>2026-07-30T06:45:26.007Z</time>
      </trkpt>
      <trkpt lat="47.625691" lon="9.830445">
        <ele>589.061428</ele>
        <time>2026-07-30T06:45:32.423Z</time>
      </trkpt>
      <trkpt lat="47.624489" lon="9.828188">
        <ele>581.808619</ele>
        <time>2026-07-30T06:45:51.375Z</time>
      </trkpt>
      <trkpt lat="47.623773" lon="9.826797">
        <ele>577.992860</ele>
        <time>2026-07-30T06:46:03.462Z</time>
      </trkpt>
      <trkpt lat="47.622995" lon="9.825176">
        <ele>574.888105</ele>
        <time>2026-07-30T06:46:17.658Z</time>
      </trkpt>
      <trkpt lat="47.622743" lon="9.824588">
        <ele>573.843485</ele>
        <time>2026-07-30T06:46:22.872Z</time>
      </trkpt>
      <trkpt lat="47.622392" lon="9.823855">
        <ele>572.454237</ele>
        <time>2026-07-30T06:46:30.005Z</time>
      </trkpt>
      <trkpt lat="47.622055" lon="9.823190">
        <ele>571.160477</ele>
        <time>2026-07-30T06:46:36.416Z</time>
      </trkpt>
      <trkpt lat="47.621894" lon="9.822871">
        <ele>570.540772</ele>
        <time>2026-07-30T06:46:39.367Z</time>
      </trkpt>
      <trkpt lat="47.621803" lon="9.822814">
        <ele>570.312883</ele>
        <time>2026-07-30T06:46:40.434Z</time>
      </trkpt>
      <trkpt lat="47.621484" lon="9.822088">
        <ele>568.097224</ele>
        <time>2026-07-30T06:46:46.263Z</time>
      </trkpt>
      <trkpt lat="47.621114" lon="9.821425">
        <ele>564.380339</ele>
        <time>2026-07-30T06:46:51.569Z</time>
      </trkpt>
      <trkpt lat="47.620845" lon="9.820952">
        <ele>561.707936</ele>
        <time>2026-07-30T06:46:55.293Z</time>
      </trkpt>
      <trkpt lat="47.620042" lon="9.819565">
        <ele>552.654534</ele>
        <time>2026-07-30T06:47:06.217Z</time>
      </trkpt>
      <trkpt lat="47.619963" lon="9.819415">
        <ele>551.601375</ele>
        <time>2026-07-30T06:47:07.344Z</time>
      </trkpt>
      <trkpt lat="47.619511" lon="9.818555">
        <ele>545.567956</ele>
        <time>2026-07-30T06:47:13.758Z</time>
      </trkpt>
      <trkpt lat="47.619436" lon="9.818454">
        <ele>544.736573</ele>
        <time>2026-07-30T06:47:14.645Z</time>
      </trkpt>
      <trkpt lat="47.619250" lon="9.818346">
        <ele>543.130420</ele>
        <time>2026-07-30T06:47:16.393Z</time>
      </trkpt>
      <trkpt lat="47.619103" lon="9.818353">
        <ele>542.493104</ele>
        <time>2026-07-30T06:47:17.684Z</time>
      </trkpt>
      <trkpt lat="47.618390" lon="9.818819">
        <ele>539.116959</ele>
        <time>2026-07-30T06:47:24.681Z</time>
      </trkpt>
      <trkpt lat="47.617537" lon="9.819397">
        <ele>535.535854</ele>
        <time>2026-07-30T06:47:35.337Z</time>
      </trkpt>
      <trkpt lat="47.617341" lon="9.819509">
        <ele>535.996735</ele>
        <time>2026-07-30T06:47:39.589Z</time>
      </trkpt>
      <trkpt lat="47.617193" lon="9.819549">
        <ele>536.326834</ele>
        <time>2026-07-30T06:47:42.992Z</time>
      </trkpt>
      <trkpt lat="47.617046" lon="9.819527">
        <ele>536.651030</ele>
        <time>2026-07-30T06:47:46.495Z</time>
      </trkpt>
      <trkpt lat="47.616917" lon="9.819443">
        <ele>536.960161</ele>
        <time>2026-07-30T06:47:49.929Z</time>
      </trkpt>
      <trkpt lat="47.616826" lon="9.819304">
        <ele>537.246766</ele>
        <time>2026-07-30T06:47:53.247Z</time>
      </trkpt>
      <trkpt lat="47.616759" lon="9.819075">
        <ele>537.616017</ele>
        <time>2026-07-30T06:47:57.696Z</time>
      </trkpt>
      <trkpt lat="47.616752" lon="9.818848">
        <ele>537.952132</ele>
        <time>2026-07-30T06:48:01.916Z</time>
      </trkpt>
      <trkpt lat="47.616792" lon="9.818573">
        <ele>538.368255</ele>
        <time>2026-07-30T06:48:07.278Z</time>
      </trkpt>
      <trkpt lat="47.617228" lon="9.817122">
        <ele>541.242042</ele>
        <time>2026-07-30T06:48:38.081Z</time>
      </trkpt>
      <trkpt lat="47.617340" lon="9.816756">
        <ele>542.059467</ele>
        <time>2026-07-30T06:48:46.115Z</time>
      </trkpt>
      <trkpt lat="47.617368" lon="9.816483">
        <ele>542.621045</ele>
        <time>2026-07-30T06:48:51.436Z</time>
      </trkpt>
      <trkpt lat="47.617320" lon="9.816060">
        <ele>543.493385</ele>
        <time>2026-07-30T06:48:59.375Z</time>
      </trkpt>
      <trkpt lat="47.617221" lon="9.815807">
        <ele>544.088308</ele>
        <time>2026-07-30T06:49:04.584Z</time>
      </trkpt>
      <trkpt lat="47.617121" lon="9.815646">
        <ele>544.533531</ele>
        <time>2026-07-30T06:49:08.342Z</time>
      </trkpt>
      <trkpt lat="47.615994" lon="9.814052">
        <ele>545.948118</ele>
        <time>2026-07-30T06:49:36.878Z</time>
      </trkpt>
      <trkpt lat="47.615776" lon="9.813770">
        <ele>546.181878</ele>
        <time>2026-07-30T06:49:40.826Z</time>
      </trkpt>
      <trkpt lat="47.615724" lon="9.813707">
        <ele>546.182157</ele>
        <time>2026-07-30T06:49:41.768Z</time>
      </trkpt>
      <trkpt lat="47.615169" lon="9.813051">
        <ele>545.888703</ele>
        <time>2026-07-30T06:49:51.533Z</time>
      </trkpt>
      <trkpt lat="47.615063" lon="9.812948">
        <ele>545.836303</ele>
        <time>2026-07-30T06:49:53.227Z</time>
      </trkpt>
      <trkpt lat="47.614587" lon="9.812474">
        <ele>545.599226</ele>
        <time>2026-07-30T06:50:00.768Z</time>
      </trkpt>
      <trkpt lat="47.612551" lon="9.810618">
        <ele>544.014959</ele>
        <time>2026-07-30T06:50:31.452Z</time>
      </trkpt>
      <trkpt lat="47.610692" lon="9.808769">
        <ele>541.897067</ele>
        <time>2026-07-30T06:50:59.077Z</time>
      </trkpt>
      <trkpt lat="47.609810" lon="9.807808">
        <ele>540.711074</ele>
        <time>2026-07-30T06:51:12.179Z</time>
      </trkpt>
      <trkpt lat="47.609490" lon="9.807363">
        <ele>540.220193</ele>
        <time>2026-07-30T06:51:17.383Z</time>
      </trkpt>
      <trkpt lat="47.608961" lon="9.806455">
        <ele>539.313521</ele>
        <time>2026-07-30T06:51:27.092Z</time>
      </trkpt>
      <trkpt lat="47.608288" lon="9.805168">
        <ele>538.069743</ele>
        <time>2026-07-30T06:51:40.433Z</time>
      </trkpt>
      <trkpt lat="47.606972" lon="9.802669">
        <ele>535.478465</ele>
        <time>2026-07-30T06:52:05.908Z</time>
      </trkpt>
      <trkpt lat="47.606488" lon="9.801826">
        <ele>534.501039</ele>
        <time>2026-07-30T06:52:14.538Z</time>
      </trkpt>
      <trkpt lat="47.606104" lon="9.801225">
        <ele>533.717637</ele>
        <time>2026-07-30T06:52:21.051Z</time>
      </trkpt>
      <trkpt lat="47.605720" lon="9.800747">
        <ele>532.990939</ele>
        <time>2026-07-30T06:52:27.074Z</time>
      </trkpt>
      <trkpt lat="47.604893" lon="9.800030">
        <ele>531.578113</ele>
        <time>2026-07-30T06:52:38.112Z</time>
      </trkpt>
      <trkpt lat="47.604646" lon="9.799824">
        <ele>530.969484</ele>
        <time>2026-07-30T06:52:41.301Z</time>
      </trkpt>
      <trkpt lat="47.604038" lon="9.799305">
        <ele>529.462778</ele>
        <time>2026-07-30T06:52:48.946Z</time>
      </trkpt>
      <trkpt lat="47.604020" lon="9.799289">
        <ele>529.417706</ele>
        <time>2026-07-30T06:52:49.173Z</time>
      </trkpt>
      <trkpt lat="47.603854" lon="9.799143">
        <ele>529.003194</ele>
        <time>2026-07-30T06:52:51.199Z</time>
      </trkpt>
      <trkpt lat="47.603518" lon="9.798812">
        <ele>528.136843</ele>
        <time>2026-07-30T06:52:55.403Z</time>
      </trkpt>
      <trkpt lat="47.603173" lon="9.798342">
        <ele>527.200763</ele>
        <time>2026-07-30T06:53:00.401Z</time>
      </trkpt>
      <trkpt lat="47.602895" lon="9.797869">
        <ele>526.388711</ele>
        <time>2026-07-30T06:53:04.984Z</time>
      </trkpt>
      <trkpt lat="47.602804" lon="9.797703">
        <ele>526.111836</ele>
        <time>2026-07-30T06:53:06.546Z</time>
      </trkpt>
      <trkpt lat="47.602507" lon="9.797160">
        <ele>525.206961</ele>
        <time>2026-07-30T06:53:11.740Z</time>
      </trkpt>
      <trkpt lat="47.602047" lon="9.796318">
        <ele>524.019883</ele>
        <time>2026-07-30T06:53:20.436Z</time>
      </trkpt>
      <trkpt lat="47.601579" lon="9.795453">
        <ele>523.164871</ele>
        <time>2026-07-30T06:53:29.719Z</time>
      </trkpt>
      <trkpt lat="47.601372" lon="9.795036">
        <ele>522.765659</ele>
        <time>2026-07-30T06:53:34.077Z</time>
      </trkpt>
      <trkpt lat="47.601260" lon="9.794768">
        <ele>522.522577</ele>
        <time>2026-07-30T06:53:36.783Z</time>
      </trkpt>
      <trkpt lat="47.601228" lon="9.794692">
        <ele>522.453499</ele>
        <time>2026-07-30T06:53:37.520Z</time>
      </trkpt>
      <trkpt lat="47.601192" lon="9.794606">
        <ele>522.375459</ele>
        <time>2026-07-30T06:53:38.339Z</time>
      </trkpt>
      <trkpt lat="47.600988" lon="9.794087">
        <ele>521.030879</ele>
        <time>2026-07-30T06:53:42.875Z</time>
      </trkpt>
      <trkpt lat="47.600918" lon="9.793897">
        <ele>520.464636</ele>
        <time>2026-07-30T06:53:44.428Z</time>
      </trkpt>
      <trkpt lat="47.600771" lon="9.793427">
        <ele>519.109644</ele>
        <time>2026-07-30T06:53:48.002Z</time>
      </trkpt>
      <trkpt lat="47.600433" lon="9.792207">
        <ele>515.660126</ele>
        <time>2026-07-30T06:53:56.454Z</time>
      </trkpt>
      <trkpt lat="47.600163" lon="9.791140">
        <ele>510.815438</ele>
        <time>2026-07-30T06:54:03.388Z</time>
      </trkpt>
      <trkpt lat="47.599956" lon="9.790272">
        <ele>506.697583</ele>
        <time>2026-07-30T06:54:08.949Z</time>
      </trkpt>
      <trkpt lat="47.599390" lon="9.787671">
        <ele>494.992153</ele>
        <time>2026-07-30T06:54:25.602Z</time>
      </trkpt>
      <trkpt lat="47.599248" lon="9.787111">
        <ele>492.472150</ele>
        <time>2026-07-30T06:54:29.337Z</time>
      </trkpt>
      <trkpt lat="47.599160" lon="9.786858">
        <ele>491.738530</ele>
        <time>2026-07-30T06:54:31.138Z</time>
      </trkpt>
      <trkpt lat="47.599030" lon="9.786607">
        <ele>491.121864</ele>
        <time>2026-07-30T06:54:33.156Z</time>
      </trkpt>
      <trkpt lat="47.598428" lon="9.785906">
        <ele>488.910225</ele>
        <time>2026-07-30T06:54:40.859Z</time>
      </trkpt>
      <trkpt lat="47.598194" lon="9.785664">
        <ele>488.085903</ele>
        <time>2026-07-30T06:54:44.046Z</time>
      </trkpt>
      <trkpt lat="47.597553" lon="9.784981">
        <ele>486.372248</ele>
        <time>2026-07-30T06:54:54.431Z</time>
      </trkpt>
      <trkpt lat="47.597380" lon="9.784866">
        <ele>486.097693</ele>
        <time>2026-07-30T06:54:57.426Z</time>
      </trkpt>
      <trkpt lat="47.597195" lon="9.784811">
        <ele>485.824448</ele>
        <time>2026-07-30T06:55:00.337Z</time>
      </trkpt>
      <trkpt lat="47.596832" lon="9.784859">
        <ele>485.296673</ele>
        <time>2026-07-30T06:55:05.298Z</time>
      </trkpt>
      <trkpt lat="47.596614" lon="9.784891">
        <ele>484.979426</ele>
        <time>2026-07-30T06:55:07.847Z</time>
      </trkpt>
      <trkpt lat="47.596547" lon="9.784871">
        <ele>484.880451</ele>
        <time>2026-07-30T06:55:08.609Z</time>
      </trkpt>
      <trkpt lat="47.596486" lon="9.784800">
        <ele>484.768151</ele>
        <time>2026-07-30T06:55:09.449Z</time>
      </trkpt>
      <trkpt lat="47.596439" lon="9.784645">
        <ele>484.602182</ele>
        <time>2026-07-30T06:55:10.655Z</time>
      </trkpt>
      <trkpt lat="47.596404" lon="9.784403">
        <ele>484.360476</ele>
        <time>2026-07-30T06:55:12.357Z</time>
      </trkpt>
      <trkpt lat="47.596311" lon="9.784051">
        <ele>482.698521</ele>
        <time>2026-07-30T06:55:14.859Z</time>
      </trkpt>
      <trkpt lat="47.595744" lon="9.782959">
        <ele>476.323100</ele>
        <time>2026-07-30T06:55:23.263Z</time>
      </trkpt>
      <trkpt lat="47.595628" lon="9.782621">
        <ele>474.568690</ele>
        <time>2026-07-30T06:55:25.475Z</time>
      </trkpt>
      <trkpt lat="47.595416" lon="9.781764">
        <ele>470.810388</ele>
        <time>2026-07-30T06:55:30.804Z</time>
      </trkpt>
      <trkpt lat="47.595213" lon="9.781393">
        <ele>469.221286</ele>
        <time>2026-07-30T06:55:33.620Z</time>
      </trkpt>
      <trkpt lat="47.594949" lon="9.780898">
        <ele>467.122171</ele>
        <time>2026-07-30T06:55:37.439Z</time>
      </trkpt>
      <trkpt lat="47.594907" lon="9.780704">
        <ele>466.444459</ele>
        <time>2026-07-30T06:55:38.707Z</time>
      </trkpt>
      <trkpt lat="47.594788" lon="9.779678">
        <ele>463.269451</ele>
        <time>2026-07-30T06:55:46.651Z</time>
      </trkpt>
      <trkpt lat="47.594704" lon="9.779329">
        <ele>464.469072</ele>
        <time>2026-07-30T06:55:53.171Z</time>
      </trkpt>
      <trkpt lat="47.594669" lon="9.779214">
        <ele>464.877519</ele>
        <time>2026-07-30T06:55:55.880Z</time>
      </trkpt>
      <trkpt lat="47.594623" lon="9.779112">
        <ele>465.274757</ele>
        <time>2026-07-30T06:55:58.604Z</time>
      </trkpt>
      <trkpt lat="47.594524" lon="9.779042">
        <ele>465.801267</ele>
        <time>2026-07-30T06:56:02.408Z</time>
      </trkpt>
      <trkpt lat="47.594429" lon="9.779068">
        <ele>466.265015</ele>
        <time>2026-07-30T06:56:05.850Z</time>
      </trkpt>
      <trkpt lat="47.594176" lon="9.779263">
        <ele>467.633800</ele>
        <time>2026-07-30T06:56:16.589Z</time>
      </trkpt>
      <trkpt lat="47.594018" lon="9.779308">
        <ele>468.406139</ele>
        <time>2026-07-30T06:56:23.002Z</time>
      </trkpt>
      <trkpt lat="47.593891" lon="9.779281">
        <ele>469.022034</ele>
        <time>2026-07-30T06:56:28.276Z</time>
      </trkpt>
      <trkpt lat="47.593448" lon="9.779044">
        <ele>471.282821</ele>
        <time>2026-07-30T06:56:48.783Z</time>
      </trkpt>
      <trkpt lat="47.593266" lon="9.779032">
        <ele>472.296701</ele>
        <time>2026-07-30T06:56:56.679Z</time>
      </trkpt>
      <trkpt lat="47.593044" lon="9.779161">
        <ele>473.844553</ele>
        <time>2026-07-30T06:57:06.503Z</time>
      </trkpt>
      <trkpt lat="47.592888" lon="9.779398">
        <ele>475.294416</ele>
        <time>2026-07-30T06:57:15.291Z</time>
      </trkpt>
      <trkpt lat="47.592673" lon="9.779917">
        <ele>477.960998</ele>
        <time>2026-07-30T06:57:31.480Z</time>
      </trkpt>
      <trkpt lat="47.592532" lon="9.780155">
        <ele>479.347894</ele>
        <time>2026-07-30T06:57:39.867Z</time>
      </trkpt>
      <trkpt lat="47.592362" lon="9.780351">
        <ele>480.745819</ele>
        <time>2026-07-30T06:57:48.742Z</time>
      </trkpt>
      <trkpt lat="47.592179" lon="9.780486">
        <ele>482.072692</ele>
        <time>2026-07-30T06:57:57.232Z</time>
      </trkpt>
      <trkpt lat="47.591637" lon="9.780717">
        <ele>485.580303</ele>
        <time>2026-07-30T06:58:20.962Z</time>
      </trkpt>
      <trkpt lat="47.591373" lon="9.780826">
        <ele>487.240480</ele>
        <time>2026-07-30T06:58:32.393Z</time>
      </trkpt>
      <trkpt lat="47.589941" lon="9.781409">
        <ele>495.272133</ele>
        <time>2026-07-30T06:59:28.885Z</time>
      </trkpt>
      <trkpt lat="47.589585" lon="9.781529">
        <ele>496.362405</ele>
        <time>2026-07-30T06:59:40.776Z</time>
      </trkpt>
      <trkpt lat="47.589293" lon="9.781537">
        <ele>497.234572</ele>
        <time>2026-07-30T06:59:48.954Z</time>
      </trkpt>
      <trkpt lat="47.588964" lon="9.781450">
        <ele>498.232589</ele>
        <time>2026-07-30T06:59:56.775Z</time>
      </trkpt>
      <trkpt lat="47.588888" lon="9.781427">
        <ele>498.464232</ele>
        <time>2026-07-30T06:59:58.456Z</time>
      </trkpt>
      <trkpt lat="47.588727" lon="9.781369">
        <ele>498.959024</ele>
        <time>2026-07-30T07:00:01.640Z</time>
      </trkpt>
      <trkpt lat="47.588441" lon="9.781268">
        <ele>499.649696</ele>
        <time>2026-07-30T07:00:06.758Z</time>
      </trkpt>
      <trkpt lat="47.588317" lon="9.781225">
        <ele>499.487278</ele>
        <time>2026-07-30T07:00:08.678Z</time>
      </trkpt>
      <trkpt lat="47.588180" lon="9.781180">
        <ele>499.308312</ele>
        <time>2026-07-30T07:00:10.617Z</time>
      </trkpt>
      <trkpt lat="47.587887" lon="9.781070">
        <ele>498.922826</ele>
        <time>2026-07-30T07:00:14.388Z</time>
      </trkpt>
      <trkpt lat="47.587806" lon="9.781039">
        <ele>498.816133</ele>
        <time>2026-07-30T07:00:15.375Z</time>
      </trkpt>
      <trkpt lat="47.587403" lon="9.780850">
        <ele>498.277047</ele>
        <time>2026-07-30T07:00:20.082Z</time>
      </trkpt>
      <trkpt lat="47.587349" lon="9.780825">
        <ele>498.204896</ele>
        <time>2026-07-30T07:00:20.699Z</time>
      </trkpt>
      <trkpt lat="47.587179" lon="9.780724">
        <ele>497.971318</ele>
        <time>2026-07-30T07:00:22.691Z</time>
      </trkpt>
      <trkpt lat="47.586380" lon="9.780212">
        <ele>496.653737</ele>
        <time>2026-07-30T07:00:32.041Z</time>
      </trkpt>
      <trkpt lat="47.586014" lon="9.779968">
        <ele>495.949101</ele>
        <time>2026-07-30T07:00:36.523Z</time>
      </trkpt>
      <trkpt lat="47.585680" lon="9.779758">
        <ele>495.312077</ele>
        <time>2026-07-30T07:00:40.656Z</time>
      </trkpt>
      <trkpt lat="47.585483" lon="9.779629">
        <ele>494.933930</ele>
        <time>2026-07-30T07:00:43.112Z</time>
      </trkpt>
      <trkpt lat="47.584666" lon="9.779112">
        <ele>493.772134</ele>
        <time>2026-07-30T07:00:53.413Z</time>
      </trkpt>
      <trkpt lat="47.584390" lon="9.778997">
        <ele>493.496552</ele>
        <time>2026-07-30T07:00:56.916Z</time>
      </trkpt>
      <trkpt lat="47.583634" lon="9.778715">
        <ele>492.747203</ele>
        <time>2026-07-30T07:01:06.735Z</time>
      </trkpt>
      <trkpt lat="47.583518" lon="9.778642">
        <ele>492.626069</ele>
        <time>2026-07-30T07:01:08.326Z</time>
      </trkpt>
      <trkpt lat="47.583220" lon="9.778404">
        <ele>492.526728</ele>
        <time>2026-07-30T07:01:12.742Z</time>
      </trkpt>
      <trkpt lat="47.582646" lon="9.777900">
        <ele>492.532796</ele>
        <time>2026-07-30T07:01:22.319Z</time>
      </trkpt>
      <trkpt lat="47.582165" lon="9.777554">
        <ele>492.537660</ele>
        <time>2026-07-30T07:01:30.911Z</time>
      </trkpt>
      <trkpt lat="47.581883" lon="9.777402">
        <ele>492.540389</ele>
        <time>2026-07-30T07:01:35.821Z</time>
      </trkpt>
      <trkpt lat="47.581418" lon="9.777236">
        <ele>492.701357</ele>
        <time>2026-07-30T07:01:43.880Z</time>
      </trkpt>
      <trkpt lat="47.580742" lon="9.777022">
        <ele>492.968892</ele>
        <time>2026-07-30T07:01:55.222Z</time>
      </trkpt>
      <trkpt lat="47.580498" lon="9.776914">
        <ele>493.067448</ele>
        <time>2026-07-30T07:01:59.145Z</time>
      </trkpt>
      <trkpt lat="47.580391" lon="9.776850">
        <ele>493.112104</ele>
        <time>2026-07-30T07:02:00.962Z</time>
      </trkpt>
      <trkpt lat="47.580152" lon="9.776685">
        <ele>493.214145</ele>
        <time>2026-07-30T07:02:05.217Z</time>
      </trkpt>
      <trkpt lat="47.579950" lon="9.776548">
        <ele>493.339166</ele>
        <time>2026-07-30T07:02:08.770Z</time>
      </trkpt>
      <trkpt lat="47.579672" lon="9.776365">
        <ele>493.529847</ele>
        <time>2026-07-30T07:02:13.906Z</time>
      </trkpt>
      <trkpt lat="47.579302" lon="9.775967">
        <ele>493.816420</ele>
        <time>2026-07-30T07:02:22.278Z</time>
      </trkpt>
      <trkpt lat="47.578959" lon="9.775592">
        <ele>494.083591</ele>
        <time>2026-07-30T07:02:30.082Z</time>
      </trkpt>
      <trkpt lat="47.578784" lon="9.775493">
        <ele>494.201012</ele>
        <time>2026-07-30T07:02:33.304Z</time>
      </trkpt>
      <trkpt lat="47.578631" lon="9.775434">
        <ele>494.300116</ele>
        <time>2026-07-30T07:02:36.117Z</time>
      </trkpt>
      <trkpt lat="47.578204" lon="9.775377">
        <ele>494.331728</ele>
        <time>2026-07-30T07:02:43.332Z</time>
      </trkpt>
      <trkpt lat="47.577749" lon="9.775322">
        <ele>494.285614</ele>
        <time>2026-07-30T07:02:50.492Z</time>
      </trkpt>
      <trkpt lat="47.577556" lon="9.775238">
        <ele>494.265295</ele>
        <time>2026-07-30T07:02:53.240Z</time>
      </trkpt>
      <trkpt lat="47.576833" lon="9.774383">
        <ele>494.107992</ele>
        <time>2026-07-30T07:03:05.250Z</time>
      </trkpt>
      <trkpt lat="47.576605" lon="9.774194">
        <ele>493.929488</ele>
        <time>2026-07-30T07:03:09.051Z</time>
      </trkpt>
      <trkpt lat="47.576155" lon="9.773993">
        <ele>493.608336</ele>
        <time>2026-07-30T07:03:15.372Z</time>
      </trkpt>
      <trkpt lat="47.576032" lon="9.773913">
        <ele>493.516553</ele>
        <time>2026-07-30T07:03:17.102Z</time>
      </trkpt>
      <trkpt lat="47.575922" lon="9.773797">
        <ele>493.424307</ele>
        <time>2026-07-30T07:03:18.801Z</time>
      </trkpt>
      <trkpt lat="47.575899" lon="9.773777">
        <ele>493.406086</ele>
        <time>2026-07-30T07:03:19.122Z</time>
      </trkpt>
      <trkpt lat="47.575591" lon="9.773213">
        <ele>493.071584</ele>
        <time>2026-07-30T07:03:25.053Z</time>
      </trkpt>
      <trkpt lat="47.575473" lon="9.773050">
        <ele>492.961368</ele>
        <time>2026-07-30T07:03:27.007Z</time>
      </trkpt>
      <trkpt lat="47.575150" lon="9.772769">
        <ele>492.695600</ele>
        <time>2026-07-30T07:03:31.717Z</time>
      </trkpt>
      <trkpt lat="47.574764" lon="9.772587">
        <ele>492.407841</ele>
        <time>2026-07-30T07:03:36.811Z</time>
      </trkpt>
      <trkpt lat="47.574613" lon="9.772517">
        <ele>492.295445</ele>
        <time>2026-07-30T07:03:38.816Z</time>
      </trkpt>
      <trkpt lat="47.574379" lon="9.772407">
        <ele>492.121048</ele>
        <time>2026-07-30T07:03:41.995Z</time>
      </trkpt>
      <trkpt lat="47.573988" lon="9.772186">
        <ele>491.823767</ele>
        <time>2026-07-30T07:03:47.508Z</time>
      </trkpt>
      <trkpt lat="47.572762" lon="9.771176">
        <ele>490.557923</ele>
        <time>2026-07-30T07:04:05.832Z</time>
      </trkpt>
      <trkpt lat="47.572654" lon="9.771088">
        <ele>490.442581</ele>
        <time>2026-07-30T07:04:07.319Z</time>
      </trkpt>
      <trkpt lat="47.572593" lon="9.771028">
        <ele>490.374066</ele>
        <time>2026-07-30T07:04:08.196Z</time>
      </trkpt>
      <trkpt lat="47.572494" lon="9.770923">
        <ele>490.260136</ele>
        <time>2026-07-30T07:04:09.617Z</time>
      </trkpt>
      <trkpt lat="47.572283" lon="9.770698">
        <ele>490.016870</ele>
        <time>2026-07-30T07:04:12.594Z</time>
      </trkpt>
      <trkpt lat="47.572060" lon="9.770460">
        <ele>489.339074</ele>
        <time>2026-07-30T07:04:15.648Z</time>
      </trkpt>
      <trkpt lat="47.571838" lon="9.770227">
        <ele>488.625079</ele>
        <time>2026-07-30T07:04:18.594Z</time>
      </trkpt>
      <trkpt lat="47.571485" lon="9.769919">
        <ele>487.549913</ele>
        <time>2026-07-30T07:04:22.964Z</time>
      </trkpt>
      <trkpt lat="47.571072" lon="9.769611">
        <ele>486.336393</ele>
        <time>2026-07-30T07:04:27.765Z</time>
      </trkpt>
      <trkpt lat="47.570956" lon="9.769520">
        <ele>485.991901</ele>
        <time>2026-07-30T07:04:29.084Z</time>
      </trkpt>
      <trkpt lat="47.570615" lon="9.769285">
        <ele>484.871946</ele>
        <time>2026-07-30T07:04:32.821Z</time>
      </trkpt>
      <trkpt lat="47.570026" lon="9.768857">
        <ele>482.292848</ele>
        <time>2026-07-30T07:04:39.278Z</time>
      </trkpt>
      <trkpt lat="47.568396" lon="9.767683">
        <ele>476.358786</ele>
        <time>2026-07-30T07:04:56.877Z</time>
      </trkpt>
      <trkpt lat="47.567977" lon="9.767382">
        <ele>475.247233</ele>
        <time>2026-07-30T07:05:01.826Z</time>
      </trkpt>
      <trkpt lat="47.567574" lon="9.767135">
        <ele>474.206162</ele>
        <time>2026-07-30T07:05:07.308Z</time>
      </trkpt>
      <trkpt lat="47.567411" lon="9.767042">
        <ele>473.965746</ele>
        <time>2026-07-30T07:05:10.013Z</time>
      </trkpt>
      <trkpt lat="47.567181" lon="9.766788">
        <ele>474.313911</ele>
        <time>2026-07-30T07:05:14.844Z</time>
      </trkpt>
      <trkpt lat="47.567027" lon="9.766482">
        <ele>474.626565</ele>
        <time>2026-07-30T07:05:19.804Z</time>
      </trkpt>
      <trkpt lat="47.566839" lon="9.765934">
        <ele>475.130068</ele>
        <time>2026-07-30T07:05:28.796Z</time>
      </trkpt>
      <trkpt lat="47.566716" lon="9.765667">
        <ele>475.394852</ele>
        <time>2026-07-30T07:05:33.742Z</time>
      </trkpt>
      <trkpt lat="47.566678" lon="9.765582">
        <ele>475.478363</ele>
        <time>2026-07-30T07:05:35.309Z</time>
      </trkpt>
      <trkpt lat="47.566609" lon="9.765431">
        <ele>475.627727</ele>
        <time>2026-07-30T07:05:38.143Z</time>
      </trkpt>
      <trkpt lat="47.566465" lon="9.765172">
        <ele>475.902591</ele>
        <time>2026-07-30T07:05:43.406Z</time>
      </trkpt>
      <trkpt lat="47.566308" lon="9.764939">
        <ele>476.116147</ele>
        <time>2026-07-30T07:05:48.281Z</time>
      </trkpt>
      <trkpt lat="47.566284" lon="9.764911">
        <ele>476.128079</ele>
        <time>2026-07-30T07:05:48.913Z</time>
      </trkpt>
      <trkpt lat="47.566187" lon="9.764801">
        <ele>476.175792</ele>
        <time>2026-07-30T07:05:51.347Z</time>
      </trkpt>
      <trkpt lat="47.566123" lon="9.764721">
        <ele>476.208499</ele>
        <time>2026-07-30T07:05:52.946Z</time>
      </trkpt>
      <trkpt lat="47.565550" lon="9.764101">
        <ele>476.485650</ele>
        <time>2026-07-30T07:06:06.150Z</time>
      </trkpt>
      <trkpt lat="47.565519" lon="9.764071">
        <ele>476.500114</ele>
        <time>2026-07-30T07:06:06.832Z</time>
      </trkpt>
      <trkpt lat="47.565189" lon="9.763714">
        <ele>476.659719</ele>
        <time>2026-07-30T07:06:13.061Z</time>
      </trkpt>
      <trkpt lat="47.564574" lon="9.763061">
        <ele>475.991795</ele>
        <time>2026-07-30T07:06:21.921Z</time>
      </trkpt>
      <trkpt lat="47.564243" lon="9.762777">
        <ele>475.258702</ele>
        <time>2026-07-30T07:06:26.158Z</time>
      </trkpt>
      <trkpt lat="47.564035" lon="9.762655">
        <ele>474.829934</ele>
        <time>2026-07-30T07:06:28.620Z</time>
      </trkpt>
      <trkpt lat="47.563819" lon="9.762572">
        <ele>474.402230</ele>
        <time>2026-07-30T07:06:31.036Z</time>
      </trkpt>
      <trkpt lat="47.562857" lon="9.762338">
        <ele>472.089992</ele>
        <time>2026-07-30T07:06:41.324Z</time>
      </trkpt>
      <trkpt lat="47.562602" lon="9.762278">
        <ele>471.324356</ele>
        <time>2026-07-30T07:06:44.015Z</time>
      </trkpt>
      <trkpt lat="47.561121" lon="9.761859">
        <ele>467.390259</ele>
        <time>2026-07-30T07:06:59.276Z</time>
      </trkpt>
      <trkpt lat="47.560904" lon="9.761800">
        <ele>467.039451</ele>
        <time>2026-07-30T07:07:01.577Z</time>
      </trkpt>
      <trkpt lat="47.560716" lon="9.761744">
        <ele>466.734535</ele>
        <time>2026-07-30T07:07:03.582Z</time>
      </trkpt>
      <trkpt lat="47.560519" lon="9.761728">
        <ele>466.420819</ele>
        <time>2026-07-30T07:07:05.722Z</time>
      </trkpt>
      <trkpt lat="47.560152" lon="9.761772">
        <ele>465.835351</ele>
        <time>2026-07-30T07:07:10.252Z</time>
      </trkpt>
      <trkpt lat="47.560039" lon="9.761794">
        <ele>465.654127</ele>
        <time>2026-07-30T07:07:11.895Z</time>
      </trkpt>
      <trkpt lat="47.559839" lon="9.761832">
        <ele>465.333507</ele>
        <time>2026-07-30T07:07:14.952Z</time>
      </trkpt>
      <trkpt lat="47.559666" lon="9.761864">
        <ele>465.224039</ele>
        <time>2026-07-30T07:07:17.901Z</time>
      </trkpt>
      <trkpt lat="47.559550" lon="9.761907">
        <ele>465.370554</ele>
        <time>2026-07-30T07:07:20.026Z</time>
      </trkpt>
      <trkpt lat="47.559363" lon="9.762003">
        <ele>465.613046</ele>
        <time>2026-07-30T07:07:23.707Z</time>
      </trkpt>
      <trkpt lat="47.559175" lon="9.762146">
        <ele>465.871977</ele>
        <time>2026-07-30T07:07:27.918Z</time>
      </trkpt>
      <trkpt lat="47.559165" lon="9.762154">
        <ele>465.885902</ele>
        <time>2026-07-30T07:07:28.143Z</time>
      </trkpt>
      <trkpt lat="47.558933" lon="9.762341">
        <ele>466.209504</ele>
        <time>2026-07-30T07:07:33.661Z</time>
      </trkpt>
      <trkpt lat="47.558546" lon="9.762652">
        <ele>466.748937</ele>
        <time>2026-07-30T07:07:44.038Z</time>
      </trkpt>
      <trkpt lat="47.558277" lon="9.762727">
        <ele>467.084327</ele>
        <time>2026-07-30T07:07:50.301Z</time>
      </trkpt>
      <trkpt lat="47.558098" lon="9.762727">
        <ele>467.303656</ele>
        <time>2026-07-30T07:07:53.781Z</time>
      </trkpt>
      <trkpt lat="47.557989" lon="9.762720">
        <ele>467.312703</ele>
        <time>2026-07-30T07:07:55.727Z</time>
      </trkpt>
      <trkpt lat="47.557713" lon="9.762575">
        <ele>467.128963</ele>
        <time>2026-07-30T07:08:00.638Z</time>
      </trkpt>
      <trkpt lat="47.557500" lon="9.762357">
        <ele>466.966534</ele>
        <time>2026-07-30T07:08:04.502Z</time>
      </trkpt>
      <trkpt lat="47.557210" lon="9.761921">
        <ele>466.707314</ele>
        <time>2026-07-30T07:08:09.911Z</time>
      </trkpt>
      <trkpt lat="47.556955" lon="9.761603">
        <ele>466.498191</ele>
        <time>2026-07-30T07:08:13.900Z</time>
      </trkpt>
      <trkpt lat="47.556726" lon="9.761371">
        <ele>466.324130</ele>
        <time>2026-07-30T07:08:16.962Z</time>
      </trkpt>
      <trkpt lat="47.556037" lon="9.760827">
        <ele>464.855202</ele>
        <time>2026-07-30T07:08:25.355Z</time>
      </trkpt>
      <trkpt lat="47.555709" lon="9.760609">
        <ele>464.066376</ele>
        <time>2026-07-30T07:08:29.217Z</time>
      </trkpt>
      <trkpt lat="47.555545" lon="9.760530">
        <ele>463.687967</ele>
        <time>2026-07-30T07:08:31.079Z</time>
      </trkpt>
      <trkpt lat="47.554934" lon="9.760366">
        <ele>462.325412</ele>
        <time>2026-07-30T07:08:37.742Z</time>
      </trkpt>
      <trkpt lat="47.554852" lon="9.760344">
        <ele>462.151965</ele>
        <time>2026-07-30T07:08:38.633Z</time>
      </trkpt>
      <trkpt lat="47.554434" lon="9.760227">
        <ele>461.282668</ele>
        <time>2026-07-30T07:08:43.240Z</time>
      </trkpt>
      <trkpt lat="47.553626" lon="9.759877">
        <ele>459.562396</ele>
        <time>2026-07-30T07:08:52.474Z</time>
      </trkpt>
      <trkpt lat="47.552759" lon="9.759608">
        <ele>457.197570</ele>
        <time>2026-07-30T07:09:02.365Z</time>
      </trkpt>
      <trkpt lat="47.552360" lon="9.759493">
        <ele>455.825983</ele>
        <time>2026-07-30T07:09:06.589Z</time>
      </trkpt>
      <trkpt lat="47.552174" lon="9.759443">
        <ele>455.188114</ele>
        <time>2026-07-30T07:09:08.500Z</time>
      </trkpt>
      <trkpt lat="47.552085" lon="9.759408">
        <ele>454.877402</ele>
        <time>2026-07-30T07:09:09.418Z</time>
      </trkpt>
      <trkpt lat="47.551825" lon="9.759292">
        <ele>453.961168</ele>
        <time>2026-07-30T07:09:12.082Z</time>
      </trkpt>
      <trkpt lat="47.551015" lon="9.758800">
        <ele>450.183588</ele>
        <time>2026-07-30T07:09:20.334Z</time>
      </trkpt>
      <trkpt lat="47.550633" lon="9.758617">
        <ele>448.098481</ele>
        <time>2026-07-30T07:09:24.023Z</time>
      </trkpt>
      <trkpt lat="47.550409" lon="9.758547">
        <ele>446.909505</ele>
        <time>2026-07-30T07:09:26.148Z</time>
      </trkpt>
      <trkpt lat="47.550085" lon="9.758465">
        <ele>445.202386</ele>
        <time>2026-07-30T07:09:29.225Z</time>
      </trkpt>
      <trkpt lat="47.549864" lon="9.758412">
        <ele>444.039648</ele>
        <time>2026-07-30T07:09:31.326Z</time>
      </trkpt>
      <trkpt lat="47.549820" lon="9.758401">
        <ele>443.807897</ele>
        <time>2026-07-30T07:09:31.747Z</time>
      </trkpt>
      <trkpt lat="47.549707" lon="9.758374">
        <ele>443.213430</ele>
        <time>2026-07-30T07:09:32.832Z</time>
      </trkpt>
      <trkpt lat="47.549590" lon="9.758299">
        <ele>442.767293</ele>
        <time>2026-07-30T07:09:34.041Z</time>
      </trkpt>
      <trkpt lat="47.549444" lon="9.758158">
        <ele>442.166670</ele>
        <time>2026-07-30T07:09:35.699Z</time>
      </trkpt>
      <trkpt lat="47.549233" lon="9.757779">
        <ele>441.023863</ele>
        <time>2026-07-30T07:09:38.859Z</time>
      </trkpt>
      <trkpt lat="47.548994" lon="9.757260">
        <ele>439.562382</ele>
        <time>2026-07-30T07:09:43.020Z</time>
      </trkpt>
      <trkpt lat="47.548912" lon="9.757095">
        <ele>439.085753</ele>
        <time>2026-07-30T07:09:44.436Z</time>
      </trkpt>
      <trkpt lat="47.548780" lon="9.756814">
        <ele>438.289384</ele>
        <time>2026-07-30T07:09:46.872Z</time>
      </trkpt>
      <trkpt lat="47.548544" lon="9.756376">
        <ele>436.993234</ele>
        <time>2026-07-30T07:09:51.028Z</time>
      </trkpt>
      <trkpt lat="47.548491" lon="9.756320">
        <ele>436.960849</ele>
        <time>2026-07-30T07:09:51.778Z</time>
      </trkpt>
      <trkpt lat="47.548452" lon="9.756277">
        <ele>436.936664</ele>
        <time>2026-07-30T07:09:52.344Z</time>
      </trkpt>
      <trkpt lat="47.548201" lon="9.756121">
        <ele>436.801252</ele>
        <time>2026-07-30T07:09:55.617Z</time>
      </trkpt>
      <trkpt lat="47.547954" lon="9.756032">
        <ele>436.674790</ele>
        <time>2026-07-30T07:09:58.875Z</time>
      </trkpt>
      <trkpt lat="47.547842" lon="9.755992">
        <ele>436.617475</ele>
        <time>2026-07-30T07:10:00.421Z</time>
      </trkpt>
      <trkpt lat="47.547402" lon="9.755853">
        <ele>436.393659</ele>
        <time>2026-07-30T07:10:07.130Z</time>
      </trkpt>
      <trkpt lat="47.547011" lon="9.755712">
        <ele>436.193461</ele>
        <time>2026-07-30T07:10:13.566Z</time>
      </trkpt>
      <trkpt lat="47.546776" lon="9.755629">
        <ele>436.079394</ele>
        <time>2026-07-30T07:10:17.288Z</time>
      </trkpt>
      <trkpt lat="47.546284" lon="9.755414">
        <ele>435.883296</ele>
        <time>2026-07-30T07:10:24.834Z</time>
      </trkpt>
      <trkpt lat="47.546228" lon="9.755389">
        <ele>435.860937</ele>
        <time>2026-07-30T07:10:25.651Z</time>
      </trkpt>
      <trkpt lat="47.545776" lon="9.755170">
        <ele>435.679136</ele>
        <time>2026-07-30T07:10:32.020Z</time>
      </trkpt>
      <trkpt lat="47.545357" lon="9.754915">
        <ele>435.505968</ele>
        <time>2026-07-30T07:10:38.003Z</time>
      </trkpt>
      <trkpt lat="47.545258" lon="9.754844">
        <ele>435.463920</ele>
        <time>2026-07-30T07:10:39.434Z</time>
      </trkpt>
      <trkpt lat="47.544929" lon="9.754549">
        <ele>434.980404</ele>
        <time>2026-07-30T07:10:44.270Z</time>
      </trkpt>
      <trkpt lat="47.544625" lon="9.754211">
        <ele>434.321464</ele>
        <time>2026-07-30T07:10:48.778Z</time>
      </trkpt>
      <trkpt lat="47.544420" lon="9.753935">
        <ele>433.841231</ele>
        <time>2026-07-30T07:10:51.911Z</time>
      </trkpt>
      <trkpt lat="47.544081" lon="9.753379">
        <ele>432.964453</ele>
        <time>2026-07-30T07:10:57.461Z</time>
      </trkpt>
      <trkpt lat="47.544026" lon="9.753274">
        <ele>432.808922</ele>
        <time>2026-07-30T07:10:58.418Z</time>
      </trkpt>
      <trkpt lat="47.543296" lon="9.751900">
        <ele>430.036387</ele>
        <time>2026-07-30T07:11:10.673Z</time>
      </trkpt>
      <trkpt lat="47.543097" lon="9.751553">
        <ele>429.250799</ele>
        <time>2026-07-30T07:11:13.888Z</time>
      </trkpt>
      <trkpt lat="47.542931" lon="9.751259">
        <ele>428.589490</ele>
        <time>2026-07-30T07:11:16.620Z</time>
      </trkpt>
      <trkpt lat="47.542896" lon="9.751192">
        <ele>428.443319</ele>
        <time>2026-07-30T07:11:17.232Z</time>
      </trkpt>
      <trkpt lat="47.542745" lon="9.750963">
        <ele>427.890989</ele>
        <time>2026-07-30T07:11:19.526Z</time>
      </trkpt>
      <trkpt lat="47.542339" lon="9.750445">
        <ele>426.980443</ele>
        <time>2026-07-30T07:11:25.324Z</time>
      </trkpt>
      <trkpt lat="47.541892" lon="9.750143">
        <ele>426.215154</ele>
        <time>2026-07-30T07:11:30.944Z</time>
      </trkpt>
      <trkpt lat="47.541797" lon="9.750098">
        <ele>426.059791</ele>
        <time>2026-07-30T07:11:32.094Z</time>
      </trkpt>
      <trkpt lat="47.541672" lon="9.750057">
        <ele>425.860363</ele>
        <time>2026-07-30T07:11:33.556Z</time>
      </trkpt>
      <trkpt lat="47.541196" lon="9.749963">
        <ele>425.112338</ele>
        <time>2026-07-30T07:11:39.199Z</time>
      </trkpt>
      <trkpt lat="47.540922" lon="9.749977">
        <ele>424.848032</ele>
        <time>2026-07-30T07:11:42.668Z</time>
      </trkpt>
      <trkpt lat="47.540795" lon="9.750002">
        <ele>424.803397</ele>
        <time>2026-07-30T07:11:44.362Z</time>
      </trkpt>
      <trkpt lat="47.540531" lon="9.750080">
        <ele>424.709610</ele>
        <time>2026-07-30T07:11:48.061Z</time>
      </trkpt>
      <trkpt lat="47.540178" lon="9.750276">
        <ele>424.578272</ele>
        <time>2026-07-30T07:11:53.429Z</time>
      </trkpt>
      <trkpt lat="47.539972" lon="9.750452">
        <ele>424.495422</ele>
        <time>2026-07-30T07:11:56.780Z</time>
      </trkpt>
      <trkpt lat="47.539859" lon="9.750560">
        <ele>424.448571</ele>
        <time>2026-07-30T07:11:58.668Z</time>
      </trkpt>
      <trkpt lat="47.539618" lon="9.750820">
        <ele>424.344701</ele>
        <time>2026-07-30T07:12:02.847Z</time>
      </trkpt>
      <trkpt lat="47.539486" lon="9.750953">
        <ele>424.289083</ele>
        <time>2026-07-30T07:12:05.186Z</time>
      </trkpt>
      <trkpt lat="47.538932" lon="9.751558">
        <ele>424.019035</ele>
        <time>2026-07-30T07:12:15.031Z</time>
      </trkpt>
      <trkpt lat="47.538714" lon="9.751797">
        <ele>423.911491</ele>
        <time>2026-07-30T07:12:18.620Z</time>
      </trkpt>
      <trkpt lat="47.538649" lon="9.751870">
        <ele>423.879147</ele>
        <time>2026-07-30T07:12:19.666Z</time>
      </trkpt>
      <trkpt lat="47.538405" lon="9.752052">
        <ele>423.770820</ele>
        <time>2026-07-30T07:12:23.179Z</time>
      </trkpt>
      <trkpt lat="47.538276" lon="9.752145">
        <ele>423.713931</ele>
        <time>2026-07-30T07:12:25.048Z</time>
      </trkpt>
      <trkpt lat="47.538104" lon="9.752219">
        <ele>423.642910</ele>
        <time>2026-07-30T07:12:27.401Z</time>
      </trkpt>
      <trkpt lat="47.537854" lon="9.752286">
        <ele>423.551812</ele>
        <time>2026-07-30T07:12:30.788Z</time>
      </trkpt>
      <trkpt lat="47.537562" lon="9.752307">
        <ele>423.522477</ele>
        <time>2026-07-30T07:12:34.717Z</time>
      </trkpt>
      <trkpt lat="47.537205" lon="9.752302">
        <ele>423.486654</ele>
        <time>2026-07-30T07:12:39.663Z</time>
      </trkpt>
      <trkpt lat="47.537071" lon="9.752287">
        <ele>423.473170</ele>
        <time>2026-07-30T07:12:41.492Z</time>
      </trkpt>
      <trkpt lat="47.536985" lon="9.752278">
        <ele>423.464519</ele>
        <time>2026-07-30T07:12:42.676Z</time>
      </trkpt>
      <trkpt lat="47.536639" lon="9.752240">
        <ele>423.429705</ele>
        <time>2026-07-30T07:12:47.541Z</time>
      </trkpt>
      <trkpt lat="47.536583" lon="9.752234">
        <ele>423.424071</ele>
        <time>2026-07-30T07:12:48.357Z</time>
      </trkpt>
      <trkpt lat="47.536006" lon="9.752229">
        <ele>423.378488</ele>
        <time>2026-07-30T07:12:57.852Z</time>
      </trkpt>
      <trkpt lat="47.535542" lon="9.752226">
        <ele>423.399979</ele>
        <time>2026-07-30T07:13:06.028Z</time>
      </trkpt>
      <trkpt lat="47.535282" lon="9.752234">
        <ele>423.412024</ele>
        <time>2026-07-30T07:13:10.431Z</time>
      </trkpt>
      <trkpt lat="47.534931" lon="9.752230">
        <ele>423.428281</ele>
        <time>2026-07-30T07:13:15.735Z</time>
      </trkpt>
      <trkpt lat="47.534814" lon="9.752229">
        <ele>423.433700</ele>
        <time>2026-07-30T07:13:17.416Z</time>
      </trkpt>
      <trkpt lat="47.534503" lon="9.752227">
        <ele>423.448104</ele>
        <time>2026-07-30T07:13:21.732Z</time>
      </trkpt>
      <trkpt lat="47.534343" lon="9.752226">
        <ele>423.455514</ele>
        <time>2026-07-30T07:13:23.872Z</time>
      </trkpt>
      <trkpt lat="47.533858" lon="9.752229">
        <ele>422.835373</ele>
        <time>2026-07-30T07:13:29.936Z</time>
      </trkpt>
      <trkpt lat="47.533815" lon="9.752230">
        <ele>422.773603</ele>
        <time>2026-07-30T07:13:30.436Z</time>
      </trkpt>
      <trkpt lat="47.533546" lon="9.752229">
        <ele>422.387225</ele>
        <time>2026-07-30T07:13:33.510Z</time>
      </trkpt>
      <trkpt lat="47.533236" lon="9.752228">
        <ele>421.941958</ele>
        <time>2026-07-30T07:13:37.061Z</time>
      </trkpt>
      <trkpt lat="47.533007" lon="9.752230">
        <ele>421.613030</ele>
        <time>2026-07-30T07:13:39.696Z</time>
      </trkpt>
      <trkpt lat="47.532685" lon="9.752230">
        <ele>421.150527</ele>
        <time>2026-07-30T07:13:43.372Z</time>
      </trkpt>
      <trkpt lat="47.532617" lon="9.752229">
        <ele>421.052851</ele>
        <time>2026-07-30T07:13:44.120Z</time>
      </trkpt>
      <trkpt lat="47.532557" lon="9.752229">
        <ele>420.966671</ele>
        <time>2026-07-30T07:13:44.793Z</time>
      </trkpt>
      <trkpt lat="47.532383" lon="9.752224">
        <ele>420.611522</ele>
        <time>2026-07-30T07:13:46.696Z</time>
      </trkpt>
      <trkpt lat="47.532322" lon="9.752224">
        <ele>420.465482</ele>
        <time>2026-07-30T07:13:47.344Z</time>
      </trkpt>
      <trkpt lat="47.532210" lon="9.752222">
        <ele>420.197324</ele>
        <time>2026-07-30T07:13:48.536Z</time>
      </trkpt>
      <trkpt lat="47.532156" lon="9.752222">
        <ele>420.068043</ele>
        <time>2026-07-30T07:13:49.099Z</time>
      </trkpt>
      <trkpt lat="47.532081" lon="9.752220">
        <ele>419.888457</ele>
        <time>2026-07-30T07:13:49.875Z</time>
      </trkpt>
      <trkpt lat="47.531846" lon="9.752202">
        <ele>419.325093</ele>
        <time>2026-07-30T07:13:52.306Z</time>
      </trkpt>
      <trkpt lat="47.531795" lon="9.752185">
        <ele>419.199940</ele>
        <time>2026-07-30T07:13:52.842Z</time>
      </trkpt>
      <trkpt lat="47.531746" lon="9.752168">
        <ele>419.079453</ele>
        <time>2026-07-30T07:13:53.365Z</time>
      </trkpt>
      <trkpt lat="47.531594" lon="9.752079">
        <ele>418.688145</ele>
        <time>2026-07-30T07:13:55.074Z</time>
      </trkpt>
      <trkpt lat="47.531491" lon="9.751977">
        <ele>418.391510</ele>
        <time>2026-07-30T07:13:56.387Z</time>
      </trkpt>
      <trkpt lat="47.531427" lon="9.751913">
        <ele>418.206633</ele>
        <time>2026-07-30T07:13:57.209Z</time>
      </trkpt>
      <trkpt lat="47.531345" lon="9.751825">
        <ele>417.964198</ele>
        <time>2026-07-30T07:13:58.286Z</time>
      </trkpt>
      <trkpt lat="47.531127" lon="9.751629">
        <ele>417.353648</ele>
        <time>2026-07-30T07:14:01.003Z</time>
      </trkpt>
      <trkpt lat="47.531076" lon="9.751599">
        <ele>417.222271</ele>
        <time>2026-07-30T07:14:01.582Z</time>
      </trkpt>
      <trkpt lat="47.531027" lon="9.751575">
        <ele>417.098712</ele>
        <time>2026-07-30T07:14:02.122Z</time>
      </trkpt>
      <trkpt lat="47.530920" lon="9.751530">
        <ele>416.832416</ele>
        <time>2026-07-30T07:14:03.296Z</time>
      </trkpt>
      <trkpt lat="47.530864" lon="9.751517">
        <ele>416.696710</ele>
        <time>2026-07-30T07:14:03.895Z</time>
      </trkpt>
      <trkpt lat="47.530661" lon="9.751489">
        <ele>416.283730</ele>
        <time>2026-07-30T07:14:06.061Z</time>
      </trkpt>
      <trkpt lat="47.530593" lon="9.751484">
        <ele>416.154774</ele>
        <time>2026-07-30T07:14:06.803Z</time>
      </trkpt>
      <trkpt lat="47.530194" lon="9.751492">
        <ele>415.398964</ele>
        <time>2026-07-30T07:14:11.214Z</time>
      </trkpt>
      <trkpt lat="47.529908" lon="9.751515">
        <ele>414.856457</ele>
        <time>2026-07-30T07:14:14.477Z</time>
      </trkpt>
      <trkpt lat="47.529788" lon="9.751529">
        <ele>414.628463</ele>
        <time>2026-07-30T07:14:15.867Z</time>
      </trkpt>
      <trkpt lat="47.529600" lon="9.751552">
        <ele>414.271162</ele>
        <time>2026-07-30T07:14:18.026Z</time>
      </trkpt>
      <trkpt lat="47.529398" lon="9.751577">
        <ele>413.887223</ele>
        <time>2026-07-30T07:14:20.304Z</time>
      </trkpt>
      <trkpt lat="47.529258" lon="9.751595">
        <ele>413.621053</ele>
        <time>2026-07-30T07:14:21.882Z</time>
      </trkpt>
      <trkpt lat="47.529198" lon="9.751603">
        <ele>413.506949</ele>
        <time>2026-07-30T07:14:22.548Z</time>
      </trkpt>
      <trkpt lat="47.529137" lon="9.751610">
        <ele>413.391063</ele>
        <time>2026-07-30T07:14:23.219Z</time>
      </trkpt>
      <trkpt lat="47.528819" lon="9.751647">
        <ele>412.886315</ele>
        <time>2026-07-30T07:14:26.724Z</time>
      </trkpt>
      <trkpt lat="47.528668" lon="9.751662">
        <ele>412.675741</ele>
        <time>2026-07-30T07:14:28.385Z</time>
      </trkpt>
      <trkpt lat="47.528621" lon="9.751666">
        <ele>412.610237</ele>
        <time>2026-07-30T07:14:28.900Z</time>
      </trkpt>
      <trkpt lat="47.528439" lon="9.751686">
        <ele>412.356306</ele>
        <time>2026-07-30T07:14:30.906Z</time>
      </trkpt>
      <trkpt lat="47.528393" lon="9.751686">
        <ele>412.292301</ele>
        <time>2026-07-30T07:14:31.416Z</time>
      </trkpt>
      <trkpt lat="47.528113" lon="9.751684">
        <ele>411.902704</ele>
        <time>2026-07-30T07:14:34.510Z</time>
      </trkpt>
      <trkpt lat="47.528038" lon="9.751683">
        <ele>411.798345</ele>
        <time>2026-07-30T07:14:35.344Z</time>
      </trkpt>
      <trkpt lat="47.527980" lon="9.751682">
        <ele>411.717638</ele>
        <time>2026-07-30T07:14:35.997Z</time>
      </trkpt>
      <trkpt lat="47.527932" lon="9.751678">
        <ele>411.650745</ele>
        <time>2026-07-30T07:14:36.561Z</time>
      </trkpt>
      <trkpt lat="47.527913" lon="9.751677">
        <ele>411.624292</ele>
        <time>2026-07-30T07:14:36.788Z</time>
      </trkpt>
      <trkpt lat="47.527814" lon="9.751670">
        <ele>411.486386</ele>
        <time>2026-07-30T07:14:37.934Z</time>
      </trkpt>
      <trkpt lat="47.527780" lon="9.751667">
        <ele>411.438994</ele>
        <time>2026-07-30T07:14:38.344Z</time>
      </trkpt>
      <trkpt lat="47.527694" lon="9.751661">
        <ele>411.319201</ele>
        <time>2026-07-30T07:14:39.403Z</time>
      </trkpt>
      <trkpt lat="47.527550" lon="9.751642">
        <ele>411.118045</ele>
        <time>2026-07-30T07:14:41.214Z</time>
      </trkpt>
      <trkpt lat="47.527479" lon="9.751632">
        <ele>411.018810</ele>
        <time>2026-07-30T07:14:42.140Z</time>
      </trkpt>
      <trkpt lat="47.527357" lon="9.751613">
        <ele>410.848123</ele>
        <time>2026-07-30T07:14:43.788Z</time>
      </trkpt>
      <trkpt lat="47.527149" lon="9.751575">
        <ele>410.554748</ele>
        <time>2026-07-30T07:14:46.895Z</time>
      </trkpt>
      <trkpt lat="47.526962" lon="9.751531">
        <ele>410.286740</ele>
        <time>2026-07-30T07:14:49.888Z</time>
      </trkpt>
      <trkpt lat="47.526734" lon="9.751472">
        <ele>409.959129</ele>
        <time>2026-07-30T07:14:52.804Z</time>
      </trkpt>
      <trkpt lat="47.526591" lon="9.751435">
        <ele>409.753655</ele>
        <time>2026-07-30T07:14:54.554Z</time>
      </trkpt>
      <trkpt lat="47.526367" lon="9.751377">
        <ele>409.431785</ele>
        <time>2026-07-30T07:14:57.276Z</time>
      </trkpt>
      <trkpt lat="47.526317" lon="9.751363">
        <ele>409.359759</ele>
        <time>2026-07-30T07:14:57.855Z</time>
      </trkpt>
      <trkpt lat="47.526279" lon="9.751352">
        <ele>409.304955</ele>
        <time>2026-07-30T07:14:58.306Z</time>
      </trkpt>
      <trkpt lat="47.526238" lon="9.751342">
        <ele>409.246140</ele>
        <time>2026-07-30T07:14:58.804Z</time>
      </trkpt>
      <trkpt lat="47.526193" lon="9.751325">
        <ele>409.180405</ele>
        <time>2026-07-30T07:14:59.360Z</time>
      </trkpt>
      <trkpt lat="47.526067" lon="9.751230">
        <ele>408.980275</ele>
        <time>2026-07-30T07:15:00.995Z</time>
      </trkpt>
      <trkpt lat="47.525966" lon="9.751054">
        <ele>408.759515</ele>
        <time>2026-07-30T07:15:02.778Z</time>
      </trkpt>
      <trkpt lat="47.525897" lon="9.750937">
        <ele>408.611043</ele>
        <time>2026-07-30T07:15:03.936Z</time>
      </trkpt>
      <trkpt lat="47.525817" lon="9.750855">
        <ele>408.473330</ele>
        <time>2026-07-30T07:15:05.005Z</time>
      </trkpt>
      <trkpt lat="47.525685" lon="9.750805">
        <ele>408.280477</ele>
        <time>2026-07-30T07:15:06.497Z</time>
      </trkpt>
      <trkpt lat="47.525449" lon="9.750833">
        <ele>407.750509</ele>
        <time>2026-07-30T07:15:08.985Z</time>
      </trkpt>
      <trkpt lat="47.524750" lon="9.750964">
        <ele>405.594104</ele>
        <time>2026-07-30T07:15:16.031Z</time>
      </trkpt>
      <trkpt lat="47.522776" lon="9.751327">
        <ele>400.165870</ele>
        <time>2026-07-30T07:15:36.347Z</time>
      </trkpt>
      <trkpt lat="47.522592" lon="9.751359">
        <ele>399.719449</ele>
        <time>2026-07-30T07:15:38.293Z</time>
      </trkpt>
      <trkpt lat="47.522081" lon="9.751467">
        <ele>398.475644</ele>
        <time>2026-07-30T07:15:44.112Z</time>
      </trkpt>
      <trkpt lat="47.522054" lon="9.751447">
        <ele>398.402898</ele>
        <time>2026-07-30T07:15:44.469Z</time>
      </trkpt>
      <trkpt lat="47.521968" lon="9.751454">
        <ele>398.250358</ele>
        <time>2026-07-30T07:15:45.474Z</time>
      </trkpt>
      <trkpt lat="47.521519" lon="9.751777">
        <ele>397.888315</ele>
        <time>2026-07-30T07:15:51.645Z</time>
      </trkpt>
      <trkpt lat="47.521175" lon="9.751967">
        <ele>397.622029</ele>
        <time>2026-07-30T07:15:56.581Z</time>
      </trkpt>
      <trkpt lat="47.518947" lon="9.752806">
        <ele>396.605462</ele>
        <time>2026-07-30T07:16:27.132Z</time>
      </trkpt>
      <trkpt lat="47.517102" lon="9.753741">
        <ele>396.977145</ele>
        <time>2026-07-30T07:16:58.719Z</time>
      </trkpt>
      <trkpt lat="47.516551" lon="9.753991">
        <ele>397.013423</ele>
        <time>2026-07-30T07:17:08.230Z</time>
      </trkpt>
      <trkpt lat="47.516216" lon="9.754085">
        <ele>396.972121</ele>
        <time>2026-07-30T07:17:13.433Z</time>
      </trkpt>
      <trkpt lat="47.515839" lon="9.754143">
        <ele>396.926207</ele>
        <time>2026-07-30T07:17:19.051Z</time>
      </trkpt>
      <trkpt lat="47.515087" lon="9.754117">
        <ele>396.834695</ele>
        <time>2026-07-30T07:17:29.079Z</time>
      </trkpt>
      <trkpt lat="47.514755" lon="9.754079">
        <ele>396.724708</ele>
        <time>2026-07-30T07:17:33.309Z</time>
      </trkpt>
      <trkpt lat="47.513331" lon="9.753608">
        <ele>396.242766</ele>
        <time>2026-07-30T07:17:53.265Z</time>
      </trkpt>
      <trkpt lat="47.512957" lon="9.753471">
        <ele>396.299448</ele>
        <time>2026-07-30T07:17:59.278Z</time>
      </trkpt>
      <trkpt lat="47.512882" lon="9.753443">
        <ele>396.311280</ele>
        <time>2026-07-30T07:18:00.480Z</time>
      </trkpt>
      <trkpt lat="47.512470" lon="9.753285">
        <ele>396.376386</ele>
        <time>2026-07-30T07:18:07.344Z</time>
      </trkpt>
      <trkpt lat="47.511946" lon="9.753034">
        <ele>396.460636</ele>
        <time>2026-07-30T07:18:16.176Z</time>
      </trkpt>
      <trkpt lat="47.511756" lon="9.752994">
        <ele>396.489994</ele>
        <time>2026-07-30T07:18:19.005Z</time>
      </trkpt>
      <trkpt lat="47.511713" lon="9.752977">
        <ele>396.496802</ele>
        <time>2026-07-30T07:18:19.676Z</time>
      </trkpt>
      <trkpt lat="47.510804" lon="9.752617">
        <ele>396.539638</ele>
        <time>2026-07-30T07:18:33.982Z</time>
      </trkpt>
      <trkpt lat="47.510742" lon="9.752593">
        <ele>396.541472</ele>
        <time>2026-07-30T07:18:34.788Z</time>
      </trkpt>
      <trkpt lat="47.510645" lon="9.752557">
        <ele>396.544334</ele>
        <time>2026-07-30T07:18:36.122Z</time>
      </trkpt>
      <trkpt lat="47.510508" lon="9.752500">
        <ele>396.548406</ele>
        <time>2026-07-30T07:18:38.020Z</time>
      </trkpt>
      <trkpt lat="47.509949" lon="9.752281">
        <ele>396.564954</ele>
        <time>2026-07-30T07:18:46.441Z</time>
      </trkpt>
      <trkpt lat="47.510011" lon="9.751995">
        <ele>396.654882</ele>
        <time>2026-07-30T07:18:49.492Z</time>
      </trkpt>
      <trkpt lat="47.510019" lon="9.751966">
        <ele>396.672953</ele>
        <time>2026-07-30T07:18:50.265Z</time>
      </trkpt>
      <trkpt lat="47.509891" lon="9.751906">
        <ele>396.787622</ele>
        <time>2026-07-30T07:18:55.536Z</time>
      </trkpt>
      <trkpt lat="47.509566" lon="9.751755">
        <ele>397.078542</ele>
        <time>2026-07-30T07:19:01.678Z</time>
      </trkpt>
      <trkpt lat="47.509518" lon="9.751729">
        <ele>397.122195</ele>
        <time>2026-07-30T07:19:02.987Z</time>
      </trkpt>
      <trkpt lat="47.509463" lon="9.751699">
        <ele>397.172255</ele>
        <time>2026-07-30T07:19:04.316Z</time>
      </trkpt>
      <trkpt lat="47.509035" lon="9.751441">
        <ele>397.566936</ele>
        <time>2026-07-30T07:19:12.026Z</time>
      </trkpt>
      <trkpt lat="47.508480" lon="9.751029">
        <ele>398.097196</ele>
        <time>2026-07-30T07:19:25.520Z</time>
      </trkpt>
      <trkpt lat="47.508282" lon="9.750855">
        <ele>398.228640</ele>
        <time>2026-07-30T07:19:30.485Z</time>
      </trkpt>
      <trkpt lat="47.507375" lon="9.749910">
        <ele>398.850519</ele>
        <time>2026-07-30T07:19:50.393Z</time>
      </trkpt>
      <trkpt lat="47.507082" lon="9.749575">
        <ele>399.058098</ele>
        <time>2026-07-30T07:19:55.757Z</time>
      </trkpt>
      <trkpt lat="47.506936" lon="9.749380">
        <ele>399.050294</ele>
        <time>2026-07-30T07:19:58.332Z</time>
      </trkpt>
      <trkpt lat="47.506622" lon="9.748921">
        <ele>398.774670</ele>
        <time>2026-07-30T07:20:03.673Z</time>
      </trkpt>
      <trkpt lat="47.506430" lon="9.748632">
        <ele>398.603645</ele>
        <time>2026-07-30T07:20:06.934Z</time>
      </trkpt>
      <trkpt lat="47.506309" lon="9.748434">
        <ele>398.490992</ele>
        <time>2026-07-30T07:20:09.173Z</time>
      </trkpt>
      <trkpt lat="47.505994" lon="9.747949">
        <ele>398.207118</ele>
        <time>2026-07-30T07:20:15.235Z</time>
      </trkpt>
      <trkpt lat="47.505979" lon="9.747925">
        <ele>398.193323</ele>
        <time>2026-07-30T07:20:15.995Z</time>
      </trkpt>
      <trkpt lat="47.505944" lon="9.747865">
        <ele>398.159875</ele>
        <time>2026-07-30T07:20:17.893Z</time>
      </trkpt>
      <trkpt lat="47.505479" lon="9.747034">
        <ele>397.835446</ele>
        <time>2026-07-30T07:20:27.704Z</time>
      </trkpt>
      <trkpt lat="47.505102" lon="9.746095">
        <ele>397.586560</ele>
        <time>2026-07-30T07:20:37.911Z</time>
      </trkpt>
      <trkpt lat="47.505086" lon="9.745970">
        <ele>397.557571</ele>
        <time>2026-07-30T07:20:39.094Z</time>
      </trkpt>
      <trkpt lat="47.505070" lon="9.745825">
        <ele>397.524095</ele>
        <time>2026-07-30T07:20:40.451Z</time>
      </trkpt>
      <trkpt lat="47.505035" lon="9.745665">
        <ele>397.485775</ele>
        <time>2026-07-30T07:20:44.485Z</time>
      </trkpt>
      <trkpt lat="47.504983" lon="9.745423">
        <ele>397.427913</ele>
        <time>2026-07-30T07:20:46.793Z</time>
      </trkpt>
      <trkpt lat="47.504936" lon="9.745266">
        <ele>397.388785</ele>
        <time>2026-07-30T07:20:48.342Z</time>
      </trkpt>
      <trkpt lat="47.504912" lon="9.745176">
        <ele>397.389408</ele>
        <time>2026-07-30T07:20:50.686Z</time>
      </trkpt>
      <trkpt lat="47.504421" lon="9.743718">
        <ele>397.555299</ele>
        <time>2026-07-30T07:21:06.679Z</time>
      </trkpt>
      <trkpt lat="47.504389" lon="9.743600">
        <ele>397.568247</ele>
        <time>2026-07-30T07:21:08.140Z</time>
      </trkpt>
      <trkpt lat="47.503981" lon="9.742204">
        <ele>397.968518</ele>
        <time>2026-07-30T07:21:25.959Z</time>
      </trkpt>
      <trkpt lat="47.503761" lon="9.741500">
        <ele>398.325970</ele>
        <time>2026-07-30T07:21:35.753Z</time>
      </trkpt>
      <trkpt lat="47.503716" lon="9.741283">
        <ele>398.430575</ele>
        <time>2026-07-30T07:21:38.535Z</time>
      </trkpt>
      <trkpt lat="47.503686" lon="9.740977">
        <ele>398.573066</ele>
        <time>2026-07-30T07:21:42.258Z</time>
      </trkpt>
      <trkpt lat="47.503399" lon="9.740205">
        <ele>398.867793</ele>
        <time>2026-07-30T07:21:52.566Z</time>
      </trkpt>
      <trkpt lat="47.503253" lon="9.739699">
        <ele>398.835152</ele>
        <time>2026-07-30T07:21:58.413Z</time>
      </trkpt>
      <trkpt lat="47.503222" lon="9.739596">
        <ele>398.828463</ele>
        <time>2026-07-30T07:21:59.531Z</time>
      </trkpt>
      <trkpt lat="47.503160" lon="9.739384">
        <ele>398.814759</ele>
        <time>2026-07-30T07:22:01.663Z</time>
      </trkpt>
      <trkpt lat="47.503101" lon="9.739180">
        <ele>398.801595</ele>
        <time>2026-07-30T07:22:03.645Z</time>
      </trkpt>
      <trkpt lat="47.503036" lon="9.738955">
        <ele>398.787078</ele>
        <time>2026-07-30T07:22:05.852Z</time>
      </trkpt>
      <trkpt lat="47.502976" lon="9.738751">
        <ele>398.773879</ele>
        <time>2026-07-30T07:22:07.890Z</time>
      </trkpt>
      <trkpt lat="47.502918" lon="9.738548">
        <ele>398.760803</ele>
        <time>2026-07-30T07:22:09.885Z</time>
      </trkpt>
      <trkpt lat="47.502856" lon="9.738320">
        <ele>398.746223</ele>
        <time>2026-07-30T07:22:12.143Z</time>
      </trkpt>
      <trkpt lat="47.502796" lon="9.738108">
        <ele>398.732587</ele>
        <time>2026-07-30T07:22:14.314Z</time>
      </trkpt>
      <trkpt lat="47.502739" lon="9.737904">
        <ele>398.723933</ele>
        <time>2026-07-30T07:22:16.413Z</time>
      </trkpt>
      <trkpt lat="47.502669" lon="9.737653">
        <ele>398.731251</ele>
        <time>2026-07-30T07:22:18.985Z</time>
      </trkpt>
      <trkpt lat="47.502630" lon="9.737513">
        <ele>398.735332</ele>
        <time>2026-07-30T07:22:20.451Z</time>
      </trkpt>
      <trkpt lat="47.502622" lon="9.737485">
        <ele>398.736152</ele>
        <time>2026-07-30T07:22:20.737Z</time>
      </trkpt>
      <trkpt lat="47.502563" lon="9.737265">
        <ele>398.742531</ele>
        <time>2026-07-30T07:22:23.018Z</time>
      </trkpt>
      <trkpt lat="47.502510" lon="9.737064">
        <ele>398.748345</ele>
        <time>2026-07-30T07:22:25.071Z</time>
      </trkpt>
      <trkpt lat="47.502462" lon="9.736872">
        <ele>398.753863</ele>
        <time>2026-07-30T07:22:27.066Z</time>
      </trkpt>
      <trkpt lat="47.502462" lon="9.736571">
        <ele>398.761975</ele>
        <time>2026-07-30T07:22:30.352Z</time>
      </trkpt>
      <trkpt lat="47.502554" lon="9.736157">
        <ele>398.773720</ele>
        <time>2026-07-30T07:22:35.426Z</time>
      </trkpt>
      <trkpt lat="47.502620" lon="9.736002">
        <ele>398.778657</ele>
        <time>2026-07-30T07:22:37.513Z</time>
      </trkpt>
      <trkpt lat="47.502762" lon="9.735845">
        <ele>398.785728</ele>
        <time>2026-07-30T07:22:40.378Z</time>
      </trkpt>
      <trkpt lat="47.502911" lon="9.735751">
        <ele>398.792189</ele>
        <time>2026-07-30T07:22:42.783Z</time>
      </trkpt>
      <trkpt lat="47.502968" lon="9.735733">
        <ele>398.793042</ele>
        <time>2026-07-30T07:22:43.615Z</time>
      </trkpt>
      <trkpt lat="47.502939" lon="9.735569">
        <ele>398.766547</ele>
        <time>2026-07-30T07:22:45.260Z</time>
      </trkpt>
      <trkpt lat="47.502915" lon="9.735329">
        <ele>398.728630</ele>
        <time>2026-07-30T07:22:47.530Z</time>
      </trkpt>
      <trkpt lat="47.502901" lon="9.735149">
        <ele>398.700313</ele>
        <time>2026-07-30T07:22:49.196Z</time>
      </trkpt>
      <trkpt lat="47.502894" lon="9.735066">
        <ele>398.687240</ele>
        <time>2026-07-30T07:22:49.934Z</time>
      </trkpt>
      <trkpt lat="47.502879" lon="9.733751">
        <ele>398.481695</ele>
        <time>2026-07-30T07:23:01.837Z</time>
      </trkpt>
      <trkpt lat="47.502921" lon="9.733108">
        <ele>398.380735</ele>
        <time>2026-07-30T07:23:07.946Z</time>
      </trkpt>
      <trkpt lat="47.502924" lon="9.733056">
        <ele>398.384089</ele>
        <time>2026-07-30T07:23:08.464Z</time>
      </trkpt>
      <trkpt lat="47.502955" lon="9.732259">
        <ele>398.515226</ele>
        <time>2026-07-30T07:23:16.661Z</time>
      </trkpt>
      <trkpt lat="47.502891" lon="9.731663">
        <ele>398.614358</ele>
        <time>2026-07-30T07:23:23.395Z</time>
      </trkpt>
      <trkpt lat="47.502834" lon="9.731330">
        <ele>398.670787</ele>
        <time>2026-07-30T07:23:27.304Z</time>
      </trkpt>
      <trkpt lat="47.502766" lon="9.730938">
        <ele>398.737269</ele>
        <time>2026-07-30T07:23:31.765Z</time>
      </trkpt>
      <trkpt lat="47.502735" lon="9.730754">
        <ele>398.768420</ele>
        <time>2026-07-30T07:23:33.872Z</time>
      </trkpt>
      <trkpt lat="47.502660" lon="9.730203">
        <ele>398.907519</ele>
        <time>2026-07-30T07:23:39.969Z</time>
      </trkpt>
      <trkpt lat="47.502649" lon="9.730081">
        <ele>398.948656</ele>
        <time>2026-07-30T07:23:41.283Z</time>
      </trkpt>
      <trkpt lat="47.502643" lon="9.730000">
        <ele>398.975890</ele>
        <time>2026-07-30T07:23:42.191Z</time>
      </trkpt>
      <trkpt lat="47.502645" lon="9.729947">
        <ele>398.993631</ele>
        <time>2026-07-30T07:23:42.775Z</time>
      </trkpt>
      <trkpt lat="47.502651" lon="9.729591">
        <ele>399.112651</ele>
        <time>2026-07-30T07:23:46.717Z</time>
      </trkpt>
      <trkpt lat="47.502657" lon="9.729305">
        <ele>399.208285</ele>
        <time>2026-07-30T07:23:49.967Z</time>
      </trkpt>
      <trkpt lat="47.502661" lon="9.729088">
        <ele>399.280838</ele>
        <time>2026-07-30T07:23:52.428Z</time>
      </trkpt>
      <trkpt lat="47.502672" lon="9.728528">
        <ele>399.468081</ele>
        <time>2026-07-30T07:23:58.740Z</time>
      </trkpt>
      <trkpt lat="47.502676" lon="9.728332">
        <ele>399.533619</ele>
        <time>2026-07-30T07:24:01.015Z</time>
      </trkpt>
      <trkpt lat="47.502677" lon="9.728196">
        <ele>399.579075</ele>
        <time>2026-07-30T07:24:02.576Z</time>
      </trkpt>
      <trkpt lat="47.502676" lon="9.727639">
        <ele>399.744950</ele>
        <time>2026-07-30T07:24:09.347Z</time>
      </trkpt>
      <trkpt lat="47.502683" lon="9.727403">
        <ele>399.797135</ele>
        <time>2026-07-30T07:24:12.148Z</time>
      </trkpt>
      <trkpt lat="47.502616" lon="9.727340">
        <ele>399.823091</ele>
        <time>2026-07-30T07:24:13.484Z</time>
      </trkpt>
      <trkpt lat="47.502361" lon="9.727157">
        <ele>399.915760</ele>
        <time>2026-07-30T07:24:18.214Z</time>
      </trkpt>
      <trkpt lat="47.501983" lon="9.726780">
        <ele>400.064807</ele>
        <time>2026-07-30T07:24:25.393Z</time>
      </trkpt>
      <trkpt lat="47.501894" lon="9.726654">
        <ele>400.105078</ele>
        <time>2026-07-30T07:24:27.237Z</time>
      </trkpt>
      <trkpt lat="47.501528" lon="9.725918">
        <ele>400.313019</ele>
        <time>2026-07-30T07:24:36.668Z</time>
      </trkpt>
      <trkpt lat="47.501433" lon="9.725734">
        <ele>400.387257</ele>
        <time>2026-07-30T07:24:39.150Z</time>
      </trkpt>
      <trkpt lat="47.501407" lon="9.725680">
        <ele>400.408514</ele>
        <time>2026-07-30T07:24:39.860Z</time>
      </trkpt>
      <trkpt lat="47.501209" lon="9.725291">
        <ele>400.564647</ele>
        <time>2026-07-30T07:24:45.092Z</time>
      </trkpt>
      <trkpt lat="47.501125" lon="9.725111">
        <ele>400.634778</ele>
        <time>2026-07-30T07:24:47.398Z</time>
      </trkpt>
      <trkpt lat="47.500719" lon="9.724219">
        <ele>400.979571</ele>
        <time>2026-07-30T07:24:59.298Z</time>
      </trkpt>
      <trkpt lat="47.500662" lon="9.723959">
        <ele>401.067198</ele>
        <time>2026-07-30T07:25:02.620Z</time>
      </trkpt>
      <trkpt lat="47.500484" lon="9.724031">
        <ele>401.159401</ele>
        <time>2026-07-30T07:25:06.161Z</time>
      </trkpt>
      <trkpt lat="47.500445" lon="9.724046">
        <ele>401.190028</ele>
        <time>2026-07-30T07:25:06.949Z</time>
      </trkpt>
      <trkpt lat="47.500427" lon="9.723978">
        <ele>401.227529</ele>
        <time>2026-07-30T07:25:07.934Z</time>
      </trkpt>
      <trkpt lat="47.500092" lon="9.724113">
        <ele>401.491412</ele>
        <time>2026-07-30T07:25:14.768Z</time>
      </trkpt>
      <trkpt lat="47.499936" lon="9.724128">
        <ele>401.610229</ele>
        <time>2026-07-30T07:25:17.798Z</time>
      </trkpt>
      <trkpt lat="47.499809" lon="9.724122">
        <ele>401.706804</ele>
        <time>2026-07-30T07:25:20.225Z</time>
      </trkpt>
      <trkpt lat="47.499449" lon="9.723559">
        <ele>402.104850</ele>
        <time>2026-07-30T07:25:29.972Z</time>
      </trkpt>
      <trkpt lat="47.499242" lon="9.723395">
        <ele>402.283299</ele>
        <time>2026-07-30T07:25:34.112Z</time>
      </trkpt>
      <trkpt lat="47.498842" lon="9.722896">
        <ele>402.473354</ele>
        <time>2026-07-30T07:25:42.362Z</time>
      </trkpt>
      <trkpt lat="47.498632" lon="9.722661">
        <ele>402.424479</ele>
        <time>2026-07-30T07:25:46.061Z</time>
      </trkpt>
      <trkpt lat="47.498222" lon="9.722286">
        <ele>402.335004</ele>
        <time>2026-07-30T07:25:52.370Z</time>
      </trkpt>
      <trkpt lat="47.498175" lon="9.722194">
        <ele>402.320537</ele>
        <time>2026-07-30T07:25:53.372Z</time>
      </trkpt>
      <trkpt lat="47.497580" lon="9.721729">
        <ele>402.195624</ele>
        <time>2026-07-30T07:26:02.201Z</time>
      </trkpt>
      <trkpt lat="47.497297" lon="9.721556">
        <ele>402.400117</ele>
        <time>2026-07-30T07:26:06.816Z</time>
      </trkpt>
      <trkpt lat="47.496702" lon="9.721265">
        <ele>403.018150</ele>
        <time>2026-07-30T07:26:18.497Z</time>
      </trkpt>
      <trkpt lat="47.496640" lon="9.721238">
        <ele>403.081890</ele>
        <time>2026-07-30T07:26:19.806Z</time>
      </trkpt>
      <trkpt lat="47.496539" lon="9.721253">
        <ele>403.182003</ele>
        <time>2026-07-30T07:26:21.885Z</time>
      </trkpt>
      <trkpt lat="47.496473" lon="9.720760">
        <ele>403.516901</ele>
        <time>2026-07-30T07:26:28.936Z</time>
      </trkpt>
      <trkpt lat="47.496365" lon="9.720253">
        <ele>403.871137</ele>
        <time>2026-07-30T07:26:36.610Z</time>
      </trkpt>
      <trkpt lat="47.496313" lon="9.720259">
        <ele>403.922578</ele>
        <time>2026-07-30T07:26:37.742Z</time>
      </trkpt>
      <trkpt lat="47.496253" lon="9.719801">
        <ele>404.129826</ele>
        <time>2026-07-30T07:26:44.311Z</time>
      </trkpt>
      <trkpt lat="47.496191" lon="9.719307">
        <ele>404.340432</ele>
        <time>2026-07-30T07:26:50.934Z</time>
      </trkpt>
      <trkpt lat="47.496170" lon="9.719132">
        <ele>404.414932</ele>
        <time>2026-07-30T07:26:53.183Z</time>
      </trkpt>
      <trkpt lat="47.496141" lon="9.718906">
        <ele>404.511355</ele>
        <time>2026-07-30T07:26:55.875Z</time>
      </trkpt>
      <trkpt lat="47.496122" lon="9.718752">
        <ele>404.576973</ele>
        <time>2026-07-30T07:26:57.554Z</time>
      </trkpt>
      <trkpt lat="47.496092" lon="9.718510">
        <ele>404.680102</ele>
        <time>2026-07-30T07:27:00.048Z</time>
      </trkpt>
      <trkpt lat="47.496073" lon="9.718356">
        <ele>404.745720</ele>
        <time>2026-07-30T07:27:01.543Z</time>
      </trkpt>
      <trkpt lat="47.495926" lon="9.717485">
        <ele>405.067905</ele>
        <time>2026-07-30T07:27:10.168Z</time>
      </trkpt>
      <trkpt lat="47.495755" lon="9.716831">
        <ele>405.056261</ele>
        <time>2026-07-30T07:27:17.513Z</time>
      </trkpt>
      <trkpt lat="47.495691" lon="9.716641">
        <ele>405.052736</ele>
        <time>2026-07-30T07:27:19.701Z</time>
      </trkpt>
      <trkpt lat="47.495655" lon="9.716536">
        <ele>405.050781</ele>
        <time>2026-07-30T07:27:20.903Z</time>
      </trkpt>
      <trkpt lat="47.495580" lon="9.716334">
        <ele>405.046954</ele>
        <time>2026-07-30T07:27:23.214Z</time>
      </trkpt>
      <trkpt lat="47.495460" lon="9.716023">
        <ele>405.041008</ele>
        <time>2026-07-30T07:27:26.673Z</time>
      </trkpt>
      <trkpt lat="47.495360" lon="9.715764">
        <ele>405.036055</ele>
        <time>2026-07-30T07:27:29.482Z</time>
      </trkpt>
      <trkpt lat="47.495116" lon="9.715139">
        <ele>405.023557</ele>
        <time>2026-07-30T07:27:36.844Z</time>
      </trkpt>
      <trkpt lat="47.495073" lon="9.715029">
        <ele>405.020808</ele>
        <time>2026-07-30T07:27:38.253Z</time>
      </trkpt>
      <trkpt lat="47.495021" lon="9.714893">
        <ele>405.017428</ele>
        <time>2026-07-30T07:27:39.824Z</time>
      </trkpt>
      <trkpt lat="47.494863" lon="9.714492">
        <ele>405.007388</ele>
        <time>2026-07-30T07:27:44.283Z</time>
      </trkpt>
      <trkpt lat="47.493997" lon="9.712301">
        <ele>404.793654</ele>
        <time>2026-07-30T07:28:09.495Z</time>
      </trkpt>
      <trkpt lat="47.493844" lon="9.711906">
        <ele>404.684199</ele>
        <time>2026-07-30T07:28:13.558Z</time>
      </trkpt>
      <trkpt lat="47.493678" lon="9.711486">
        <ele>404.567224</ele>
        <time>2026-07-30T07:28:17.462Z</time>
      </trkpt>
      <trkpt lat="47.493577" lon="9.711254">
        <ele>404.500877</ele>
        <time>2026-07-30T07:28:19.722Z</time>
      </trkpt>
      <trkpt lat="47.493410" lon="9.710889">
        <ele>404.394905</ele>
        <time>2026-07-30T07:28:23.630Z</time>
      </trkpt>
      <trkpt lat="47.493299" lon="9.710655">
        <ele>404.333788</ele>
        <time>2026-07-30T07:28:26.520Z</time>
      </trkpt>
      <trkpt lat="47.493283" lon="9.710622">
        <ele>404.359991</ele>
        <time>2026-07-30T07:28:26.969Z</time>
      </trkpt>
      <trkpt lat="47.493266" lon="9.710586">
        <ele>404.388324</ele>
        <time>2026-07-30T07:28:27.456Z</time>
      </trkpt>
      <trkpt lat="47.493209" lon="9.710468">
        <ele>404.481900</ele>
        <time>2026-07-30T07:28:29.138Z</time>
      </trkpt>
      <trkpt lat="47.493188" lon="9.710425">
        <ele>404.516127</ele>
        <time>2026-07-30T07:28:29.763Z</time>
      </trkpt>
      <trkpt lat="47.493095" lon="9.710240">
        <ele>404.664880</ele>
        <time>2026-07-30T07:28:32.673Z</time>
      </trkpt>
      <trkpt lat="47.493054" lon="9.710169">
        <ele>404.725132</ele>
        <time>2026-07-30T07:28:33.819Z</time>
      </trkpt>
      <trkpt lat="47.492382" lon="9.709034">
        <ele>405.698671</ele>
        <time>2026-07-30T07:28:54.712Z</time>
      </trkpt>
      <trkpt lat="47.492107" lon="9.708574">
        <ele>406.004600</ele>
        <time>2026-07-30T07:29:03.490Z</time>
      </trkpt>
      <trkpt lat="47.492070" lon="9.708511">
        <ele>405.959993</ele>
        <time>2026-07-30T07:29:04.564Z</time>
      </trkpt>
      <trkpt lat="47.491877" lon="9.708195">
        <ele>405.732363</ele>
        <time>2026-07-30T07:29:09.441Z</time>
      </trkpt>
      <trkpt lat="47.491414" lon="9.707419">
        <ele>405.179139</ele>
        <time>2026-07-30T07:29:17.959Z</time>
      </trkpt>
      <trkpt lat="47.491350" lon="9.707311">
        <ele>405.102372</ele>
        <time>2026-07-30T07:29:19.048Z</time>
      </trkpt>
      <trkpt lat="47.491273" lon="9.707182">
        <ele>405.010389</ele>
        <time>2026-07-30T07:29:20.344Z</time>
      </trkpt>
      <trkpt lat="47.491180" lon="9.707013">
        <ele>404.893913</ele>
        <time>2026-07-30T07:29:21.975Z</time>
      </trkpt>
      <trkpt lat="47.491019" lon="9.706721">
        <ele>404.692509</ele>
        <time>2026-07-30T07:29:24.778Z</time>
      </trkpt>
      <trkpt lat="47.490903" lon="9.706518">
        <ele>404.508193</ele>
        <time>2026-07-30T07:29:26.776Z</time>
      </trkpt>
      <trkpt lat="47.490731" lon="9.706202">
        <ele>404.165118</ele>
        <time>2026-07-30T07:29:29.844Z</time>
      </trkpt>
      <trkpt lat="47.490649" lon="9.706058">
        <ele>404.005899</ele>
        <time>2026-07-30T07:29:31.298Z</time>
      </trkpt>
      <trkpt lat="47.490423" lon="9.705664">
        <ele>403.568933</ele>
        <time>2026-07-30T07:29:35.298Z</time>
      </trkpt>
      <trkpt lat="47.490186" lon="9.705262">
        <ele>403.117860</ele>
        <time>2026-07-30T07:29:39.487Z</time>
      </trkpt>
      <trkpt lat="47.490115" lon="9.705141">
        <ele>402.982365</ele>
        <time>2026-07-30T07:29:40.798Z</time>
      </trkpt>
      <trkpt lat="47.489972" lon="9.704901">
        <ele>402.711823</ele>
        <time>2026-07-30T07:29:43.512Z</time>
      </trkpt>
      <trkpt lat="47.489649" lon="9.704359">
        <ele>402.304863</ele>
        <time>2026-07-30T07:29:50.020Z</time>
      </trkpt>
      <trkpt lat="47.489565" lon="9.704113">
        <ele>402.246898</ele>
        <time>2026-07-30T07:29:52.605Z</time>
      </trkpt>
      <trkpt lat="47.489459" lon="9.703912">
        <ele>402.193278</ele>
        <time>2026-07-30T07:29:55.086Z</time>
      </trkpt>
      <trkpt lat="47.488705" lon="9.702620">
        <ele>401.834258</ele>
        <time>2026-07-30T07:30:11.556Z</time>
      </trkpt>
      <trkpt lat="47.488287" lon="9.701830">
        <ele>401.472370</ele>
        <time>2026-07-30T07:30:20.666Z</time>
      </trkpt>
      <trkpt lat="47.488031" lon="9.701274">
        <ele>401.218159</ele>
        <time>2026-07-30T07:30:26.477Z</time>
      </trkpt>
      <trkpt lat="47.487979" lon="9.701162">
        <ele>401.166815</ele>
        <time>2026-07-30T07:30:27.630Z</time>
      </trkpt>
      <trkpt lat="47.487932" lon="9.701068">
        <ele>401.122633</ele>
        <time>2026-07-30T07:30:28.627Z</time>
      </trkpt>
      <trkpt lat="47.487471" lon="9.699970">
        <ele>400.665191</ele>
        <time>2026-07-30T07:30:39.793Z</time>
      </trkpt>
      <trkpt lat="47.487254" lon="9.699423">
        <ele>400.468522</ele>
        <time>2026-07-30T07:30:45.350Z</time>
      </trkpt>
      <trkpt lat="47.486989" lon="9.698778">
        <ele>400.234470</ele>
        <time>2026-07-30T07:30:52.125Z</time>
      </trkpt>
      <trkpt lat="47.486952" lon="9.698683">
        <ele>400.200472</ele>
        <time>2026-07-30T07:30:53.140Z</time>
      </trkpt>
      <trkpt lat="47.486697" lon="9.698089">
        <ele>399.982272</ele>
        <time>2026-07-30T07:30:59.793Z</time>
      </trkpt>
      <trkpt lat="47.486678" lon="9.698049">
        <ele>399.984901</ele>
        <time>2026-07-30T07:31:00.265Z</time>
      </trkpt>
      <trkpt lat="47.486663" lon="9.698014">
        <ele>399.987775</ele>
        <time>2026-07-30T07:31:00.668Z</time>
      </trkpt>
      <trkpt lat="47.486587" lon="9.697820">
        <ele>400.003324</ele>
        <time>2026-07-30T07:31:02.890Z</time>
      </trkpt>
      <trkpt lat="47.486045" lon="9.696492">
        <ele>400.110906</ele>
        <time>2026-07-30T07:31:19.382Z</time>
      </trkpt>
      <trkpt lat="47.486022" lon="9.696435">
        <ele>400.115509</ele>
        <time>2026-07-30T07:31:20.100Z</time>
      </trkpt>
      <trkpt lat="47.485980" lon="9.696346">
        <ele>400.123037</ele>
        <time>2026-07-30T07:31:21.276Z</time>
      </trkpt>
      <trkpt lat="47.485678" lon="9.695671">
        <ele>400.109704</ele>
        <time>2026-07-30T07:31:29.750Z</time>
      </trkpt>
      <trkpt lat="47.485632" lon="9.695559">
        <ele>400.070057</ele>
        <time>2026-07-30T07:31:31.023Z</time>
      </trkpt>
      <trkpt lat="47.485570" lon="9.695419">
        <ele>400.019423</ele>
        <time>2026-07-30T07:31:32.643Z</time>
      </trkpt>
      <trkpt lat="47.485550" lon="9.695378">
        <ele>400.004127</ele>
        <time>2026-07-30T07:31:33.130Z</time>
      </trkpt>
      <trkpt lat="47.485202" lon="9.694607">
        <ele>399.723660</ele>
        <time>2026-07-30T07:31:41.645Z</time>
      </trkpt>
      <trkpt lat="47.485083" lon="9.694335">
        <ele>399.625641</ele>
        <time>2026-07-30T07:31:44.469Z</time>
      </trkpt>
      <trkpt lat="47.485079" lon="9.694260">
        <ele>399.602883</ele>
        <time>2026-07-30T07:31:45.102Z</time>
      </trkpt>
      <trkpt lat="47.485050" lon="9.694197">
        <ele>399.579824</ele>
        <time>2026-07-30T07:31:45.747Z</time>
      </trkpt>
      <trkpt lat="47.485052" lon="9.693988">
        <ele>399.516594</ele>
        <time>2026-07-30T07:31:47.513Z</time>
      </trkpt>
      <trkpt lat="47.485065" lon="9.693518">
        <ele>399.374299</ele>
        <time>2026-07-30T07:31:51.485Z</time>
      </trkpt>
      <trkpt lat="47.485073" lon="9.693236">
        <ele>399.262884</ele>
        <time>2026-07-30T07:31:53.875Z</time>
      </trkpt>
      <trkpt lat="47.485077" lon="9.693108">
        <ele>399.210139</ele>
        <time>2026-07-30T07:31:54.944Z</time>
      </trkpt>
      <trkpt lat="47.485082" lon="9.692923">
        <ele>399.133926</ele>
        <time>2026-07-30T07:31:56.508Z</time>
      </trkpt>
      <trkpt lat="47.485114" lon="9.692780">
        <ele>399.071920</ele>
        <time>2026-07-30T07:31:57.801Z</time>
      </trkpt>
      <trkpt lat="47.485190" lon="9.691804">
        <ele>398.667510</ele>
        <time>2026-07-30T07:32:06.339Z</time>
      </trkpt>
      <trkpt lat="47.485234" lon="9.690803">
        <ele>398.263738</ele>
        <time>2026-07-30T07:32:15.429Z</time>
      </trkpt>
      <trkpt lat="47.485210" lon="9.690048">
        <ele>398.213502</ele>
        <time>2026-07-30T07:32:22.561Z</time>
      </trkpt>
      <trkpt lat="47.485208" lon="9.689969">
        <ele>398.208248</ele>
        <time>2026-07-30T07:32:23.316Z</time>
      </trkpt>
      <trkpt lat="47.485191" lon="9.689461">
        <ele>398.174442</ele>
        <time>2026-07-30T07:32:28.196Z</time>
      </trkpt>
      <trkpt lat="47.485222" lon="9.689130">
        <ele>398.152232</ele>
        <time>2026-07-30T07:32:31.416Z</time>
      </trkpt>
      <trkpt lat="47.485710" lon="9.687673">
        <ele>398.243769</ele>
        <time>2026-07-30T07:32:48.247Z</time>
      </trkpt>
      <trkpt lat="47.485722" lon="9.687621">
        <ele>398.256519</ele>
        <time>2026-07-30T07:32:48.816Z</time>
      </trkpt>
      <trkpt lat="47.485677" lon="9.687605">
        <ele>398.272411</ele>
        <time>2026-07-30T07:32:49.538Z</time>
      </trkpt>
      <trkpt lat="47.485609" lon="9.687579">
        <ele>398.296527</ele>
        <time>2026-07-30T07:32:50.673Z</time>
      </trkpt>
      <trkpt lat="47.485138" lon="9.687406">
        <ele>398.463165</ele>
        <time>2026-07-30T07:32:59.260Z</time>
      </trkpt>
      <trkpt lat="47.484966" lon="9.687311">
        <ele>398.526206</ele>
        <time>2026-07-30T07:33:02.487Z</time>
      </trkpt>
      <trkpt lat="47.484590" lon="9.687041">
        <ele>398.669715</ele>
        <time>2026-07-30T07:33:09.459Z</time>
      </trkpt>
      <trkpt lat="47.484510" lon="9.686981">
        <ele>398.700512</ele>
        <time>2026-07-30T07:33:10.900Z</time>
      </trkpt>
      <trkpt lat="47.484441" lon="9.686922">
        <ele>398.692837</ele>
        <time>2026-07-30T07:33:12.102Z</time>
      </trkpt>
      <trkpt lat="47.484423" lon="9.686907">
        <ele>398.688459</ele>
        <time>2026-07-30T07:33:12.423Z</time>
      </trkpt>
      <trkpt lat="47.484251" lon="9.686762">
        <ele>398.646510</ele>
        <time>2026-07-30T07:33:15.288Z</time>
      </trkpt>
      <trkpt lat="47.483778" lon="9.686352">
        <ele>398.530342</ele>
        <time>2026-07-30T07:33:22.883Z</time>
      </trkpt>
      <trkpt lat="47.483691" lon="9.686263">
        <ele>398.507929</ele>
        <time>2026-07-30T07:33:24.319Z</time>
      </trkpt>
      <trkpt lat="47.483255" lon="9.685822">
        <ele>398.396011</ele>
        <time>2026-07-30T07:33:31.273Z</time>
      </trkpt>
      <trkpt lat="47.483069" lon="9.685634">
        <ele>398.348277</ele>
        <time>2026-07-30T07:33:34.291Z</time>
      </trkpt>
      <trkpt lat="47.482796" lon="9.685311">
        <ele>398.335411</ele>
        <time>2026-07-30T07:33:39.235Z</time>
      </trkpt>
      <trkpt lat="47.482745" lon="9.685254">
        <ele>398.338171</ele>
        <time>2026-07-30T07:33:40.138Z</time>
      </trkpt>
      <trkpt lat="47.482660" lon="9.685149">
        <ele>398.342953</ele>
        <time>2026-07-30T07:33:41.755Z</time>
      </trkpt>
      <trkpt lat="47.482583" lon="9.685054">
        <ele>398.347282</ele>
        <time>2026-07-30T07:33:43.247Z</time>
      </trkpt>
      <trkpt lat="47.482456" lon="9.684897">
        <ele>398.354429</ele>
        <time>2026-07-30T07:33:45.737Z</time>
      </trkpt>
      <trkpt lat="47.482303" lon="9.684702">
        <ele>398.363150</ele>
        <time>2026-07-30T07:33:48.842Z</time>
      </trkpt>
      <trkpt lat="47.482115" lon="9.684448">
        <ele>398.374144</ele>
        <time>2026-07-30T07:33:52.788Z</time>
      </trkpt>
      <trkpt lat="47.482014" lon="9.684312">
        <ele>398.380042</ele>
        <time>2026-07-30T07:33:54.962Z</time>
      </trkpt>
      <trkpt lat="47.481926" lon="9.684189">
        <ele>398.385269</ele>
        <time>2026-07-30T07:33:56.936Z</time>
      </trkpt>
      <trkpt lat="47.481797" lon="9.683990">
        <ele>398.393317</ele>
        <time>2026-07-30T07:34:00.102Z</time>
      </trkpt>
      <trkpt lat="47.481769" lon="9.683953">
        <ele>398.394939</ele>
        <time>2026-07-30T07:34:00.714Z</time>
      </trkpt>
      <trkpt lat="47.481576" lon="9.683712">
        <ele>398.393348</ele>
        <time>2026-07-30T07:34:04.699Z</time>
      </trkpt>
      <trkpt lat="47.481445" lon="9.683529">
        <ele>398.369960</ele>
        <time>2026-07-30T07:34:07.383Z</time>
      </trkpt>
      <trkpt lat="47.481298" lon="9.683322">
        <ele>398.343616</ele>
        <time>2026-07-30T07:34:10.262Z</time>
      </trkpt>
      <trkpt lat="47.481276" lon="9.683293">
        <ele>398.339791</ele>
        <time>2026-07-30T07:34:10.668Z</time>
      </trkpt>
      <trkpt lat="47.481181" lon="9.683165">
        <ele>398.323112</ele>
        <time>2026-07-30T07:34:12.457Z</time>
      </trkpt>
      <trkpt lat="47.481065" lon="9.683011">
        <ele>398.302880</ele>
        <time>2026-07-30T07:34:14.658Z</time>
      </trkpt>
      <trkpt lat="47.480765" lon="9.682608">
        <ele>398.250278</ele>
        <time>2026-07-30T07:34:20.553Z</time>
      </trkpt>
      <trkpt lat="47.480431" lon="9.682158">
        <ele>398.191637</ele>
        <time>2026-07-30T07:34:26.872Z</time>
      </trkpt>
      <trkpt lat="47.480176" lon="9.681829">
        <ele>398.156962</ele>
        <time>2026-07-30T07:34:31.344Z</time>
      </trkpt>
      <trkpt lat="47.480091" lon="9.681719">
        <ele>398.148604</ele>
        <time>2026-07-30T07:34:32.829Z</time>
      </trkpt>
      <trkpt lat="47.480023" lon="9.681628">
        <ele>398.141818</ele>
        <time>2026-07-30T07:34:34.038Z</time>
      </trkpt>
      <trkpt lat="47.479979" lon="9.681574">
        <ele>398.137587</ele>
        <time>2026-07-30T07:34:34.803Z</time>
      </trkpt>
      <trkpt lat="47.479820" lon="9.681387">
        <ele>398.122553</ele>
        <time>2026-07-30T07:34:37.600Z</time>
      </trkpt>
      <trkpt lat="47.479787" lon="9.681346">
        <ele>398.119364</ele>
        <time>2026-07-30T07:34:38.207Z</time>
      </trkpt>
      <trkpt lat="47.479693" lon="9.681228">
        <ele>398.110240</ele>
        <time>2026-07-30T07:34:40.038Z</time>
      </trkpt>
      <trkpt lat="47.479627" lon="9.681145">
        <ele>398.103829</ele>
        <time>2026-07-30T07:34:41.321Z</time>
      </trkpt>
      <trkpt lat="47.479565" lon="9.681068">
        <ele>398.097837</ele>
        <time>2026-07-30T07:34:42.541Z</time>
      </trkpt>
      <trkpt lat="47.479440" lon="9.680911">
        <ele>398.085701</ele>
        <time>2026-07-30T07:34:45.028Z</time>
      </trkpt>
      <trkpt lat="47.479396" lon="9.680856">
        <ele>398.081438</ele>
        <time>2026-07-30T07:34:45.888Z</time>
      </trkpt>
      <trkpt lat="47.479339" lon="9.680784">
        <ele>398.075891</ele>
        <time>2026-07-30T07:34:47.010Z</time>
      </trkpt>
      <trkpt lat="47.479211" lon="9.680622">
        <ele>398.063424</ele>
        <time>2026-07-30T07:34:49.461Z</time>
      </trkpt>
      <trkpt lat="47.479174" lon="9.680576">
        <ele>398.059847</ele>
        <time>2026-07-30T07:34:50.161Z</time>
      </trkpt>
      <trkpt lat="47.479055" lon="9.680425">
        <ele>398.048243</ele>
        <time>2026-07-30T07:34:52.482Z</time>
      </trkpt>
      <trkpt lat="47.479012" lon="9.680369">
        <ele>398.044003</ele>
        <time>2026-07-30T07:34:53.362Z</time>
      </trkpt>
      <trkpt lat="47.478920" lon="9.680247">
        <ele>398.037316</ele>
        <time>2026-07-30T07:34:55.324Z</time>
      </trkpt>
      <trkpt lat="47.478646" lon="9.679881">
        <ele>398.064128</ele>
        <time>2026-07-30T07:35:01.526Z</time>
      </trkpt>
      <trkpt lat="47.478609" lon="9.679832">
        <ele>398.067735</ele>
        <time>2026-07-30T07:35:02.360Z</time>
      </trkpt>
      <trkpt lat="47.478601" lon="9.679821">
        <ele>398.068528</ele>
        <time>2026-07-30T07:35:02.553Z</time>
      </trkpt>
      <trkpt lat="47.478338" lon="9.679482">
        <ele>398.093863</ele>
        <time>2026-07-30T07:35:08.393Z</time>
      </trkpt>
      <trkpt lat="47.478235" lon="9.679341">
        <ele>398.104056</ele>
        <time>2026-07-30T07:35:10.694Z</time>
      </trkpt>
      <trkpt lat="47.478124" lon="9.679194">
        <ele>398.114876</ele>
        <time>2026-07-30T07:35:12.992Z</time>
      </trkpt>
      <trkpt lat="47.478040" lon="9.679085">
        <ele>398.122991</ele>
        <time>2026-07-30T07:35:14.592Z</time>
      </trkpt>
      <trkpt lat="47.478009" lon="9.679049">
        <ele>398.125853</ele>
        <time>2026-07-30T07:35:15.153Z</time>
      </trkpt>
      <trkpt lat="47.477865" lon="9.678909">
        <ele>398.138369</ele>
        <time>2026-07-30T07:35:17.548Z</time>
      </trkpt>
      <trkpt lat="47.477842" lon="9.678736">
        <ele>398.147024</ele>
        <time>2026-07-30T07:35:19.181Z</time>
      </trkpt>
      <trkpt lat="47.477701" lon="9.678537">
        <ele>398.161178</ele>
        <time>2026-07-30T07:35:21.809Z</time>
      </trkpt>
      <trkpt lat="47.477660" lon="9.678350">
        <ele>398.145424</ele>
        <time>2026-07-30T07:35:23.610Z</time>
      </trkpt>
      <trkpt lat="47.477639" lon="9.677751">
        <ele>397.991860</ele>
        <time>2026-07-30T07:35:29.105Z</time>
      </trkpt>
      <trkpt lat="47.477665" lon="9.676829">
        <ele>397.755601</ele>
        <time>2026-07-30T07:35:37.334Z</time>
      </trkpt>
      <trkpt lat="47.477719" lon="9.675514">
        <ele>397.519132</ele>
        <time>2026-07-30T07:35:49.406Z</time>
      </trkpt>
      <trkpt lat="47.477741" lon="9.675348">
        <ele>397.540896</ele>
        <time>2026-07-30T07:35:51.161Z</time>
      </trkpt>
      <trkpt lat="47.477735" lon="9.674930">
        <ele>397.594687</ele>
        <time>2026-07-30T07:35:55.541Z</time>
      </trkpt>
      <trkpt lat="47.477742" lon="9.674789">
        <ele>397.612876</ele>
        <time>2026-07-30T07:35:56.995Z</time>
      </trkpt>
      <trkpt lat="47.477761" lon="9.674156">
        <ele>397.694396</ele>
        <time>2026-07-30T07:36:03.737Z</time>
      </trkpt>
      <trkpt lat="47.477766" lon="9.673980">
        <ele>397.717059</ele>
        <time>2026-07-30T07:36:05.671Z</time>
      </trkpt>
      <trkpt lat="47.477771" lon="9.673642">
        <ele>397.760556</ele>
        <time>2026-07-30T07:36:09.429Z</time>
      </trkpt>
      <trkpt lat="47.477783" lon="9.673192">
        <ele>397.818496</ele>
        <time>2026-07-30T07:36:14.814Z</time>
      </trkpt>
      <trkpt lat="47.477804" lon="9.671597">
        <ele>397.983081</ele>
        <time>2026-07-30T07:36:31.702Z</time>
      </trkpt>
      <trkpt lat="47.477801" lon="9.671451">
        <ele>397.997974</ele>
        <time>2026-07-30T07:36:33.247Z</time>
      </trkpt>
      <trkpt lat="47.477714" lon="9.671277">
        <ele>398.020042</ele>
        <time>2026-07-30T07:36:35.482Z</time>
      </trkpt>
      <trkpt lat="47.477664" lon="9.671188">
        <ele>398.031842</ele>
        <time>2026-07-30T07:36:36.627Z</time>
      </trkpt>
      <trkpt lat="47.477625" lon="9.671087">
        <ele>398.043702</ele>
        <time>2026-07-30T07:36:38.247Z</time>
      </trkpt>
      <trkpt lat="47.477713" lon="9.667674">
        <ele>398.083029</ele>
        <time>2026-07-30T07:37:24.658Z</time>
      </trkpt>
      <trkpt lat="47.477714" lon="9.667620">
        <ele>398.078677</ele>
        <time>2026-07-30T07:37:25.222Z</time>
      </trkpt>
      <trkpt lat="47.478045" lon="9.667636">
        <ele>398.039207</ele>
        <time>2026-07-30T07:37:30.168Z</time>
      </trkpt>
      <trkpt lat="47.478011" lon="9.667512">
        <ele>398.028428</ele>
        <time>2026-07-30T07:37:31.503Z</time>
      </trkpt>
      <trkpt lat="47.477894" lon="9.667474">
        <ele>398.014152</ele>
        <time>2026-07-30T07:37:33.276Z</time>
      </trkpt>
      <trkpt lat="47.477739" lon="9.667467">
        <ele>397.995670</ele>
        <time>2026-07-30T07:37:35.546Z</time>
      </trkpt>
      <trkpt lat="47.477546" lon="9.667453">
        <ele>397.972640</ele>
        <time>2026-07-30T07:37:38.349Z</time>
      </trkpt>
      <trkpt lat="47.477474" lon="9.667457">
        <ele>397.964053</ele>
        <time>2026-07-30T07:37:39.400Z</time>
      </trkpt>
      <trkpt lat="47.477266" lon="9.667504">
        <ele>397.938976</ele>
        <time>2026-07-30T07:37:42.467Z</time>
      </trkpt>
      <trkpt lat="47.477098" lon="9.667527">
        <ele>397.918868</ele>
        <time>2026-07-30T07:37:44.829Z</time>
      </trkpt>
      <trkpt lat="47.476682" lon="9.667450">
        <ele>397.877781</ele>
        <time>2026-07-30T07:37:50.446Z</time>
      </trkpt>
      <trkpt lat="47.476529" lon="9.667410">
        <ele>397.869091</ele>
        <time>2026-07-30T07:37:52.571Z</time>
      </trkpt>
      <trkpt lat="47.476255" lon="9.667423">
        <ele>397.853756</ele>
        <time>2026-07-30T07:37:56.441Z</time>
      </trkpt>
      <trkpt lat="47.475547" lon="9.667382">
        <ele>397.814123</ele>
        <time>2026-07-30T07:38:06.785Z</time>
      </trkpt>
      <trkpt lat="47.472256" lon="9.667173">
        <ele>398.114297</ele>
        <time>2026-07-30T07:38:57.834Z</time>
      </trkpt>
      <trkpt lat="47.472031" lon="9.667162">
        <ele>398.128684</ele>
        <time>2026-07-30T07:39:01.138Z</time>
      </trkpt>
      <trkpt lat="47.466338" lon="9.666865">
        <ele>398.046214</ele>
        <time>2026-07-30T07:40:24.403Z</time>
      </trkpt>
      <trkpt lat="47.463757" lon="9.666733">
        <ele>398.820363</ele>
        <time>2026-07-30T07:41:06.701Z</time>
      </trkpt>
      <trkpt lat="47.461023" lon="9.666551">
        <ele>399.505046</ele>
        <time>2026-07-30T07:41:49.258Z</time>
      </trkpt>
      <trkpt lat="47.459775" lon="9.666314">
        <ele>400.065969</ele>
        <time>2026-07-30T07:42:10.117Z</time>
      </trkpt>
      <trkpt lat="47.459409" lon="9.666202">
        <ele>400.262557</ele>
        <time>2026-07-30T07:42:16.742Z</time>
      </trkpt>
      <trkpt lat="47.458904" lon="9.665975">
        <ele>400.540177</ele>
        <time>2026-07-30T07:42:26.069Z</time>
      </trkpt>
      <trkpt lat="47.458324" lon="9.665792">
        <ele>400.637359</ele>
        <time>2026-07-30T07:42:36.137Z</time>
      </trkpt>
      <trkpt lat="47.458200" lon="9.665767">
        <ele>400.656837</ele>
        <time>2026-07-30T07:42:38.105Z</time>
      </trkpt>
      <trkpt lat="47.457658" lon="9.665518">
        <ele>400.745170</ele>
        <time>2026-07-30T07:42:46.577Z</time>
      </trkpt>
      <trkpt lat="47.456372" lon="9.664873">
        <ele>400.686681</ele>
        <time>2026-07-30T07:43:05.446Z</time>
      </trkpt>
      <trkpt lat="47.455478" lon="9.664289">
        <ele>400.524288</ele>
        <time>2026-07-30T07:43:19.548Z</time>
      </trkpt>
      <trkpt lat="47.455243" lon="9.664170">
        <ele>400.541744</ele>
        <time>2026-07-30T07:43:23.194Z</time>
      </trkpt>
      <trkpt lat="47.454684" lon="9.663811">
        <ele>400.584572</ele>
        <time>2026-07-30T07:43:32.145Z</time>
      </trkpt>
      <trkpt lat="47.454437" lon="9.663653">
        <ele>400.603484</ele>
        <time>2026-07-30T07:43:36.178Z</time>
      </trkpt>
      <trkpt lat="47.454234" lon="9.663555">
        <ele>400.618490</ele>
        <time>2026-07-30T07:43:39.439Z</time>
      </trkpt>
      <trkpt lat="47.453838" lon="9.663203">
        <ele>400.654544</ele>
        <time>2026-07-30T07:43:46.663Z</time>
      </trkpt>
      <trkpt lat="47.453019" lon="9.662379">
        <ele>400.970646</ele>
        <time>2026-07-30T07:44:03.003Z</time>
      </trkpt>
      <trkpt lat="47.452501" lon="9.661771">
        <ele>401.181684</ele>
        <time>2026-07-30T07:44:13.837Z</time>
      </trkpt>
      <trkpt lat="47.452286" lon="9.661588">
        <ele>401.226652</ele>
        <time>2026-07-30T07:44:17.702Z</time>
      </trkpt>
      <trkpt lat="47.452208" lon="9.661489">
        <ele>401.229079</ele>
        <time>2026-07-30T07:44:19.268Z</time>
      </trkpt>
      <trkpt lat="47.451988" lon="9.661122">
        <ele>401.236911</ele>
        <time>2026-07-30T07:44:24.117Z</time>
      </trkpt>
      <trkpt lat="47.451963" lon="9.660997">
        <ele>401.238992</ele>
        <time>2026-07-30T07:44:25.377Z</time>
      </trkpt>
      <trkpt lat="47.451987" lon="9.660948">
        <ele>401.239958</ele>
        <time>2026-07-30T07:44:25.995Z</time>
      </trkpt>
      <trkpt lat="47.451485" lon="9.660325">
        <ele>401.255434</ele>
        <time>2026-07-30T07:44:35.217Z</time>
      </trkpt>
      <trkpt lat="47.451208" lon="9.659966">
        <ele>401.264132</ele>
        <time>2026-07-30T07:44:40.658Z</time>
      </trkpt>
      <trkpt lat="47.449876" lon="9.657990">
        <ele>401.615497</ele>
        <time>2026-07-30T07:45:10.548Z</time>
      </trkpt>
      <trkpt lat="47.449590" lon="9.657554">
        <ele>401.625124</ele>
        <time>2026-07-30T07:45:17.074Z</time>
      </trkpt>
      <trkpt lat="47.449568" lon="9.657474">
        <ele>401.626301</ele>
        <time>2026-07-30T07:45:18.012Z</time>
      </trkpt>
      <trkpt lat="47.449392" lon="9.657276">
        <ele>401.630761</ele>
        <time>2026-07-30T07:45:21.464Z</time>
      </trkpt>
      <trkpt lat="47.448467" lon="9.656241">
        <ele>401.644797</ele>
        <time>2026-07-30T07:45:38.186Z</time>
      </trkpt>
      <trkpt lat="47.448170" lon="9.655917">
        <ele>401.573656</ele>
        <time>2026-07-30T07:45:43.253Z</time>
      </trkpt>
      <trkpt lat="47.448018" lon="9.655841">
        <ele>401.542727</ele>
        <time>2026-07-30T07:45:45.439Z</time>
      </trkpt>
      <trkpt lat="47.447723" lon="9.655534">
        <ele>401.473195</ele>
        <time>2026-07-30T07:45:50.342Z</time>
      </trkpt>
      <trkpt lat="47.446974" lon="9.654933">
        <ele>401.308935</ele>
        <time>2026-07-30T07:46:02.446Z</time>
      </trkpt>
      <trkpt lat="47.446547" lon="9.654547">
        <ele>401.441151</ele>
        <time>2026-07-30T07:46:10.252Z</time>
      </trkpt>
      <trkpt lat="47.446155" lon="9.654066">
        <ele>401.581576</ele>
        <time>2026-07-30T07:46:18.581Z</time>
      </trkpt>
      <trkpt lat="47.445260" lon="9.652788">
        <ele>401.873280</ele>
        <time>2026-07-30T07:46:38.923Z</time>
      </trkpt>
      <trkpt lat="47.444102" lon="9.651246">
        <ele>402.107314</ele>
        <time>2026-07-30T07:47:02.492Z</time>
      </trkpt>
      <trkpt lat="47.443299" lon="9.650032">
        <ele>402.204934</ele>
        <time>2026-07-30T07:47:19.832Z</time>
      </trkpt>
      <trkpt lat="47.441847" lon="9.647779">
        <ele>402.409747</ele>
        <time>2026-07-30T07:47:51.964Z</time>
      </trkpt>
      <trkpt lat="47.440735" lon="9.646208">
        <ele>402.631979</ele>
        <time>2026-07-30T07:48:15.337Z</time>
      </trkpt>
      <trkpt lat="47.439976" lon="9.645308">
        <ele>402.844811</ele>
        <time>2026-07-30T07:48:30.641Z</time>
      </trkpt>
      <trkpt lat="47.439492" lon="9.644814">
        <ele>403.002352</ele>
        <time>2026-07-30T07:48:40.186Z</time>
      </trkpt>
      <trkpt lat="47.438750" lon="9.644159">
        <ele>403.213118</ele>
        <time>2026-07-30T07:48:53.988Z</time>
      </trkpt>
      <trkpt lat="47.438621" lon="9.644059">
        <ele>403.238709</ele>
        <time>2026-07-30T07:48:56.355Z</time>
      </trkpt>
      <trkpt lat="47.438413" lon="9.643960">
        <ele>403.277101</ele>
        <time>2026-07-30T07:48:59.880Z</time>
      </trkpt>
      <trkpt lat="47.438203" lon="9.643747">
        <ele>403.321844</ele>
        <time>2026-07-30T07:49:03.895Z</time>
      </trkpt>
      <trkpt lat="47.437763" lon="9.643471">
        <ele>403.405820</ele>
        <time>2026-07-30T07:49:11.225Z</time>
      </trkpt>
      <trkpt lat="47.437550" lon="9.643376">
        <ele>403.444909</ele>
        <time>2026-07-30T07:49:14.559Z</time>
      </trkpt>
      <trkpt lat="47.436612" lon="9.642987">
        <ele>403.453748</ele>
        <time>2026-07-30T07:49:29.132Z</time>
      </trkpt>
      <trkpt lat="47.436219" lon="9.642883">
        <ele>403.433844</ele>
        <time>2026-07-30T07:49:34.834Z</time>
      </trkpt>
      <trkpt lat="47.434831" lon="9.642671">
        <ele>403.279631</ele>
        <time>2026-07-30T07:49:54.898Z</time>
      </trkpt>
      <trkpt lat="47.434372" lon="9.642682">
        <ele>403.202449</ele>
        <time>2026-07-30T07:50:01.355Z</time>
      </trkpt>
      <trkpt lat="47.433577" lon="9.642805">
        <ele>403.154099</ele>
        <time>2026-07-30T07:50:12.622Z</time>
      </trkpt>
      <trkpt lat="47.432783" lon="9.643071">
        <ele>403.416519</ele>
        <time>2026-07-30T07:50:25.148Z</time>
      </trkpt>
      <trkpt lat="47.431744" lon="9.643542">
        <ele>403.728455</ele>
        <time>2026-07-30T07:50:44.194Z</time>
      </trkpt>
      <trkpt lat="47.431247" lon="9.643818">
        <ele>403.826245</ele>
        <time>2026-07-30T07:50:53.202Z</time>
      </trkpt>
      <trkpt lat="47.431017" lon="9.643909">
        <ele>403.870100</ele>
        <time>2026-07-30T07:50:57.048Z</time>
      </trkpt>
      <trkpt lat="47.430440" lon="9.644273">
        <ele>403.985652</ele>
        <time>2026-07-30T07:51:06.212Z</time>
      </trkpt>
      <trkpt lat="47.430208" lon="9.644364">
        <ele>403.937130</ele>
        <time>2026-07-30T07:51:09.352Z</time>
      </trkpt>
      <trkpt lat="47.429987" lon="9.644435">
        <ele>403.797076</ele>
        <time>2026-07-30T07:51:12.202Z</time>
      </trkpt>
      <trkpt lat="47.428279" lon="9.645361">
        <ele>403.011160</ele>
        <time>2026-07-30T07:51:35.234Z</time>
      </trkpt>
      <trkpt lat="47.425601" lon="9.646597">
        <ele>404.280179</ele>
        <time>2026-07-30T07:52:24.309Z</time>
      </trkpt>
      <trkpt lat="47.425403" lon="9.646653">
        <ele>404.399062</ele>
        <time>2026-07-30T07:52:27.755Z</time>
      </trkpt>
      <trkpt lat="47.424766" lon="9.646709">
        <ele>404.568968</ele>
        <time>2026-07-30T07:52:38.242Z</time>
      </trkpt>
      <trkpt lat="47.424422" lon="9.646912">
        <ele>404.600987</ele>
        <time>2026-07-30T07:52:43.870Z</time>
      </trkpt>
      <trkpt lat="47.424239" lon="9.646957">
        <ele>404.617024</ele>
        <time>2026-07-30T07:52:46.592Z</time>
      </trkpt>
      <trkpt lat="47.424019" lon="9.646943">
        <ele>404.636060</ele>
        <time>2026-07-30T07:52:49.803Z</time>
      </trkpt>
      <trkpt lat="47.423975" lon="9.646887">
        <ele>404.641079</ele>
        <time>2026-07-30T07:52:50.643Z</time>
      </trkpt>
      <trkpt lat="47.423800" lon="9.646826">
        <ele>404.656622</ele>
        <time>2026-07-30T07:52:53.258Z</time>
      </trkpt>
      <trkpt lat="47.423119" lon="9.646961">
        <ele>404.666524</ele>
        <time>2026-07-30T07:53:03.112Z</time>
      </trkpt>
      <trkpt lat="47.422451" lon="9.647037">
        <ele>404.618355</ele>
        <time>2026-07-30T07:53:12.581Z</time>
      </trkpt>
      <trkpt lat="47.421868" lon="9.647145">
        <ele>404.576111</ele>
        <time>2026-07-30T07:53:21.260Z</time>
      </trkpt>
      <trkpt lat="47.418885" lon="9.647476">
        <ele>404.958769</ele>
        <time>2026-07-30T07:54:07.681Z</time>
      </trkpt>
      <trkpt lat="47.418374" lon="9.647568">
        <ele>405.022800</ele>
        <time>2026-07-30T07:54:15.620Z</time>
      </trkpt>
      <trkpt lat="47.416242" lon="9.647789">
        <ele>405.061121</ele>
        <time>2026-07-30T07:54:46.847Z</time>
      </trkpt>
      <trkpt lat="47.412555" lon="9.648047">
        <ele>405.887243</ele>
        <time>2026-07-30T07:55:44.719Z</time>
      </trkpt>
      <trkpt lat="47.412101" lon="9.648121">
        <ele>406.140098</ele>
        <time>2026-07-30T07:55:52.508Z</time>
      </trkpt>
      <trkpt lat="47.411743" lon="9.648264">
        <ele>406.345396</ele>
        <time>2026-07-30T07:55:58.931Z</time>
      </trkpt>
      <trkpt lat="47.410907" lon="9.648318">
        <ele>406.808640</ele>
        <time>2026-07-30T07:56:13.582Z</time>
      </trkpt>
      <trkpt lat="47.410828" lon="9.648373">
        <ele>406.852704</ele>
        <time>2026-07-30T07:56:15.122Z</time>
      </trkpt>
      <trkpt lat="47.410464" lon="9.648505">
        <ele>407.035834</ele>
        <time>2026-07-30T07:56:21.543Z</time>
      </trkpt>
      <trkpt lat="47.409078" lon="9.649187">
        <ele>407.680008</ele>
        <time>2026-07-30T07:56:46.122Z</time>
      </trkpt>
      <trkpt lat="47.408733" lon="9.649344">
        <ele>407.612150</ele>
        <time>2026-07-30T07:56:51.758Z</time>
      </trkpt>
      <trkpt lat="47.408689" lon="9.649372">
        <ele>407.603144</ele>
        <time>2026-07-30T07:56:52.487Z</time>
      </trkpt>
      <trkpt lat="47.408650" lon="9.649390">
        <ele>407.595464</ele>
        <time>2026-07-30T07:56:53.097Z</time>
      </trkpt>
      <trkpt lat="47.408554" lon="9.649407">
        <ele>407.577289</ele>
        <time>2026-07-30T07:56:54.523Z</time>
      </trkpt>
      <trkpt lat="47.408420" lon="9.649500">
        <ele>407.549460</ele>
        <time>2026-07-30T07:56:56.648Z</time>
      </trkpt>
      <trkpt lat="47.407922" lon="9.649721">
        <ele>407.451717</ele>
        <time>2026-07-30T07:57:03.714Z</time>
      </trkpt>
      <trkpt lat="47.407759" lon="9.649721">
        <ele>407.421077</ele>
        <time>2026-07-30T07:57:05.857Z</time>
      </trkpt>
      <trkpt lat="47.407066" lon="9.649934">
        <ele>407.088532</ele>
        <time>2026-07-30T07:57:14.980Z</time>
      </trkpt>
      <trkpt lat="47.406728" lon="9.649977">
        <ele>406.851017</ele>
        <time>2026-07-30T07:57:19.298Z</time>
      </trkpt>
      <trkpt lat="47.406062" lon="9.649976">
        <ele>406.384741</ele>
        <time>2026-07-30T07:57:27.589Z</time>
      </trkpt>
      <trkpt lat="47.405012" lon="9.649923">
        <ele>406.020796</ele>
        <time>2026-07-30T07:57:41.393Z</time>
      </trkpt>
      <trkpt lat="47.404726" lon="9.649893">
        <ele>405.984803</ele>
        <time>2026-07-30T07:57:45.429Z</time>
      </trkpt>
      <trkpt lat="47.404240" lon="9.649776">
        <ele>405.922989</ele>
        <time>2026-07-30T07:57:52.890Z</time>
      </trkpt>
      <trkpt lat="47.403296" lon="9.649521">
        <ele>405.969604</ele>
        <time>2026-07-30T07:58:08.668Z</time>
      </trkpt>
      <trkpt lat="47.402813" lon="9.649366">
        <ele>406.048274</ele>
        <time>2026-07-30T07:58:15.880Z</time>
      </trkpt>
      <trkpt lat="47.402068" lon="9.649110">
        <ele>406.175049</ele>
        <time>2026-07-30T07:58:27.184Z</time>
      </trkpt>
      <trkpt lat="47.400511" lon="9.648478">
        <ele>406.603469</ele>
        <time>2026-07-30T07:58:53.357Z</time>
      </trkpt>
      <trkpt lat="47.400432" lon="9.648462">
        <ele>406.624625</ele>
        <time>2026-07-30T07:58:54.676Z</time>
      </trkpt>
      <trkpt lat="47.400313" lon="9.648499">
        <ele>406.643331</ele>
        <time>2026-07-30T07:58:56.661Z</time>
      </trkpt>
      <trkpt lat="47.400174" lon="9.648462">
        <ele>406.651239</ele>
        <time>2026-07-30T07:58:58.923Z</time>
      </trkpt>
      <trkpt lat="47.400031" lon="9.648401">
        <ele>406.659573</ele>
        <time>2026-07-30T07:59:01.291Z</time>
      </trkpt>
      <trkpt lat="47.399919" lon="9.648280">
        <ele>406.667342</ele>
        <time>2026-07-30T07:59:03.441Z</time>
      </trkpt>
      <trkpt lat="47.399703" lon="9.648208">
        <ele>406.679740</ele>
        <time>2026-07-30T07:59:06.859Z</time>
      </trkpt>
      <trkpt lat="47.398873" lon="9.647943">
        <ele>406.727286</ele>
        <time>2026-07-30T07:59:19.179Z</time>
      </trkpt>
      <trkpt lat="47.397697" lon="9.647595">
        <ele>406.809429</ele>
        <time>2026-07-30T07:59:36.459Z</time>
      </trkpt>
      <trkpt lat="47.395891" lon="9.646918">
        <ele>407.160969</ele>
        <time>2026-07-30T08:00:06.413Z</time>
      </trkpt>
      <trkpt lat="47.393420" lon="9.645867">
        <ele>407.811597</ele>
        <time>2026-07-30T08:00:46.811Z</time>
      </trkpt>
      <trkpt lat="47.391722" lon="9.645217">
        <ele>408.251993</ele>
        <time>2026-07-30T08:01:14.895Z</time>
      </trkpt>
      <trkpt lat="47.390595" lon="9.644654">
        <ele>408.303049</ele>
        <time>2026-07-30T08:01:32.954Z</time>
      </trkpt>
      <trkpt lat="47.390180" lon="9.644470">
        <ele>408.318429</ele>
        <time>2026-07-30T08:01:39.217Z</time>
      </trkpt>
      <trkpt lat="47.389311" lon="9.644091">
        <ele>408.325891</ele>
        <time>2026-07-30T08:01:52.030Z</time>
      </trkpt>
      <trkpt lat="47.388415" lon="9.643594">
        <ele>408.325578</ele>
        <time>2026-07-30T08:02:06.480Z</time>
      </trkpt>
      <trkpt lat="47.386378" lon="9.642335">
        <ele>408.514388</ele>
        <time>2026-07-30T08:02:40.655Z</time>
      </trkpt>
      <trkpt lat="47.384437" lon="9.641014">
        <ele>408.456733</ele>
        <time>2026-07-30T08:03:11.237Z</time>
      </trkpt>
      <trkpt lat="47.384289" lon="9.640945">
        <ele>408.471332</ele>
        <time>2026-07-30T08:03:13.645Z</time>
      </trkpt>
      <trkpt lat="47.383682" lon="9.640427">
        <ele>408.537277</ele>
        <time>2026-07-30T08:03:24.485Z</time>
      </trkpt>
      <trkpt lat="47.383174" lon="9.640111">
        <ele>408.584870</ele>
        <time>2026-07-30T08:03:33.367Z</time>
      </trkpt>
      <trkpt lat="47.382812" lon="9.639940">
        <ele>408.612720</ele>
        <time>2026-07-30T08:03:39.270Z</time>
      </trkpt>
      <trkpt lat="47.382787" lon="9.639875">
        <ele>408.616429</ele>
        <time>2026-07-30T08:03:40.028Z</time>
      </trkpt>
      <trkpt lat="47.382818" lon="9.639830">
        <ele>408.619614</ele>
        <time>2026-07-30T08:03:40.689Z</time>
      </trkpt>
      <trkpt lat="47.382855" lon="9.639833">
        <ele>408.622329</ele>
        <time>2026-07-30T08:03:41.234Z</time>
      </trkpt>
      <trkpt lat="47.383317" lon="9.640016">
        <ele>408.657379</ele>
        <time>2026-07-30T08:03:48.191Z</time>
      </trkpt>
      <trkpt lat="47.383489" lon="9.640129">
        <ele>408.671173</ele>
        <time>2026-07-30T08:03:50.933Z</time>
      </trkpt>
      <trkpt lat="47.383549" lon="9.640065">
        <ele>408.676596</ele>
        <time>2026-07-30T08:03:52.026Z</time>
      </trkpt>
      <trkpt lat="47.383230" lon="9.639765">
        <ele>408.704544</ele>
        <time>2026-07-30T08:03:57.727Z</time>
      </trkpt>
      <trkpt lat="47.382649" lon="9.639337">
        <ele>408.756383</ele>
        <time>2026-07-30T08:04:07.237Z</time>
      </trkpt>
      <trkpt lat="47.379958" lon="9.637169">
        <ele>409.145293</ele>
        <time>2026-07-30T08:04:54.242Z</time>
      </trkpt>
      <trkpt lat="47.378196" lon="9.635638">
        <ele>409.660441</ele>
        <time>2026-07-30T08:05:27.314Z</time>
      </trkpt>
      <trkpt lat="47.375928" lon="9.633468">
        <ele>410.201282</ele>
        <time>2026-07-30T08:06:09.105Z</time>
      </trkpt>
      <trkpt lat="47.374625" lon="9.632114">
        <ele>410.556257</ele>
        <time>2026-07-30T08:06:34.158Z</time>
      </trkpt>
      <trkpt lat="47.373931" lon="9.631334">
        <ele>410.765262</ele>
        <time>2026-07-30T08:06:48.082Z</time>
      </trkpt>
      <trkpt lat="47.372446" lon="9.629717">
        <ele>411.201468</ele>
        <time>2026-07-30T08:07:17.155Z</time>
      </trkpt>
      <trkpt lat="47.371497" lon="9.628606">
        <ele>411.449954</ele>
        <time>2026-07-30T08:07:36.178Z</time>
      </trkpt>
      <trkpt lat="47.369241" lon="9.625742">
        <ele>412.017259</ele>
        <time>2026-07-30T08:08:21.390Z</time>
      </trkpt>
      <trkpt lat="47.367238" lon="9.623020">
        <ele>413.390840</ele>
        <time>2026-07-30T08:09:08.512Z</time>
      </trkpt>
      <trkpt lat="47.367042" lon="9.622787">
        <ele>413.487027</ele>
        <time>2026-07-30T08:09:12.785Z</time>
      </trkpt>
      <trkpt lat="47.367022" lon="9.622767">
        <ele>413.494454</ele>
        <time>2026-07-30T08:09:13.181Z</time>
      </trkpt>
      <trkpt lat="47.366985" lon="9.622731">
        <ele>413.508078</ele>
        <time>2026-07-30T08:09:13.901Z</time>
      </trkpt>
      <trkpt lat="47.366967" lon="9.622650">
        <ele>413.525830</ele>
        <time>2026-07-30T08:09:14.862Z</time>
      </trkpt>
      <trkpt lat="47.367010" lon="9.622495">
        <ele>413.560710</ele>
        <time>2026-07-30T08:09:16.722Z</time>
      </trkpt>
      <trkpt lat="47.367223" lon="9.622183">
        <ele>413.652959</ele>
        <time>2026-07-30T08:09:21.538Z</time>
      </trkpt>
      <trkpt lat="47.367508" lon="9.621737">
        <ele>413.780646</ele>
        <time>2026-07-30T08:09:28.273Z</time>
      </trkpt>
      <trkpt lat="47.367564" lon="9.621619">
        <ele>413.810650</ele>
        <time>2026-07-30T08:09:29.829Z</time>
      </trkpt>
      <trkpt lat="47.367591" lon="9.621445">
        <ele>413.847822</ele>
        <time>2026-07-30T08:09:31.684Z</time>
      </trkpt>
      <trkpt lat="47.367606" lon="9.621053">
        <ele>413.929582</ele>
        <time>2026-07-30T08:09:35.543Z</time>
      </trkpt>
      <trkpt lat="47.367614" lon="9.620821">
        <ele>413.977955</ele>
        <time>2026-07-30T08:09:37.857Z</time>
      </trkpt>
      <trkpt lat="47.367591" lon="9.620659">
        <ele>413.968228</ele>
        <time>2026-07-30T08:09:39.582Z</time>
      </trkpt>
      <trkpt lat="47.367526" lon="9.620469">
        <ele>413.944334</ele>
        <time>2026-07-30T08:09:41.839Z</time>
      </trkpt>
      <trkpt lat="47.367452" lon="9.620331">
        <ele>413.924575</ele>
        <time>2026-07-30T08:09:43.750Z</time>
      </trkpt>
      <trkpt lat="47.367433" lon="9.620220">
        <ele>413.911723</ele>
        <time>2026-07-30T08:09:44.997Z</time>
      </trkpt>
      <trkpt lat="47.367451" lon="9.620109">
        <ele>413.898911</ele>
        <time>2026-07-30T08:09:46.273Z</time>
      </trkpt>
      <trkpt lat="47.367497" lon="9.620036">
        <ele>413.887718</ele>
        <time>2026-07-30T08:09:47.377Z</time>
      </trkpt>
      <trkpt lat="47.367631" lon="9.619955">
        <ele>413.863720</ele>
        <time>2026-07-30T08:09:49.778Z</time>
      </trkpt>
      <trkpt lat="47.367674" lon="9.619944">
        <ele>413.856487</ele>
        <time>2026-07-30T08:09:50.462Z</time>
      </trkpt>
      <trkpt lat="47.367618" lon="9.619001">
        <ele>413.750226</ele>
        <time>2026-07-30T08:09:59.331Z</time>
      </trkpt>
      <trkpt lat="47.367609" lon="9.618807">
        <ele>413.728398</ele>
        <time>2026-07-30T08:10:00.972Z</time>
      </trkpt>
      <trkpt lat="47.367592" lon="9.618355">
        <ele>413.666254</ele>
        <time>2026-07-30T08:10:04.885Z</time>
      </trkpt>
      <trkpt lat="47.367573" lon="9.617707">
        <ele>413.490640</ele>
        <time>2026-07-30T08:10:10.719Z</time>
      </trkpt>
      <trkpt lat="47.367674" lon="9.617291">
        <ele>413.370987</ele>
        <time>2026-07-30T08:10:14.564Z</time>
      </trkpt>
      <trkpt lat="47.367874" lon="9.616598">
        <ele>413.167029</ele>
        <time>2026-07-30T08:10:21.087Z</time>
      </trkpt>
      <trkpt lat="47.367905" lon="9.616478">
        <ele>413.132255</ele>
        <time>2026-07-30T08:10:22.250Z</time>
      </trkpt>
      <trkpt lat="47.367919" lon="9.616405">
        <ele>413.111713</ele>
        <time>2026-07-30T08:10:22.967Z</time>
      </trkpt>
      <trkpt lat="47.367958" lon="9.616110">
        <ele>413.030333</ele>
        <time>2026-07-30T08:10:25.982Z</time>
      </trkpt>
      <trkpt lat="47.367960" lon="9.615739">
        <ele>412.981799</ele>
        <time>2026-07-30T08:10:30.010Z</time>
      </trkpt>
      <trkpt lat="47.367848" lon="9.615034">
        <ele>413.063168</ele>
        <time>2026-07-30T08:10:38.015Z</time>
      </trkpt>
      <trkpt lat="47.367831" lon="9.614812">
        <ele>413.088272</ele>
        <time>2026-07-30T08:10:40.385Z</time>
      </trkpt>
      <trkpt lat="47.367828" lon="9.614752">
        <ele>413.095033</ele>
        <time>2026-07-30T08:10:41.026Z</time>
      </trkpt>
      <trkpt lat="47.367840" lon="9.614385">
        <ele>413.136319</ele>
        <time>2026-07-30T08:10:44.860Z</time>
      </trkpt>
      <trkpt lat="47.367852" lon="9.614196">
        <ele>413.157650</ele>
        <time>2026-07-30T08:10:46.821Z</time>
      </trkpt>
      <trkpt lat="47.367865" lon="9.613995">
        <ele>413.180338</ele>
        <time>2026-07-30T08:10:48.880Z</time>
      </trkpt>
      <trkpt lat="47.367869" lon="9.613943">
        <ele>413.186219</ele>
        <time>2026-07-30T08:10:49.416Z</time>
      </trkpt>
      <trkpt lat="47.367876" lon="9.613836">
        <ele>413.198298</ele>
        <time>2026-07-30T08:10:50.525Z</time>
      </trkpt>
      <trkpt lat="47.367880" lon="9.613776">
        <ele>413.205073</ele>
        <time>2026-07-30T08:10:51.133Z</time>
      </trkpt>
      <trkpt lat="47.367886" lon="9.613693">
        <ele>413.214452</ele>
        <time>2026-07-30T08:10:51.987Z</time>
      </trkpt>
      <trkpt lat="47.367913" lon="9.613256">
        <ele>413.263761</ele>
        <time>2026-07-30T08:10:56.530Z</time>
      </trkpt>
      <trkpt lat="47.367924" lon="9.613085">
        <ele>413.272460</ele>
        <time>2026-07-30T08:10:58.339Z</time>
      </trkpt>
      <trkpt lat="47.367929" lon="9.612993">
        <ele>413.276750</ele>
        <time>2026-07-30T08:10:59.336Z</time>
      </trkpt>
      <trkpt lat="47.367929" lon="9.612729">
        <ele>413.289022</ele>
        <time>2026-07-30T08:11:02.179Z</time>
      </trkpt>
      <trkpt lat="47.367897" lon="9.612412">
        <ele>413.303920</ele>
        <time>2026-07-30T08:11:05.599Z</time>
      </trkpt>
      <trkpt lat="47.367889" lon="9.612342">
        <ele>413.307220</ele>
        <time>2026-07-30T08:11:06.355Z</time>
      </trkpt>
      <trkpt lat="47.367844" lon="9.611959">
        <ele>413.325290</ele>
        <time>2026-07-30T08:11:10.316Z</time>
      </trkpt>
      <trkpt lat="47.367838" lon="9.611920">
        <ele>413.327149</ele>
        <time>2026-07-30T08:11:10.732Z</time>
      </trkpt>
      <trkpt lat="47.367783" lon="9.611439">
        <ele>413.349824</ele>
        <time>2026-07-30T08:11:15.564Z</time>
      </trkpt>
      <trkpt lat="47.367777" lon="9.611395">
        <ele>413.351911</ele>
        <time>2026-07-30T08:11:15.997Z</time>
      </trkpt>
      <trkpt lat="47.367757" lon="9.611237">
        <ele>413.359382</ele>
        <time>2026-07-30T08:11:17.577Z</time>
      </trkpt>
      <trkpt lat="47.367718" lon="9.610937">
        <ele>413.373582</ele>
        <time>2026-07-30T08:11:20.650Z</time>
      </trkpt>
      <trkpt lat="47.367707" lon="9.610850">
        <ele>413.377696</ele>
        <time>2026-07-30T08:11:21.533Z</time>
      </trkpt>
      <trkpt lat="47.367608" lon="9.610459">
        <ele>413.389141</ele>
        <time>2026-07-30T08:11:25.791Z</time>
      </trkpt>
      <trkpt lat="47.367451" lon="9.610070">
        <ele>413.390877</ele>
        <time>2026-07-30T08:11:30.332Z</time>
      </trkpt>
      <trkpt lat="47.367380" lon="9.609902">
        <ele>413.391636</ele>
        <time>2026-07-30T08:11:32.291Z</time>
      </trkpt>
      <trkpt lat="47.367243" lon="9.609597">
        <ele>413.393038</ele>
        <time>2026-07-30T08:11:35.860Z</time>
      </trkpt>
      <trkpt lat="47.367226" lon="9.609551">
        <ele>413.393239</ele>
        <time>2026-07-30T08:11:36.367Z</time>
      </trkpt>
      <trkpt lat="47.367138" lon="9.609215">
        <ele>413.394620</ele>
        <time>2026-07-30T08:11:39.918Z</time>
      </trkpt>
      <trkpt lat="47.367061" lon="9.608826">
        <ele>413.396173</ele>
        <time>2026-07-30T08:11:44.051Z</time>
      </trkpt>
      <trkpt lat="47.366971" lon="9.608528">
        <ele>413.397424</ele>
        <time>2026-07-30T08:11:47.439Z</time>
      </trkpt>
      <trkpt lat="47.366665" lon="9.607611">
        <ele>413.520961</ele>
        <time>2026-07-30T08:11:57.957Z</time>
      </trkpt>
      <trkpt lat="47.366496" lon="9.607248">
        <ele>413.596417</ele>
        <time>2026-07-30T08:12:03.002Z</time>
      </trkpt>
      <trkpt lat="47.366264" lon="9.606952">
        <ele>413.673968</ele>
        <time>2026-07-30T08:12:08.094Z</time>
      </trkpt>
      <trkpt lat="47.365902" lon="9.606705">
        <ele>413.774828</ele>
        <time>2026-07-30T08:12:14.617Z</time>
      </trkpt>
      <trkpt lat="47.365632" lon="9.606544">
        <ele>413.848475</ele>
        <time>2026-07-30T08:12:19.112Z</time>
      </trkpt>
      <trkpt lat="47.365494" lon="9.606456">
        <ele>413.851517</ele>
        <time>2026-07-30T08:12:21.339Z</time>
      </trkpt>
      <trkpt lat="47.365406" lon="9.606401">
        <ele>413.850055</ele>
        <time>2026-07-30T08:12:22.730Z</time>
      </trkpt>
      <trkpt lat="47.365251" lon="9.606310">
        <ele>413.847503</ele>
        <time>2026-07-30T08:12:25.211Z</time>
      </trkpt>
      <trkpt lat="47.365135" lon="9.606241">
        <ele>413.845589</ele>
        <time>2026-07-30T08:12:27.097Z</time>
      </trkpt>
      <trkpt lat="47.365094" lon="9.606217">
        <ele>413.844915</ele>
        <time>2026-07-30T08:12:27.770Z</time>
      </trkpt>
      <trkpt lat="47.364560" lon="9.605944">
        <ele>413.836269</ele>
        <time>2026-07-30T08:12:36.077Z</time>
      </trkpt>
      <trkpt lat="47.364082" lon="9.605886">
        <ele>413.828931</ele>
        <time>2026-07-30T08:12:42.765Z</time>
      </trkpt>
      <trkpt lat="47.363980" lon="9.605891">
        <ele>413.827369</ele>
        <time>2026-07-30T08:12:44.263Z</time>
      </trkpt>
      <trkpt lat="47.363642" lon="9.605948">
        <ele>413.816966</ele>
        <time>2026-07-30T08:12:49.288Z</time>
      </trkpt>
      <trkpt lat="47.363427" lon="9.605959">
        <ele>413.809206</ele>
        <time>2026-07-30T08:12:52.543Z</time>
      </trkpt>
      <trkpt lat="47.363145" lon="9.605862">
        <ele>413.798762</ele>
        <time>2026-07-30T08:12:56.959Z</time>
      </trkpt>
      <trkpt lat="47.363060" lon="9.605867">
        <ele>413.795694</ele>
        <time>2026-07-30T08:12:58.280Z</time>
      </trkpt>
      <trkpt lat="47.362908" lon="9.605903">
        <ele>413.790141</ele>
        <time>2026-07-30T08:13:00.589Z</time>
      </trkpt>
      <trkpt lat="47.362506" lon="9.605974">
        <ele>413.775537</ele>
        <time>2026-07-30T08:13:06.477Z</time>
      </trkpt>
      <trkpt lat="47.362349" lon="9.605907">
        <ele>413.769642</ele>
        <time>2026-07-30T08:13:08.883Z</time>
      </trkpt>
      <trkpt lat="47.362141" lon="9.605760">
        <ele>413.761324</ele>
        <time>2026-07-30T08:13:12.262Z</time>
      </trkpt>
      <trkpt lat="47.361747" lon="9.605451">
        <ele>413.729691</ele>
        <time>2026-07-30T08:13:18.566Z</time>
      </trkpt>
      <trkpt lat="47.361583" lon="9.605328">
        <ele>413.716564</ele>
        <time>2026-07-30T08:13:21.138Z</time>
      </trkpt>
      <trkpt lat="47.361559" lon="9.605375">
        <ele>413.713719</ele>
        <time>2026-07-30T08:13:21.686Z</time>
      </trkpt>
      <trkpt lat="47.360599" lon="9.607251">
        <ele>413.643320</ele>
        <time>2026-07-30T08:13:45.117Z</time>
      </trkpt>
      <trkpt lat="47.360555" lon="9.607336">
        <ele>413.644989</ele>
        <time>2026-07-30T08:13:46.214Z</time>
      </trkpt>
      <trkpt lat="47.360533" lon="9.607377">
        <ele>413.645806</ele>
        <time>2026-07-30T08:13:46.742Z</time>
      </trkpt>
      <trkpt lat="47.360455" lon="9.607520">
        <ele>413.648672</ele>
        <time>2026-07-30T08:13:48.620Z</time>
      </trkpt>
      <trkpt lat="47.360442" lon="9.607545">
        <ele>413.649164</ele>
        <time>2026-07-30T08:13:48.964Z</time>
      </trkpt>
      <trkpt lat="47.360420" lon="9.607528">
        <ele>413.649736</ele>
        <time>2026-07-30T08:13:49.319Z</time>
      </trkpt>
      <trkpt lat="47.359364" lon="9.606592">
        <ele>413.678459</ele>
        <time>2026-07-30T08:14:07.844Z</time>
      </trkpt>
      <trkpt lat="47.358750" lon="9.606041">
        <ele>413.696458</ele>
        <time>2026-07-30T08:14:18.520Z</time>
      </trkpt>
      <trkpt lat="47.358685" lon="9.605982">
        <ele>413.698370</ele>
        <time>2026-07-30T08:14:19.637Z</time>
      </trkpt>
      <trkpt lat="47.358313" lon="9.605685">
        <ele>413.708964</ele>
        <time>2026-07-30T08:14:25.808Z</time>
      </trkpt>
      <trkpt lat="47.358252" lon="9.605630">
        <ele>413.710754</ele>
        <time>2026-07-30T08:14:26.834Z</time>
      </trkpt>
      <trkpt lat="47.354440" lon="9.602296">
        <ele>413.996119</ele>
        <time>2026-07-30T08:15:33.355Z</time>
      </trkpt>
      <trkpt lat="47.349438" lon="9.597952">
        <ele>415.331272</ele>
        <time>2026-07-30T08:17:05.196Z</time>
      </trkpt>
      <trkpt lat="47.349179" lon="9.597734">
        <ele>415.413539</ele>
        <time>2026-07-30T08:17:10.041Z</time>
      </trkpt>
      <trkpt lat="47.348307" lon="9.596981">
        <ele>415.715371</ele>
        <time>2026-07-30T08:17:26.035Z</time>
      </trkpt>
      <trkpt lat="47.348043" lon="9.596785">
        <ele>415.813491</ele>
        <time>2026-07-30T08:17:30.862Z</time>
      </trkpt>
      <trkpt lat="47.347348" lon="9.596271">
        <ele>416.071597</ele>
        <time>2026-07-30T08:17:43.286Z</time>
      </trkpt>
      <trkpt lat="47.345840" lon="9.595341">
        <ele>416.622514</ele>
        <time>2026-07-30T08:18:10.513Z</time>
      </trkpt>
      <trkpt lat="47.345439" lon="9.595142">
        <ele>416.765631</ele>
        <time>2026-07-30T08:18:17.151Z</time>
      </trkpt>
      <trkpt lat="47.344917" lon="9.594881">
        <ele>416.667104</ele>
        <time>2026-07-30T08:18:25.258Z</time>
      </trkpt>
      <trkpt lat="47.343499" lon="9.594326">
        <ele>416.387539</ele>
        <time>2026-07-30T08:18:45.030Z</time>
      </trkpt>
      <trkpt lat="47.342975" lon="9.594163">
        <ele>416.482761</ele>
        <time>2026-07-30T08:18:53.046Z</time>
      </trkpt>
      <trkpt lat="47.341564" lon="9.593838">
        <ele>416.773254</ele>
        <time>2026-07-30T08:19:16.538Z</time>
      </trkpt>
      <trkpt lat="47.339774" lon="9.593465">
        <ele>417.298758</ele>
        <time>2026-07-30T08:19:45.071Z</time>
      </trkpt>
      <trkpt lat="47.339660" lon="9.593437">
        <ele>417.333199</ele>
        <time>2026-07-30T08:19:46.908Z</time>
      </trkpt>
      <trkpt lat="47.339638" lon="9.593433">
        <ele>417.339805</ele>
        <time>2026-07-30T08:19:47.247Z</time>
      </trkpt>
      <trkpt lat="47.337756" lon="9.593039">
        <ele>418.100377</ele>
        <time>2026-07-30T08:20:17.952Z</time>
      </trkpt>
      <trkpt lat="47.336762" lon="9.592756">
        <ele>418.742105</ele>
        <time>2026-07-30T08:20:36.472Z</time>
      </trkpt>
      <trkpt lat="47.336010" lon="9.592389">
        <ele>418.881880</ele>
        <time>2026-07-30T08:20:50.209Z</time>
      </trkpt>
      <trkpt lat="47.335944" lon="9.592352">
        <ele>418.882803</ele>
        <time>2026-07-30T08:20:51.360Z</time>
      </trkpt>
      <trkpt lat="47.334555" lon="9.591606">
        <ele>418.783232</ele>
        <time>2026-07-30T08:21:11.607Z</time>
      </trkpt>
      <trkpt lat="47.334334" lon="9.591504">
        <ele>418.703762</ele>
        <time>2026-07-30T08:21:14.617Z</time>
      </trkpt>
      <trkpt lat="47.334034" lon="9.591424">
        <ele>418.599137</ele>
        <time>2026-07-30T08:21:18.656Z</time>
      </trkpt>
      <trkpt lat="47.334026" lon="9.591341">
        <ele>418.579638</ele>
        <time>2026-07-30T08:21:19.413Z</time>
      </trkpt>
      <trkpt lat="47.333990" lon="9.591335">
        <ele>418.567204</ele>
        <time>2026-07-30T08:21:19.898Z</time>
      </trkpt>
      <trkpt lat="47.333313" lon="9.590919">
        <ele>418.315522</ele>
        <time>2026-07-30T08:21:29.992Z</time>
      </trkpt>
      <trkpt lat="47.332583" lon="9.590421">
        <ele>418.180095</ele>
        <time>2026-07-30T08:21:41.329Z</time>
      </trkpt>
      <trkpt lat="47.330112" lon="9.588295">
        <ele>418.022243</ele>
        <time>2026-07-30T08:22:23.059Z</time>
      </trkpt>
      <trkpt lat="47.329853" lon="9.588752">
        <ele>418.198248</ele>
        <time>2026-07-30T08:22:29.339Z</time>
      </trkpt>
      <trkpt lat="47.329673" lon="9.588982">
        <ele>418.311829</ele>
        <time>2026-07-30T08:22:33.541Z</time>
      </trkpt>
      <trkpt lat="47.329323" lon="9.589391">
        <ele>418.524798</ele>
        <time>2026-07-30T08:22:41.785Z</time>
      </trkpt>
      <trkpt lat="47.329232" lon="9.589571">
        <ele>418.597397</ele>
        <time>2026-07-30T08:22:44.564Z</time>
      </trkpt>
      <trkpt lat="47.329173" lon="9.589751">
        <ele>418.662038</ele>
        <time>2026-07-30T08:22:47.033Z</time>
      </trkpt>
      <trkpt lat="47.329064" lon="9.590315">
        <ele>418.851646</ele>
        <time>2026-07-30T08:22:53.941Z</time>
      </trkpt>
      <trkpt lat="47.329043" lon="9.590428">
        <ele>418.865610</ele>
        <time>2026-07-30T08:22:55.173Z</time>
      </trkpt>
      <trkpt lat="47.328986" lon="9.590464">
        <ele>418.819670</ele>
        <time>2026-07-30T08:22:56.181Z</time>
      </trkpt>
      <trkpt lat="47.328419" lon="9.590303">
        <ele>418.391854</ele>
        <time>2026-07-30T08:23:04.089Z</time>
      </trkpt>
      <trkpt lat="47.328307" lon="9.590315">
        <ele>418.308651</ele>
        <time>2026-07-30T08:23:05.452Z</time>
      </trkpt>
      <trkpt lat="47.328238" lon="9.590435">
        <ele>418.229623</ele>
        <time>2026-07-30T08:23:06.724Z</time>
      </trkpt>
      <trkpt lat="47.327998" lon="9.591759">
        <ele>417.545856</ele>
        <time>2026-07-30T08:23:17.319Z</time>
      </trkpt>
      <trkpt lat="47.323197" lon="9.589967">
        <ele>416.658102</ele>
        <time>2026-07-30T08:24:28.673Z</time>
      </trkpt>
      <trkpt lat="47.319554" lon="9.588576">
        <ele>416.317038</ele>
        <time>2026-07-30T08:25:21.735Z</time>
      </trkpt>
      <trkpt lat="47.319188" lon="9.588413">
        <ele>416.423804</ele>
        <time>2026-07-30T08:25:28.875Z</time>
      </trkpt>
      <trkpt lat="47.318438" lon="9.587983">
        <ele>417.070127</ele>
        <time>2026-07-30T08:25:44.656Z</time>
      </trkpt>
      <trkpt lat="47.318037" lon="9.587715">
        <ele>417.423738</ele>
        <time>2026-07-30T08:25:52.893Z</time>
      </trkpt>
      <trkpt lat="47.317588" lon="9.587358">
        <ele>417.790777</ele>
        <time>2026-07-30T08:26:01.622Z</time>
      </trkpt>
      <trkpt lat="47.315541" lon="9.585412">
        <ele>418.131966</ele>
        <time>2026-07-30T08:26:38.939Z</time>
      </trkpt>
      <trkpt lat="47.315517" lon="9.585389">
        <ele>418.132795</ele>
        <time>2026-07-30T08:26:39.347Z</time>
      </trkpt>
      <trkpt lat="47.313064" lon="9.583036">
        <ele>418.192419</ele>
        <time>2026-07-30T08:27:22.099Z</time>
      </trkpt>
      <trkpt lat="47.312480" lon="9.582368">
        <ele>418.251314</ele>
        <time>2026-07-30T08:27:34.332Z</time>
      </trkpt>
      <trkpt lat="47.311963" lon="9.581680">
        <ele>418.306806</ele>
        <time>2026-07-30T08:27:45.388Z</time>
      </trkpt>
      <trkpt lat="47.311721" lon="9.581311">
        <ele>418.299608</ele>
        <time>2026-07-30T08:27:50.309Z</time>
      </trkpt>
      <trkpt lat="47.311107" lon="9.580170">
        <ele>417.659054</ele>
        <time>2026-07-30T08:28:02.566Z</time>
      </trkpt>
      <trkpt lat="47.310527" lon="9.578988">
        <ele>417.215628</ele>
        <time>2026-07-30T08:28:15.094Z</time>
      </trkpt>
      <trkpt lat="47.310026" lon="9.577879">
        <ele>417.420997</ele>
        <time>2026-07-30T08:28:29.005Z</time>
      </trkpt>
      <trkpt lat="47.308078" lon="9.573261">
        <ele>419.918360</ele>
        <time>2026-07-30T08:29:36.209Z</time>
      </trkpt>
      <trkpt lat="47.307263" lon="9.571401">
        <ele>421.251952</ele>
        <time>2026-07-30T08:30:00.530Z</time>
      </trkpt>
      <trkpt lat="47.307114" lon="9.571043">
        <ele>421.539946</ele>
        <time>2026-07-30T08:30:06.857Z</time>
      </trkpt>
      <trkpt lat="47.307039" lon="9.570846">
        <ele>421.694843</ele>
        <time>2026-07-30T08:30:10.158Z</time>
      </trkpt>
      <trkpt lat="47.306798" lon="9.570238">
        <ele>422.154420</ele>
        <time>2026-07-30T08:30:20.125Z</time>
      </trkpt>
      <trkpt lat="47.306766" lon="9.570126">
        <ele>422.189953</ele>
        <time>2026-07-30T08:30:22.168Z</time>
      </trkpt>
      <trkpt lat="47.306753" lon="9.570070">
        <ele>422.207259</ele>
        <time>2026-07-30T08:30:23.117Z</time>
      </trkpt>
      <trkpt lat="47.306735" lon="9.570022">
        <ele>422.223296</ele>
        <time>2026-07-30T08:30:23.885Z</time>
      </trkpt>
      <trkpt lat="47.306714" lon="9.569973">
        <ele>422.240243</ele>
        <time>2026-07-30T08:30:24.867Z</time>
      </trkpt>
      <trkpt lat="47.306670" lon="9.569896">
        <ele>422.269684</ele>
        <time>2026-07-30T08:30:26.469Z</time>
      </trkpt>
      <trkpt lat="47.306232" lon="9.568910">
        <ele>422.614313</ele>
        <time>2026-07-30T08:30:41.604Z</time>
      </trkpt>
      <trkpt lat="47.306162" lon="9.568743">
        <ele>422.671714</ele>
        <time>2026-07-30T08:30:43.714Z</time>
      </trkpt>
      <trkpt lat="47.305372" lon="9.566884">
        <ele>422.211950</ele>
        <time>2026-07-30T08:31:01.604Z</time>
      </trkpt>
      <trkpt lat="47.304548" lon="9.565038">
        <ele>421.380666</ele>
        <time>2026-07-30T08:31:21.829Z</time>
      </trkpt>
      <trkpt lat="47.302624" lon="9.561912">
        <ele>421.163384</ele>
        <time>2026-07-30T08:32:02.048Z</time>
      </trkpt>
      <trkpt lat="47.301708" lon="9.560429">
        <ele>422.686910</ele>
        <time>2026-07-30T08:32:30.574Z</time>
      </trkpt>
      <trkpt lat="47.300274" lon="9.558111">
        <ele>424.527201</ele>
        <time>2026-07-30T08:33:10.954Z</time>
      </trkpt>
      <trkpt lat="47.298661" lon="9.555630">
        <ele>424.018102</ele>
        <time>2026-07-30T08:33:41.707Z</time>
      </trkpt>
      <trkpt lat="47.298601" lon="9.555538">
        <ele>424.022619</ele>
        <time>2026-07-30T08:33:42.929Z</time>
      </trkpt>
      <trkpt lat="47.298098" lon="9.554899">
        <ele>424.057269</ele>
        <time>2026-07-30T08:33:52.702Z</time>
      </trkpt>
      <trkpt lat="47.297684" lon="9.554481">
        <ele>424.083456</ele>
        <time>2026-07-30T08:34:01.104Z</time>
      </trkpt>
      <trkpt lat="47.297307" lon="9.554180">
        <ele>424.181818</ele>
        <time>2026-07-30T08:34:08.283Z</time>
      </trkpt>
      <trkpt lat="47.296708" lon="9.553794">
        <ele>424.464828</ele>
        <time>2026-07-30T08:34:19.041Z</time>
      </trkpt>
      <trkpt lat="47.296183" lon="9.553578">
        <ele>424.700799</ele>
        <time>2026-07-30T08:34:28.293Z</time>
      </trkpt>
      <trkpt lat="47.289249" lon="9.551235">
        <ele>426.341981</ele>
        <time>2026-07-30T08:36:20.877Z</time>
      </trkpt>
      <trkpt lat="47.288406" lon="9.550931">
        <ele>426.251581</ele>
        <time>2026-07-30T08:36:33.418Z</time>
      </trkpt>
      <trkpt lat="47.287450" lon="9.550497">
        <ele>425.869641</ele>
        <time>2026-07-30T08:36:46.536Z</time>
      </trkpt>
      <trkpt lat="47.286855" lon="9.550172">
        <ele>425.729040</ele>
        <time>2026-07-30T08:36:54.852Z</time>
      </trkpt>
      <trkpt lat="47.286287" lon="9.549817">
        <ele>425.774857</ele>
        <time>2026-07-30T08:37:03.941Z</time>
      </trkpt>
      <trkpt lat="47.285419" lon="9.549207">
        <ele>425.846640</ele>
        <time>2026-07-30T08:37:19.862Z</time>
      </trkpt>
      <trkpt lat="47.283449" lon="9.547683">
        <ele>426.266434</ele>
        <time>2026-07-30T08:37:54.452Z</time>
      </trkpt>
      <trkpt lat="47.280531" lon="9.545299">
        <ele>426.771290</ele>
        <time>2026-07-30T08:38:44.980Z</time>
      </trkpt>
      <trkpt lat="47.280211" lon="9.544988">
        <ele>426.979635</ele>
        <time>2026-07-30T08:38:51.658Z</time>
      </trkpt>
      <trkpt lat="47.279937" lon="9.544633">
        <ele>427.177925</ele>
        <time>2026-07-30T08:38:58.184Z</time>
      </trkpt>
      <trkpt lat="47.278949" lon="9.542869">
        <ele>427.620350</ele>
        <time>2026-07-30T08:39:24.949Z</time>
      </trkpt>
      <trkpt lat="47.278902" lon="9.542792">
        <ele>427.616428</ele>
        <time>2026-07-30T08:39:25.964Z</time>
      </trkpt>
      <trkpt lat="47.278614" lon="9.542287">
        <ele>427.591443</ele>
        <time>2026-07-30T08:39:32.309Z</time>
      </trkpt>
      <trkpt lat="47.278564" lon="9.542205">
        <ele>427.587268</ele>
        <time>2026-07-30T08:39:33.327Z</time>
      </trkpt>
      <trkpt lat="47.277105" lon="9.539576">
        <ele>426.471996</ele>
        <time>2026-07-30T08:40:02.441Z</time>
      </trkpt>
      <trkpt lat="47.275411" lon="9.535986">
        <ele>427.726885</ele>
        <time>2026-07-30T08:40:50.778Z</time>
      </trkpt>
      <trkpt lat="47.275245" lon="9.535571">
        <ele>427.970776</ele>
        <time>2026-07-30T08:40:57.439Z</time>
      </trkpt>
      <trkpt lat="47.275064" lon="9.534705">
        <ele>428.493697</ele>
        <time>2026-07-30T08:41:10.168Z</time>
      </trkpt>
      <trkpt lat="47.274786" lon="9.534128">
        <ele>428.961948</ele>
        <time>2026-07-30T08:41:19.985Z</time>
      </trkpt>
      <trkpt lat="47.274201" lon="9.533199">
        <ele>429.800592</ele>
        <time>2026-07-30T08:41:35.515Z</time>
      </trkpt>
      <trkpt lat="47.273275" lon="9.531649">
        <ele>430.379802</ele>
        <time>2026-07-30T08:41:57.883Z</time>
      </trkpt>
      <trkpt lat="47.272756" lon="9.530927">
        <ele>430.575043</ele>
        <time>2026-07-30T08:42:09.196Z</time>
      </trkpt>
      <trkpt lat="47.271946" lon="9.530398">
        <ele>430.603509</ele>
        <time>2026-07-30T08:42:23.793Z</time>
      </trkpt>
      <trkpt lat="47.271509" lon="9.530172">
        <ele>430.618389</ele>
        <time>2026-07-30T08:42:30.408Z</time>
      </trkpt>
      <trkpt lat="47.271357" lon="9.530151">
        <ele>430.623295</ele>
        <time>2026-07-30T08:42:32.457Z</time>
      </trkpt>
      <trkpt lat="47.271030" lon="9.529942">
        <ele>430.521699</ele>
        <time>2026-07-30T08:42:37.128Z</time>
      </trkpt>
      <trkpt lat="47.270434" lon="9.529653">
        <ele>430.182606</ele>
        <time>2026-07-30T08:42:45.092Z</time>
      </trkpt>
      <trkpt lat="47.269847" lon="9.529473">
        <ele>429.858570</ele>
        <time>2026-07-30T08:42:52.538Z</time>
      </trkpt>
      <trkpt lat="47.269531" lon="9.529418">
        <ele>429.686602</ele>
        <time>2026-07-30T08:42:56.814Z</time>
      </trkpt>
      <trkpt lat="47.262999" lon="9.529247">
        <ele>430.639459</ele>
        <time>2026-07-30T08:44:39.630Z</time>
      </trkpt>
      <trkpt lat="47.262618" lon="9.529173">
        <ele>430.629197</ele>
        <time>2026-07-30T08:44:44.872Z</time>
      </trkpt>
      <trkpt lat="47.262355" lon="9.529080">
        <ele>430.621975</ele>
        <time>2026-07-30T08:44:48.513Z</time>
      </trkpt>
      <trkpt lat="47.262046" lon="9.528949">
        <ele>430.578127</ele>
        <time>2026-07-30T08:44:52.753Z</time>
      </trkpt>
      <trkpt lat="47.261649" lon="9.528730">
        <ele>430.509039</ele>
        <time>2026-07-30T08:44:58.355Z</time>
      </trkpt>
      <trkpt lat="47.261580" lon="9.528690">
        <ele>430.496954</ele>
        <time>2026-07-30T08:44:59.319Z</time>
      </trkpt>
      <trkpt lat="47.254487" lon="9.524863">
        <ele>429.537238</ele>
        <time>2026-07-30T08:46:47.676Z</time>
      </trkpt>
      <trkpt lat="47.248406" lon="9.521599">
        <ele>432.269393</ele>
        <time>2026-07-30T08:48:34.528Z</time>
      </trkpt>
      <trkpt lat="47.247140" lon="9.520994">
        <ele>433.529096</ele>
        <time>2026-07-30T08:49:00.827Z</time>
      </trkpt>
      <trkpt lat="47.246826" lon="9.520862">
        <ele>433.736623</ele>
        <time>2026-07-30T08:49:06.582Z</time>
      </trkpt>
      <trkpt lat="47.244457" lon="9.519638">
        <ele>434.855871</ele>
        <time>2026-07-30T08:49:48.316Z</time>
      </trkpt>
      <trkpt lat="47.243963" lon="9.519314">
        <ele>435.011959</ele>
        <time>2026-07-30T08:49:55.656Z</time>
      </trkpt>
      <trkpt lat="47.243815" lon="9.519234">
        <ele>435.057464</ele>
        <time>2026-07-30T08:49:58.204Z</time>
      </trkpt>
      <trkpt lat="47.243227" lon="9.518840">
        <ele>435.230548</ele>
        <time>2026-07-30T08:50:09.785Z</time>
      </trkpt>
      <trkpt lat="47.243305" lon="9.518591">
        <ele>435.279400</ele>
        <time>2026-07-30T08:50:12.617Z</time>
      </trkpt>
      <trkpt lat="47.243933" lon="9.518992">
        <ele>435.459008</ele>
        <time>2026-07-30T08:50:22.768Z</time>
      </trkpt>
      <trkpt lat="47.243942" lon="9.519068">
        <ele>435.472751</ele>
        <time>2026-07-30T08:50:23.622Z</time>
      </trkpt>
      <trkpt lat="47.243871" lon="9.519352">
        <ele>435.526665</ele>
        <time>2026-07-30T08:50:27.503Z</time>
      </trkpt>
      <trkpt lat="47.243657" lon="9.520253">
        <ele>435.245255</ele>
        <time>2026-07-30T08:50:37.906Z</time>
      </trkpt>
      <trkpt lat="47.243361" lon="9.521491">
        <ele>434.654046</ele>
        <time>2026-07-30T08:50:48.885Z</time>
      </trkpt>
      <trkpt lat="47.243265" lon="9.521885">
        <ele>434.465490</ele>
        <time>2026-07-30T08:50:52.276Z</time>
      </trkpt>
      <trkpt lat="47.243229" lon="9.522037">
        <ele>434.392977</ele>
        <time>2026-07-30T08:50:53.554Z</time>
      </trkpt>
      <trkpt lat="47.243121" lon="9.522483">
        <ele>434.067339</ele>
        <time>2026-07-30T08:50:57.242Z</time>
      </trkpt>
      <trkpt lat="47.243082" lon="9.522643">
        <ele>433.946804</ele>
        <time>2026-07-30T08:50:58.571Z</time>
      </trkpt>
      <trkpt lat="47.243036" lon="9.522837">
        <ele>433.801105</ele>
        <time>2026-07-30T08:51:00.199Z</time>
      </trkpt>
      <trkpt lat="47.242970" lon="9.523129">
        <ele>433.582896</ele>
        <time>2026-07-30T08:51:02.653Z</time>
      </trkpt>
      <trkpt lat="47.242910" lon="9.523282">
        <ele>433.457616</ele>
        <time>2026-07-30T08:51:04.053Z</time>
      </trkpt>
      <trkpt lat="47.242842" lon="9.523409">
        <ele>433.342934</ele>
        <time>2026-07-30T08:51:05.331Z</time>
      </trkpt>
      <trkpt lat="47.242756" lon="9.523496">
        <ele>433.233974</ele>
        <time>2026-07-30T08:51:06.548Z</time>
      </trkpt>
      <trkpt lat="47.242740" lon="9.523580">
        <ele>433.172115</ele>
        <time>2026-07-30T08:51:07.232Z</time>
      </trkpt>
      <trkpt lat="47.242754" lon="9.523664">
        <ele>433.110788</ele>
        <time>2026-07-30T08:51:07.934Z</time>
      </trkpt>
      <trkpt lat="47.242771" lon="9.523700">
        <ele>433.079696</ele>
        <time>2026-07-30T08:51:08.296Z</time>
      </trkpt>
      <trkpt lat="47.242752" lon="9.523840">
        <ele>432.978467</ele>
        <time>2026-07-30T08:51:09.464Z</time>
      </trkpt>
      <trkpt lat="47.242702" lon="9.524028">
        <ele>432.835306</ele>
        <time>2026-07-30T08:51:11.191Z</time>
      </trkpt>
      <trkpt lat="47.242637" lon="9.524222">
        <ele>432.681914</ele>
        <time>2026-07-30T08:51:13.110Z</time>
      </trkpt>
      <trkpt lat="47.242509" lon="9.524477">
        <ele>432.502827</ele>
        <time>2026-07-30T08:51:16.015Z</time>
      </trkpt>
      <trkpt lat="47.242268" lon="9.524789">
        <ele>432.552726</ele>
        <time>2026-07-30T08:51:20.709Z</time>
      </trkpt>
      <trkpt lat="47.242159" lon="9.524910">
        <ele>432.573953</ele>
        <time>2026-07-30T08:51:22.913Z</time>
      </trkpt>
      <trkpt lat="47.241843" lon="9.525184">
        <ele>432.630980</ele>
        <time>2026-07-30T08:51:29.071Z</time>
      </trkpt>
      <trkpt lat="47.241732" lon="9.525215">
        <ele>432.648550</ele>
        <time>2026-07-30T08:51:30.944Z</time>
      </trkpt>
      <trkpt lat="47.241653" lon="9.525192">
        <ele>432.661074</ele>
        <time>2026-07-30T08:51:32.258Z</time>
      </trkpt>
      <trkpt lat="47.241559" lon="9.525081">
        <ele>432.679810</ele>
        <time>2026-07-30T08:51:34.194Z</time>
      </trkpt>
      <trkpt lat="47.241472" lon="9.525025">
        <ele>432.694576</ele>
        <time>2026-07-30T08:51:35.706Z</time>
      </trkpt>
      <trkpt lat="47.241311" lon="9.524861">
        <ele>432.725019</ele>
        <time>2026-07-30T08:51:38.821Z</time>
      </trkpt>
      <trkpt lat="47.241059" lon="9.524634">
        <ele>432.770958</ele>
        <time>2026-07-30T08:51:43.510Z</time>
      </trkpt>
      <trkpt lat="47.240894" lon="9.524482">
        <ele>432.775961</ele>
        <time>2026-07-30T08:51:46.526Z</time>
      </trkpt>
      <trkpt lat="47.240728" lon="9.524336">
        <ele>432.775157</ele>
        <time>2026-07-30T08:51:49.531Z</time>
      </trkpt>
      <trkpt lat="47.240642" lon="9.524255">
        <ele>432.774733</ele>
        <time>2026-07-30T08:51:51.094Z</time>
      </trkpt>
      <trkpt lat="47.240209" lon="9.523867">
        <ele>432.772625</ele>
        <time>2026-07-30T08:51:58.666Z</time>
      </trkpt>
      <trkpt lat="47.239751" lon="9.523460">
        <ele>432.770401</ele>
        <time>2026-07-30T08:52:06.350Z</time>
      </trkpt>
      <trkpt lat="47.239733" lon="9.523444">
        <ele>432.770313</ele>
        <time>2026-07-30T08:52:06.635Z</time>
      </trkpt>
      <trkpt lat="47.239226" lon="9.522983">
        <ele>432.787656</ele>
        <time>2026-07-30T08:52:14.987Z</time>
      </trkpt>
      <trkpt lat="47.239137" lon="9.522901">
        <ele>432.793855</ele>
        <time>2026-07-30T08:52:16.513Z</time>
      </trkpt>
      <trkpt lat="47.239109" lon="9.522875">
        <ele>432.795809</ele>
        <time>2026-07-30T08:52:17.007Z</time>
      </trkpt>
      <trkpt lat="47.238549" lon="9.522369">
        <ele>432.834602</ele>
        <time>2026-07-30T08:52:26.939Z</time>
      </trkpt>
      <trkpt lat="47.238378" lon="9.522211">
        <ele>432.846522</ele>
        <time>2026-07-30T08:52:29.984Z</time>
      </trkpt>
      <trkpt lat="47.238166" lon="9.522022">
        <ele>432.861155</ele>
        <time>2026-07-30T08:52:33.768Z</time>
      </trkpt>
      <trkpt lat="47.237680" lon="9.521575">
        <ele>432.974447</ele>
        <time>2026-07-30T08:52:42.887Z</time>
      </trkpt>
      <trkpt lat="47.237640" lon="9.521536">
        <ele>432.988739</ele>
        <time>2026-07-30T08:52:43.689Z</time>
      </trkpt>
      <trkpt lat="47.237449" lon="9.521365">
        <ele>433.055330</ele>
        <time>2026-07-30T08:52:47.477Z</time>
      </trkpt>
      <trkpt lat="47.237300" lon="9.521228">
        <ele>433.107660</ele>
        <time>2026-07-30T08:52:50.497Z</time>
      </trkpt>
      <trkpt lat="47.236915" lon="9.520884">
        <ele>433.241815</ele>
        <time>2026-07-30T08:52:57.918Z</time>
      </trkpt>
      <trkpt lat="47.236726" lon="9.520710">
        <ele>433.308217</ele>
        <time>2026-07-30T08:53:01.467Z</time>
      </trkpt>
      <trkpt lat="47.236348" lon="9.520370">
        <ele>433.389047</ele>
        <time>2026-07-30T08:53:08.403Z</time>
      </trkpt>
      <trkpt lat="47.235987" lon="9.520042">
        <ele>433.292436</ele>
        <time>2026-07-30T08:53:14.594Z</time>
      </trkpt>
      <trkpt lat="47.235785" lon="9.519854">
        <ele>433.238011</ele>
        <time>2026-07-30T08:53:18.000Z</time>
      </trkpt>
      <trkpt lat="47.235601" lon="9.519693">
        <ele>433.189264</ele>
        <time>2026-07-30T08:53:21.056Z</time>
      </trkpt>
      <trkpt lat="47.235487" lon="9.519586">
        <ele>433.158474</ele>
        <time>2026-07-30T08:53:22.967Z</time>
      </trkpt>
      <trkpt lat="47.235339" lon="9.519454">
        <ele>433.119066</ele>
        <time>2026-07-30T08:53:25.403Z</time>
      </trkpt>
      <trkpt lat="47.235285" lon="9.519404">
        <ele>433.104538</ele>
        <time>2026-07-30T08:53:26.283Z</time>
      </trkpt>
      <trkpt lat="47.235168" lon="9.519303">
        <ele>433.073649</ele>
        <time>2026-07-30T08:53:28.158Z</time>
      </trkpt>
      <trkpt lat="47.234369" lon="9.518599">
        <ele>432.653824</ele>
        <time>2026-07-30T08:53:40.092Z</time>
      </trkpt>
      <trkpt lat="47.233700" lon="9.517987">
        <ele>432.208150</ele>
        <time>2026-07-30T08:53:49.671Z</time>
      </trkpt>
      <trkpt lat="47.233662" lon="9.517956">
        <ele>432.183567</ele>
        <time>2026-07-30T08:53:50.202Z</time>
      </trkpt>
      <trkpt lat="47.233643" lon="9.518021">
        <ele>432.156375</ele>
        <time>2026-07-30T08:53:50.906Z</time>
      </trkpt>
      <trkpt lat="47.233585" lon="9.517967">
        <ele>432.117544</ele>
        <time>2026-07-30T08:53:51.842Z</time>
      </trkpt>
      <trkpt lat="47.233404" lon="9.517833">
        <ele>432.002904</ele>
        <time>2026-07-30T08:53:54.617Z</time>
      </trkpt>
      <trkpt lat="47.232189" lon="9.516735">
        <ele>432.553830</ele>
        <time>2026-07-30T08:54:19.985Z</time>
      </trkpt>
      <trkpt lat="47.230409" lon="9.515102">
        <ele>433.155938</ele>
        <time>2026-07-30T08:54:52.069Z</time>
      </trkpt>
      <trkpt lat="47.228793" lon="9.513648">
        <ele>434.394893</ele>
        <time>2026-07-30T08:55:25.668Z</time>
      </trkpt>
      <trkpt lat="47.227956" lon="9.512895">
        <ele>435.069719</ele>
        <time>2026-07-30T08:55:43.012Z</time>
      </trkpt>
      <trkpt lat="47.226254" lon="9.511364">
        <ele>436.864526</ele>
        <time>2026-07-30T08:56:17.898Z</time>
      </trkpt>
      <trkpt lat="47.225153" lon="9.510321">
        <ele>438.273658</ele>
        <time>2026-07-30T08:56:46.648Z</time>
      </trkpt>
      <trkpt lat="47.224623" lon="9.509768">
        <ele>438.988217</ele>
        <time>2026-07-30T08:56:59.610Z</time>
      </trkpt>
      <trkpt lat="47.224244" lon="9.509225">
        <ele>439.496532</ele>
        <time>2026-07-30T08:57:07.936Z</time>
      </trkpt>
      <trkpt lat="47.223575" lon="9.508174">
        <ele>439.228237</ele>
        <time>2026-07-30T08:57:21.127Z</time>
      </trkpt>
      <trkpt lat="47.222862" lon="9.506868">
        <ele>439.069051</ele>
        <time>2026-07-30T08:57:36.406Z</time>
      </trkpt>
      <trkpt lat="47.222388" lon="9.506029">
        <ele>439.171236</ele>
        <time>2026-07-30T08:57:48.089Z</time>
      </trkpt>
      <trkpt lat="47.221890" lon="9.505306">
        <ele>439.271012</ele>
        <time>2026-07-30T08:57:59.377Z</time>
      </trkpt>
      <trkpt lat="47.221370" lon="9.504762">
        <ele>439.524107</ele>
        <time>2026-07-30T08:58:10.336Z</time>
      </trkpt>
      <trkpt lat="47.220838" lon="9.504327">
        <ele>439.765553</ele>
        <time>2026-07-30T08:58:20.145Z</time>
      </trkpt>
      <trkpt lat="47.220345" lon="9.504028">
        <ele>439.977105</ele>
        <time>2026-07-30T08:58:28.844Z</time>
      </trkpt>
      <trkpt lat="47.219932" lon="9.503820">
        <ele>440.066356</ele>
        <time>2026-07-30T08:58:35.911Z</time>
      </trkpt>
      <trkpt lat="47.219412" lon="9.503633">
        <ele>440.174356</ele>
        <time>2026-07-30T08:58:44.543Z</time>
      </trkpt>
      <trkpt lat="47.218239" lon="9.503456">
        <ele>440.293191</ele>
        <time>2026-07-30T08:59:02.395Z</time>
      </trkpt>
      <trkpt lat="47.217417" lon="9.503392">
        <ele>440.176169</ele>
        <time>2026-07-30T08:59:13.786Z</time>
      </trkpt>
      <trkpt lat="47.216309" lon="9.503308">
        <ele>440.031927</ele>
        <time>2026-07-30T08:59:29.508Z</time>
      </trkpt>
      <trkpt lat="47.215327" lon="9.503219">
        <ele>439.919687</ele>
        <time>2026-07-30T08:59:43.543Z</time>
      </trkpt>
      <trkpt lat="47.214691" lon="9.503091">
        <ele>440.077532</ele>
        <time>2026-07-30T08:59:53.066Z</time>
      </trkpt>
      <trkpt lat="47.213939" lon="9.502867">
        <ele>440.566915</ele>
        <time>2026-07-30T09:00:06.372Z</time>
      </trkpt>
      <trkpt lat="47.213409" lon="9.502630">
        <ele>440.920227</ele>
        <time>2026-07-30T09:00:17.112Z</time>
      </trkpt>
      <trkpt lat="47.213115" lon="9.502519">
        <ele>441.037262</ele>
        <time>2026-07-30T09:00:22.987Z</time>
      </trkpt>
      <trkpt lat="47.213122" lon="9.502459">
        <ele>441.039893</ele>
        <time>2026-07-30T09:00:23.712Z</time>
      </trkpt>
      <trkpt lat="47.212425" lon="9.502193">
        <ele>441.085705</ele>
        <time>2026-07-30T09:00:36.038Z</time>
      </trkpt>
      <trkpt lat="47.212038" lon="9.502086">
        <ele>441.110758</ele>
        <time>2026-07-30T09:00:41.227Z</time>
      </trkpt>
      <trkpt lat="47.211517" lon="9.502081">
        <ele>441.139587</ele>
        <time>2026-07-30T09:00:47.883Z</time>
      </trkpt>
      <trkpt lat="47.211207" lon="9.502156">
        <ele>441.034572</ele>
        <time>2026-07-30T09:00:51.926Z</time>
      </trkpt>
      <trkpt lat="47.211112" lon="9.502211">
        <ele>441.000448</ele>
        <time>2026-07-30T09:00:53.263Z</time>
      </trkpt>
      <trkpt lat="47.211036" lon="9.502218">
        <ele>440.974994</ele>
        <time>2026-07-30T09:00:54.247Z</time>
      </trkpt>
      <trkpt lat="47.210951" lon="9.502237">
        <ele>440.946255</ele>
        <time>2026-07-30T09:00:55.372Z</time>
      </trkpt>
      <trkpt lat="47.210875" lon="9.502170">
        <ele>440.916643</ele>
        <time>2026-07-30T09:00:56.538Z</time>
      </trkpt>
      <trkpt lat="47.210819" lon="9.502061">
        <ele>440.885610</ele>
        <time>2026-07-30T09:00:57.762Z</time>
      </trkpt>
      <trkpt lat="47.210799" lon="9.502072">
        <ele>440.878473</ele>
        <time>2026-07-30T09:00:58.046Z</time>
      </trkpt>
      <trkpt lat="47.210673" lon="9.502135">
        <ele>440.833991</ele>
        <time>2026-07-30T09:00:59.842Z</time>
      </trkpt>
      <trkpt lat="47.210498" lon="9.502151">
        <ele>440.775381</ele>
        <time>2026-07-30T09:01:02.194Z</time>
      </trkpt>
      <trkpt lat="47.210276" lon="9.502175">
        <ele>440.700972</ele>
        <time>2026-07-30T09:01:05.355Z</time>
      </trkpt>
      <trkpt lat="47.209705" lon="9.502213">
        <ele>440.522082</ele>
        <time>2026-07-30T09:01:14.207Z</time>
      </trkpt>
      <trkpt lat="47.209467" lon="9.502216">
        <ele>440.472727</ele>
        <time>2026-07-30T09:01:17.801Z</time>
      </trkpt>
      <trkpt lat="47.207694" lon="9.502077">
        <ele>440.039120</ele>
        <time>2026-07-30T09:01:42.410Z</time>
      </trkpt>
      <trkpt lat="47.205804" lon="9.501814">
        <ele>439.326163</ele>
        <time>2026-07-30T09:02:07.707Z</time>
      </trkpt>
      <trkpt lat="47.202796" lon="9.501113">
        <ele>438.838666</ele>
        <time>2026-07-30T09:02:51.255Z</time>
      </trkpt>
      <trkpt lat="47.201922" lon="9.500945">
        <ele>438.984458</ele>
        <time>2026-07-30T09:03:04.520Z</time>
      </trkpt>
      <trkpt lat="47.201352" lon="9.500791">
        <ele>439.110544</ele>
        <time>2026-07-30T09:03:13.936Z</time>
      </trkpt>
      <trkpt lat="47.201252" lon="9.500791">
        <ele>439.132301</ele>
        <time>2026-07-30T09:03:15.589Z</time>
      </trkpt>
      <trkpt lat="47.201110" lon="9.500798">
        <ele>439.163213</ele>
        <time>2026-07-30T09:03:17.959Z</time>
      </trkpt>
      <trkpt lat="47.200262" lon="9.500930">
        <ele>439.263923</ele>
        <time>2026-07-30T09:03:31.893Z</time>
      </trkpt>
      <trkpt lat="47.199700" lon="9.501068">
        <ele>439.309420</ele>
        <time>2026-07-30T09:03:40.577Z</time>
      </trkpt>
      <trkpt lat="47.198446" lon="9.501481">
        <ele>439.400151</ele>
        <time>2026-07-30T09:03:58.485Z</time>
      </trkpt>
      <trkpt lat="47.196410" lon="9.502141">
        <ele>439.631923</ele>
        <time>2026-07-30T09:04:31.235Z</time>
      </trkpt>
      <trkpt lat="47.194190" lon="9.502865">
        <ele>439.949251</ele>
        <time>2026-07-30T09:05:05.798Z</time>
      </trkpt>
      <trkpt lat="47.194103" lon="9.502923">
        <ele>439.960943</ele>
        <time>2026-07-30T09:05:07.273Z</time>
      </trkpt>
      <trkpt lat="47.188579" lon="9.504640">
        <ele>441.381803</ele>
        <time>2026-07-30T09:06:37.048Z</time>
      </trkpt>
      <trkpt lat="47.183884" lon="9.506140">
        <ele>442.389834</ele>
        <time>2026-07-30T09:07:51.673Z</time>
      </trkpt>
      <trkpt lat="47.182180" lon="9.506672">
        <ele>443.080185</ele>
        <time>2026-07-30T09:08:20.332Z</time>
      </trkpt>
      <trkpt lat="47.180674" lon="9.507146">
        <ele>443.699425</ele>
        <time>2026-07-30T09:08:46.885Z</time>
      </trkpt>
      <trkpt lat="47.180502" lon="9.507278">
        <ele>443.767573</ele>
        <time>2026-07-30T09:08:50.026Z</time>
      </trkpt>
      <trkpt lat="47.179488" lon="9.507598">
        <ele>444.126340</ele>
        <time>2026-07-30T09:09:05.648Z</time>
      </trkpt>
      <trkpt lat="47.178492" lon="9.507927">
        <ele>444.466347</ele>
        <time>2026-07-30T09:09:21.773Z</time>
      </trkpt>
      <trkpt lat="47.178208" lon="9.508022">
        <ele>444.563357</ele>
        <time>2026-07-30T09:09:26.913Z</time>
      </trkpt>
      <trkpt lat="47.178184" lon="9.508029">
        <ele>444.571506</ele>
        <time>2026-07-30T09:09:27.339Z</time>
      </trkpt>
      <trkpt lat="47.178111" lon="9.508027">
        <ele>444.595825</ele>
        <time>2026-07-30T09:09:28.643Z</time>
      </trkpt>
      <trkpt lat="47.178000" lon="9.508029">
        <ele>444.637360</ele>
        <time>2026-07-30T09:09:30.574Z</time>
      </trkpt>
      <trkpt lat="47.177977" lon="9.507992">
        <ele>444.654605</ele>
        <time>2026-07-30T09:09:31.176Z</time>
      </trkpt>
      <trkpt lat="47.177914" lon="9.507954">
        <ele>444.689059</ele>
        <time>2026-07-30T09:09:32.329Z</time>
      </trkpt>
      <trkpt lat="47.177815" lon="9.508006">
        <ele>444.742251</ele>
        <time>2026-07-30T09:09:34.173Z</time>
      </trkpt>
      <trkpt lat="47.177782" lon="9.508098">
        <ele>444.778030</ele>
        <time>2026-07-30T09:09:35.365Z</time>
      </trkpt>
      <trkpt lat="47.177688" lon="9.508149">
        <ele>444.828726</ele>
        <time>2026-07-30T09:09:37.117Z</time>
      </trkpt>
      <trkpt lat="47.177623" lon="9.508217">
        <ele>444.869084</ele>
        <time>2026-07-30T09:09:38.495Z</time>
      </trkpt>
      <trkpt lat="47.177573" lon="9.508230">
        <ele>444.894777</ele>
        <time>2026-07-30T09:09:39.393Z</time>
      </trkpt>
      <trkpt lat="47.176741" lon="9.508412">
        <ele>445.320405</ele>
        <time>2026-07-30T09:09:54.332Z</time>
      </trkpt>
      <trkpt lat="47.176266" lon="9.508483">
        <ele>445.529565</ele>
        <time>2026-07-30T09:10:01.711Z</time>
      </trkpt>
      <trkpt lat="47.175770" lon="9.508544">
        <ele>445.488143</ele>
        <time>2026-07-30T09:10:08.878Z</time>
      </trkpt>
      <trkpt lat="47.175554" lon="9.508574">
        <ele>445.470086</ele>
        <time>2026-07-30T09:10:11.985Z</time>
      </trkpt>
      <trkpt lat="47.174945" lon="9.508655">
        <ele>445.419197</ele>
        <time>2026-07-30T09:10:20.987Z</time>
      </trkpt>
      <trkpt lat="47.174489" lon="9.508714">
        <ele>445.387730</ele>
        <time>2026-07-30T09:10:27.459Z</time>
      </trkpt>
      <trkpt lat="47.173868" lon="9.508796">
        <ele>445.438331</ele>
        <time>2026-07-30T09:10:36.023Z</time>
      </trkpt>
      <trkpt lat="47.173603" lon="9.508834">
        <ele>445.459940</ele>
        <time>2026-07-30T09:10:40.008Z</time>
      </trkpt>
      <trkpt lat="47.172801" lon="9.508946">
        <ele>445.525321</ele>
        <time>2026-07-30T09:10:53.156Z</time>
      </trkpt>
      <trkpt lat="47.172012" lon="9.509031">
        <ele>445.598557</ele>
        <time>2026-07-30T09:11:05.204Z</time>
      </trkpt>
      <trkpt lat="47.171727" lon="9.509072">
        <ele>445.625349</ele>
        <time>2026-07-30T09:11:09.651Z</time>
      </trkpt>
      <trkpt lat="47.171564" lon="9.509100">
        <ele>445.640703</ele>
        <time>2026-07-30T09:11:12.230Z</time>
      </trkpt>
      <trkpt lat="47.171298" lon="9.509140">
        <ele>445.665719</ele>
        <time>2026-07-30T09:11:16.255Z</time>
      </trkpt>
      <trkpt lat="47.169950" lon="9.509311">
        <ele>446.126150</ele>
        <time>2026-07-30T09:11:36.015Z</time>
      </trkpt>
      <trkpt lat="47.169854" lon="9.509323">
        <ele>446.167317</ele>
        <time>2026-07-30T09:11:37.612Z</time>
      </trkpt>
      <trkpt lat="47.169653" lon="9.509351">
        <ele>446.253584</ele>
        <time>2026-07-30T09:11:41.076Z</time>
      </trkpt>
      <trkpt lat="47.168146" lon="9.509540">
        <ele>447.574812</ele>
        <time>2026-07-30T09:12:11.183Z</time>
      </trkpt>
      <trkpt lat="47.168099" lon="9.509474">
        <ele>447.645897</ele>
        <time>2026-07-30T09:12:12.380Z</time>
      </trkpt>
      <trkpt lat="47.168055" lon="9.509358">
        <ele>447.744689</ele>
        <time>2026-07-30T09:12:14.202Z</time>
      </trkpt>
      <trkpt lat="47.168062" lon="9.509162">
        <ele>447.890662</ele>
        <time>2026-07-30T09:12:16.773Z</time>
      </trkpt>
      <trkpt lat="47.168024" lon="9.509070">
        <ele>447.970724</ele>
        <time>2026-07-30T09:12:18.151Z</time>
      </trkpt>
      <trkpt lat="47.167926" lon="9.508996">
        <ele>448.091234</ele>
        <time>2026-07-30T09:12:20.329Z</time>
      </trkpt>
      <trkpt lat="47.167733" lon="9.508971">
        <ele>448.303186</ele>
        <time>2026-07-30T09:12:23.961Z</time>
      </trkpt>
      <trkpt lat="47.167526" lon="9.508986">
        <ele>448.473113</ele>
        <time>2026-07-30T09:12:27.760Z</time>
      </trkpt>
      <trkpt lat="47.167359" lon="9.508955">
        <ele>448.547188</ele>
        <time>2026-07-30T09:12:30.684Z</time>
      </trkpt>
      <trkpt lat="47.167209" lon="9.508905">
        <ele>448.614872</ele>
        <time>2026-07-30T09:12:33.242Z</time>
      </trkpt>
      <trkpt lat="47.166740" lon="9.508761">
        <ele>448.825715</ele>
        <time>2026-07-30T09:12:40.405Z</time>
      </trkpt>
      <trkpt lat="47.166719" lon="9.508756">
        <ele>448.835077</ele>
        <time>2026-07-30T09:12:40.719Z</time>
      </trkpt>
      <trkpt lat="47.166699" lon="9.508748">
        <ele>448.844198</ele>
        <time>2026-07-30T09:12:41.030Z</time>
      </trkpt>
      <trkpt lat="47.166299" lon="9.508521">
        <ele>449.032874</ele>
        <time>2026-07-30T09:12:48.069Z</time>
      </trkpt>
      <trkpt lat="47.165979" lon="9.508276">
        <ele>449.191632</ele>
        <time>2026-07-30T09:12:54.020Z</time>
      </trkpt>
      <trkpt lat="47.165490" lon="9.508007">
        <ele>449.635792</ele>
        <time>2026-07-30T09:13:02.640Z</time>
      </trkpt>
      <trkpt lat="47.165342" lon="9.507943">
        <ele>449.778336</ele>
        <time>2026-07-30T09:13:05.372Z</time>
      </trkpt>
      <trkpt lat="47.164925" lon="9.507840">
        <ele>450.169049</ele>
        <time>2026-07-30T09:13:13.227Z</time>
      </trkpt>
      <trkpt lat="47.164471" lon="9.507819">
        <ele>450.588763</ele>
        <time>2026-07-30T09:13:22.086Z</time>
      </trkpt>
      <trkpt lat="47.163970" lon="9.507830">
        <ele>451.167465</ele>
        <time>2026-07-30T09:13:32.089Z</time>
      </trkpt>
      <trkpt lat="47.163837" lon="9.507865">
        <ele>451.380755</ele>
        <time>2026-07-30T09:13:34.837Z</time>
      </trkpt>
      <trkpt lat="47.163792" lon="9.508061">
        <ele>451.602794</ele>
        <time>2026-07-30T09:13:37.806Z</time>
      </trkpt>
      <trkpt lat="47.163788" lon="9.508172">
        <ele>451.722098</ele>
        <time>2026-07-30T09:13:39.454Z</time>
      </trkpt>
      <trkpt lat="47.163783" lon="9.508233">
        <ele>451.788044</ele>
        <time>2026-07-30T09:13:40.327Z</time>
      </trkpt>
      <trkpt lat="47.163767" lon="9.508416">
        <ele>451.986077</ele>
        <time>2026-07-30T09:13:43.041Z</time>
      </trkpt>
      <trkpt lat="47.163712" lon="9.508508">
        <ele>452.117564</ele>
        <time>2026-07-30T09:13:44.855Z</time>
      </trkpt>
      <trkpt lat="47.163597" lon="9.508563">
        <ele>452.308462</ele>
        <time>2026-07-30T09:13:47.469Z</time>
      </trkpt>
      <trkpt lat="47.163336" lon="9.508524">
        <ele>452.722601</ele>
        <time>2026-07-30T09:13:53.298Z</time>
      </trkpt>
      <trkpt lat="47.163086" lon="9.508533">
        <ele>453.117374</ele>
        <time>2026-07-30T09:13:58.941Z</time>
      </trkpt>
      <trkpt lat="47.162783" lon="9.508561">
        <ele>453.596638</ele>
        <time>2026-07-30T09:14:06.107Z</time>
      </trkpt>
      <trkpt lat="47.162702" lon="9.508569">
        <ele>453.724793</ele>
        <time>2026-07-30T09:14:07.865Z</time>
      </trkpt>
      <trkpt lat="47.162350" lon="9.508600">
        <ele>453.919882</ele>
        <time>2026-07-30T09:14:14.403Z</time>
      </trkpt>
      <trkpt lat="47.162126" lon="9.508625">
        <ele>454.042924</ele>
        <time>2026-07-30T09:14:18.276Z</time>
      </trkpt>
      <trkpt lat="47.161799" lon="9.508676">
        <ele>454.223032</ele>
        <time>2026-07-30T09:14:23.640Z</time>
      </trkpt>
      <trkpt lat="47.161626" lon="9.508707">
        <ele>454.318487</ele>
        <time>2026-07-30T09:14:26.393Z</time>
      </trkpt>
      <trkpt lat="47.161394" lon="9.508748">
        <ele>454.446472</ele>
        <time>2026-07-30T09:14:29.979Z</time>
      </trkpt>
      <trkpt lat="47.161188" lon="9.508785">
        <ele>454.560140</ele>
        <time>2026-07-30T09:14:33.069Z</time>
      </trkpt>
      <trkpt lat="47.161027" lon="9.508815">
        <ele>454.649028</ele>
        <time>2026-07-30T09:14:35.413Z</time>
      </trkpt>
      <trkpt lat="47.160983" lon="9.508824">
        <ele>454.673359</ele>
        <time>2026-07-30T09:14:36.043Z</time>
      </trkpt>
      <trkpt lat="47.160930" lon="9.508834">
        <ele>454.702626</ele>
        <time>2026-07-30T09:14:36.806Z</time>
      </trkpt>
      <trkpt lat="47.160776" lon="9.508865">
        <ele>454.888852</ele>
        <time>2026-07-30T09:14:39.000Z</time>
      </trkpt>
      <trkpt lat="47.160739" lon="9.508873">
        <ele>454.937004</ele>
        <time>2026-07-30T09:14:39.538Z</time>
      </trkpt>
      <trkpt lat="47.159781" lon="9.509104">
        <ele>456.186969</ele>
        <time>2026-07-30T09:14:56.382Z</time>
      </trkpt>
      <trkpt lat="47.158898" lon="9.509367">
        <ele>457.741214</ele>
        <time>2026-07-30T09:15:19.237Z</time>
      </trkpt>
      <trkpt lat="47.158455" lon="9.509513">
        <ele>459.050046</ele>
        <time>2026-07-30T09:15:31.673Z</time>
      </trkpt>
      <trkpt lat="47.158103" lon="9.509589">
        <ele>460.075730</ele>
        <time>2026-07-30T09:15:41.561Z</time>
      </trkpt>
      <trkpt lat="47.157994" lon="9.509601">
        <ele>460.390853</ele>
        <time>2026-07-30T09:15:44.538Z</time>
      </trkpt>
      <trkpt lat="47.157964" lon="9.509604">
        <ele>460.477542</ele>
        <time>2026-07-30T09:15:45.382Z</time>
      </trkpt>
      <trkpt lat="47.157792" lon="9.509608">
        <ele>460.973475</ele>
        <time>2026-07-30T09:15:50.074Z</time>
      </trkpt>
      <trkpt lat="47.157636" lon="9.509607">
        <ele>461.423223</ele>
        <time>2026-07-30T09:15:54.270Z</time>
      </trkpt>
      <trkpt lat="47.157597" lon="9.509606">
        <ele>461.535676</ele>
        <time>2026-07-30T09:15:55.311Z</time>
      </trkpt>
      <trkpt lat="47.157322" lon="9.509603">
        <ele>462.323855</ele>
        <time>2026-07-30T09:16:02.253Z</time>
      </trkpt>
      <trkpt lat="47.156767" lon="9.509650">
        <ele>463.861209</ele>
        <time>2026-07-30T09:16:15.482Z</time>
      </trkpt>
      <trkpt lat="47.156365" lon="9.509795">
        <ele>465.005860</ele>
        <time>2026-07-30T09:16:26.500Z</time>
      </trkpt>
      <trkpt lat="47.156122" lon="9.509941">
        <ele>465.731781</ele>
        <time>2026-07-30T09:16:33.538Z</time>
      </trkpt>
      <trkpt lat="47.156003" lon="9.510027">
        <ele>466.098457</ele>
        <time>2026-07-30T09:16:37.081Z</time>
      </trkpt>
      <trkpt lat="47.155856" lon="9.510119">
        <ele>466.540258</ele>
        <time>2026-07-30T09:16:41.219Z</time>
      </trkpt>
      <trkpt lat="47.155687" lon="9.510208">
        <ele>467.036678</ele>
        <time>2026-07-30T09:16:45.972Z</time>
      </trkpt>
      <trkpt lat="47.155418" lon="9.510322">
        <ele>467.599185</ele>
        <time>2026-07-30T09:16:53.487Z</time>
      </trkpt>
      <trkpt lat="47.155016" lon="9.510425">
        <ele>468.343990</ele>
        <time>2026-07-30T09:17:04.010Z</time>
      </trkpt>
      <trkpt lat="47.154866" lon="9.510451">
        <ele>468.619673</ele>
        <time>2026-07-30T09:17:07.717Z</time>
      </trkpt>
      <trkpt lat="47.154350" lon="9.510565">
        <ele>469.572072</ele>
        <time>2026-07-30T09:17:18.679Z</time>
      </trkpt>
      <trkpt lat="47.153782" lon="9.510682">
        <ele>470.499328</ele>
        <time>2026-07-30T09:17:29.115Z</time>
      </trkpt>
      <trkpt lat="47.153711" lon="9.510698">
        <ele>470.524266</ele>
        <time>2026-07-30T09:17:30.413Z</time>
      </trkpt>
      <trkpt lat="47.153683" lon="9.510704">
        <ele>470.534090</ele>
        <time>2026-07-30T09:17:30.936Z</time>
      </trkpt>
      <trkpt lat="47.152862" lon="9.510896">
        <ele>470.822720</ele>
        <time>2026-07-30T09:17:44.048Z</time>
      </trkpt>
      <trkpt lat="47.152718" lon="9.510928">
        <ele>470.873283</ele>
        <time>2026-07-30T09:17:46.250Z</time>
      </trkpt>
      <trkpt lat="47.152553" lon="9.510963">
        <ele>470.931164</ele>
        <time>2026-07-30T09:17:49.000Z</time>
      </trkpt>
      <trkpt lat="47.152248" lon="9.511028">
        <ele>471.038164</ele>
        <time>2026-07-30T09:17:54.207Z</time>
      </trkpt>
      <trkpt lat="47.152002" lon="9.511082">
        <ele>471.067031</ele>
        <time>2026-07-30T09:17:58.263Z</time>
      </trkpt>
      <trkpt lat="47.151625" lon="9.511159">
        <ele>470.935475</ele>
        <time>2026-07-30T09:18:03.589Z</time>
      </trkpt>
      <trkpt lat="47.151536" lon="9.511178">
        <ele>470.904390</ele>
        <time>2026-07-30T09:18:04.737Z</time>
      </trkpt>
      <trkpt lat="47.151395" lon="9.511209">
        <ele>470.855113</ele>
        <time>2026-07-30T09:18:06.538Z</time>
      </trkpt>
      <trkpt lat="47.151316" lon="9.511224">
        <ele>470.827581</ele>
        <time>2026-07-30T09:18:07.548Z</time>
      </trkpt>
      <trkpt lat="47.151217" lon="9.511245">
        <ele>470.793009</ele>
        <time>2026-07-30T09:18:08.854Z</time>
      </trkpt>
      <trkpt lat="47.150877" lon="9.511350">
        <ele>470.672928</ele>
        <time>2026-07-30T09:18:13.367Z</time>
      </trkpt>
      <trkpt lat="47.150460" lon="9.511570">
        <ele>470.519800</ele>
        <time>2026-07-30T09:18:19.253Z</time>
      </trkpt>
      <trkpt lat="47.150290" lon="9.511659">
        <ele>470.450116</ele>
        <time>2026-07-30T09:18:21.661Z</time>
      </trkpt>
      <trkpt lat="47.150249" lon="9.511680">
        <ele>470.428501</ele>
        <time>2026-07-30T09:18:22.247Z</time>
      </trkpt>
      <trkpt lat="47.149852" lon="9.511871">
        <ele>470.220536</ele>
        <time>2026-07-30T09:18:28.140Z</time>
      </trkpt>
      <trkpt lat="47.149716" lon="9.511930">
        <ele>470.149941</ele>
        <time>2026-07-30T09:18:30.107Z</time>
      </trkpt>
      <trkpt lat="47.149682" lon="9.511945">
        <ele>470.132268</ele>
        <time>2026-07-30T09:18:30.597Z</time>
      </trkpt>
      <trkpt lat="47.149240" lon="9.512124">
        <ele>469.904016</ele>
        <time>2026-07-30T09:18:37.401Z</time>
      </trkpt>
      <trkpt lat="47.148815" lon="9.512289">
        <ele>469.685171</ele>
        <time>2026-07-30T09:18:43.974Z</time>
      </trkpt>
      <trkpt lat="47.148548" lon="9.512388">
        <ele>469.309675</ele>
        <time>2026-07-30T09:18:47.908Z</time>
      </trkpt>
      <trkpt lat="47.147791" lon="9.512704">
        <ele>465.852034</ele>
        <time>2026-07-30T09:18:55.883Z</time>
      </trkpt>
      <trkpt lat="47.147730" lon="9.512735">
        <ele>465.568448</ele>
        <time>2026-07-30T09:18:56.485Z</time>
      </trkpt>
      <trkpt lat="47.147563" lon="9.512824">
        <ele>464.787951</ele>
        <time>2026-07-30T09:18:58.133Z</time>
      </trkpt>
      <trkpt lat="47.147503" lon="9.512667">
        <ele>464.249782</ele>
        <time>2026-07-30T09:18:59.262Z</time>
      </trkpt>
      <trkpt lat="47.147436" lon="9.512463">
        <ele>463.572796</ele>
        <time>2026-07-30T09:19:00.671Z</time>
      </trkpt>
      <trkpt lat="47.147386" lon="9.512320">
        <ele>463.092294</ele>
        <time>2026-07-30T09:19:01.668Z</time>
      </trkpt>
      <trkpt lat="47.147296" lon="9.512117">
        <ele>462.368144</ele>
        <time>2026-07-30T09:19:03.153Z</time>
      </trkpt>
      <trkpt lat="47.147264" lon="9.512046">
        <ele>462.113609</ele>
        <time>2026-07-30T09:19:03.673Z</time>
      </trkpt>
      <trkpt lat="47.147208" lon="9.511935">
        <ele>461.700600</ele>
        <time>2026-07-30T09:19:04.518Z</time>
      </trkpt>
      <trkpt lat="47.147028" lon="9.511582">
        <ele>460.436313</ele>
        <time>2026-07-30T09:19:07.196Z</time>
      </trkpt>
      <trkpt lat="47.146796" lon="9.511202">
        <ele>458.974222</ele>
        <time>2026-07-30T09:19:10.327Z</time>
      </trkpt>
      <trkpt lat="47.146753" lon="9.511054">
        <ele>458.513418</ele>
        <time>2026-07-30T09:19:11.332Z</time>
      </trkpt>
      <trkpt lat="47.146746" lon="9.510994">
        <ele>458.339116</ele>
        <time>2026-07-30T09:19:11.722Z</time>
      </trkpt>
      <trkpt lat="47.146628" lon="9.510944">
        <ele>457.822134</ele>
        <time>2026-07-30T09:19:12.880Z</time>
      </trkpt>
      <trkpt lat="47.146407" lon="9.510664">
        <ele>456.593990</ele>
        <time>2026-07-30T09:19:15.836Z</time>
      </trkpt>
      <trkpt lat="47.146323" lon="9.510522">
        <ele>456.055138</ele>
        <time>2026-07-30T09:19:17.207Z</time>
      </trkpt>
      <trkpt lat="47.146277" lon="9.510428">
        <ele>455.723565</ele>
        <time>2026-07-30T09:19:18.074Z</time>
      </trkpt>
      <trkpt lat="47.145997" lon="9.509750">
        <ele>454.059836</ele>
        <time>2026-07-30T09:19:24.288Z</time>
      </trkpt>
      <trkpt lat="47.145748" lon="9.509014">
        <ele>453.902260</ele>
        <time>2026-07-30T09:19:32.286Z</time>
      </trkpt>
      <trkpt lat="47.145721" lon="9.509046">
        <ele>453.892486</ele>
        <time>2026-07-30T09:19:32.816Z</time>
      </trkpt>
      <trkpt lat="47.145436" lon="9.509384">
        <ele>453.789286</ele>
        <time>2026-07-30T09:19:38.622Z</time>
      </trkpt>
      <trkpt lat="47.144775" lon="9.510084">
        <ele>453.630793</ele>
        <time>2026-07-30T09:19:50.854Z</time>
      </trkpt>
      <trkpt lat="47.144266" lon="9.510560">
        <ele>453.789352</ele>
        <time>2026-07-30T09:19:59.691Z</time>
      </trkpt>
      <trkpt lat="47.144086" lon="9.510615">
        <ele>453.837676</ele>
        <time>2026-07-30T09:20:02.487Z</time>
      </trkpt>
      <trkpt lat="47.143496" lon="9.510669">
        <ele>453.993056</ele>
        <time>2026-07-30T09:20:11.788Z</time>
      </trkpt>
      <trkpt lat="47.143190" lon="9.510662">
        <ele>454.090408</ele>
        <time>2026-07-30T09:20:16.962Z</time>
      </trkpt>
      <trkpt lat="47.142635" lon="9.510577">
        <ele>454.821296</ele>
        <time>2026-07-30T09:20:27.469Z</time>
      </trkpt>
      <trkpt lat="47.142116" lon="9.510666">
        <ele>455.505705</ele>
        <time>2026-07-30T09:20:38.681Z</time>
      </trkpt>
      <trkpt lat="47.141184" lon="9.510901">
        <ele>456.603381</ele>
        <time>2026-07-30T09:20:59.041Z</time>
      </trkpt>
      <trkpt lat="47.140797" lon="9.510949">
        <ele>456.887473</ele>
        <time>2026-07-30T09:21:06.821Z</time>
      </trkpt>
      <trkpt lat="47.139773" lon="9.511173">
        <ele>457.644765</ele>
        <time>2026-07-30T09:21:23.921Z</time>
      </trkpt>
      <trkpt lat="47.139671" lon="9.511204">
        <ele>457.720955</ele>
        <time>2026-07-30T09:21:25.405Z</time>
      </trkpt>
      <trkpt lat="47.139597" lon="9.511227">
        <ele>457.722809</ele>
        <time>2026-07-30T09:21:26.487Z</time>
      </trkpt>
      <trkpt lat="47.139542" lon="9.511240">
        <ele>457.702059</ele>
        <time>2026-07-30T09:21:27.296Z</time>
      </trkpt>
      <trkpt lat="47.138851" lon="9.511426">
        <ele>457.440399</ele>
        <time>2026-07-30T09:21:37.163Z</time>
      </trkpt>
      <trkpt lat="47.138584" lon="9.511500">
        <ele>457.339196</ele>
        <time>2026-07-30T09:21:40.801Z</time>
      </trkpt>
      <trkpt lat="47.138072" lon="9.511632">
        <ele>457.145577</ele>
        <time>2026-07-30T09:21:47.475Z</time>
      </trkpt>
      <trkpt lat="47.137797" lon="9.511698">
        <ele>457.058901</ele>
        <time>2026-07-30T09:21:51.015Z</time>
      </trkpt>
      <trkpt lat="47.137522" lon="9.511753">
        <ele>457.016295</ele>
        <time>2026-07-30T09:21:54.533Z</time>
      </trkpt>
      <trkpt lat="47.137450" lon="9.511765">
        <ele>457.005172</ele>
        <time>2026-07-30T09:21:55.467Z</time>
      </trkpt>
      <trkpt lat="47.136492" lon="9.511983">
        <ele>456.856354</ele>
        <time>2026-07-30T09:22:08.725Z</time>
      </trkpt>
      <trkpt lat="47.134130" lon="9.512537">
        <ele>458.051618</ele>
        <time>2026-07-30T09:22:51.824Z</time>
      </trkpt>
      <trkpt lat="47.133479" lon="9.512644">
        <ele>457.959340</ele>
        <time>2026-07-30T09:23:02.074Z</time>
      </trkpt>
      <trkpt lat="47.133161" lon="9.512713">
        <ele>457.914059</ele>
        <time>2026-07-30T09:23:06.413Z</time>
      </trkpt>
      <trkpt lat="47.132871" lon="9.512825">
        <ele>457.871820</ele>
        <time>2026-07-30T09:23:10.327Z</time>
      </trkpt>
      <trkpt lat="47.132858" lon="9.512763">
        <ele>457.865602</ele>
        <time>2026-07-30T09:23:10.880Z</time>
      </trkpt>
      <trkpt lat="47.132841" lon="9.512676">
        <ele>457.856928</ele>
        <time>2026-07-30T09:23:11.663Z</time>
      </trkpt>
      <trkpt lat="47.132820" lon="9.512555">
        <ele>457.844961</ele>
        <time>2026-07-30T09:23:12.740Z</time>
      </trkpt>
      <trkpt lat="47.132680" lon="9.512584">
        <ele>457.824291</ele>
        <time>2026-07-30T09:23:14.505Z</time>
      </trkpt>
      <trkpt lat="47.132636" lon="9.512592">
        <ele>457.800412</ele>
        <time>2026-07-30T09:23:15.038Z</time>
      </trkpt>
      <trkpt lat="47.132210" lon="9.512688">
        <ele>457.568289</ele>
        <time>2026-07-30T09:23:20.298Z</time>
      </trkpt>
      <trkpt lat="47.131467" lon="9.512935">
        <ele>457.158005</ele>
        <time>2026-07-30T09:23:29.987Z</time>
      </trkpt>
      <trkpt lat="47.129618" lon="9.513511">
        <ele>456.951405</ele>
        <time>2026-07-30T09:23:58.214Z</time>
      </trkpt>
      <trkpt lat="47.126098" lon="9.514335">
        <ele>457.408879</ele>
        <time>2026-07-30T09:24:53.582Z</time>
      </trkpt>
      <trkpt lat="47.125987" lon="9.514331">
        <ele>457.419771</ele>
        <time>2026-07-30T09:24:55.183Z</time>
      </trkpt>
      <trkpt lat="47.125391" lon="9.514483">
        <ele>457.517135</ele>
        <time>2026-07-30T09:25:03.903Z</time>
      </trkpt>
      <trkpt lat="47.125304" lon="9.514533">
        <ele>457.542836</ele>
        <time>2026-07-30T09:25:05.247Z</time>
      </trkpt>
      <trkpt lat="47.125136" lon="9.514598">
        <ele>457.590632</ele>
        <time>2026-07-30T09:25:07.791Z</time>
      </trkpt>
      <trkpt lat="47.121610" lon="9.515440">
        <ele>458.744678</ele>
        <time>2026-07-30T09:26:06.449Z</time>
      </trkpt>
      <trkpt lat="47.120974" lon="9.515646">
        <ele>458.817397</ele>
        <time>2026-07-30T09:26:16.704Z</time>
      </trkpt>
      <trkpt lat="47.118980" lon="9.516235">
        <ele>458.960521</ele>
        <time>2026-07-30T09:26:45.821Z</time>
      </trkpt>
      <trkpt lat="47.115690" lon="9.517090">
        <ele>460.531238</ele>
        <time>2026-07-30T09:27:42.653Z</time>
      </trkpt>
      <trkpt lat="47.115489" lon="9.517164">
        <ele>460.648828</ele>
        <time>2026-07-30T09:27:46.270Z</time>
      </trkpt>
      <trkpt lat="47.115069" lon="9.517430">
        <ele>460.908367</ele>
        <time>2026-07-30T09:27:54.151Z</time>
      </trkpt>
      <trkpt lat="47.113155" lon="9.517951">
        <ele>461.526528</ele>
        <time>2026-07-30T09:28:25.650Z</time>
      </trkpt>
      <trkpt lat="47.112831" lon="9.518028">
        <ele>461.555880</ele>
        <time>2026-07-30T09:28:30.651Z</time>
      </trkpt>
      <trkpt lat="47.110959" lon="9.518506">
        <ele>461.792097</ele>
        <time>2026-07-30T09:28:59.156Z</time>
      </trkpt>
      <trkpt lat="47.110055" lon="9.518709">
        <ele>461.988142</ele>
        <time>2026-07-30T09:29:13.528Z</time>
      </trkpt>
      <trkpt lat="47.108635" lon="9.519044">
        <ele>462.455018</ele>
        <time>2026-07-30T09:29:37.125Z</time>
      </trkpt>
      <trkpt lat="47.106661" lon="9.519566">
        <ele>463.140117</ele>
        <time>2026-07-30T09:30:09.370Z</time>
      </trkpt>
      <trkpt lat="47.105183" lon="9.519888">
        <ele>463.664405</ele>
        <time>2026-07-30T09:30:33.804Z</time>
      </trkpt>
      <trkpt lat="47.104917" lon="9.519921">
        <ele>463.760791</ele>
        <time>2026-07-30T09:30:38.140Z</time>
      </trkpt>
      <trkpt lat="47.103571" lon="9.520185">
        <ele>464.139428</ele>
        <time>2026-07-30T09:31:00.046Z</time>
      </trkpt>
      <trkpt lat="47.102691" lon="9.520318">
        <ele>464.337402</ele>
        <time>2026-07-30T09:31:13.916Z</time>
      </trkpt>
      <trkpt lat="47.102604" lon="9.520330">
        <ele>464.356957</ele>
        <time>2026-07-30T09:31:15.257Z</time>
      </trkpt>
      <trkpt lat="47.101306" lon="9.520484">
        <ele>464.388639</ele>
        <time>2026-07-30T09:31:34.502Z</time>
      </trkpt>
      <trkpt lat="47.099318" lon="9.520572">
        <ele>464.494015</ele>
        <time>2026-07-30T09:32:04.008Z</time>
      </trkpt>
      <trkpt lat="47.098238" lon="9.520527">
        <ele>464.689719</ele>
        <time>2026-07-30T09:32:20.975Z</time>
      </trkpt>
      <trkpt lat="47.097320" lon="9.520443">
        <ele>464.901692</ele>
        <time>2026-07-30T09:32:35.359Z</time>
      </trkpt>
      <trkpt lat="47.096734" lon="9.520332">
        <ele>465.177231</ele>
        <time>2026-07-30T09:32:44.722Z</time>
      </trkpt>
      <trkpt lat="47.096151" lon="9.520189">
        <ele>465.487566</ele>
        <time>2026-07-30T09:32:54.589Z</time>
      </trkpt>
      <trkpt lat="47.094791" lon="9.519724">
        <ele>466.191102</ele>
        <time>2026-07-30T09:33:19.679Z</time>
      </trkpt>
      <trkpt lat="47.093545" lon="9.519196">
        <ele>466.780394</ele>
        <time>2026-07-30T09:33:40.770Z</time>
      </trkpt>
      <trkpt lat="47.092667" lon="9.518835">
        <ele>467.027037</ele>
        <time>2026-07-30T09:33:55.074Z</time>
      </trkpt>
      <trkpt lat="47.087994" lon="9.516717">
        <ele>468.497367</ele>
        <time>2026-07-30T09:35:13.316Z</time>
      </trkpt>
      <trkpt lat="47.087405" lon="9.516405">
        <ele>468.691515</ele>
        <time>2026-07-30T09:35:23.240Z</time>
      </trkpt>
      <trkpt lat="47.087269" lon="9.516361">
        <ele>468.734696</ele>
        <time>2026-07-30T09:35:25.602Z</time>
      </trkpt>
      <trkpt lat="47.086728" lon="9.516075">
        <ele>468.893968</ele>
        <time>2026-07-30T09:35:35.357Z</time>
      </trkpt>
      <trkpt lat="47.086697" lon="9.516135">
        <ele>468.900847</ele>
        <time>2026-07-30T09:35:36.232Z</time>
      </trkpt>
      <trkpt lat="47.086254" lon="9.516800">
        <ele>468.985818</ele>
        <time>2026-07-30T09:35:45.901Z</time>
      </trkpt>
      <trkpt lat="47.086234" lon="9.516842">
        <ele>468.990499</ele>
        <time>2026-07-30T09:35:46.395Z</time>
      </trkpt>
      <trkpt lat="47.086190" lon="9.516935">
        <ele>469.000842</ele>
        <time>2026-07-30T09:35:47.561Z</time>
      </trkpt>
      <trkpt lat="47.085974" lon="9.517478">
        <ele>469.058279</ele>
        <time>2026-07-30T09:35:54.212Z</time>
      </trkpt>
      <trkpt lat="47.085862" lon="9.517821">
        <ele>469.093023</ele>
        <time>2026-07-30T09:35:58.077Z</time>
      </trkpt>
      <trkpt lat="47.085837" lon="9.517908">
        <ele>469.101648</ele>
        <time>2026-07-30T09:35:58.997Z</time>
      </trkpt>
      <trkpt lat="47.085803" lon="9.518006">
        <ele>469.111693</ele>
        <time>2026-07-30T09:36:00.061Z</time>
      </trkpt>
      <trkpt lat="47.085758" lon="9.518137">
        <ele>469.121263</ele>
        <time>2026-07-30T09:36:01.446Z</time>
      </trkpt>
      <trkpt lat="47.084571" lon="9.517363">
        <ele>469.142300</ele>
        <time>2026-07-30T09:36:20.214Z</time>
      </trkpt>
      <trkpt lat="47.079320" lon="9.514124">
        <ele>470.594100</ele>
        <time>2026-07-30T09:37:50.957Z</time>
      </trkpt>
      <trkpt lat="47.078918" lon="9.513885">
        <ele>470.896234</ele>
        <time>2026-07-30T09:37:57.536Z</time>
      </trkpt>
      <trkpt lat="47.078293" lon="9.513504">
        <ele>471.546981</ele>
        <time>2026-07-30T09:38:09.431Z</time>
      </trkpt>
      <trkpt lat="47.077881" lon="9.513248">
        <ele>471.977181</ele>
        <time>2026-07-30T09:38:18.344Z</time>
      </trkpt>
      <trkpt lat="47.077549" lon="9.513041">
        <ele>472.324029</ele>
        <time>2026-07-30T09:38:26.225Z</time>
      </trkpt>
      <trkpt lat="47.077421" lon="9.512956">
        <ele>472.515593</ele>
        <time>2026-07-30T09:38:29.293Z</time>
      </trkpt>
      <trkpt lat="47.077258" lon="9.512847">
        <ele>472.797332</ele>
        <time>2026-07-30T09:38:33.135Z</time>
      </trkpt>
      <trkpt lat="47.076834" lon="9.512587">
        <ele>473.520115</ele>
        <time>2026-07-30T09:38:42.656Z</time>
      </trkpt>
      <trkpt lat="47.076578" lon="9.512429">
        <ele>473.956935</ele>
        <time>2026-07-30T09:38:48.296Z</time>
      </trkpt>
      <trkpt lat="47.076347" lon="9.512286">
        <ele>474.351275</ele>
        <time>2026-07-30T09:38:53.548Z</time>
      </trkpt>
      <trkpt lat="47.076009" lon="9.512080">
        <ele>474.926937</ele>
        <time>2026-07-30T09:39:01.765Z</time>
      </trkpt>
      <trkpt lat="47.075654" lon="9.511859">
        <ele>475.666186</ele>
        <time>2026-07-30T09:39:09.457Z</time>
      </trkpt>
      <trkpt lat="47.075438" lon="9.511726">
        <ele>476.181074</ele>
        <time>2026-07-30T09:39:14.207Z</time>
      </trkpt>
      <trkpt lat="47.075284" lon="9.511636">
        <ele>476.545438</ele>
        <time>2026-07-30T09:39:17.982Z</time>
      </trkpt>
      <trkpt lat="47.075159" lon="9.511559">
        <ele>476.843425</ele>
        <time>2026-07-30T09:39:21.360Z</time>
      </trkpt>
      <trkpt lat="47.074996" lon="9.511448">
        <ele>477.238405</ele>
        <time>2026-07-30T09:39:26.250Z</time>
      </trkpt>
      <trkpt lat="47.074580" lon="9.511135">
        <ele>478.265961</ele>
        <time>2026-07-30T09:39:39.827Z</time>
      </trkpt>
      <trkpt lat="47.074463" lon="9.511036">
        <ele>478.562811</ele>
        <time>2026-07-30T09:39:43.265Z</time>
      </trkpt>
      <trkpt lat="47.073935" lon="9.510555">
        <ele>479.236516</ele>
        <time>2026-07-30T09:39:56.102Z</time>
      </trkpt>
      <trkpt lat="47.073726" lon="9.510346">
        <ele>479.296019</ele>
        <time>2026-07-30T09:40:00.480Z</time>
      </trkpt>
      <trkpt lat="47.073562" lon="9.510136">
        <ele>479.347224</ele>
        <time>2026-07-30T09:40:04.574Z</time>
      </trkpt>
      <trkpt lat="47.073390" lon="9.509948">
        <ele>479.397681</ele>
        <time>2026-07-30T09:40:07.490Z</time>
      </trkpt>
      <trkpt lat="47.073229" lon="9.509728">
        <ele>479.449435</ele>
        <time>2026-07-30T09:40:10.337Z</time>
      </trkpt>
      <trkpt lat="47.073138" lon="9.509510">
        <ele>479.490412</ele>
        <time>2026-07-30T09:40:12.444Z</time>
      </trkpt>
      <trkpt lat="47.073101" lon="9.509351">
        <ele>479.517341</ele>
        <time>2026-07-30T09:40:13.804Z</time>
      </trkpt>
      <trkpt lat="47.073028" lon="9.509308">
        <ele>479.535849</ele>
        <time>2026-07-30T09:40:14.714Z</time>
      </trkpt>
      <trkpt lat="47.072890" lon="9.509341">
        <ele>479.568750</ele>
        <time>2026-07-30T09:40:16.375Z</time>
      </trkpt>
      <trkpt lat="47.072782" lon="9.509324">
        <ele>479.542244</ele>
        <time>2026-07-30T09:40:17.724Z</time>
      </trkpt>
      <trkpt lat="47.072602" lon="9.509131">
        <ele>479.438928</ele>
        <time>2026-07-30T09:40:20.589Z</time>
      </trkpt>
      <trkpt lat="47.072507" lon="9.509037">
        <ele>479.385826</ele>
        <time>2026-07-30T09:40:22.291Z</time>
      </trkpt>
      <trkpt lat="47.072381" lon="9.508919">
        <ele>479.316551</ele>
        <time>2026-07-30T09:40:24.288Z</time>
      </trkpt>
      <trkpt lat="47.072110" lon="9.508688">
        <ele>479.171297</ele>
        <time>2026-07-30T09:40:28.508Z</time>
      </trkpt>
      <trkpt lat="47.071668" lon="9.508373">
        <ele>478.943553</ele>
        <time>2026-07-30T09:40:35.546Z</time>
      </trkpt>
      <trkpt lat="47.071094" lon="9.508072">
        <ele>478.496423</ele>
        <time>2026-07-30T09:40:44.469Z</time>
      </trkpt>
      <trkpt lat="47.070843" lon="9.507948">
        <ele>478.127303</ele>
        <time>2026-07-30T09:40:47.538Z</time>
      </trkpt>
      <trkpt lat="47.070544" lon="9.507776">
        <ele>477.679709</ele>
        <time>2026-07-30T09:40:51.061Z</time>
      </trkpt>
      <trkpt lat="47.070328" lon="9.507579">
        <ele>477.325288</ele>
        <time>2026-07-30T09:40:53.811Z</time>
      </trkpt>
      <trkpt lat="47.069933" lon="9.507153">
        <ele>476.642162</ele>
        <time>2026-07-30T09:40:59.270Z</time>
      </trkpt>
      <trkpt lat="47.069686" lon="9.506997">
        <ele>476.267389</ele>
        <time>2026-07-30T09:41:02.362Z</time>
      </trkpt>
      <trkpt lat="47.069491" lon="9.506951">
        <ele>476.251317</ele>
        <time>2026-07-30T09:41:04.656Z</time>
      </trkpt>
      <trkpt lat="47.069274" lon="9.506931">
        <ele>476.270253</ele>
        <time>2026-07-30T09:41:07.339Z</time>
      </trkpt>
      <trkpt lat="47.069242" lon="9.506934">
        <ele>476.273046</ele>
        <time>2026-07-30T09:41:07.755Z</time>
      </trkpt>
      <trkpt lat="47.068885" lon="9.507016">
        <ele>476.304516</ele>
        <time>2026-07-30T09:41:12.916Z</time>
      </trkpt>
      <trkpt lat="47.068063" lon="9.507224">
        <ele>476.377162</ele>
        <time>2026-07-30T09:41:28.712Z</time>
      </trkpt>
      <trkpt lat="47.068021" lon="9.507233">
        <ele>476.380859</ele>
        <time>2026-07-30T09:41:29.492Z</time>
      </trkpt>
      <trkpt lat="47.067403" lon="9.507364">
        <ele>476.212473</ele>
        <time>2026-07-30T09:41:40.378Z</time>
      </trkpt>
      <trkpt lat="47.067019" lon="9.507365">
        <ele>476.070694</ele>
        <time>2026-07-30T09:41:45.586Z</time>
      </trkpt>
      <trkpt lat="47.066904" lon="9.507363">
        <ele>476.028232</ele>
        <time>2026-07-30T09:41:47.033Z</time>
      </trkpt>
      <trkpt lat="47.066732" lon="9.507382">
        <ele>475.964547</ele>
        <time>2026-07-30T09:41:49.202Z</time>
      </trkpt>
      <trkpt lat="47.066671" lon="9.507400">
        <ele>475.941575</ele>
        <time>2026-07-30T09:41:49.982Z</time>
      </trkpt>
      <trkpt lat="47.066475" lon="9.507488">
        <ele>475.865900</ele>
        <time>2026-07-30T09:41:52.513Z</time>
      </trkpt>
      <trkpt lat="47.066326" lon="9.507569">
        <ele>475.807237</ele>
        <time>2026-07-30T09:41:54.464Z</time>
      </trkpt>
      <trkpt lat="47.066136" lon="9.507617">
        <ele>475.736055</ele>
        <time>2026-07-30T09:41:56.776Z</time>
      </trkpt>
      <trkpt lat="47.065950" lon="9.507603">
        <ele>475.535873</ele>
        <time>2026-07-30T09:41:58.969Z</time>
      </trkpt>
      <trkpt lat="47.065803" lon="9.507554">
        <ele>475.360989</ele>
        <time>2026-07-30T09:42:00.727Z</time>
      </trkpt>
      <trkpt lat="47.065648" lon="9.507404">
        <ele>475.145610</ele>
        <time>2026-07-30T09:42:02.910Z</time>
      </trkpt>
      <trkpt lat="47.065608" lon="9.507353">
        <ele>475.084145</ele>
        <time>2026-07-30T09:42:03.548Z</time>
      </trkpt>
      <trkpt lat="47.065557" lon="9.507359">
        <ele>475.024788</ele>
        <time>2026-07-30T09:42:04.135Z</time>
      </trkpt>
      <trkpt lat="47.065529" lon="9.507399">
        <ele>474.979462</ele>
        <time>2026-07-30T09:42:04.592Z</time>
      </trkpt>
      <trkpt lat="47.065522" lon="9.507461">
        <ele>474.929797</ele>
        <time>2026-07-30T09:42:05.102Z</time>
      </trkpt>
      <trkpt lat="47.065377" lon="9.507588">
        <ele>474.733911</ele>
        <time>2026-07-30T09:42:07.061Z</time>
      </trkpt>
      <trkpt lat="47.065204" lon="9.507686">
        <ele>474.518780</ele>
        <time>2026-07-30T09:42:09.288Z</time>
      </trkpt>
      <trkpt lat="47.065075" lon="9.507770">
        <ele>474.355058</ele>
        <time>2026-07-30T09:42:11.010Z</time>
      </trkpt>
      <trkpt lat="47.064756" lon="9.507978">
        <ele>473.950106</ele>
        <time>2026-07-30T09:42:15.242Z</time>
      </trkpt>
      <trkpt lat="47.064580" lon="9.508090">
        <ele>473.727560</ele>
        <time>2026-07-30T09:42:17.551Z</time>
      </trkpt>
      <trkpt lat="47.064159" lon="9.508363">
        <ele>473.421936</ele>
        <time>2026-07-30T09:42:23.128Z</time>
      </trkpt>
      <trkpt lat="47.063912" lon="9.508478">
        <ele>473.274418</ele>
        <time>2026-07-30T09:42:26.329Z</time>
      </trkpt>
      <trkpt lat="47.063543" lon="9.508718">
        <ele>473.044656</ele>
        <time>2026-07-30T09:42:31.543Z</time>
      </trkpt>
      <trkpt lat="47.063322" lon="9.508867">
        <ele>472.906209</ele>
        <time>2026-07-30T09:42:34.798Z</time>
      </trkpt>
      <trkpt lat="47.062809" lon="9.509209">
        <ele>472.630841</ele>
        <time>2026-07-30T09:42:42.811Z</time>
      </trkpt>
      <trkpt lat="47.062564" lon="9.509403">
        <ele>472.693544</ele>
        <time>2026-07-30T09:42:47.089Z</time>
      </trkpt>
      <trkpt lat="47.061074" lon="9.510384">
        <ele>473.207549</ele>
        <time>2026-07-30T09:43:12.979Z</time>
      </trkpt>
      <trkpt lat="47.060787" lon="9.510575">
        <ele>473.549734</ele>
        <time>2026-07-30T09:43:18.484Z</time>
      </trkpt>
      <trkpt lat="47.060535" lon="9.510715">
        <ele>473.842322</ele>
        <time>2026-07-30T09:43:23.390Z</time>
      </trkpt>
      <trkpt lat="47.060280" lon="9.510883">
        <ele>474.145836</ele>
        <time>2026-07-30T09:43:28.633Z</time>
      </trkpt>
      <trkpt lat="47.058989" lon="9.511728">
        <ele>477.088934</ele>
        <time>2026-07-30T09:43:58.704Z</time>
      </trkpt>
      <trkpt lat="47.058460" lon="9.511926">
        <ele>478.866659</ele>
        <time>2026-07-30T09:44:13.957Z</time>
      </trkpt>
      <trkpt lat="47.057723" lon="9.512049">
        <ele>481.566566</ele>
        <time>2026-07-30T09:44:39.179Z</time>
      </trkpt>
      <trkpt lat="47.057192" lon="9.512039">
        <ele>484.392143</ele>
        <time>2026-07-30T09:44:59.007Z</time>
      </trkpt>
      <trkpt lat="47.056818" lon="9.511983">
        <ele>486.392448</ele>
        <time>2026-07-30T09:45:12.926Z</time>
      </trkpt>
      <trkpt lat="47.055930" lon="9.511739">
        <ele>491.171330</ele>
        <time>2026-07-30T09:45:46.003Z</time>
      </trkpt>
      <trkpt lat="47.054932" lon="9.511405">
        <ele>496.425734</ele>
        <time>2026-07-30T09:46:21.370Z</time>
      </trkpt>
      <trkpt lat="47.054819" lon="9.511355">
        <ele>497.031569</ele>
        <time>2026-07-30T09:46:25.661Z</time>
      </trkpt>
      <trkpt lat="47.054738" lon="9.511320">
        <ele>497.465000</ele>
        <time>2026-07-30T09:46:28.658Z</time>
      </trkpt>
      <trkpt lat="47.054657" lon="9.511287">
        <ele>497.896509</ele>
        <time>2026-07-30T09:46:31.679Z</time>
      </trkpt>
      <trkpt lat="47.053785" lon="9.510932">
        <ele>503.201564</ele>
        <time>2026-07-30T09:47:04.148Z</time>
      </trkpt>
      <trkpt lat="47.053445" lon="9.510848">
        <ele>505.373399</ele>
        <time>2026-07-30T09:47:17.724Z</time>
      </trkpt>
      <trkpt lat="47.053201" lon="9.510872">
        <ele>506.913836</ele>
        <time>2026-07-30T09:47:27.885Z</time>
      </trkpt>
      <trkpt lat="47.052928" lon="9.510980">
        <ele>508.694870</ele>
        <time>2026-07-30T09:47:39.855Z</time>
      </trkpt>
      <trkpt lat="47.052692" lon="9.511163">
        <ele>510.376181</ele>
        <time>2026-07-30T09:47:51.423Z</time>
      </trkpt>
      <trkpt lat="47.052510" lon="9.511359">
        <ele>511.960775</ele>
        <time>2026-07-30T09:48:01.515Z</time>
      </trkpt>
      <trkpt lat="47.050747" lon="9.513302">
        <ele>528.115521</ele>
        <time>2026-07-30T09:49:41.788Z</time>
      </trkpt>
      <trkpt lat="47.050571" lon="9.513451">
        <ele>529.476421</ele>
        <time>2026-07-30T09:49:49.589Z</time>
      </trkpt>
      <trkpt lat="47.050222" lon="9.513644">
        <ele>531.974443</ele>
        <time>2026-07-30T09:50:04.003Z</time>
      </trkpt>
      <trkpt lat="47.050117" lon="9.513696">
        <ele>532.716688</ele>
        <time>2026-07-30T09:50:08.355Z</time>
      </trkpt>
      <trkpt lat="47.049958" lon="9.513782">
        <ele>533.851683</ele>
        <time>2026-07-30T09:50:15.035Z</time>
      </trkpt>
      <trkpt lat="47.049731" lon="9.513900">
        <ele>535.464673</ele>
        <time>2026-07-30T09:50:24.696Z</time>
      </trkpt>
      <trkpt lat="47.049540" lon="9.514038">
        <ele>536.933597</ele>
        <time>2026-07-30T09:50:33.388Z</time>
      </trkpt>
      <trkpt lat="47.049268" lon="9.514331">
        <ele>539.485925</ele>
        <time>2026-07-30T09:50:47.456Z</time>
      </trkpt>
      <trkpt lat="47.048662" lon="9.515153">
        <ele>545.728177</ele>
        <time>2026-07-30T09:51:25.543Z</time>
      </trkpt>
      <trkpt lat="47.048392" lon="9.515477">
        <ele>548.366469</ele>
        <time>2026-07-30T09:51:42.403Z</time>
      </trkpt>
      <trkpt lat="47.047345" lon="9.516427">
        <ele>558.700806</ele>
        <time>2026-07-30T09:52:39.786Z</time>
      </trkpt>
      <trkpt lat="47.046466" lon="9.517266">
        <ele>568.124675</ele>
        <time>2026-07-30T09:53:33.921Z</time>
      </trkpt>
      <trkpt lat="47.046397" lon="9.517340">
        <ele>569.004042</ele>
        <time>2026-07-30T09:53:38.893Z</time>
      </trkpt>
      <trkpt lat="47.045879" lon="9.517937">
        <ele>575.781280</ele>
        <time>2026-07-30T09:54:15.995Z</time>
      </trkpt>
      <trkpt lat="47.045655" lon="9.518365">
        <ele>579.565214</ele>
        <time>2026-07-30T09:54:36.957Z</time>
      </trkpt>
      <trkpt lat="47.045584" lon="9.518557">
        <ele>581.096891</ele>
        <time>2026-07-30T09:54:45.615Z</time>
      </trkpt>
      <trkpt lat="47.045547" lon="9.518752">
        <ele>582.516163</ele>
        <time>2026-07-30T09:54:53.615Z</time>
      </trkpt>
      <trkpt lat="47.045541" lon="9.518864">
        <ele>583.303882</ele>
        <time>2026-07-30T09:54:58.043Z</time>
      </trkpt>
      <trkpt lat="47.045583" lon="9.519499">
        <ele>587.747335</ele>
        <time>2026-07-30T09:55:25.020Z</time>
      </trkpt>
      <trkpt lat="47.045688" lon="9.520033">
        <ele>591.612415</ele>
        <time>2026-07-30T09:55:46.196Z</time>
      </trkpt>
      <trkpt lat="47.045812" lon="9.520413">
        <ele>594.542402</ele>
        <time>2026-07-30T09:56:01.673Z</time>
      </trkpt>
      <trkpt lat="47.045825" lon="9.520515">
        <ele>595.264033</ele>
        <time>2026-07-30T09:56:05.554Z</time>
      </trkpt>
      <trkpt lat="47.045786" lon="9.520632">
        <ele>596.169810</ele>
        <time>2026-07-30T09:56:10.515Z</time>
      </trkpt>
      <trkpt lat="47.045690" lon="9.520706">
        <ele>597.276475</ele>
        <time>2026-07-30T09:56:16.691Z</time>
      </trkpt>
      <trkpt lat="47.045276" lon="9.520604">
        <ele>601.560712</ele>
        <time>2026-07-30T09:56:40.053Z</time>
      </trkpt>
      <trkpt lat="47.043937" lon="9.520658">
        <ele>613.342382</ele>
        <time>2026-07-30T09:57:48.066Z</time>
      </trkpt>
      <trkpt lat="47.043281" lon="9.520723">
        <ele>618.940569</ele>
        <time>2026-07-30T09:58:19.015Z</time>
      </trkpt>
      <trkpt lat="47.042542" lon="9.520675">
        <ele>624.563871</ele>
        <time>2026-07-30T09:58:50.905Z</time>
      </trkpt>
      <trkpt lat="47.042265" lon="9.520694">
        <ele>626.671896</ele>
        <time>2026-07-30T09:59:03.005Z</time>
      </trkpt>
      <trkpt lat="47.041900" lon="9.520838">
        <ele>629.545117</ele>
        <time>2026-07-30T09:59:19.872Z</time>
      </trkpt>
      <trkpt lat="47.041577" lon="9.521120">
        <ele>632.561139</ele>
        <time>2026-07-30T09:59:37.316Z</time>
      </trkpt>
      <trkpt lat="47.041127" lon="9.521659">
        <ele>638.132426</ele>
        <time>2026-07-30T10:00:07.041Z</time>
      </trkpt>
      <trkpt lat="47.040842" lon="9.522067">
        <ele>641.951252</ele>
        <time>2026-07-30T10:00:29.308Z</time>
      </trkpt>
      <trkpt lat="47.040126" lon="9.523155">
        <ele>651.810603</ele>
        <time>2026-07-30T10:01:27.398Z</time>
      </trkpt>
      <trkpt lat="47.039733" lon="9.523649">
        <ele>656.726614</ele>
        <time>2026-07-30T10:01:55.880Z</time>
      </trkpt>
      <trkpt lat="47.039611" lon="9.523840">
        <ele>658.421406</ele>
        <time>2026-07-30T10:02:05.367Z</time>
      </trkpt>
      <trkpt lat="47.039514" lon="9.524114">
        <ele>660.420380</ele>
        <time>2026-07-30T10:02:16.411Z</time>
      </trkpt>
      <trkpt lat="47.039191" lon="9.525602">
        <ele>670.291066</ele>
        <time>2026-07-30T10:03:09.245Z</time>
      </trkpt>
      <trkpt lat="47.039086" lon="9.525960">
        <ele>672.676805</ele>
        <time>2026-07-30T10:03:22.403Z</time>
      </trkpt>
      <trkpt lat="47.038918" lon="9.526310">
        <ele>675.297323</ele>
        <time>2026-07-30T10:03:37.781Z</time>
      </trkpt>
      <trkpt lat="47.038717" lon="9.526626">
        <ele>677.943278</ele>
        <time>2026-07-30T10:03:54.507Z</time>
      </trkpt>
      <trkpt lat="47.038375" lon="9.527143">
        <ele>682.336724</ele>
        <time>2026-07-30T10:04:19.867Z</time>
      </trkpt>
      <trkpt lat="47.038132" lon="9.527527">
        <ele>684.707844</ele>
        <time>2026-07-30T10:04:36.211Z</time>
      </trkpt>
      <trkpt lat="47.038090" lon="9.527594">
        <ele>685.119760</ele>
        <time>2026-07-30T10:04:39.020Z</time>
      </trkpt>
      <trkpt lat="47.038053" lon="9.527653">
        <ele>685.482559</ele>
        <time>2026-07-30T10:04:41.446Z</time>
      </trkpt>
      <trkpt lat="47.037966" lon="9.527743">
        <ele>686.189322</ele>
        <time>2026-07-30T10:04:46.020Z</time>
      </trkpt>
      <trkpt lat="47.037920" lon="9.527742">
        <ele>686.494774</ele>
        <time>2026-07-30T10:04:48.015Z</time>
      </trkpt>
      <trkpt lat="47.037770" lon="9.527586">
        <ele>687.715494</ele>
        <time>2026-07-30T10:04:55.658Z</time>
      </trkpt>
      <trkpt lat="47.037683" lon="9.527516">
        <ele>688.374278</ele>
        <time>2026-07-30T10:04:59.752Z</time>
      </trkpt>
      <trkpt lat="47.037542" lon="9.527470">
        <ele>689.333312</ele>
        <time>2026-07-30T10:05:05.653Z</time>
      </trkpt>
      <trkpt lat="47.037391" lon="9.527447">
        <ele>690.341269</ele>
        <time>2026-07-30T10:05:11.821Z</time>
      </trkpt>
      <trkpt lat="47.037319" lon="9.527439">
        <ele>690.820684</ele>
        <time>2026-07-30T10:05:14.579Z</time>
      </trkpt>
      <trkpt lat="47.037273" lon="9.527436">
        <ele>691.126404</ele>
        <time>2026-07-30T10:05:16.343Z</time>
      </trkpt>
      <trkpt lat="47.037174" lon="9.527429">
        <ele>691.784480</ele>
        <time>2026-07-30T10:05:19.883Z</time>
      </trkpt>
      <trkpt lat="47.037163" lon="9.527430">
        <ele>691.857655</ele>
        <time>2026-07-30T10:05:20.285Z</time>
      </trkpt>
      <trkpt lat="47.035907" lon="9.527259">
        <ele>698.369447</ele>
        <time>2026-07-30T10:06:03.979Z</time>
      </trkpt>
      <trkpt lat="47.035825" lon="9.527238">
        <ele>698.750545</ele>
        <time>2026-07-30T10:06:07.117Z</time>
      </trkpt>
      <trkpt lat="47.035792" lon="9.527125">
        <ele>699.134147</ele>
        <time>2026-07-30T10:06:09.962Z</time>
      </trkpt>
      <trkpt lat="47.035714" lon="9.527079">
        <ele>699.519023</ele>
        <time>2026-07-30T10:06:13.015Z</time>
      </trkpt>
      <trkpt lat="47.035654" lon="9.527108">
        <ele>699.808243</ele>
        <time>2026-07-30T10:06:15.089Z</time>
      </trkpt>
      <trkpt lat="47.035615" lon="9.527181">
        <ele>700.097669</ele>
        <time>2026-07-30T10:06:17.360Z</time>
      </trkpt>
      <trkpt lat="47.035608" lon="9.527226">
        <ele>700.241695</ele>
        <time>2026-07-30T10:06:18.454Z</time>
      </trkpt>
      <trkpt lat="47.034486" lon="9.527052">
        <ele>704.061892</ele>
        <time>2026-07-30T10:06:50.829Z</time>
      </trkpt>
      <trkpt lat="47.033856" lon="9.527148">
        <ele>705.635572</ele>
        <time>2026-07-30T10:07:05.288Z</time>
      </trkpt>
      <trkpt lat="47.033070" lon="9.527337">
        <ele>707.557623</ele>
        <time>2026-07-30T10:07:22.504Z</time>
      </trkpt>
      <trkpt lat="47.032856" lon="9.527342">
        <ele>708.044934</ele>
        <time>2026-07-30T10:07:27.245Z</time>
      </trkpt>
      <trkpt lat="47.032421" lon="9.527270">
        <ele>709.041653</ele>
        <time>2026-07-30T10:07:37.324Z</time>
      </trkpt>
      <trkpt lat="47.032285" lon="9.527276">
        <ele>709.351447</ele>
        <time>2026-07-30T10:07:40.546Z</time>
      </trkpt>
      <trkpt lat="47.032052" lon="9.527347">
        <ele>709.893278</ele>
        <time>2026-07-30T10:07:46.393Z</time>
      </trkpt>
      <trkpt lat="47.031218" lon="9.527723">
        <ele>711.633727</ele>
        <time>2026-07-30T10:08:09.457Z</time>
      </trkpt>
      <trkpt lat="47.030983" lon="9.527799">
        <ele>712.023048</ele>
        <time>2026-07-30T10:08:15.699Z</time>
      </trkpt>
      <trkpt lat="47.030528" lon="9.527887">
        <ele>712.765537</ele>
        <time>2026-07-30T10:08:26.165Z</time>
      </trkpt>
      <trkpt lat="47.030152" lon="9.527998">
        <ele>713.386041</ele>
        <time>2026-07-30T10:08:33.788Z</time>
      </trkpt>
      <trkpt lat="47.029908" lon="9.528081">
        <ele>713.791267</ele>
        <time>2026-07-30T10:08:37.950Z</time>
      </trkpt>
      <trkpt lat="47.029493" lon="9.528257">
        <ele>713.120442</ele>
        <time>2026-07-30T10:08:43.752Z</time>
      </trkpt>
      <trkpt lat="47.029273" lon="9.528418">
        <ele>712.528781</ele>
        <time>2026-07-30T10:08:46.704Z</time>
      </trkpt>
      <trkpt lat="47.029108" lon="9.528581">
        <ele>712.050065</ele>
        <time>2026-07-30T10:08:48.936Z</time>
      </trkpt>
      <trkpt lat="47.028644" lon="9.529181">
        <ele>710.561566</ele>
        <time>2026-07-30T10:08:55.378Z</time>
      </trkpt>
      <trkpt lat="47.028284" lon="9.529492">
        <ele>709.420935</ele>
        <time>2026-07-30T10:08:59.472Z</time>
      </trkpt>
      <trkpt lat="47.027953" lon="9.529649">
        <ele>706.518319</ele>
        <time>2026-07-30T10:09:02.694Z</time>
      </trkpt>
      <trkpt lat="47.027710" lon="9.529713">
        <ele>704.458321</ele>
        <time>2026-07-30T10:09:04.893Z</time>
      </trkpt>
      <trkpt lat="47.027556" lon="9.529738">
        <ele>703.165508</ele>
        <time>2026-07-30T10:09:06.253Z</time>
      </trkpt>
      <trkpt lat="47.027229" lon="9.529782">
        <ele>700.425580</ele>
        <time>2026-07-30T10:09:09.111Z</time>
      </trkpt>
      <trkpt lat="47.026489" lon="9.529891">
        <ele>694.151023</ele>
        <time>2026-07-30T10:09:15.468Z</time>
      </trkpt>
      <trkpt lat="47.026155" lon="9.529936">
        <ele>690.848557</ele>
        <time>2026-07-30T10:09:18.336Z</time>
      </trkpt>
      <trkpt lat="47.025543" lon="9.529940">
        <ele>684.822630</ele>
        <time>2026-07-30T10:09:23.566Z</time>
      </trkpt>
      <trkpt lat="47.025370" lon="9.529923">
        <ele>683.115423</ele>
        <time>2026-07-30T10:09:25.074Z</time>
      </trkpt>
      <trkpt lat="47.025096" lon="9.529895">
        <ele>680.411029</ele>
        <time>2026-07-30T10:09:27.477Z</time>
      </trkpt>
      <trkpt lat="47.024698" lon="9.529860">
        <ele>676.519620</ele>
        <time>2026-07-30T10:09:30.959Z</time>
      </trkpt>
      <trkpt lat="47.024455" lon="9.529885">
        <ele>674.323316</ele>
        <time>2026-07-30T10:09:33.092Z</time>
      </trkpt>
      <trkpt lat="47.023880" lon="9.530077">
        <ele>669.006424</ele>
        <time>2026-07-30T10:09:38.245Z</time>
      </trkpt>
      <trkpt lat="47.023702" lon="9.530078">
        <ele>667.401540</ele>
        <time>2026-07-30T10:09:39.796Z</time>
      </trkpt>
      <trkpt lat="47.023587" lon="9.530007">
        <ele>666.276594</ele>
        <time>2026-07-30T10:09:40.883Z</time>
      </trkpt>
      <trkpt lat="47.022986" lon="9.529408">
        <ele>659.700337</ele>
        <time>2026-07-30T10:09:47.156Z</time>
      </trkpt>
      <trkpt lat="47.021978" lon="9.528595">
        <ele>649.054449</ele>
        <time>2026-07-30T10:09:57.207Z</time>
      </trkpt>
      <trkpt lat="47.021822" lon="9.528568">
        <ele>647.600698</ele>
        <time>2026-07-30T10:09:58.579Z</time>
      </trkpt>
      <trkpt lat="47.021710" lon="9.528602">
        <ele>646.542206</ele>
        <time>2026-07-30T10:09:59.569Z</time>
      </trkpt>
      <trkpt lat="47.021450" lon="9.528768">
        <ele>643.879049</ele>
        <time>2026-07-30T10:10:02.020Z</time>
      </trkpt>
      <trkpt lat="47.021284" lon="9.528802">
        <ele>641.792569</ele>
        <time>2026-07-30T10:10:03.459Z</time>
      </trkpt>
      <trkpt lat="47.020936" lon="9.528781">
        <ele>637.456864</ele>
        <time>2026-07-30T10:10:06.429Z</time>
      </trkpt>
      <trkpt lat="47.020656" lon="9.528714">
        <ele>633.925242</ele>
        <time>2026-07-30T10:10:08.829Z</time>
      </trkpt>
      <trkpt lat="47.019474" lon="9.528261">
        <ele>618.728965</ele>
        <time>2026-07-30T10:10:19.022Z</time>
      </trkpt>
      <trkpt lat="47.019172" lon="9.528112">
        <ele>614.778402</ele>
        <time>2026-07-30T10:10:21.691Z</time>
      </trkpt>
      <trkpt lat="47.018925" lon="9.527942">
        <ele>611.395536</ele>
        <time>2026-07-30T10:10:23.986Z</time>
      </trkpt>
      <trkpt lat="47.018627" lon="9.527670">
        <ele>607.043749</ele>
        <time>2026-07-30T10:10:26.950Z</time>
      </trkpt>
      <trkpt lat="47.017706" lon="9.526494">
        <ele>592.631470</ele>
        <time>2026-07-30T10:10:37.337Z</time>
      </trkpt>
      <trkpt lat="47.017650" lon="9.526422">
        <ele>591.798509</ele>
        <time>2026-07-30T10:10:37.974Z</time>
      </trkpt>
      <trkpt lat="47.017505" lon="9.526233">
        <ele>589.628757</ele>
        <time>2026-07-30T10:10:39.610Z</time>
      </trkpt>
      <trkpt lat="47.016848" lon="9.525407">
        <ele>579.949776</ele>
        <time>2026-07-30T10:10:46.962Z</time>
      </trkpt>
      <trkpt lat="47.016539" lon="9.525150">
        <ele>576.772845</ele>
        <time>2026-07-30T10:10:50.004Z</time>
      </trkpt>
      <trkpt lat="47.016364" lon="9.525118">
        <ele>575.284421</ele>
        <time>2026-07-30T10:10:51.520Z</time>
      </trkpt>
      <trkpt lat="47.015889" lon="9.525379">
        <ele>571.003362</ele>
        <time>2026-07-30T10:10:55.949Z</time>
      </trkpt>
      <trkpt lat="47.015382" lon="9.525599">
        <ele>566.540973</ele>
        <time>2026-07-30T10:11:00.696Z</time>
      </trkpt>
      <trkpt lat="47.015019" lon="9.525696">
        <ele>563.538797</ele>
        <time>2026-07-30T10:11:04.066Z</time>
      </trkpt>
      <trkpt lat="47.014931" lon="9.525747">
        <ele>562.885885</ele>
        <time>2026-07-30T10:11:04.921Z</time>
      </trkpt>
      <trkpt lat="47.014011" lon="9.526403">
        <ele>555.827144</ele>
        <time>2026-07-30T10:11:14.105Z</time>
      </trkpt>
      <trkpt lat="47.013871" lon="9.526490">
        <ele>554.777966</ele>
        <time>2026-07-30T10:11:15.457Z</time>
      </trkpt>
      <trkpt lat="47.013232" lon="9.526660">
        <ele>550.546501</ele>
        <time>2026-07-30T10:11:21.288Z</time>
      </trkpt>
      <trkpt lat="47.012661" lon="9.526859">
        <ele>547.255770</ele>
        <time>2026-07-30T10:11:26.676Z</time>
      </trkpt>
      <trkpt lat="47.012268" lon="9.527285">
        <ele>544.515697</ele>
        <time>2026-07-30T10:11:31.247Z</time>
      </trkpt>
      <trkpt lat="47.012151" lon="9.527438">
        <ele>543.636777</ele>
        <time>2026-07-30T10:11:32.714Z</time>
      </trkpt>
      <trkpt lat="47.011934" lon="9.527822">
        <ele>541.730051</ele>
        <time>2026-07-30T10:11:35.918Z</time>
      </trkpt>
      <trkpt lat="47.011844" lon="9.527908">
        <ele>541.225539</ele>
        <time>2026-07-30T10:11:36.952Z</time>
      </trkpt>
      <trkpt lat="47.011421" lon="9.527899">
        <ele>539.410154</ele>
        <time>2026-07-30T10:11:41.061Z</time>
      </trkpt>
      <trkpt lat="47.011280" lon="9.527942">
        <ele>538.792146</ele>
        <time>2026-07-30T10:11:42.462Z</time>
      </trkpt>
      <trkpt lat="47.011056" lon="9.528115">
        <ele>537.705769</ele>
        <time>2026-07-30T10:11:44.908Z</time>
      </trkpt>
      <trkpt lat="47.010906" lon="9.528349">
        <ele>536.766019</ele>
        <time>2026-07-30T10:11:47.048Z</time>
      </trkpt>
      <trkpt lat="47.010649" lon="9.529034">
        <ele>534.478310</ele>
        <time>2026-07-30T10:11:52.316Z</time>
      </trkpt>
      <trkpt lat="47.010567" lon="9.529117">
        <ele>534.050757</ele>
        <time>2026-07-30T10:11:53.283Z</time>
      </trkpt>
      <trkpt lat="47.010520" lon="9.529148">
        <ele>533.829610</ele>
        <time>2026-07-30T10:11:53.778Z</time>
      </trkpt>
      <trkpt lat="47.010474" lon="9.529194">
        <ele>533.568198</ele>
        <time>2026-07-30T10:11:54.309Z</time>
      </trkpt>
      <trkpt lat="47.010152" lon="9.529751">
        <ele>531.227245</ele>
        <time>2026-07-30T10:11:59.026Z</time>
      </trkpt>
      <trkpt lat="47.009572" lon="9.529688">
        <ele>528.492968</ele>
        <time>2026-07-30T10:12:04.385Z</time>
      </trkpt>
      <trkpt lat="47.009248" lon="9.529494">
        <ele>526.847647</ele>
        <time>2026-07-30T10:12:07.722Z</time>
      </trkpt>
      <trkpt lat="47.009086" lon="9.529439">
        <ele>526.065879</ele>
        <time>2026-07-30T10:12:09.306Z</time>
      </trkpt>
      <trkpt lat="47.009037" lon="9.529437">
        <ele>525.835421</ele>
        <time>2026-07-30T10:12:09.770Z</time>
      </trkpt>
      <trkpt lat="47.008973" lon="9.529505">
        <ele>525.463863</ele>
        <time>2026-07-30T10:12:10.538Z</time>
      </trkpt>
      <trkpt lat="47.008805" lon="9.529792">
        <ele>524.584269</ele>
        <time>2026-07-30T10:12:13.105Z</time>
      </trkpt>
      <trkpt lat="47.008354" lon="9.530695">
        <ele>522.064127</ele>
        <time>2026-07-30T10:12:21.145Z</time>
      </trkpt>
      <trkpt lat="47.008171" lon="9.530862">
        <ele>521.352447</ele>
        <time>2026-07-30T10:12:23.526Z</time>
      </trkpt>
      <trkpt lat="47.007880" lon="9.530969">
        <ele>520.361859</ele>
        <time>2026-07-30T10:12:26.757Z</time>
      </trkpt>
      <trkpt lat="47.007784" lon="9.531034">
        <ele>520.012725</ele>
        <time>2026-07-30T10:12:27.832Z</time>
      </trkpt>
      <trkpt lat="47.007581" lon="9.531168">
        <ele>519.167755</ele>
        <time>2026-07-30T10:12:29.979Z</time>
      </trkpt>
      <trkpt lat="47.007549" lon="9.531195">
        <ele>518.958466</ele>
        <time>2026-07-30T10:12:30.324Z</time>
      </trkpt>
      <trkpt lat="47.007288" lon="9.531478">
        <ele>517.118362</ele>
        <time>2026-07-30T10:12:33.344Z</time>
      </trkpt>
      <trkpt lat="47.007119" lon="9.531537">
        <ele>516.133539</ele>
        <time>2026-07-30T10:12:34.921Z</time>
      </trkpt>
      <trkpt lat="47.006936" lon="9.531572">
        <ele>515.087339</ele>
        <time>2026-07-30T10:12:36.574Z</time>
      </trkpt>
      <trkpt lat="47.006832" lon="9.531590">
        <ele>514.493678</ele>
        <time>2026-07-30T10:12:37.507Z</time>
      </trkpt>
      <trkpt lat="47.006512" lon="9.531654">
        <ele>512.662828</ele>
        <time>2026-07-30T10:12:40.413Z</time>
      </trkpt>
      <trkpt lat="47.006347" lon="9.531678">
        <ele>511.722865</ele>
        <time>2026-07-30T10:12:41.926Z</time>
      </trkpt>
      <trkpt lat="47.006239" lon="9.531637">
        <ele>511.090438</ele>
        <time>2026-07-30T10:12:42.956Z</time>
      </trkpt>
      <trkpt lat="47.006121" lon="9.531529">
        <ele>510.301908</ele>
        <time>2026-07-30T10:12:44.250Z</time>
      </trkpt>
      <trkpt lat="47.006061" lon="9.531390">
        <ele>509.665962</ele>
        <time>2026-07-30T10:12:45.288Z</time>
      </trkpt>
      <trkpt lat="47.005964" lon="9.531192">
        <ele>508.983520</ele>
        <time>2026-07-30T10:12:46.842Z</time>
      </trkpt>
      <trkpt lat="47.005940" lon="9.531149">
        <ele>508.877992</ele>
        <time>2026-07-30T10:12:47.196Z</time>
      </trkpt>
      <trkpt lat="47.005834" lon="9.530967">
        <ele>508.423446</ele>
        <time>2026-07-30T10:12:48.735Z</time>
      </trkpt>
      <trkpt lat="47.005800" lon="9.530906">
        <ele>508.273826</ele>
        <time>2026-07-30T10:12:49.255Z</time>
      </trkpt>
      <trkpt lat="47.005771" lon="9.530856">
        <ele>508.149169</ele>
        <time>2026-07-30T10:12:49.689Z</time>
      </trkpt>
      <trkpt lat="47.005452" lon="9.530463">
        <ele>506.988867</ele>
        <time>2026-07-30T10:12:53.859Z</time>
      </trkpt>
      <trkpt lat="47.005311" lon="9.530297">
        <ele>506.485298</ele>
        <time>2026-07-30T10:12:55.742Z</time>
      </trkpt>
      <trkpt lat="47.005267" lon="9.530247">
        <ele>506.330274</ele>
        <time>2026-07-30T10:12:56.350Z</time>
      </trkpt>
      <trkpt lat="47.005184" lon="9.530133">
        <ele>506.013567</ele>
        <time>2026-07-30T10:12:57.622Z</time>
      </trkpt>
      <trkpt lat="47.005099" lon="9.529977">
        <ele>505.634343</ele>
        <time>2026-07-30T10:12:59.222Z</time>
      </trkpt>
      <trkpt lat="47.005043" lon="9.529912">
        <ele>505.435443</ele>
        <time>2026-07-30T10:13:00.092Z</time>
      </trkpt>
      <trkpt lat="47.004552" lon="9.530186">
        <ele>504.179872</ele>
        <time>2026-07-30T10:13:06.643Z</time>
      </trkpt>
      <trkpt lat="47.004476" lon="9.530227">
        <ele>504.139225</ele>
        <time>2026-07-30T10:13:07.635Z</time>
      </trkpt>
      <trkpt lat="47.004357" lon="9.530289">
        <ele>504.075836</ele>
        <time>2026-07-30T10:13:09.202Z</time>
      </trkpt>
      <trkpt lat="47.003804" lon="9.530575">
        <ele>503.781506</ele>
        <time>2026-07-30T10:13:16.921Z</time>
      </trkpt>
      <trkpt lat="47.003765" lon="9.530597">
        <ele>503.760532</ele>
        <time>2026-07-30T10:13:17.497Z</time>
      </trkpt>
      <trkpt lat="47.003397" lon="9.530791">
        <ele>503.564244</ele>
        <time>2026-07-30T10:13:22.883Z</time>
      </trkpt>
      <trkpt lat="47.003203" lon="9.530949">
        <ele>503.452857</ele>
        <time>2026-07-30T10:13:25.885Z</time>
      </trkpt>
      <trkpt lat="47.002813" lon="9.531345">
        <ele>503.314949</ele>
        <time>2026-07-30T10:13:32.467Z</time>
      </trkpt>
      <trkpt lat="47.002720" lon="9.531440">
        <ele>503.310872</ele>
        <time>2026-07-30T10:13:34.084Z</time>
      </trkpt>
      <trkpt lat="47.002544" lon="9.531619">
        <ele>503.303167</ele>
        <time>2026-07-30T10:13:37.186Z</time>
      </trkpt>
      <trkpt lat="47.002385" lon="9.531778">
        <ele>503.296244</ele>
        <time>2026-07-30T10:13:39.979Z</time>
      </trkpt>
      <trkpt lat="47.000858" lon="9.533355">
        <ele>503.483389</ele>
        <time>2026-07-30T10:14:08.270Z</time>
      </trkpt>
      <trkpt lat="46.998545" lon="9.535662">
        <ele>504.572492</ele>
        <time>2026-07-30T10:14:54.753Z</time>
      </trkpt>
      <trkpt lat="46.998346" lon="9.535901">
        <ele>504.658999</ele>
        <time>2026-07-30T10:14:58.900Z</time>
      </trkpt>
      <trkpt lat="46.997889" lon="9.536613">
        <ele>504.883248</ele>
        <time>2026-07-30T10:15:09.581Z</time>
      </trkpt>
      <trkpt lat="46.997509" lon="9.537141">
        <ele>505.059307</ele>
        <time>2026-07-30T10:15:18.000Z</time>
      </trkpt>
      <trkpt lat="46.995715" lon="9.539123">
        <ele>505.936135</ele>
        <time>2026-07-30T10:15:55.285Z</time>
      </trkpt>
      <trkpt lat="46.992548" lon="9.542616">
        <ele>506.846526</ele>
        <time>2026-07-30T10:16:57.181Z</time>
      </trkpt>
      <trkpt lat="46.992237" lon="9.542927">
        <ele>506.957565</ele>
        <time>2026-07-30T10:17:03.122Z</time>
      </trkpt>
      <trkpt lat="46.992059" lon="9.543052">
        <ele>507.015780</ele>
        <time>2026-07-30T10:17:06.273Z</time>
      </trkpt>
      <trkpt lat="46.988893" lon="9.544767">
        <ele>508.389642</ele>
        <time>2026-07-30T10:18:02.025Z</time>
      </trkpt>
      <trkpt lat="46.984079" lon="9.547405">
        <ele>510.613657</ele>
        <time>2026-07-30T10:19:26.951Z</time>
      </trkpt>
      <trkpt lat="46.983549" lon="9.547708">
        <ele>510.879097</ele>
        <time>2026-07-30T10:19:36.140Z</time>
      </trkpt>
      <trkpt lat="46.982960" lon="9.548145">
        <ele>511.187122</ele>
        <time>2026-07-30T10:19:47.255Z</time>
      </trkpt>
      <trkpt lat="46.979701" lon="9.550614">
        <ele>514.537758</ele>
        <time>2026-07-30T10:20:55.844Z</time>
      </trkpt>
      <trkpt lat="46.977184" lon="9.552549">
        <ele>516.553924</ele>
        <time>2026-07-30T10:21:45.719Z</time>
      </trkpt>
      <trkpt lat="46.976123" lon="9.553760">
        <ele>517.474460</ele>
        <time>2026-07-30T10:22:08.911Z</time>
      </trkpt>
      <trkpt lat="46.975467" lon="9.554584">
        <ele>518.086419</ele>
        <time>2026-07-30T10:22:24.225Z</time>
      </trkpt>
      <trkpt lat="46.974958" lon="9.555359">
        <ele>518.613868</ele>
        <time>2026-07-30T10:22:37.816Z</time>
      </trkpt>
      <trkpt lat="46.974174" lon="9.556628">
        <ele>519.460770</ele>
        <time>2026-07-30T10:22:59.015Z</time>
      </trkpt>
      <trkpt lat="46.973526" lon="9.557672">
        <ele>519.966637</ele>
        <time>2026-07-30T10:23:14.502Z</time>
      </trkpt>
      <trkpt lat="46.972309" lon="9.559429">
        <ele>521.499721</ele>
        <time>2026-07-30T10:23:43.319Z</time>
      </trkpt>
      <trkpt lat="46.971652" lon="9.560171">
        <ele>522.749431</ele>
        <time>2026-07-30T10:24:02.791Z</time>
      </trkpt>
      <trkpt lat="46.971593" lon="9.560233">
        <ele>522.858815</ele>
        <time>2026-07-30T10:24:04.574Z</time>
      </trkpt>
      <trkpt lat="46.971103" lon="9.560760">
        <ele>523.720404</ele>
        <time>2026-07-30T10:24:18.737Z</time>
      </trkpt>
      <trkpt lat="46.970592" lon="9.561316">
        <ele>524.594376</ele>
        <time>2026-07-30T10:24:31.793Z</time>
      </trkpt>
      <trkpt lat="46.970393" lon="9.561404">
        <ele>524.879814</ele>
        <time>2026-07-30T10:24:35.490Z</time>
      </trkpt>
      <trkpt lat="46.970270" lon="9.561395">
        <ele>525.048929</ele>
        <time>2026-07-30T10:24:37.628Z</time>
      </trkpt>
      <trkpt lat="46.970246" lon="9.561388">
        <ele>525.082532</ele>
        <time>2026-07-30T10:24:38.033Z</time>
      </trkpt>
      <trkpt lat="46.970145" lon="9.561500">
        <ele>525.256458</ele>
        <time>2026-07-30T10:24:40.176Z</time>
      </trkpt>
      <trkpt lat="46.969999" lon="9.561818">
        <ele>525.615608</ele>
        <time>2026-07-30T10:24:44.556Z</time>
      </trkpt>
      <trkpt lat="46.969911" lon="9.561955">
        <ele>525.803835</ele>
        <time>2026-07-30T10:24:46.923Z</time>
      </trkpt>
      <trkpt lat="46.969841" lon="9.562045">
        <ele>525.941311</ele>
        <time>2026-07-30T10:24:48.696Z</time>
      </trkpt>
      <trkpt lat="46.969720" lon="9.562118">
        <ele>526.134487</ele>
        <time>2026-07-30T10:24:51.449Z</time>
      </trkpt>
      <trkpt lat="46.969620" lon="9.562108">
        <ele>526.282459</ele>
        <time>2026-07-30T10:24:53.628Z</time>
      </trkpt>
      <trkpt lat="46.969567" lon="9.562171">
        <ele>526.383206</ele>
        <time>2026-07-30T10:24:55.155Z</time>
      </trkpt>
      <trkpt lat="46.969548" lon="9.562256">
        <ele>526.473312</ele>
        <time>2026-07-30T10:24:56.625Z</time>
      </trkpt>
      <trkpt lat="46.969389" lon="9.562438">
        <ele>526.771162</ele>
        <time>2026-07-30T10:25:01.566Z</time>
      </trkpt>
      <trkpt lat="46.969192" lon="9.562476">
        <ele>527.064499</ele>
        <time>2026-07-30T10:25:06.385Z</time>
      </trkpt>
      <trkpt lat="46.968976" lon="9.562501">
        <ele>527.384371</ele>
        <time>2026-07-30T10:25:11.441Z</time>
      </trkpt>
      <trkpt lat="46.968797" lon="9.562521">
        <ele>527.649393</ele>
        <time>2026-07-30T10:25:15.245Z</time>
      </trkpt>
      <trkpt lat="46.968769" lon="9.562525">
        <ele>527.690925</ele>
        <time>2026-07-30T10:25:15.836Z</time>
      </trkpt>
      <trkpt lat="46.968466" lon="9.562568">
        <ele>528.140334</ele>
        <time>2026-07-30T10:25:21.857Z</time>
      </trkpt>
      <trkpt lat="46.968293" lon="9.562613">
        <ele>528.242521</ele>
        <time>2026-07-30T10:25:25.168Z</time>
      </trkpt>
      <trkpt lat="46.968266" lon="9.562547">
        <ele>528.210577</ele>
        <time>2026-07-30T10:25:26.156Z</time>
      </trkpt>
      <trkpt lat="46.968221" lon="9.562526">
        <ele>528.181848</ele>
        <time>2026-07-30T10:25:27.028Z</time>
      </trkpt>
      <trkpt lat="46.968101" lon="9.562633">
        <ele>528.096398</ele>
        <time>2026-07-30T10:25:29.512Z</time>
      </trkpt>
      <trkpt lat="46.967983" lon="9.562642">
        <ele>528.024520</ele>
        <time>2026-07-30T10:25:31.362Z</time>
      </trkpt>
      <trkpt lat="46.967869" lon="9.562667">
        <ele>527.954399</ele>
        <time>2026-07-30T10:25:33.005Z</time>
      </trkpt>
      <trkpt lat="46.967810" lon="9.562677">
        <ele>527.918269</ele>
        <time>2026-07-30T10:25:33.765Z</time>
      </trkpt>
      <trkpt lat="46.967731" lon="9.562683">
        <ele>527.870147</ele>
        <time>2026-07-30T10:25:34.788Z</time>
      </trkpt>
      <trkpt lat="46.967464" lon="9.562698">
        <ele>527.707607</ele>
        <time>2026-07-30T10:25:38.013Z</time>
      </trkpt>
      <trkpt lat="46.967315" lon="9.562706">
        <ele>527.616907</ele>
        <time>2026-07-30T10:25:39.714Z</time>
      </trkpt>
      <trkpt lat="46.967199" lon="9.562716">
        <ele>527.546220</ele>
        <time>2026-07-30T10:25:41.036Z</time>
      </trkpt>
      <trkpt lat="46.967186" lon="9.562717">
        <ele>527.538301</ele>
        <time>2026-07-30T10:25:41.173Z</time>
      </trkpt>
      <trkpt lat="46.967091" lon="9.562726">
        <ele>527.480390</ele>
        <time>2026-07-30T10:25:42.270Z</time>
      </trkpt>
      <trkpt lat="46.967053" lon="9.562730">
        <ele>527.457214</ele>
        <time>2026-07-30T10:25:42.684Z</time>
      </trkpt>
      <trkpt lat="46.966875" lon="9.562754">
        <ele>527.348476</ele>
        <time>2026-07-30T10:25:44.694Z</time>
      </trkpt>
      <trkpt lat="46.966598" lon="9.562864">
        <ele>527.179111</ele>
        <time>2026-07-30T10:25:48.020Z</time>
      </trkpt>
      <trkpt lat="46.966474" lon="9.562937">
        <ele>527.118657</ele>
        <time>2026-07-30T10:25:49.648Z</time>
      </trkpt>
      <trkpt lat="46.966304" lon="9.562985">
        <ele>527.040337</ele>
        <time>2026-07-30T10:25:51.758Z</time>
      </trkpt>
      <trkpt lat="46.966199" lon="9.562988">
        <ele>526.992827</ele>
        <time>2026-07-30T10:25:53.094Z</time>
      </trkpt>
      <trkpt lat="46.966174" lon="9.562966">
        <ele>526.979634</ele>
        <time>2026-07-30T10:25:53.444Z</time>
      </trkpt>
      <trkpt lat="46.966105" lon="9.562967">
        <ele>526.948418</ele>
        <time>2026-07-30T10:25:54.293Z</time>
      </trkpt>
      <trkpt lat="46.966058" lon="9.563047">
        <ele>526.915829</ele>
        <time>2026-07-30T10:25:55.222Z</time>
      </trkpt>
      <trkpt lat="46.965839" lon="9.563262">
        <ele>526.796576</ele>
        <time>2026-07-30T10:25:58.707Z</time>
      </trkpt>
      <trkpt lat="46.965172" lon="9.563564">
        <ele>526.480757</ele>
        <time>2026-07-30T10:26:09.110Z</time>
      </trkpt>
      <trkpt lat="46.963067" lon="9.564320">
        <ele>526.637811</ele>
        <time>2026-07-30T10:26:43.257Z</time>
      </trkpt>
      <trkpt lat="46.962943" lon="9.564364">
        <ele>526.586763</ele>
        <time>2026-07-30T10:26:45.018Z</time>
      </trkpt>
      <trkpt lat="46.962765" lon="9.564429">
        <ele>526.513365</ele>
        <time>2026-07-30T10:26:47.589Z</time>
      </trkpt>
      <trkpt lat="46.962636" lon="9.564477">
        <ele>526.460112</ele>
        <time>2026-07-30T10:26:49.449Z</time>
      </trkpt>
      <trkpt lat="46.962008" lon="9.564702">
        <ele>526.201438</ele>
        <time>2026-07-30T10:26:57.918Z</time>
      </trkpt>
      <trkpt lat="46.961751" lon="9.564791">
        <ele>526.095776</ele>
        <time>2026-07-30T10:27:01.253Z</time>
      </trkpt>
      <trkpt lat="46.958425" lon="9.566005">
        <ele>524.015758</ele>
        <time>2026-07-30T10:27:44.900Z</time>
      </trkpt>
      <trkpt lat="46.958192" lon="9.566059">
        <ele>523.899613</ele>
        <time>2026-07-30T10:27:48.191Z</time>
      </trkpt>
      <trkpt lat="46.957793" lon="9.566085">
        <ele>523.924362</ele>
        <time>2026-07-30T10:27:54.020Z</time>
      </trkpt>
      <trkpt lat="46.956790" lon="9.565914">
        <ele>524.750773</ele>
        <time>2026-07-30T10:28:12.357Z</time>
      </trkpt>
      <trkpt lat="46.956578" lon="9.565754">
        <ele>524.945945</ele>
        <time>2026-07-30T10:28:17.270Z</time>
      </trkpt>
      <trkpt lat="46.956532" lon="9.565682">
        <ele>525.001035</ele>
        <time>2026-07-30T10:28:18.609Z</time>
      </trkpt>
      <trkpt lat="46.956467" lon="9.565663">
        <ele>525.055281</ele>
        <time>2026-07-30T10:28:20.013Z</time>
      </trkpt>
      <trkpt lat="46.956411" lon="9.565698">
        <ele>525.105108</ele>
        <time>2026-07-30T10:28:21.250Z</time>
      </trkpt>
      <trkpt lat="46.956391" lon="9.565731">
        <ele>525.129761</ele>
        <time>2026-07-30T10:28:21.893Z</time>
      </trkpt>
      <trkpt lat="46.956315" lon="9.565768">
        <ele>525.195305</ele>
        <time>2026-07-30T10:28:23.602Z</time>
      </trkpt>
      <trkpt lat="46.956069" lon="9.565786">
        <ele>525.353102</ele>
        <time>2026-07-30T10:28:28.734Z</time>
      </trkpt>
      <trkpt lat="46.955858" lon="9.565755">
        <ele>525.471874</ele>
        <time>2026-07-30T10:28:32.921Z</time>
      </trkpt>
      <trkpt lat="46.955496" lon="9.565744">
        <ele>525.674670</ele>
        <time>2026-07-30T10:28:39.352Z</time>
      </trkpt>
      <trkpt lat="46.955042" lon="9.565845">
        <ele>525.931867</ele>
        <time>2026-07-30T10:28:46.467Z</time>
      </trkpt>
      <trkpt lat="46.954338" lon="9.566013">
        <ele>526.327343</ele>
        <time>2026-07-30T10:28:57.176Z</time>
      </trkpt>
      <trkpt lat="46.954299" lon="9.566023">
        <ele>526.348162</ele>
        <time>2026-07-30T10:28:57.803Z</time>
      </trkpt>
      <trkpt lat="46.953237" lon="9.566279">
        <ele>526.914100</ele>
        <time>2026-07-30T10:29:15.456Z</time>
      </trkpt>
      <trkpt lat="46.952922" lon="9.566358">
        <ele>527.082146</ele>
        <time>2026-07-30T10:29:21.694Z</time>
      </trkpt>
      <trkpt lat="46.952863" lon="9.566372">
        <ele>527.113574</ele>
        <time>2026-07-30T10:29:22.816Z</time>
      </trkpt>
      <trkpt lat="46.952374" lon="9.566498">
        <ele>527.509245</ele>
        <time>2026-07-30T10:29:31.765Z</time>
      </trkpt>
      <trkpt lat="46.952061" lon="9.566579">
        <ele>527.814130</ele>
        <time>2026-07-30T10:29:37.258Z</time>
      </trkpt>
      <trkpt lat="46.951567" lon="9.566713">
        <ele>528.296042</ele>
        <time>2026-07-30T10:29:46.051Z</time>
      </trkpt>
      <trkpt lat="46.950847" lon="9.566967">
        <ele>529.079676</ele>
        <time>2026-07-30T10:30:00.428Z</time>
      </trkpt>
      <trkpt lat="46.950541" lon="9.567111">
        <ele>529.711630</ele>
        <time>2026-07-30T10:30:07.403Z</time>
      </trkpt>
      <trkpt lat="46.949875" lon="9.567439">
        <ele>531.093175</ele>
        <time>2026-07-30T10:30:24.179Z</time>
      </trkpt>
      <trkpt lat="46.948937" lon="9.567949">
        <ele>532.965738</ele>
        <time>2026-07-30T10:30:47.775Z</time>
      </trkpt>
      <trkpt lat="46.948821" lon="9.568015">
        <ele>533.170956</ele>
        <time>2026-07-30T10:30:50.503Z</time>
      </trkpt>
      <trkpt lat="46.948373" lon="9.568278">
        <ele>533.966870</ele>
        <time>2026-07-30T10:31:00.367Z</time>
      </trkpt>
      <trkpt lat="46.947908" lon="9.568550">
        <ele>534.792578</ele>
        <time>2026-07-30T10:31:10.327Z</time>
      </trkpt>
      <trkpt lat="46.947668" lon="9.568666">
        <ele>535.209349</ele>
        <time>2026-07-30T10:31:15.423Z</time>
      </trkpt>
      <trkpt lat="46.947099" lon="9.568866">
        <ele>536.550433</ele>
        <time>2026-07-30T10:31:28.582Z</time>
      </trkpt>
      <trkpt lat="46.946633" lon="9.568956">
        <ele>537.722236</ele>
        <time>2026-07-30T10:31:39.191Z</time>
      </trkpt>
      <trkpt lat="46.946345" lon="9.568991">
        <ele>538.442693</ele>
        <time>2026-07-30T10:31:46.390Z</time>
      </trkpt>
      <trkpt lat="46.946175" lon="9.568975">
        <ele>538.867381</ele>
        <time>2026-07-30T10:31:50.699Z</time>
      </trkpt>
      <trkpt lat="46.945876" lon="9.568819">
        <ele>539.658668</ele>
        <time>2026-07-30T10:31:59.181Z</time>
      </trkpt>
      <trkpt lat="46.945359" lon="9.568482">
        <ele>542.576230</ele>
        <time>2026-07-30T10:32:16.541Z</time>
      </trkpt>
      <trkpt lat="46.945196" lon="9.568437">
        <ele>543.533462</ele>
        <time>2026-07-30T10:32:22.576Z</time>
      </trkpt>
      <trkpt lat="46.945019" lon="9.568447">
        <ele>544.555685</ele>
        <time>2026-07-30T10:32:29.298Z</time>
      </trkpt>
      <trkpt lat="46.944648" lon="9.568585">
        <ele>546.764675</ele>
        <time>2026-07-30T10:32:44.770Z</time>
      </trkpt>
      <trkpt lat="46.944630" lon="9.568591">
        <ele>546.871209</ele>
        <time>2026-07-30T10:32:45.520Z</time>
      </trkpt>
      <trkpt lat="46.944361" lon="9.568695">
        <ele>548.476768</ele>
        <time>2026-07-30T10:32:57.482Z</time>
      </trkpt>
      <trkpt lat="46.944154" lon="9.568737">
        <ele>549.682768</ele>
        <time>2026-07-30T10:33:06.961Z</time>
      </trkpt>
      <trkpt lat="46.943882" lon="9.568727">
        <ele>551.172760</ele>
        <time>2026-07-30T10:33:19.393Z</time>
      </trkpt>
      <trkpt lat="46.943543" lon="9.568688">
        <ele>552.969393</ele>
        <time>2026-07-30T10:33:34.691Z</time>
      </trkpt>
      <trkpt lat="46.943039" lon="9.568629">
        <ele>555.640784</ele>
        <time>2026-07-30T10:33:54.378Z</time>
      </trkpt>
      <trkpt lat="46.942825" lon="9.568603">
        <ele>556.775343</ele>
        <time>2026-07-30T10:34:01.128Z</time>
      </trkpt>
      <trkpt lat="46.942597" lon="9.568560">
        <ele>557.989934</ele>
        <time>2026-07-30T10:34:08.117Z</time>
      </trkpt>
      <trkpt lat="46.942393" lon="9.568487">
        <ele>559.099475</ele>
        <time>2026-07-30T10:34:14.350Z</time>
      </trkpt>
      <trkpt lat="46.942331" lon="9.568458">
        <ele>559.443352</ele>
        <time>2026-07-30T10:34:16.250Z</time>
      </trkpt>
      <trkpt lat="46.942070" lon="9.568309">
        <ele>560.139446</ele>
        <time>2026-07-30T10:34:23.793Z</time>
      </trkpt>
      <trkpt lat="46.941174" lon="9.567768">
        <ele>561.665701</ele>
        <time>2026-07-30T10:34:44.298Z</time>
      </trkpt>
      <trkpt lat="46.940742" lon="9.567606">
        <ele>562.367979</ele>
        <time>2026-07-30T10:34:52.212Z</time>
      </trkpt>
      <trkpt lat="46.940399" lon="9.567491">
        <ele>562.690853</ele>
        <time>2026-07-30T10:34:57.887Z</time>
      </trkpt>
      <trkpt lat="46.940056" lon="9.567376">
        <ele>562.792127</ele>
        <time>2026-07-30T10:35:03.681Z</time>
      </trkpt>
      <trkpt lat="46.939371" lon="9.567079">
        <ele>562.997737</ele>
        <time>2026-07-30T10:35:14.673Z</time>
      </trkpt>
      <trkpt lat="46.939351" lon="9.567070">
        <ele>563.003759</ele>
        <time>2026-07-30T10:35:14.972Z</time>
      </trkpt>
      <trkpt lat="46.939119" lon="9.566987">
        <ele>563.072495</ele>
        <time>2026-07-30T10:35:18.401Z</time>
      </trkpt>
      <trkpt lat="46.938939" lon="9.566934">
        <ele>563.125338</ele>
        <time>2026-07-30T10:35:21.194Z</time>
      </trkpt>
      <trkpt lat="46.938669" lon="9.566853">
        <ele>563.224307</ele>
        <time>2026-07-30T10:35:25.725Z</time>
      </trkpt>
      <trkpt lat="46.938189" lon="9.566597">
        <ele>563.431695</ele>
        <time>2026-07-30T10:35:34.962Z</time>
      </trkpt>
      <trkpt lat="46.937813" lon="9.566392">
        <ele>563.594576</ele>
        <time>2026-07-30T10:35:41.469Z</time>
      </trkpt>
      <trkpt lat="46.937776" lon="9.566374">
        <ele>563.610405</ele>
        <time>2026-07-30T10:35:42.087Z</time>
      </trkpt>
      <trkpt lat="46.937449" lon="9.566198">
        <ele>563.751840</ele>
        <time>2026-07-30T10:35:47.656Z</time>
      </trkpt>
      <trkpt lat="46.937140" lon="9.565984">
        <ele>563.875877</ele>
        <time>2026-07-30T10:35:53.056Z</time>
      </trkpt>
      <trkpt lat="46.936532" lon="9.565624">
        <ele>563.048703</ele>
        <time>2026-07-30T10:36:03.737Z</time>
      </trkpt>
      <trkpt lat="46.936353" lon="9.565528">
        <ele>562.808267</ele>
        <time>2026-07-30T10:36:06.334Z</time>
      </trkpt>
      <trkpt lat="46.936183" lon="9.565392">
        <ele>562.563941</ele>
        <time>2026-07-30T10:36:08.686Z</time>
      </trkpt>
      <trkpt lat="46.935925" lon="9.565212">
        <ele>562.203486</ele>
        <time>2026-07-30T10:36:11.839Z</time>
      </trkpt>
      <trkpt lat="46.935591" lon="9.564994">
        <ele>561.742267</ele>
        <time>2026-07-30T10:36:15.571Z</time>
      </trkpt>
      <trkpt lat="46.935342" lon="9.564844">
        <ele>561.075204</ele>
        <time>2026-07-30T10:36:18.247Z</time>
      </trkpt>
      <trkpt lat="46.934922" lon="9.564538">
        <ele>559.585319</ele>
        <time>2026-07-30T10:36:22.870Z</time>
      </trkpt>
      <trkpt lat="46.934909" lon="9.564528">
        <ele>559.538681</ele>
        <time>2026-07-30T10:36:23.015Z</time>
      </trkpt>
      <trkpt lat="46.934782" lon="9.564426">
        <ele>559.078651</ele>
        <time>2026-07-30T10:36:24.431Z</time>
      </trkpt>
      <trkpt lat="46.934342" lon="9.564101">
        <ele>557.513514</ele>
        <time>2026-07-30T10:36:29.212Z</time>
      </trkpt>
      <trkpt lat="46.933608" lon="9.563588">
        <ele>556.168911</ele>
        <time>2026-07-30T10:36:37.898Z</time>
      </trkpt>
      <trkpt lat="46.933373" lon="9.563407">
        <ele>556.396346</ele>
        <time>2026-07-30T10:36:42.117Z</time>
      </trkpt>
      <trkpt lat="46.933015" lon="9.563157">
        <ele>556.736075</ele>
        <time>2026-07-30T10:36:50.911Z</time>
      </trkpt>
      <trkpt lat="46.932718" lon="9.563047">
        <ele>556.998485</ele>
        <time>2026-07-30T10:36:58.117Z</time>
      </trkpt>
      <trkpt lat="46.932397" lon="9.562990">
        <ele>557.275456</ele>
        <time>2026-07-30T10:37:05.819Z</time>
      </trkpt>
      <trkpt lat="46.932057" lon="9.562919">
        <ele>557.492192</ele>
        <time>2026-07-30T10:37:14.357Z</time>
      </trkpt>
      <trkpt lat="46.931535" lon="9.562788">
        <ele>557.660530</ele>
        <time>2026-07-30T10:37:26.311Z</time>
      </trkpt>
      <trkpt lat="46.931472" lon="9.562780">
        <ele>557.680630</ele>
        <time>2026-07-30T10:37:27.571Z</time>
      </trkpt>
      <trkpt lat="46.930609" lon="9.562729">
        <ele>557.955160</ele>
        <time>2026-07-30T10:37:39.378Z</time>
      </trkpt>
      <trkpt lat="46.929597" lon="9.562670">
        <ele>555.809413</ele>
        <time>2026-07-30T10:37:50.388Z</time>
      </trkpt>
      <trkpt lat="46.929167" lon="9.562637">
        <ele>554.641667</ele>
        <time>2026-07-30T10:37:54.773Z</time>
      </trkpt>
      <trkpt lat="46.929109" lon="9.562634">
        <ele>554.484275</ele>
        <time>2026-07-30T10:37:55.360Z</time>
      </trkpt>
      <trkpt lat="46.929057" lon="9.562629">
        <ele>554.342949</ele>
        <time>2026-07-30T10:37:55.878Z</time>
      </trkpt>
      <trkpt lat="46.928869" lon="9.562609">
        <ele>553.831756</ele>
        <time>2026-07-30T10:37:57.742Z</time>
      </trkpt>
      <trkpt lat="46.928142" lon="9.562501">
        <ele>551.915521</ele>
        <time>2026-07-30T10:38:04.921Z</time>
      </trkpt>
      <trkpt lat="46.928042" lon="9.562481">
        <ele>551.655698</ele>
        <time>2026-07-30T10:38:05.944Z</time>
      </trkpt>
      <trkpt lat="46.927414" lon="9.562372">
        <ele>550.027700</ele>
        <time>2026-07-30T10:38:12.617Z</time>
      </trkpt>
      <trkpt lat="46.927306" lon="9.562365">
        <ele>549.749400</ele>
        <time>2026-07-30T10:38:13.801Z</time>
      </trkpt>
      <trkpt lat="46.926912" lon="9.562355">
        <ele>548.734961</ele>
        <time>2026-07-30T10:38:18.253Z</time>
      </trkpt>
      <trkpt lat="46.922314" lon="9.562714">
        <ele>542.809684</ele>
        <time>2026-07-30T10:39:13.107Z</time>
      </trkpt>
      <trkpt lat="46.921996" lon="9.562769">
        <ele>542.360950</ele>
        <time>2026-07-30T10:39:16.957Z</time>
      </trkpt>
      <trkpt lat="46.921643" lon="9.562881">
        <ele>541.854785</ele>
        <time>2026-07-30T10:39:21.138Z</time>
      </trkpt>
      <trkpt lat="46.921545" lon="9.562875">
        <ele>541.717331</ele>
        <time>2026-07-30T10:39:22.186Z</time>
      </trkpt>
      <trkpt lat="46.921447" lon="9.562865">
        <ele>541.579664</ele>
        <time>2026-07-30T10:39:23.270Z</time>
      </trkpt>
      <trkpt lat="46.921388" lon="9.562807">
        <ele>541.406073</ele>
        <time>2026-07-30T10:39:24.056Z</time>
      </trkpt>
      <trkpt lat="46.921317" lon="9.562808">
        <ele>541.231536</ele>
        <time>2026-07-30T10:39:24.878Z</time>
      </trkpt>
      <trkpt lat="46.921242" lon="9.562916">
        <ele>540.972948</ele>
        <time>2026-07-30T10:39:26.071Z</time>
      </trkpt>
      <trkpt lat="46.921236" lon="9.562970">
        <ele>540.881094</ele>
        <time>2026-07-30T10:39:26.518Z</time>
      </trkpt>
      <trkpt lat="46.921132" lon="9.563120">
        <ele>540.522235</ele>
        <time>2026-07-30T10:39:28.117Z</time>
      </trkpt>
      <trkpt lat="46.920982" lon="9.563163">
        <ele>540.146510</ele>
        <time>2026-07-30T10:39:29.735Z</time>
      </trkpt>
      <trkpt lat="46.920816" lon="9.562992">
        <ele>539.647577</ele>
        <time>2026-07-30T10:39:31.824Z</time>
      </trkpt>
      <trkpt lat="46.920797" lon="9.562895">
        <ele>539.478154</ele>
        <time>2026-07-30T10:39:32.513Z</time>
      </trkpt>
      <trkpt lat="46.920708" lon="9.562802">
        <ele>539.209373</ele>
        <time>2026-07-30T10:39:33.622Z</time>
      </trkpt>
      <trkpt lat="46.920634" lon="9.562808">
        <ele>539.027190</ele>
        <time>2026-07-30T10:39:34.372Z</time>
      </trkpt>
      <trkpt lat="46.920573" lon="9.562869">
        <ele>538.845605</ele>
        <time>2026-07-30T10:39:35.132Z</time>
      </trkpt>
      <trkpt lat="46.920551" lon="9.562926">
        <ele>538.735681</ele>
        <time>2026-07-30T10:39:35.599Z</time>
      </trkpt>
      <trkpt lat="46.920327" lon="9.563031">
        <ele>538.157521</ele>
        <time>2026-07-30T10:39:38.137Z</time>
      </trkpt>
      <trkpt lat="46.920216" lon="9.562970">
        <ele>537.866077</ele>
        <time>2026-07-30T10:39:39.367Z</time>
      </trkpt>
      <trkpt lat="46.919965" lon="9.562727">
        <ele>537.141132</ele>
        <time>2026-07-30T10:39:42.429Z</time>
      </trkpt>
      <trkpt lat="46.919695" lon="9.562473">
        <ele>536.734022</ele>
        <time>2026-07-30T10:39:45.888Z</time>
      </trkpt>
      <trkpt lat="46.919493" lon="9.562324">
        <ele>536.447098</ele>
        <time>2026-07-30T10:39:48.413Z</time>
      </trkpt>
      <trkpt lat="46.919222" lon="9.562165">
        <ele>536.076753</ele>
        <time>2026-07-30T10:39:51.594Z</time>
      </trkpt>
      <trkpt lat="46.918899" lon="9.562027">
        <ele>535.649932</ele>
        <time>2026-07-30T10:39:55.702Z</time>
      </trkpt>
      <trkpt lat="46.917780" lon="9.561757">
        <ele>534.977264</ele>
        <time>2026-07-30T10:40:12.059Z</time>
      </trkpt>
      <trkpt lat="46.916676" lon="9.561491">
        <ele>535.195358</ele>
        <time>2026-07-30T10:40:29.556Z</time>
      </trkpt>
      <trkpt lat="46.915718" lon="9.561172">
        <ele>536.188134</ele>
        <time>2026-07-30T10:40:47.291Z</time>
      </trkpt>
      <trkpt lat="46.914941" lon="9.560815">
        <ele>537.136796</ele>
        <time>2026-07-30T10:41:04.234Z</time>
      </trkpt>
      <trkpt lat="46.914151" lon="9.560360">
        <ele>538.405180</ele>
        <time>2026-07-30T10:41:22.964Z</time>
      </trkpt>
      <trkpt lat="46.912982" lon="9.559643">
        <ele>540.373486</ele>
        <time>2026-07-30T10:41:49.122Z</time>
      </trkpt>
      <trkpt lat="46.911879" lon="9.559155">
        <ele>542.030750</ele>
        <time>2026-07-30T10:42:12.862Z</time>
      </trkpt>
      <trkpt lat="46.910779" lon="9.558724">
        <ele>543.950454</ele>
        <time>2026-07-30T10:42:36.400Z</time>
      </trkpt>
      <trkpt lat="46.910507" lon="9.558651">
        <ele>544.467775</ele>
        <time>2026-07-30T10:42:42.026Z</time>
      </trkpt>
      <trkpt lat="46.909343" lon="9.558444">
        <ele>547.158974</ele>
        <time>2026-07-30T10:43:09.339Z</time>
      </trkpt>
      <trkpt lat="46.909056" lon="9.558391">
        <ele>548.176264</ele>
        <time>2026-07-30T10:43:17.668Z</time>
      </trkpt>
      <trkpt lat="46.908638" lon="9.558312">
        <ele>549.658442</ele>
        <time>2026-07-30T10:43:30.332Z</time>
      </trkpt>
      <trkpt lat="46.908233" lon="9.558237">
        <ele>551.094055</ele>
        <time>2026-07-30T10:43:43.709Z</time>
      </trkpt>
      <trkpt lat="46.908068" lon="9.558206">
        <ele>551.679069</ele>
        <time>2026-07-30T10:43:49.127Z</time>
      </trkpt>
      <trkpt lat="46.907731" lon="9.558141">
        <ele>552.712564</ele>
        <time>2026-07-30T10:43:59.482Z</time>
      </trkpt>
      <trkpt lat="46.907666" lon="9.558130">
        <ele>552.860529</ele>
        <time>2026-07-30T10:44:01.444Z</time>
      </trkpt>
      <trkpt lat="46.907602" lon="9.558120">
        <ele>553.006077</ele>
        <time>2026-07-30T10:44:03.375Z</time>
      </trkpt>
      <trkpt lat="46.907405" lon="9.558085">
        <ele>553.454829</ele>
        <time>2026-07-30T10:44:09.273Z</time>
      </trkpt>
      <trkpt lat="46.907222" lon="9.558052">
        <ele>553.871781</ele>
        <time>2026-07-30T10:44:14.334Z</time>
      </trkpt>
      <trkpt lat="46.907206" lon="9.558049">
        <ele>553.908258</ele>
        <time>2026-07-30T10:44:14.725Z</time>
      </trkpt>
      <trkpt lat="46.907141" lon="9.558037">
        <ele>554.056409</ele>
        <time>2026-07-30T10:44:16.429Z</time>
      </trkpt>
      <trkpt lat="46.907128" lon="9.558035">
        <ele>554.085968</ele>
        <time>2026-07-30T10:44:16.737Z</time>
      </trkpt>
      <trkpt lat="46.906426" lon="9.557903">
        <ele>555.686469</ele>
        <time>2026-07-30T10:44:31.600Z</time>
      </trkpt>
      <trkpt lat="46.906243" lon="9.557877">
        <ele>556.102237</ele>
        <time>2026-07-30T10:44:34.982Z</time>
      </trkpt>
      <trkpt lat="46.906047" lon="9.557790">
        <ele>556.542888</ele>
        <time>2026-07-30T10:44:38.556Z</time>
      </trkpt>
      <trkpt lat="46.905786" lon="9.557579">
        <ele>557.020314</ele>
        <time>2026-07-30T10:44:43.870Z</time>
      </trkpt>
      <trkpt lat="46.904163" lon="9.556252">
        <ele>560.575343</ele>
        <time>2026-07-30T10:45:24.207Z</time>
      </trkpt>
      <trkpt lat="46.903555" lon="9.555760">
        <ele>562.710889</ele>
        <time>2026-07-30T10:45:44.645Z</time>
      </trkpt>
      <trkpt lat="46.903306" lon="9.555560">
        <ele>563.583968</ele>
        <time>2026-07-30T10:45:53.791Z</time>
      </trkpt>
      <trkpt lat="46.902294" lon="9.554735">
        <ele>565.062985</ele>
        <time>2026-07-30T10:46:24.952Z</time>
      </trkpt>
      <trkpt lat="46.902160" lon="9.554627">
        <ele>565.097676</ele>
        <time>2026-07-30T10:46:27.360Z</time>
      </trkpt>
      <trkpt lat="46.901830" lon="9.554356">
        <ele>565.183488</ele>
        <time>2026-07-30T10:46:32.038Z</time>
      </trkpt>
      <trkpt lat="46.901733" lon="9.554281">
        <ele>565.208366</ele>
        <time>2026-07-30T10:46:33.265Z</time>
      </trkpt>
      <trkpt lat="46.901364" lon="9.554006">
        <ele>565.302271</ele>
        <time>2026-07-30T10:46:37.592Z</time>
      </trkpt>
      <trkpt lat="46.901089" lon="9.553805">
        <ele>564.564360</ele>
        <time>2026-07-30T10:46:40.645Z</time>
      </trkpt>
      <trkpt lat="46.900395" lon="9.553265">
        <ele>562.591416</ele>
        <time>2026-07-30T10:46:48.653Z</time>
      </trkpt>
      <trkpt lat="46.900298" lon="9.553158">
        <ele>562.286516</ele>
        <time>2026-07-30T10:46:49.918Z</time>
      </trkpt>
      <trkpt lat="46.899778" lon="9.552514">
        <ele>560.777854</ele>
        <time>2026-07-30T10:46:57.518Z</time>
      </trkpt>
      <trkpt lat="46.899695" lon="9.552411">
        <ele>560.762091</ele>
        <time>2026-07-30T10:46:58.808Z</time>
      </trkpt>
      <trkpt lat="46.899645" lon="9.552350">
        <ele>560.752662</ele>
        <time>2026-07-30T10:46:59.597Z</time>
      </trkpt>
      <trkpt lat="46.899560" lon="9.552245">
        <ele>560.736549</ele>
        <time>2026-07-30T10:47:00.952Z</time>
      </trkpt>
      <trkpt lat="46.899222" lon="9.551783">
        <ele>560.669557</ele>
        <time>2026-07-30T10:47:06.992Z</time>
      </trkpt>
      <trkpt lat="46.898686" lon="9.551005">
        <ele>560.560206</ele>
        <time>2026-07-30T10:47:19.635Z</time>
      </trkpt>
      <trkpt lat="46.898331" lon="9.550604">
        <ele>560.679225</ele>
        <time>2026-07-30T10:47:28.321Z</time>
      </trkpt>
      <trkpt lat="46.898003" lon="9.550232">
        <ele>560.940664</ele>
        <time>2026-07-30T10:47:36.191Z</time>
      </trkpt>
      <trkpt lat="46.897365" lon="9.549285">
        <ele>561.513181</ele>
        <time>2026-07-30T10:47:51.747Z</time>
      </trkpt>
      <trkpt lat="46.896670" lon="9.547845">
        <ele>562.519084</ele>
        <time>2026-07-30T10:48:10.230Z</time>
      </trkpt>
      <trkpt lat="46.896266" lon="9.547288">
        <ele>563.010496</ele>
        <time>2026-07-30T10:48:21.168Z</time>
      </trkpt>
      <trkpt lat="46.895787" lon="9.546820">
        <ele>564.077693</ele>
        <time>2026-07-30T10:48:34.344Z</time>
      </trkpt>
      <trkpt lat="46.894036" lon="9.545353">
        <ele>570.116985</ele>
        <time>2026-07-30T10:49:28.253Z</time>
      </trkpt>
      <trkpt lat="46.893888" lon="9.545182">
        <ele>570.816101</ele>
        <time>2026-07-30T10:49:34.058Z</time>
      </trkpt>
      <trkpt lat="46.893849" lon="9.545070">
        <ele>571.134569</ele>
        <time>2026-07-30T10:49:36.725Z</time>
      </trkpt>
      <trkpt lat="46.893799" lon="9.545029">
        <ele>571.347062</ele>
        <time>2026-07-30T10:49:38.505Z</time>
      </trkpt>
      <trkpt lat="46.893713" lon="9.545042">
        <ele>571.667600</ele>
        <time>2026-07-30T10:49:41.214Z</time>
      </trkpt>
      <trkpt lat="46.893656" lon="9.545135">
        <ele>571.984102</ele>
        <time>2026-07-30T10:49:43.890Z</time>
      </trkpt>
      <trkpt lat="46.893490" lon="9.545203">
        <ele>572.623199</ele>
        <time>2026-07-30T10:49:49.380Z</time>
      </trkpt>
      <trkpt lat="46.893395" lon="9.545163">
        <ele>572.989698</ele>
        <time>2026-07-30T10:49:52.564Z</time>
      </trkpt>
      <trkpt lat="46.893192" lon="9.545057">
        <ele>573.788791</ele>
        <time>2026-07-30T10:49:59.600Z</time>
      </trkpt>
      <trkpt lat="46.892274" lon="9.544584">
        <ele>576.546746</ele>
        <time>2026-07-30T10:50:28.997Z</time>
      </trkpt>
      <trkpt lat="46.891102" lon="9.543850">
        <ele>579.342461</ele>
        <time>2026-07-30T10:50:56.974Z</time>
      </trkpt>
      <trkpt lat="46.890893" lon="9.543719">
        <ele>579.411740</ele>
        <time>2026-07-30T10:51:00.735Z</time>
      </trkpt>
      <trkpt lat="46.888663" lon="9.542314">
        <ele>580.315302</ele>
        <time>2026-07-30T10:51:36.291Z</time>
      </trkpt>
      <trkpt lat="46.887603" lon="9.541638">
        <ele>581.291932</ele>
        <time>2026-07-30T10:51:58.109Z</time>
      </trkpt>
      <trkpt lat="46.886521" lon="9.540959">
        <ele>583.219176</ele>
        <time>2026-07-30T10:52:24.298Z</time>
      </trkpt>
      <trkpt lat="46.886104" lon="9.540697">
        <ele>583.989045</ele>
        <time>2026-07-30T10:52:34.446Z</time>
      </trkpt>
      <trkpt lat="46.886066" lon="9.540673">
        <ele>584.062206</ele>
        <time>2026-07-30T10:52:35.344Z</time>
      </trkpt>
      <trkpt lat="46.885356" lon="9.540226">
        <ele>585.428475</ele>
        <time>2026-07-30T10:52:52.181Z</time>
      </trkpt>
      <trkpt lat="46.884734" lon="9.539902">
        <ele>586.595540</ele>
        <time>2026-07-30T10:53:06.770Z</time>
      </trkpt>
      <trkpt lat="46.882590" lon="9.538915">
        <ele>590.031561</ele>
        <time>2026-07-30T10:53:55.775Z</time>
      </trkpt>
      <trkpt lat="46.882505" lon="9.538876">
        <ele>590.077284</ele>
        <time>2026-07-30T10:53:57.403Z</time>
      </trkpt>
      <trkpt lat="46.880812" lon="9.538103">
        <ele>590.582099</ele>
        <time>2026-07-30T10:54:24.770Z</time>
      </trkpt>
      <trkpt lat="46.880719" lon="9.538061">
        <ele>590.532224</ele>
        <time>2026-07-30T10:54:26.122Z</time>
      </trkpt>
      <trkpt lat="46.878310" lon="9.536985">
        <ele>588.443449</ele>
        <time>2026-07-30T10:54:57.957Z</time>
      </trkpt>
      <trkpt lat="46.877518" lon="9.536637">
        <ele>587.379296</ele>
        <time>2026-07-30T10:55:07.094Z</time>
      </trkpt>
      <trkpt lat="46.876960" lon="9.536459">
        <ele>586.482903</ele>
        <time>2026-07-30T10:55:13.444Z</time>
      </trkpt>
      <trkpt lat="46.876900" lon="9.536438">
        <ele>586.386071</ele>
        <time>2026-07-30T10:55:14.145Z</time>
      </trkpt>
      <trkpt lat="46.876788" lon="9.536404">
        <ele>586.206536</ele>
        <time>2026-07-30T10:55:15.467Z</time>
      </trkpt>
      <trkpt lat="46.876182" lon="9.536161">
        <ele>585.220298</ele>
        <time>2026-07-30T10:55:22.844Z</time>
      </trkpt>
      <trkpt lat="46.875909" lon="9.536047">
        <ele>584.756796</ele>
        <time>2026-07-30T10:55:26.242Z</time>
      </trkpt>
      <trkpt lat="46.875556" lon="9.535901">
        <ele>584.116601</ele>
        <time>2026-07-30T10:55:30.597Z</time>
      </trkpt>
      <trkpt lat="46.874209" lon="9.535342">
        <ele>581.660824</ele>
        <time>2026-07-30T10:55:46.003Z</time>
      </trkpt>
      <trkpt lat="46.873759" lon="9.535132">
        <ele>580.754038</ele>
        <time>2026-07-30T10:55:51.308Z</time>
      </trkpt>
      <trkpt lat="46.873649" lon="9.535079">
        <ele>580.531704</ele>
        <time>2026-07-30T10:55:52.612Z</time>
      </trkpt>
      <trkpt lat="46.873291" lon="9.534907">
        <ele>579.808310</ele>
        <time>2026-07-30T10:55:56.821Z</time>
      </trkpt>
      <trkpt lat="46.872953" lon="9.534753">
        <ele>579.128685</ele>
        <time>2026-07-30T10:56:00.773Z</time>
      </trkpt>
      <trkpt lat="46.872812" lon="9.534703">
        <ele>578.850159</ele>
        <time>2026-07-30T10:56:02.293Z</time>
      </trkpt>
      <trkpt lat="46.872607" lon="9.534666">
        <ele>578.453624</ele>
        <time>2026-07-30T10:56:04.469Z</time>
      </trkpt>
      <trkpt lat="46.872382" lon="9.534653">
        <ele>578.174906</ele>
        <time>2026-07-30T10:56:06.923Z</time>
      </trkpt>
      <trkpt lat="46.872106" lon="9.534607">
        <ele>577.896420</ele>
        <time>2026-07-30T10:56:10.056Z</time>
      </trkpt>
      <trkpt lat="46.872025" lon="9.534519">
        <ele>577.795270</ele>
        <time>2026-07-30T10:56:11.183Z</time>
      </trkpt>
      <trkpt lat="46.871993" lon="9.534448">
        <ele>577.736986</ele>
        <time>2026-07-30T10:56:11.829Z</time>
      </trkpt>
      <trkpt lat="46.871994" lon="9.534359">
        <ele>577.675982</ele>
        <time>2026-07-30T10:56:12.508Z</time>
      </trkpt>
      <trkpt lat="46.872030" lon="9.534280">
        <ele>577.610913</ele>
        <time>2026-07-30T10:56:13.234Z</time>
      </trkpt>
      <trkpt lat="46.872012" lon="9.534126">
        <ele>577.503837</ele>
        <time>2026-07-30T10:56:14.416Z</time>
      </trkpt>
      <trkpt lat="46.871979" lon="9.534084">
        <ele>577.459984</ele>
        <time>2026-07-30T10:56:14.939Z</time>
      </trkpt>
      <trkpt lat="46.871921" lon="9.534061">
        <ele>577.399740</ele>
        <time>2026-07-30T10:56:15.635Z</time>
      </trkpt>
      <trkpt lat="46.871864" lon="9.534084">
        <ele>577.340462</ele>
        <time>2026-07-30T10:56:16.352Z</time>
      </trkpt>
      <trkpt lat="46.871823" lon="9.534142">
        <ele>577.283282</ele>
        <time>2026-07-30T10:56:17.071Z</time>
      </trkpt>
      <trkpt lat="46.871708" lon="9.534177">
        <ele>577.165523</ele>
        <time>2026-07-30T10:56:18.551Z</time>
      </trkpt>
      <trkpt lat="46.871604" lon="9.534230">
        <ele>577.055115</ele>
        <time>2026-07-30T10:56:20.038Z</time>
      </trkpt>
      <trkpt lat="46.871454" lon="9.534250">
        <ele>576.904114</ele>
        <time>2026-07-30T10:56:22.214Z</time>
      </trkpt>
      <trkpt lat="46.871071" lon="9.534268">
        <ele>576.554105</ele>
        <time>2026-07-30T10:56:27.883Z</time>
      </trkpt>
      <trkpt lat="46.870993" lon="9.534273">
        <ele>576.612061</ele>
        <time>2026-07-30T10:56:29.191Z</time>
      </trkpt>
      <trkpt lat="46.870804" lon="9.534285">
        <ele>576.752490</ele>
        <time>2026-07-30T10:56:32.852Z</time>
      </trkpt>
      <trkpt lat="46.870468" lon="9.534282">
        <ele>577.001912</ele>
        <time>2026-07-30T10:56:39.071Z</time>
      </trkpt>
      <trkpt lat="46.870254" lon="9.534275">
        <ele>577.160806</ele>
        <time>2026-07-30T10:56:42.888Z</time>
      </trkpt>
      <trkpt lat="46.870228" lon="9.534275">
        <ele>577.180106</ele>
        <time>2026-07-30T10:56:43.367Z</time>
      </trkpt>
      <trkpt lat="46.870069" lon="9.534260">
        <ele>577.298379</ele>
        <time>2026-07-30T10:56:46.311Z</time>
      </trkpt>
      <trkpt lat="46.869510" lon="9.534209">
        <ele>577.714138</ele>
        <time>2026-07-30T10:56:56.992Z</time>
      </trkpt>
      <trkpt lat="46.868842" lon="9.534164">
        <ele>578.583572</ele>
        <time>2026-07-30T10:57:08.355Z</time>
      </trkpt>
      <trkpt lat="46.868758" lon="9.534163">
        <ele>578.715201</ele>
        <time>2026-07-30T10:57:09.969Z</time>
      </trkpt>
      <trkpt lat="46.868628" lon="9.534168">
        <ele>578.918976</ele>
        <time>2026-07-30T10:57:12.258Z</time>
      </trkpt>
      <trkpt lat="46.868347" lon="9.534177">
        <ele>579.359397</ele>
        <time>2026-07-30T10:57:17.903Z</time>
      </trkpt>
      <trkpt lat="46.867863" lon="9.534233">
        <ele>580.120174</ele>
        <time>2026-07-30T10:57:29.181Z</time>
      </trkpt>
      <trkpt lat="46.867650" lon="9.534339">
        <ele>580.472726</ele>
        <time>2026-07-30T10:57:34.936Z</time>
      </trkpt>
      <trkpt lat="46.867603" lon="9.534228">
        <ele>580.612600</ele>
        <time>2026-07-30T10:57:37.054Z</time>
      </trkpt>
      <trkpt lat="46.867514" lon="9.534211">
        <ele>580.769246</ele>
        <time>2026-07-30T10:57:39.393Z</time>
      </trkpt>
      <trkpt lat="46.867466" lon="9.534259">
        <ele>580.884613</ele>
        <time>2026-07-30T10:57:40.872Z</time>
      </trkpt>
      <trkpt lat="46.867443" lon="9.534337">
        <ele>580.999842</ele>
        <time>2026-07-30T10:57:42.484Z</time>
      </trkpt>
      <trkpt lat="46.867351" lon="9.534323">
        <ele>581.183363</ele>
        <time>2026-07-30T10:57:44.745Z</time>
      </trkpt>
      <trkpt lat="46.867046" lon="9.534343">
        <ele>581.789119</ele>
        <time>2026-07-30T10:57:52.339Z</time>
      </trkpt>
      <trkpt lat="46.866761" lon="9.534491">
        <ele>582.389168</ele>
        <time>2026-07-30T10:57:59.671Z</time>
      </trkpt>
      <trkpt lat="46.866480" lon="9.534682">
        <ele>583.003961</ele>
        <time>2026-07-30T10:58:07.025Z</time>
      </trkpt>
      <trkpt lat="46.866314" lon="9.534779">
        <ele>583.358632</ele>
        <time>2026-07-30T10:58:11.145Z</time>
      </trkpt>
      <trkpt lat="46.866108" lon="9.534887">
        <ele>583.792819</ele>
        <time>2026-07-30T10:58:15.732Z</time>
      </trkpt>
      <trkpt lat="46.865921" lon="9.534991">
        <ele>584.189761</ele>
        <time>2026-07-30T10:58:19.712Z</time>
      </trkpt>
      <trkpt lat="46.865597" lon="9.535065">
        <ele>584.459437</ele>
        <time>2026-07-30T10:58:25.594Z</time>
      </trkpt>
      <trkpt lat="46.865054" lon="9.535062">
        <ele>584.827440</ele>
        <time>2026-07-30T10:58:33.952Z</time>
      </trkpt>
      <trkpt lat="46.864979" lon="9.535034">
        <ele>584.879898</ele>
        <time>2026-07-30T10:58:35.207Z</time>
      </trkpt>
      <trkpt lat="46.864923" lon="9.535028">
        <ele>584.917952</ele>
        <time>2026-07-30T10:58:36.168Z</time>
      </trkpt>
      <trkpt lat="46.864639" lon="9.535030">
        <ele>585.110426</ele>
        <time>2026-07-30T10:58:41.107Z</time>
      </trkpt>
      <trkpt lat="46.864352" lon="9.535011">
        <ele>585.305130</ele>
        <time>2026-07-30T10:58:46.252Z</time>
      </trkpt>
      <trkpt lat="46.864272" lon="9.534998">
        <ele>585.359681</ele>
        <time>2026-07-30T10:58:47.717Z</time>
      </trkpt>
      <trkpt lat="46.864151" lon="9.534966">
        <ele>585.443014</ele>
        <time>2026-07-30T10:58:49.995Z</time>
      </trkpt>
      <trkpt lat="46.863886" lon="9.534912">
        <ele>585.597722</ele>
        <time>2026-07-30T10:58:54.905Z</time>
      </trkpt>
      <trkpt lat="46.863438" lon="9.534775">
        <ele>585.850388</ele>
        <time>2026-07-30T10:59:02.959Z</time>
      </trkpt>
      <trkpt lat="46.863065" lon="9.534624">
        <ele>586.064044</ele>
        <time>2026-07-30T10:59:09.602Z</time>
      </trkpt>
      <trkpt lat="46.862569" lon="9.534409">
        <ele>586.349633</ele>
        <time>2026-07-30T10:59:18.306Z</time>
      </trkpt>
      <trkpt lat="46.862322" lon="9.534367">
        <ele>586.468828</ele>
        <time>2026-07-30T10:59:22.304Z</time>
      </trkpt>
      <trkpt lat="46.862032" lon="9.534347">
        <ele>586.409524</ele>
        <time>2026-07-30T10:59:26.918Z</time>
      </trkpt>
      <trkpt lat="46.862013" lon="9.534346">
        <ele>586.405641</ele>
        <time>2026-07-30T10:59:27.196Z</time>
      </trkpt>
      <trkpt lat="46.861984" lon="9.534345">
        <ele>586.399715</ele>
        <time>2026-07-30T10:59:27.628Z</time>
      </trkpt>
      <trkpt lat="46.861731" lon="9.534333">
        <ele>586.348008</ele>
        <time>2026-07-30T10:59:31.094Z</time>
      </trkpt>
      <trkpt lat="46.861470" lon="9.534321">
        <ele>586.294667</ele>
        <time>2026-07-30T10:59:34.643Z</time>
      </trkpt>
      <trkpt lat="46.861436" lon="9.534318">
        <ele>586.287709</ele>
        <time>2026-07-30T10:59:35.107Z</time>
      </trkpt>
      <trkpt lat="46.861342" lon="9.534313">
        <ele>586.268495</ele>
        <time>2026-07-30T10:59:36.421Z</time>
      </trkpt>
      <trkpt lat="46.861315" lon="9.534311">
        <ele>586.262973</ele>
        <time>2026-07-30T10:59:36.791Z</time>
      </trkpt>
      <trkpt lat="46.861278" lon="9.534309">
        <ele>586.255410</ele>
        <time>2026-07-30T10:59:37.308Z</time>
      </trkpt>
      <trkpt lat="46.861031" lon="9.534286">
        <ele>586.204853</ele>
        <time>2026-07-30T10:59:40.788Z</time>
      </trkpt>
      <trkpt lat="46.860977" lon="9.534281">
        <ele>586.193800</ele>
        <time>2026-07-30T10:59:41.533Z</time>
      </trkpt>
      <trkpt lat="46.860677" lon="9.534264">
        <ele>586.132474</ele>
        <time>2026-07-30T10:59:45.582Z</time>
      </trkpt>
      <trkpt lat="46.860605" lon="9.534264">
        <ele>586.117766</ele>
        <time>2026-07-30T10:59:46.520Z</time>
      </trkpt>
      <trkpt lat="46.860205" lon="9.534266">
        <ele>585.861312</ele>
        <time>2026-07-30T10:59:51.811Z</time>
      </trkpt>
      <trkpt lat="46.860084" lon="9.534269">
        <ele>585.775097</ele>
        <time>2026-07-30T10:59:53.406Z</time>
      </trkpt>
      <trkpt lat="46.860042" lon="9.534270">
        <ele>585.745171</ele>
        <time>2026-07-30T10:59:53.951Z</time>
      </trkpt>
      <trkpt lat="46.859655" lon="9.534308">
        <ele>585.468844</ele>
        <time>2026-07-30T10:59:58.913Z</time>
      </trkpt>
      <trkpt lat="46.859557" lon="9.534322">
        <ele>585.398694</ele>
        <time>2026-07-30T11:00:00.202Z</time>
      </trkpt>
      <trkpt lat="46.859472" lon="9.534333">
        <ele>585.337902</ele>
        <time>2026-07-30T11:00:01.375Z</time>
      </trkpt>
      <trkpt lat="46.859272" lon="9.534356">
        <ele>585.194978</ele>
        <time>2026-07-30T11:00:03.972Z</time>
      </trkpt>
      <trkpt lat="46.859241" lon="9.534360">
        <ele>585.172807</ele>
        <time>2026-07-30T11:00:04.362Z</time>
      </trkpt>
      <trkpt lat="46.859208" lon="9.534366">
        <ele>585.149116</ele>
        <time>2026-07-30T11:00:04.798Z</time>
      </trkpt>
      <trkpt lat="46.858633" lon="9.534487">
        <ele>584.736503</ele>
        <time>2026-07-30T11:00:11.819Z</time>
      </trkpt>
      <trkpt lat="46.858593" lon="9.534495">
        <ele>584.708141</ele>
        <time>2026-07-30T11:00:12.319Z</time>
      </trkpt>
      <trkpt lat="46.858063" lon="9.534563">
        <ele>584.334385</ele>
        <time>2026-07-30T11:00:18.806Z</time>
      </trkpt>
      <trkpt lat="46.857881" lon="9.534544">
        <ele>584.206204</ele>
        <time>2026-07-30T11:00:21.107Z</time>
      </trkpt>
      <trkpt lat="46.857445" lon="9.534490">
        <ele>583.898817</ele>
        <time>2026-07-30T11:00:26.768Z</time>
      </trkpt>
      <trkpt lat="46.857382" lon="9.534487">
        <ele>583.854536</ele>
        <time>2026-07-30T11:00:27.592Z</time>
      </trkpt>
      <trkpt lat="46.857122" lon="9.534513">
        <ele>583.671459</ele>
        <time>2026-07-30T11:00:31.151Z</time>
      </trkpt>
      <trkpt lat="46.856997" lon="9.534546">
        <ele>583.582226</ele>
        <time>2026-07-30T11:00:32.964Z</time>
      </trkpt>
      <trkpt lat="46.856751" lon="9.534637">
        <ele>583.565864</ele>
        <time>2026-07-30T11:00:36.380Z</time>
      </trkpt>
      <trkpt lat="46.856727" lon="9.534497">
        <ele>583.567848</ele>
        <time>2026-07-30T11:00:37.638Z</time>
      </trkpt>
      <trkpt lat="46.856617" lon="9.533499">
        <ele>583.581739</ele>
        <time>2026-07-30T11:00:47.278Z</time>
      </trkpt>
      <trkpt lat="46.856570" lon="9.532933">
        <ele>583.589575</ele>
        <time>2026-07-30T11:00:53.487Z</time>
      </trkpt>
      <trkpt lat="46.856539" lon="9.532548">
        <ele>583.594902</ele>
        <time>2026-07-30T11:00:57.796Z</time>
      </trkpt>
      <trkpt lat="46.856525" lon="9.532330">
        <ele>583.620950</ele>
        <time>2026-07-30T11:01:00.262Z</time>
      </trkpt>
      <trkpt lat="46.856460" lon="9.531595">
        <ele>584.212596</ele>
        <time>2026-07-30T11:01:09.291Z</time>
      </trkpt>
      <trkpt lat="46.856454" lon="9.531525">
        <ele>584.268916</ele>
        <time>2026-07-30T11:01:10.327Z</time>
      </trkpt>
      <trkpt lat="46.856434" lon="9.531296">
        <ele>584.453214</ele>
        <time>2026-07-30T11:01:13.742Z</time>
      </trkpt>
      <trkpt lat="46.856421" lon="9.530944">
        <ele>584.734630</ele>
        <time>2026-07-30T11:01:19.140Z</time>
      </trkpt>
      <trkpt lat="46.856308" lon="9.530857">
        <ele>584.883715</ele>
        <time>2026-07-30T11:01:22.061Z</time>
      </trkpt>
      <trkpt lat="46.855778" lon="9.530191">
        <ele>585.698456</ele>
        <time>2026-07-30T11:01:35.939Z</time>
      </trkpt>
      <trkpt lat="46.855448" lon="9.529783">
        <ele>585.965573</ele>
        <time>2026-07-30T11:01:44.058Z</time>
      </trkpt>
      <trkpt lat="46.855376" lon="9.529693">
        <ele>586.024122</ele>
        <time>2026-07-30T11:01:45.776Z</time>
      </trkpt>
      <trkpt lat="46.855336" lon="9.529643">
        <ele>586.056650</ele>
        <time>2026-07-30T11:01:46.717Z</time>
      </trkpt>
      <trkpt lat="46.855325" lon="9.529629">
        <ele>586.065664</ele>
        <time>2026-07-30T11:01:46.974Z</time>
      </trkpt>
      <trkpt lat="46.855028" lon="9.529262">
        <ele>586.306015</ele>
        <time>2026-07-30T11:01:53.112Z</time>
      </trkpt>
      <trkpt lat="46.854908" lon="9.529102">
        <ele>586.406395</ele>
        <time>2026-07-30T11:01:55.490Z</time>
      </trkpt>
      <trkpt lat="46.854808" lon="9.528993">
        <ele>586.483491</ele>
        <time>2026-07-30T11:01:57.321Z</time>
      </trkpt>
      <trkpt lat="46.854503" lon="9.528627">
        <ele>586.727373</ele>
        <time>2026-07-30T11:02:03.428Z</time>
      </trkpt>
      <trkpt lat="46.854166" lon="9.528211">
        <ele>587.177099</ele>
        <time>2026-07-30T11:02:11.829Z</time>
      </trkpt>
      <trkpt lat="46.854048" lon="9.528061">
        <ele>587.363408</ele>
        <time>2026-07-30T11:02:15.156Z</time>
      </trkpt>
      <trkpt lat="46.853925" lon="9.527853">
        <ele>587.587484</ele>
        <time>2026-07-30T11:02:18.854Z</time>
      </trkpt>
      <trkpt lat="46.853859" lon="9.527655">
        <ele>587.766976</ele>
        <time>2026-07-30T11:02:21.676Z</time>
      </trkpt>
      <trkpt lat="46.853780" lon="9.527445">
        <ele>587.962285</ele>
        <time>2026-07-30T11:02:24.645Z</time>
      </trkpt>
      <trkpt lat="46.853432" lon="9.526852">
        <ele>588.599043</ele>
        <time>2026-07-30T11:02:34.957Z</time>
      </trkpt>
      <trkpt lat="46.853236" lon="9.526611">
        <ele>588.904190</ele>
        <time>2026-07-30T11:02:40.148Z</time>
      </trkpt>
      <trkpt lat="46.853146" lon="9.526504">
        <ele>589.056232</ele>
        <time>2026-07-30T11:02:42.821Z</time>
      </trkpt>
      <trkpt lat="46.853040" lon="9.526604">
        <ele>589.229612</ele>
        <time>2026-07-30T11:02:45.969Z</time>
      </trkpt>
      <trkpt lat="46.852986" lon="9.526661">
        <ele>589.321149</ele>
        <time>2026-07-30T11:02:47.637Z</time>
      </trkpt>
      <trkpt lat="46.852861" lon="9.526786">
        <ele>589.529286</ele>
        <time>2026-07-30T11:02:51.370Z</time>
      </trkpt>
      <trkpt lat="46.852369" lon="9.527305">
        <ele>590.363108</ele>
        <time>2026-07-30T11:03:04.393Z</time>
      </trkpt>
      <trkpt lat="46.852286" lon="9.527388">
        <ele>590.501312</ele>
        <time>2026-07-30T11:03:06.441Z</time>
      </trkpt>
      <trkpt lat="46.852178" lon="9.527485">
        <ele>590.675516</ele>
        <time>2026-07-30T11:03:08.939Z</time>
      </trkpt>
      <trkpt lat="46.852093" lon="9.527549">
        <ele>590.806922</ele>
        <time>2026-07-30T11:03:10.819Z</time>
      </trkpt>
      <trkpt lat="46.851584" lon="9.527860">
        <ele>591.325485</ele>
        <time>2026-07-30T11:03:21.237Z</time>
      </trkpt>
      <trkpt lat="46.851511" lon="9.527912">
        <ele>591.247000</ele>
        <time>2026-07-30T11:03:22.600Z</time>
      </trkpt>
      <trkpt lat="46.851471" lon="9.527842">
        <ele>591.186703</ele>
        <time>2026-07-30T11:03:23.671Z</time>
      </trkpt>
      <trkpt lat="46.851380" lon="9.527845">
        <ele>591.098725</ele>
        <time>2026-07-30T11:03:25.130Z</time>
      </trkpt>
      <trkpt lat="46.851343" lon="9.527752">
        <ele>591.027606</ele>
        <time>2026-07-30T11:03:26.316Z</time>
      </trkpt>
      <trkpt lat="46.851311" lon="9.527642">
        <ele>590.948589</ele>
        <time>2026-07-30T11:03:27.433Z</time>
      </trkpt>
      <trkpt lat="46.851250" lon="9.527129">
        <ele>590.604401</ele>
        <time>2026-07-30T11:03:31.637Z</time>
      </trkpt>
      <trkpt lat="46.851245" lon="9.527072">
        <ele>590.566414</ele>
        <time>2026-07-30T11:03:32.076Z</time>
      </trkpt>
      <trkpt lat="46.851199" lon="9.526594">
        <ele>590.247336</ele>
        <time>2026-07-30T11:03:35.684Z</time>
      </trkpt>
      <trkpt lat="46.851168" lon="9.526270">
        <ele>590.031081</ele>
        <time>2026-07-30T11:03:38.105Z</time>
      </trkpt>
      <trkpt lat="46.851136" lon="9.526046">
        <ele>589.879818</ele>
        <time>2026-07-30T11:03:39.811Z</time>
      </trkpt>
      <trkpt lat="46.851117" lon="9.525732">
        <ele>589.682996</ele>
        <time>2026-07-30T11:03:42.237Z</time>
      </trkpt>
      <trkpt lat="46.851113" lon="9.525697">
        <ele>589.678207</ele>
        <time>2026-07-30T11:03:42.512Z</time>
      </trkpt>
      <trkpt lat="46.851077" lon="9.525605">
        <ele>589.663901</ele>
        <time>2026-07-30T11:03:43.347Z</time>
      </trkpt>
      <trkpt lat="46.850890" lon="9.525312">
        <ele>589.609810</ele>
        <time>2026-07-30T11:03:46.696Z</time>
      </trkpt>
      <trkpt lat="46.850734" lon="9.525092">
        <ele>589.567037</ele>
        <time>2026-07-30T11:03:49.464Z</time>
      </trkpt>
      <trkpt lat="46.850413" lon="9.524656">
        <ele>589.480572</ele>
        <time>2026-07-30T11:03:55.207Z</time>
      </trkpt>
      <trkpt lat="46.850305" lon="9.524556">
        <ele>589.455344</ele>
        <time>2026-07-30T11:03:56.975Z</time>
      </trkpt>
      <trkpt lat="46.850292" lon="9.524548">
        <ele>589.452560</ele>
        <time>2026-07-30T11:03:57.171Z</time>
      </trkpt>
      <trkpt lat="46.850263" lon="9.524539">
        <ele>589.446709</ele>
        <time>2026-07-30T11:03:57.577Z</time>
      </trkpt>
      <trkpt lat="46.850113" lon="9.524481">
        <ele>589.416089</ele>
        <time>2026-07-30T11:03:59.878Z</time>
      </trkpt>
      <trkpt lat="46.849879" lon="9.524364">
        <ele>589.367283</ele>
        <time>2026-07-30T11:04:04.122Z</time>
      </trkpt>
      <trkpt lat="46.849677" lon="9.524183">
        <ele>589.395098</ele>
        <time>2026-07-30T11:04:09.082Z</time>
      </trkpt>
      <trkpt lat="46.849484" lon="9.524007">
        <ele>589.670077</ele>
        <time>2026-07-30T11:04:14.536Z</time>
      </trkpt>
      <trkpt lat="46.849437" lon="9.523962">
        <ele>589.737993</ele>
        <time>2026-07-30T11:04:15.872Z</time>
      </trkpt>
      <trkpt lat="46.849163" lon="9.523711">
        <ele>590.128875</ele>
        <time>2026-07-30T11:04:23.609Z</time>
      </trkpt>
      <trkpt lat="46.849082" lon="9.523640">
        <ele>590.243045</ele>
        <time>2026-07-30T11:04:25.783Z</time>
      </trkpt>
      <trkpt lat="46.849094" lon="9.523550">
        <ele>590.318858</ele>
        <time>2026-07-30T11:04:27.107Z</time>
      </trkpt>
      <trkpt lat="46.849058" lon="9.523476">
        <ele>590.393941</ele>
        <time>2026-07-30T11:04:28.484Z</time>
      </trkpt>
      <trkpt lat="46.848998" lon="9.523464">
        <ele>590.467152</ele>
        <time>2026-07-30T11:04:29.694Z</time>
      </trkpt>
      <trkpt lat="46.848950" lon="9.523517">
        <ele>590.539867</ele>
        <time>2026-07-30T11:04:30.939Z</time>
      </trkpt>
      <trkpt lat="46.848809" lon="9.523419">
        <ele>590.728602</ele>
        <time>2026-07-30T11:04:34.051Z</time>
      </trkpt>
      <trkpt lat="46.848685" lon="9.523357">
        <ele>590.887029</ele>
        <time>2026-07-30T11:04:36.597Z</time>
      </trkpt>
      <trkpt lat="46.848616" lon="9.523350">
        <ele>590.970645</ele>
        <time>2026-07-30T11:04:37.944Z</time>
      </trkpt>
      <trkpt lat="46.848506" lon="9.523390">
        <ele>591.107676</ele>
        <time>2026-07-30T11:04:40.258Z</time>
      </trkpt>
      <trkpt lat="46.847984" lon="9.523701">
        <ele>591.143119</ele>
        <time>2026-07-30T11:04:49.791Z</time>
      </trkpt>
      <trkpt lat="46.847946" lon="9.523719">
        <ele>591.081458</ele>
        <time>2026-07-30T11:04:50.401Z</time>
      </trkpt>
      <trkpt lat="46.847902" lon="9.523732">
        <ele>591.012162</ele>
        <time>2026-07-30T11:04:50.961Z</time>
      </trkpt>
      <trkpt lat="46.847573" lon="9.523821">
        <ele>590.495670</ele>
        <time>2026-07-30T11:04:54.872Z</time>
      </trkpt>
      <trkpt lat="46.847493" lon="9.523842">
        <ele>590.370200</ele>
        <time>2026-07-30T11:04:55.778Z</time>
      </trkpt>
      <trkpt lat="46.847446" lon="9.523741">
        <ele>590.241223</ele>
        <time>2026-07-30T11:04:56.663Z</time>
      </trkpt>
      <trkpt lat="46.847364" lon="9.523723">
        <ele>590.113222</ele>
        <time>2026-07-30T11:04:57.559Z</time>
      </trkpt>
      <trkpt lat="46.847339" lon="9.523607">
        <ele>589.984813</ele>
        <time>2026-07-30T11:04:58.436Z</time>
      </trkpt>
      <trkpt lat="46.847318" lon="9.523463">
        <ele>589.829361</ele>
        <time>2026-07-30T11:04:59.508Z</time>
      </trkpt>
      <trkpt lat="46.847285" lon="9.523140">
        <ele>589.484554</ele>
        <time>2026-07-30T11:05:01.855Z</time>
      </trkpt>
      <trkpt lat="46.847249" lon="9.522728">
        <ele>589.046030</ele>
        <time>2026-07-30T11:05:04.826Z</time>
      </trkpt>
      <trkpt lat="46.847229" lon="9.522490">
        <ele>588.792860</ele>
        <time>2026-07-30T11:05:06.587Z</time>
      </trkpt>
      <trkpt lat="46.847201" lon="9.522128">
        <ele>588.397999</ele>
        <time>2026-07-30T11:05:09.296Z</time>
      </trkpt>
      <trkpt lat="46.847155" lon="9.521613">
        <ele>587.832157</ele>
        <time>2026-07-30T11:05:13.135Z</time>
      </trkpt>
      <trkpt lat="46.847139" lon="9.521383">
        <ele>587.580286</ele>
        <time>2026-07-30T11:05:14.913Z</time>
      </trkpt>
      <trkpt lat="46.847102" lon="9.520969">
        <ele>587.125410</ele>
        <time>2026-07-30T11:05:18.151Z</time>
      </trkpt>
      <trkpt lat="46.847085" lon="9.520782">
        <ele>586.919887</ele>
        <time>2026-07-30T11:05:19.666Z</time>
      </trkpt>
      <trkpt lat="46.847082" lon="9.520746">
        <ele>586.880376</ele>
        <time>2026-07-30T11:05:19.946Z</time>
      </trkpt>
      <trkpt lat="46.847079" lon="9.520694">
        <ele>586.823522</ele>
        <time>2026-07-30T11:05:20.377Z</time>
      </trkpt>
      <trkpt lat="46.847051" lon="9.520403">
        <ele>586.503364</ele>
        <time>2026-07-30T11:05:22.778Z</time>
      </trkpt>
      <trkpt lat="46.847036" lon="9.520217">
        <ele>586.299318</ele>
        <time>2026-07-30T11:05:24.332Z</time>
      </trkpt>
      <trkpt lat="46.846987" lon="9.519638">
        <ele>585.717804</ele>
        <time>2026-07-30T11:05:29.352Z</time>
      </trkpt>
      <trkpt lat="46.846963" lon="9.519347">
        <ele>585.484828</ele>
        <time>2026-07-30T11:05:31.921Z</time>
      </trkpt>
      <trkpt lat="46.846942" lon="9.519103">
        <ele>585.289356</ele>
        <time>2026-07-30T11:05:33.982Z</time>
      </trkpt>
      <trkpt lat="46.846826" lon="9.517891">
        <ele>584.316614</ele>
        <time>2026-07-30T11:05:44.143Z</time>
      </trkpt>
      <trkpt lat="46.846768" lon="9.517215">
        <ele>583.775085</ele>
        <time>2026-07-30T11:05:49.403Z</time>
      </trkpt>
      <trkpt lat="46.846752" lon="9.517035">
        <ele>583.626174</ele>
        <time>2026-07-30T11:05:50.821Z</time>
      </trkpt>
      <trkpt lat="46.846678" lon="9.516080">
        <ele>582.837419</ele>
        <time>2026-07-30T11:05:58.265Z</time>
      </trkpt>
      <trkpt lat="46.846646" lon="9.515590">
        <ele>582.433461</ele>
        <time>2026-07-30T11:06:02.321Z</time>
      </trkpt>
      <trkpt lat="46.846646" lon="9.515165">
        <ele>582.084676</ele>
        <time>2026-07-30T11:06:05.819Z</time>
      </trkpt>
      <trkpt lat="46.846658" lon="9.515022">
        <ele>581.966440</ele>
        <time>2026-07-30T11:06:07.056Z</time>
      </trkpt>
      <trkpt lat="46.846757" lon="9.514983">
        <ele>581.843414</ele>
        <time>2026-07-30T11:06:08.350Z</time>
      </trkpt>
      <trkpt lat="46.846795" lon="9.514842">
        <ele>581.719040</ele>
        <time>2026-07-30T11:06:09.679Z</time>
      </trkpt>
      <trkpt lat="46.846772" lon="9.514757">
        <ele>581.644022</ele>
        <time>2026-07-30T11:06:10.518Z</time>
      </trkpt>
      <trkpt lat="46.846723" lon="9.514702">
        <ele>581.608762</ele>
        <time>2026-07-30T11:06:11.336Z</time>
      </trkpt>
      <trkpt lat="46.846631" lon="9.514706">
        <ele>581.592859</ele>
        <time>2026-07-30T11:06:12.584Z</time>
      </trkpt>
      <trkpt lat="46.846540" lon="9.514339">
        <ele>581.546727</ele>
        <time>2026-07-30T11:06:16.191Z</time>
      </trkpt>
      <trkpt lat="46.846490" lon="9.513832">
        <ele>581.486193</ele>
        <time>2026-07-30T11:06:21.100Z</time>
      </trkpt>
      <trkpt lat="46.846482" lon="9.513751">
        <ele>581.476522</ele>
        <time>2026-07-30T11:06:21.898Z</time>
      </trkpt>
      <trkpt lat="46.846453" lon="9.513451">
        <ele>581.440717</ele>
        <time>2026-07-30T11:06:25.054Z</time>
      </trkpt>
      <trkpt lat="46.846404" lon="9.512889">
        <ele>581.373765</ele>
        <time>2026-07-30T11:06:30.816Z</time>
      </trkpt>
      <trkpt lat="46.846365" lon="9.512339">
        <ele>581.308421</ele>
        <time>2026-07-30T11:06:36.217Z</time>
      </trkpt>
      <trkpt lat="46.846345" lon="9.512111">
        <ele>581.426047</ele>
        <time>2026-07-30T11:06:38.487Z</time>
      </trkpt>
      <trkpt lat="46.846304" lon="9.511626">
        <ele>581.727606</ele>
        <time>2026-07-30T11:06:43.689Z</time>
      </trkpt>
      <trkpt lat="46.846294" lon="9.511498">
        <ele>581.807105</ele>
        <time>2026-07-30T11:06:45.179Z</time>
      </trkpt>
      <trkpt lat="46.846271" lon="9.511200">
        <ele>581.992161</ele>
        <time>2026-07-30T11:06:48.972Z</time>
      </trkpt>
      <trkpt lat="46.846262" lon="9.511084">
        <ele>582.064200</ele>
        <time>2026-07-30T11:06:50.515Z</time>
      </trkpt>
      <trkpt lat="46.846252" lon="9.510953">
        <ele>582.145539</ele>
        <time>2026-07-30T11:06:52.276Z</time>
      </trkpt>
      <trkpt lat="46.846321" lon="9.510913">
        <ele>582.212507</ele>
        <time>2026-07-30T11:06:53.673Z</time>
      </trkpt>
      <trkpt lat="46.846356" lon="9.510818">
        <ele>582.279093</ele>
        <time>2026-07-30T11:06:55.105Z</time>
      </trkpt>
      <trkpt lat="46.846343" lon="9.510713">
        <ele>582.344939</ele>
        <time>2026-07-30T11:06:56.462Z</time>
      </trkpt>
      <trkpt lat="46.846293" lon="9.510647">
        <ele>582.405714</ele>
        <time>2026-07-30T11:06:57.747Z</time>
      </trkpt>
      <trkpt lat="46.846231" lon="9.510635">
        <ele>582.462139</ele>
        <time>2026-07-30T11:06:58.918Z</time>
      </trkpt>
      <trkpt lat="46.846219" lon="9.510499">
        <ele>582.546757</ele>
        <time>2026-07-30T11:07:00.689Z</time>
      </trkpt>
      <trkpt lat="46.846135" lon="9.509633">
        <ele>583.270748</ele>
        <time>2026-07-30T11:07:12.663Z</time>
      </trkpt>
      <trkpt lat="46.846055" lon="9.508689">
        <ele>584.537055</ele>
        <time>2026-07-30T11:07:29.189Z</time>
      </trkpt>
      <trkpt lat="46.845979" lon="9.508272">
        <ele>585.111556</ele>
        <time>2026-07-30T11:07:36.464Z</time>
      </trkpt>
      <trkpt lat="46.845917" lon="9.508070">
        <ele>585.406304</ele>
        <time>2026-07-30T11:07:39.918Z</time>
      </trkpt>
      <trkpt lat="46.845853" lon="9.507997">
        <ele>585.564296</ele>
        <time>2026-07-30T11:07:41.732Z</time>
      </trkpt>
      <trkpt lat="46.845810" lon="9.507842">
        <ele>585.786968</ele>
        <time>2026-07-30T11:07:44.074Z</time>
      </trkpt>
      <trkpt lat="46.845738" lon="9.507307">
        <ele>586.478926</ele>
        <time>2026-07-30T11:07:51.592Z</time>
      </trkpt>
      <trkpt lat="46.845746" lon="9.506633">
        <ele>587.017026</ele>
        <time>2026-07-30T11:08:01.390Z</time>
      </trkpt>
      <trkpt lat="46.845722" lon="9.506435">
        <ele>587.177542</ele>
        <time>2026-07-30T11:08:04.293Z</time>
      </trkpt>
      <trkpt lat="46.845643" lon="9.505947">
        <ele>587.577850</ele>
        <time>2026-07-30T11:08:10.760Z</time>
      </trkpt>
      <trkpt lat="46.845605" lon="9.505720">
        <ele>587.764401</ele>
        <time>2026-07-30T11:08:13.640Z</time>
      </trkpt>
      <trkpt lat="46.845477" lon="9.504971">
        <ele>588.380672</ele>
        <time>2026-07-30T11:08:22.444Z</time>
      </trkpt>
      <trkpt lat="46.845371" lon="9.504350">
        <ele>588.724639</ele>
        <time>2026-07-30T11:08:31.344Z</time>
      </trkpt>
      <trkpt lat="46.845322" lon="9.504057">
        <ele>588.855069</ele>
        <time>2026-07-30T11:08:35.893Z</time>
      </trkpt>
      <trkpt lat="46.845293" lon="9.503874">
        <ele>588.936297</ele>
        <time>2026-07-30T11:08:38.696Z</time>
      </trkpt>
      <trkpt lat="46.845349" lon="9.503825">
        <ele>588.977558</ele>
        <time>2026-07-30T11:08:40.031Z</time>
      </trkpt>
      <trkpt lat="46.845370" lon="9.503690">
        <ele>589.037424</ele>
        <time>2026-07-30T11:08:41.997Z</time>
      </trkpt>
      <trkpt lat="46.845357" lon="9.503645">
        <ele>589.058548</ele>
        <time>2026-07-30T11:08:42.645Z</time>
      </trkpt>
      <trkpt lat="46.845306" lon="9.503585">
        <ele>589.099933</ele>
        <time>2026-07-30T11:08:43.975Z</time>
      </trkpt>
      <trkpt lat="46.845242" lon="9.503581">
        <ele>589.140432</ele>
        <time>2026-07-30T11:08:45.202Z</time>
      </trkpt>
      <trkpt lat="46.845209" lon="9.503402">
        <ele>589.220597</ele>
        <time>2026-07-30T11:08:47.617Z</time>
      </trkpt>
      <trkpt lat="46.845155" lon="9.503085">
        <ele>589.361860</ele>
        <time>2026-07-30T11:08:51.459Z</time>
      </trkpt>
      <trkpt lat="46.845115" lon="9.502857">
        <ele>589.463643</ele>
        <time>2026-07-30T11:08:53.913Z</time>
      </trkpt>
      <trkpt lat="46.845070" lon="9.502585">
        <ele>589.584652</ele>
        <time>2026-07-30T11:08:56.367Z</time>
      </trkpt>
      <trkpt lat="46.844913" lon="9.501670">
        <ele>588.534863</ele>
        <time>2026-07-30T11:09:04.408Z</time>
      </trkpt>
      <trkpt lat="46.844876" lon="9.501489">
        <ele>588.253664</ele>
        <time>2026-07-30T11:09:05.878Z</time>
      </trkpt>
      <trkpt lat="46.844845" lon="9.501333">
        <ele>588.011852</ele>
        <time>2026-07-30T11:09:07.128Z</time>
      </trkpt>
      <trkpt lat="46.844901" lon="9.501277">
        <ele>587.864199</ele>
        <time>2026-07-30T11:09:07.842Z</time>
      </trkpt>
      <trkpt lat="46.844920" lon="9.501134">
        <ele>587.647361</ele>
        <time>2026-07-30T11:09:08.913Z</time>
      </trkpt>
      <trkpt lat="46.844865" lon="9.501039">
        <ele>587.462094</ele>
        <time>2026-07-30T11:09:09.776Z</time>
      </trkpt>
      <trkpt lat="46.844810" lon="9.501022">
        <ele>587.339753</ele>
        <time>2026-07-30T11:09:10.388Z</time>
      </trkpt>
      <trkpt lat="46.844770" lon="9.500673">
        <ele>586.813013</ele>
        <time>2026-07-30T11:09:12.829Z</time>
      </trkpt>
      <trkpt lat="46.844641" lon="9.499932">
        <ele>585.667521</ele>
        <time>2026-07-30T11:09:18.031Z</time>
      </trkpt>
      <trkpt lat="46.844373" lon="9.498539">
        <ele>583.303852</ele>
        <time>2026-07-30T11:09:28.179Z</time>
      </trkpt>
      <trkpt lat="46.844035" lon="9.496584">
        <ele>581.161550</ele>
        <time>2026-07-30T11:09:44.082Z</time>
      </trkpt>
      <trkpt lat="46.844023" lon="9.496511">
        <ele>581.136666</ele>
        <time>2026-07-30T11:09:44.770Z</time>
      </trkpt>
      <trkpt lat="46.844016" lon="9.496472">
        <ele>581.123302</ele>
        <time>2026-07-30T11:09:45.143Z</time>
      </trkpt>
      <trkpt lat="46.843997" lon="9.496356">
        <ele>581.083767</ele>
        <time>2026-07-30T11:09:46.230Z</time>
      </trkpt>
      <trkpt lat="46.843778" lon="9.495078">
        <ele>580.647089</ele>
        <time>2026-07-30T11:09:59.627Z</time>
      </trkpt>
      <trkpt lat="46.843767" lon="9.495016">
        <ele>580.625859</ele>
        <time>2026-07-30T11:10:00.326Z</time>
      </trkpt>
      <trkpt lat="46.843653" lon="9.494327">
        <ele>580.936870</ele>
        <time>2026-07-30T11:10:08.173Z</time>
      </trkpt>
      <trkpt lat="46.843434" lon="9.493169">
        <ele>581.669843</ele>
        <time>2026-07-30T11:10:23.145Z</time>
      </trkpt>
      <trkpt lat="46.842978" lon="9.490418">
        <ele>583.855684</ele>
        <time>2026-07-30T11:11:03.497Z</time>
      </trkpt>
      <trkpt lat="46.842834" lon="9.489534">
        <ele>584.227975</ele>
        <time>2026-07-30T11:11:15.066Z</time>
      </trkpt>
      <trkpt lat="46.842757" lon="9.488685">
        <ele>583.663086</ele>
        <time>2026-07-30T11:11:22.870Z</time>
      </trkpt>
      <trkpt lat="46.842779" lon="9.487888">
        <ele>583.136968</ele>
        <time>2026-07-30T11:11:28.961Z</time>
      </trkpt>
      <trkpt lat="46.842855" lon="9.487185">
        <ele>582.667523</ele>
        <time>2026-07-30T11:11:34.245Z</time>
      </trkpt>
      <trkpt lat="46.842870" lon="9.486795">
        <ele>582.391286</ele>
        <time>2026-07-30T11:11:37.247Z</time>
      </trkpt>
      <trkpt lat="46.842827" lon="9.486158">
        <ele>581.938438</ele>
        <time>2026-07-30T11:11:42.390Z</time>
      </trkpt>
      <trkpt lat="46.842714" lon="9.485625">
        <ele>581.543658</ele>
        <time>2026-07-30T11:11:47.100Z</time>
      </trkpt>
      <trkpt lat="46.842543" lon="9.485131">
        <ele>581.151961</ele>
        <time>2026-07-30T11:11:52.048Z</time>
      </trkpt>
      <trkpt lat="46.842368" lon="9.484780">
        <ele>580.844671</ele>
        <time>2026-07-30T11:11:56.270Z</time>
      </trkpt>
      <trkpt lat="46.842203" lon="9.484521">
        <ele>580.474868</ele>
        <time>2026-07-30T11:11:59.860Z</time>
      </trkpt>
      <trkpt lat="46.841709" lon="9.483914">
        <ele>579.430370</ele>
        <time>2026-07-30T11:12:07.673Z</time>
      </trkpt>
      <trkpt lat="46.841552" lon="9.483685">
        <ele>579.071401</ele>
        <time>2026-07-30T11:12:10.135Z</time>
      </trkpt>
      <trkpt lat="46.841357" lon="9.483312">
        <ele>578.551628</ele>
        <time>2026-07-30T11:12:13.615Z</time>
      </trkpt>
      <trkpt lat="46.841129" lon="9.482668">
        <ele>577.634567</ele>
        <time>2026-07-30T11:12:18.842Z</time>
      </trkpt>
      <trkpt lat="46.841037" lon="9.482256">
        <ele>576.778270</ele>
        <time>2026-07-30T11:12:21.890Z</time>
      </trkpt>
      <trkpt lat="46.840939" lon="9.481472">
        <ele>575.203607</ele>
        <time>2026-07-30T11:12:27.326Z</time>
      </trkpt>
      <trkpt lat="46.840690" lon="9.480001">
        <ele>572.547453</ele>
        <time>2026-07-30T11:12:38.020Z</time>
      </trkpt>
      <trkpt lat="46.840761" lon="9.479889">
        <ele>572.454020</ele>
        <time>2026-07-30T11:12:39.176Z</time>
      </trkpt>
      <trkpt lat="46.840758" lon="9.479786">
        <ele>572.390941</ele>
        <time>2026-07-30T11:12:39.975Z</time>
      </trkpt>
      <trkpt lat="46.840692" lon="9.479684">
        <ele>572.305031</ele>
        <time>2026-07-30T11:12:41.071Z</time>
      </trkpt>
      <trkpt lat="46.840627" lon="9.479676">
        <ele>572.246682</ele>
        <time>2026-07-30T11:12:41.826Z</time>
      </trkpt>
      <trkpt lat="46.840453" lon="9.478724">
        <ele>571.643745</ele>
        <time>2026-07-30T11:12:50.255Z</time>
      </trkpt>
      <trkpt lat="46.839597" lon="9.474041">
        <ele>571.852472</ele>
        <time>2026-07-30T11:13:43.026Z</time>
      </trkpt>
      <trkpt lat="46.839584" lon="9.473968">
        <ele>571.869492</ele>
        <time>2026-07-30T11:13:43.859Z</time>
      </trkpt>
      <trkpt lat="46.839569" lon="9.473886">
        <ele>571.888644</ele>
        <time>2026-07-30T11:13:44.778Z</time>
      </trkpt>
      <trkpt lat="46.838120" lon="9.465857">
        <ele>574.356921</ele>
        <time>2026-07-30T11:15:18.972Z</time>
      </trkpt>
      <trkpt lat="46.837981" lon="9.465366">
        <ele>574.532920</ele>
        <time>2026-07-30T11:15:25.087Z</time>
      </trkpt>
      <trkpt lat="46.837945" lon="9.465240">
        <ele>574.578146</ele>
        <time>2026-07-30T11:15:26.633Z</time>
      </trkpt>
      <trkpt lat="46.838007" lon="9.465188">
        <ele>574.612238</ele>
        <time>2026-07-30T11:15:27.872Z</time>
      </trkpt>
      <trkpt lat="46.838036" lon="9.465042">
        <ele>574.660131</ele>
        <time>2026-07-30T11:15:29.689Z</time>
      </trkpt>
      <trkpt lat="46.838004" lon="9.464951">
        <ele>574.692364</ele>
        <time>2026-07-30T11:15:30.936Z</time>
      </trkpt>
      <trkpt lat="46.837944" lon="9.464903">
        <ele>574.723862</ele>
        <time>2026-07-30T11:15:32.179Z</time>
      </trkpt>
      <trkpt lat="46.837908" lon="9.464900">
        <ele>574.740467</ele>
        <time>2026-07-30T11:15:32.832Z</time>
      </trkpt>
      <trkpt lat="46.837858" lon="9.464392">
        <ele>574.902147</ele>
        <time>2026-07-30T11:15:39.036Z</time>
      </trkpt>
      <trkpt lat="46.837845" lon="9.464320">
        <ele>574.925606</ele>
        <time>2026-07-30T11:15:39.898Z</time>
      </trkpt>
      <trkpt lat="46.837832" lon="9.464251">
        <ele>574.948152</ele>
        <time>2026-07-30T11:15:40.734Z</time>
      </trkpt>
      <trkpt lat="46.837759" lon="9.463845">
        <ele>575.080396</ele>
        <time>2026-07-30T11:15:45.332Z</time>
      </trkpt>
      <trkpt lat="46.837669" lon="9.463359">
        <ele>575.239008</ele>
        <time>2026-07-30T11:15:50.831Z</time>
      </trkpt>
      <trkpt lat="46.837488" lon="9.462403">
        <ele>575.444575</ele>
        <time>2026-07-30T11:16:02.202Z</time>
      </trkpt>
      <trkpt lat="46.837132" lon="9.461259">
        <ele>575.490714</ele>
        <time>2026-07-30T11:16:14.554Z</time>
      </trkpt>
      <trkpt lat="46.837005" lon="9.460761">
        <ele>575.510225</ele>
        <time>2026-07-30T11:16:19.967Z</time>
      </trkpt>
      <trkpt lat="46.836971" lon="9.460532">
        <ele>575.518828</ele>
        <time>2026-07-30T11:16:22.429Z</time>
      </trkpt>
      <trkpt lat="46.836949" lon="9.460273">
        <ele>575.545040</ele>
        <time>2026-07-30T11:16:25.138Z</time>
      </trkpt>
      <trkpt lat="46.836958" lon="9.459760">
        <ele>575.785749</ele>
        <time>2026-07-30T11:16:30.390Z</time>
      </trkpt>
      <trkpt lat="46.836975" lon="9.459242">
        <ele>576.029003</ele>
        <time>2026-07-30T11:16:35.798Z</time>
      </trkpt>
      <trkpt lat="46.837033" lon="9.457968">
        <ele>576.627912</ele>
        <time>2026-07-30T11:16:51.592Z</time>
      </trkpt>
      <trkpt lat="46.837065" lon="9.457228">
        <ele>577.400778</ele>
        <time>2026-07-30T11:17:02.500Z</time>
      </trkpt>
      <trkpt lat="46.837070" lon="9.457105">
        <ele>577.572627</ele>
        <time>2026-07-30T11:17:04.385Z</time>
      </trkpt>
      <trkpt lat="46.837084" lon="9.456766">
        <ele>578.046286</ele>
        <time>2026-07-30T11:17:09.632Z</time>
      </trkpt>
      <trkpt lat="46.837094" lon="9.456603">
        <ele>578.274532</ele>
        <time>2026-07-30T11:17:12.331Z</time>
      </trkpt>
      <trkpt lat="46.837135" lon="9.455664">
        <ele>579.586806</ele>
        <time>2026-07-30T11:17:28.327Z</time>
      </trkpt>
      <trkpt lat="46.837156" lon="9.455181">
        <ele>580.261797</ele>
        <time>2026-07-30T11:17:36.196Z</time>
      </trkpt>
      <trkpt lat="46.837165" lon="9.454989">
        <ele>580.529213</ele>
        <time>2026-07-30T11:17:39.196Z</time>
      </trkpt>
      <trkpt lat="46.837191" lon="9.454375">
        <ele>581.378921</ele>
        <time>2026-07-30T11:17:48.482Z</time>
      </trkpt>
      <trkpt lat="46.837198" lon="9.454189">
        <ele>581.636221</ele>
        <time>2026-07-30T11:17:51.362Z</time>
      </trkpt>
      <trkpt lat="46.837201" lon="9.454133">
        <ele>581.713807</ele>
        <time>2026-07-30T11:17:52.227Z</time>
      </trkpt>
      <trkpt lat="46.837205" lon="9.454042">
        <ele>581.839760</ele>
        <time>2026-07-30T11:17:53.650Z</time>
      </trkpt>
      <trkpt lat="46.837216" lon="9.453802">
        <ele>582.172001</ele>
        <time>2026-07-30T11:17:57.541Z</time>
      </trkpt>
      <trkpt lat="46.837222" lon="9.453658">
        <ele>582.371269</ele>
        <time>2026-07-30T11:17:59.972Z</time>
      </trkpt>
      <trkpt lat="46.837231" lon="9.453449">
        <ele>582.660520</ele>
        <time>2026-07-30T11:18:03.663Z</time>
      </trkpt>
      <trkpt lat="46.837237" lon="9.453218">
        <ele>582.979817</ele>
        <time>2026-07-30T11:18:07.543Z</time>
      </trkpt>
      <trkpt lat="46.837242" lon="9.453055">
        <ele>583.205186</ele>
        <time>2026-07-30T11:18:10.227Z</time>
      </trkpt>
      <trkpt lat="46.837226" lon="9.452773">
        <ele>583.596034</ele>
        <time>2026-07-30T11:18:14.564Z</time>
      </trkpt>
      <trkpt lat="46.837191" lon="9.452596">
        <ele>583.850524</ele>
        <time>2026-07-30T11:18:17.150Z</time>
      </trkpt>
      <trkpt lat="46.837026" lon="9.451877">
        <ele>584.415905</ele>
        <time>2026-07-30T11:18:27.612Z</time>
      </trkpt>
      <trkpt lat="46.836865" lon="9.451521">
        <ele>584.666617</ele>
        <time>2026-07-30T11:18:34.043Z</time>
      </trkpt>
      <trkpt lat="46.836809" lon="9.451401">
        <ele>584.751955</ele>
        <time>2026-07-30T11:18:36.168Z</time>
      </trkpt>
      <trkpt lat="46.836685" lon="9.451132">
        <ele>584.942516</ele>
        <time>2026-07-30T11:18:40.543Z</time>
      </trkpt>
      <trkpt lat="46.836577" lon="9.450999">
        <ele>585.063790</ele>
        <time>2026-07-30T11:18:42.967Z</time>
      </trkpt>
      <trkpt lat="46.836394" lon="9.450944">
        <ele>585.224234</ele>
        <time>2026-07-30T11:18:45.898Z</time>
      </trkpt>
      <trkpt lat="46.836054" lon="9.450971">
        <ele>585.516650</ele>
        <time>2026-07-30T11:18:50.464Z</time>
      </trkpt>
      <trkpt lat="46.835922" lon="9.450978">
        <ele>585.610079</ele>
        <time>2026-07-30T11:18:52.156Z</time>
      </trkpt>
      <trkpt lat="46.835531" lon="9.450997">
        <ele>585.691065</ele>
        <time>2026-07-30T11:18:57.722Z</time>
      </trkpt>
      <trkpt lat="46.835382" lon="9.450973">
        <ele>585.722097</ele>
        <time>2026-07-30T11:19:00.151Z</time>
      </trkpt>
      <trkpt lat="46.835292" lon="9.450933">
        <ele>585.741570</ele>
        <time>2026-07-30T11:19:01.683Z</time>
      </trkpt>
      <trkpt lat="46.834868" lon="9.450610">
        <ele>585.840547</ele>
        <time>2026-07-30T11:19:08.571Z</time>
      </trkpt>
      <trkpt lat="46.834767" lon="9.450527">
        <ele>585.864533</ele>
        <time>2026-07-30T11:19:10.199Z</time>
      </trkpt>
      <trkpt lat="46.834594" lon="9.450386">
        <ele>585.905536</ele>
        <time>2026-07-30T11:19:13.023Z</time>
      </trkpt>
      <trkpt lat="46.834323" lon="9.450053">
        <ele>586.005181</ele>
        <time>2026-07-30T11:19:18.610Z</time>
      </trkpt>
      <trkpt lat="46.834155" lon="9.449669">
        <ele>586.686287</ele>
        <time>2026-07-30T11:19:25.003Z</time>
      </trkpt>
      <trkpt lat="46.834060" lon="9.449418">
        <ele>587.114927</ele>
        <time>2026-07-30T11:19:29.939Z</time>
      </trkpt>
      <trkpt lat="46.834002" lon="9.449124">
        <ele>587.572148</ele>
        <time>2026-07-30T11:19:35.740Z</time>
      </trkpt>
      <trkpt lat="46.833933" lon="9.448726">
        <ele>588.185673</ele>
        <time>2026-07-30T11:19:44.520Z</time>
      </trkpt>
      <trkpt lat="46.833762" lon="9.447770">
        <ele>589.662235</ele>
        <time>2026-07-30T11:20:01.921Z</time>
      </trkpt>
      <trkpt lat="46.833627" lon="9.447363">
        <ele>589.761619</ele>
        <time>2026-07-30T11:20:07.982Z</time>
      </trkpt>
      <trkpt lat="46.833562" lon="9.447217">
        <ele>589.675634</ele>
        <time>2026-07-30T11:20:10.206Z</time>
      </trkpt>
      <trkpt lat="46.833450" lon="9.446966">
        <ele>589.527710</ele>
        <time>2026-07-30T11:20:13.564Z</time>
      </trkpt>
      <trkpt lat="46.833363" lon="9.446767">
        <ele>589.411134</ele>
        <time>2026-07-30T11:20:15.773Z</time>
      </trkpt>
      <trkpt lat="46.833287" lon="9.446596">
        <ele>589.310476</ele>
        <time>2026-07-30T11:20:17.536Z</time>
      </trkpt>
      <trkpt lat="46.833225" lon="9.446455">
        <ele>589.227739</ele>
        <time>2026-07-30T11:20:18.926Z</time>
      </trkpt>
      <trkpt lat="46.833141" lon="9.446263">
        <ele>589.115240</ele>
        <time>2026-07-30T11:20:20.673Z</time>
      </trkpt>
      <trkpt lat="46.832924" lon="9.445763">
        <ele>588.822953</ele>
        <time>2026-07-30T11:20:24.798Z</time>
      </trkpt>
      <trkpt lat="46.832920" lon="9.445754">
        <ele>588.817655</ele>
        <time>2026-07-30T11:20:24.870Z</time>
      </trkpt>
      <trkpt lat="46.832890" lon="9.445684">
        <ele>588.776881</ele>
        <time>2026-07-30T11:20:25.441Z</time>
      </trkpt>
      <trkpt lat="46.832853" lon="9.445597">
        <ele>588.726314</ele>
        <time>2026-07-30T11:20:26.151Z</time>
      </trkpt>
      <trkpt lat="46.832793" lon="9.445459">
        <ele>588.645601</ele>
        <time>2026-07-30T11:20:27.311Z</time>
      </trkpt>
      <trkpt lat="46.832636" lon="9.445097">
        <ele>588.568283</ele>
        <time>2026-07-30T11:20:30.906Z</time>
      </trkpt>
      <trkpt lat="46.832478" lon="9.444730">
        <ele>588.520393</ele>
        <time>2026-07-30T11:20:34.980Z</time>
      </trkpt>
      <trkpt lat="46.832394" lon="9.444538">
        <ele>588.495223</ele>
        <time>2026-07-30T11:20:37.275Z</time>
      </trkpt>
      <trkpt lat="46.832340" lon="9.444413">
        <ele>588.478896</ele>
        <time>2026-07-30T11:20:38.788Z</time>
      </trkpt>
      <trkpt lat="46.832276" lon="9.444264">
        <ele>588.459465</ele>
        <time>2026-07-30T11:20:40.668Z</time>
      </trkpt>
      <trkpt lat="46.832242" lon="9.444187">
        <ele>588.449344</ele>
        <time>2026-07-30T11:20:41.711Z</time>
      </trkpt>
      <trkpt lat="46.832090" lon="9.443820">
        <ele>588.401962</ele>
        <time>2026-07-30T11:20:46.617Z</time>
      </trkpt>
      <trkpt lat="46.831984" lon="9.443537">
        <ele>588.366329</ele>
        <time>2026-07-30T11:20:50.288Z</time>
      </trkpt>
      <trkpt lat="46.831875" lon="9.443243">
        <ele>588.329397</ele>
        <time>2026-07-30T11:20:54.168Z</time>
      </trkpt>
      <trkpt lat="46.831721" lon="9.442813">
        <ele>588.526810</ele>
        <time>2026-07-30T11:21:00.296Z</time>
      </trkpt>
      <trkpt lat="46.831622" lon="9.442521">
        <ele>588.712126</ele>
        <time>2026-07-30T11:21:04.413Z</time>
      </trkpt>
      <trkpt lat="46.831608" lon="9.442483">
        <ele>588.736669</ele>
        <time>2026-07-30T11:21:04.941Z</time>
      </trkpt>
      <trkpt lat="46.831452" lon="9.442028">
        <ele>589.026076</ele>
        <time>2026-07-30T11:21:10.944Z</time>
      </trkpt>
      <trkpt lat="46.831404" lon="9.441889">
        <ele>589.114617</ele>
        <time>2026-07-30T11:21:12.811Z</time>
      </trkpt>
      <trkpt lat="46.831153" lon="9.441161">
        <ele>589.578193</ele>
        <time>2026-07-30T11:21:23.082Z</time>
      </trkpt>
      <trkpt lat="46.830974" lon="9.440571">
        <ele>589.981048</ele>
        <time>2026-07-30T11:21:31.477Z</time>
      </trkpt>
      <trkpt lat="46.830952" lon="9.440429">
        <ele>590.086053</ele>
        <time>2026-07-30T11:21:33.413Z</time>
      </trkpt>
      <trkpt lat="46.830984" lon="9.440406">
        <ele>590.123645</ele>
        <time>2026-07-30T11:21:34.084Z</time>
      </trkpt>
      <trkpt lat="46.830934" lon="9.440076">
        <ele>590.367411</ele>
        <time>2026-07-30T11:21:38.548Z</time>
      </trkpt>
      <trkpt lat="46.830738" lon="9.439697">
        <ele>590.710056</ele>
        <time>2026-07-30T11:21:44.765Z</time>
      </trkpt>
      <trkpt lat="46.830545" lon="9.439163">
        <ele>591.145624</ele>
        <time>2026-07-30T11:21:52.781Z</time>
      </trkpt>
      <trkpt lat="46.830521" lon="9.439076">
        <ele>591.213278</ele>
        <time>2026-07-30T11:21:54.051Z</time>
      </trkpt>
      <trkpt lat="46.830483" lon="9.438908">
        <ele>591.340893</ele>
        <time>2026-07-30T11:21:56.472Z</time>
      </trkpt>
      <trkpt lat="46.829966" lon="9.437354">
        <ele>592.480478</ele>
        <time>2026-07-30T11:22:18.398Z</time>
      </trkpt>
      <trkpt lat="46.829834" lon="9.437038">
        <ele>592.715116</ele>
        <time>2026-07-30T11:22:22.967Z</time>
      </trkpt>
      <trkpt lat="46.829502" lon="9.435673">
        <ele>593.652041</ele>
        <time>2026-07-30T11:22:41.347Z</time>
      </trkpt>
      <trkpt lat="46.829451" lon="9.435451">
        <ele>593.811221</ele>
        <time>2026-07-30T11:22:44.385Z</time>
      </trkpt>
      <trkpt lat="46.829350" lon="9.434937">
        <ele>594.174729</ele>
        <time>2026-07-30T11:22:51.311Z</time>
      </trkpt>
      <trkpt lat="46.829304" lon="9.434200">
        <ele>594.677774</ele>
        <time>2026-07-30T11:23:00.852Z</time>
      </trkpt>
      <trkpt lat="46.829356" lon="9.433530">
        <ele>595.136117</ele>
        <time>2026-07-30T11:23:09.520Z</time>
      </trkpt>
      <trkpt lat="46.829504" lon="9.432607">
        <ele>595.720638</ele>
        <time>2026-07-30T11:23:21.831Z</time>
      </trkpt>
      <trkpt lat="46.829554" lon="9.431366">
        <ele>596.484016</ele>
        <time>2026-07-30T11:23:37.151Z</time>
      </trkpt>
      <trkpt lat="46.829554" lon="9.431166">
        <ele>596.606830</ele>
        <time>2026-07-30T11:23:39.594Z</time>
      </trkpt>
      <trkpt lat="46.829551" lon="9.431068">
        <ele>596.667068</ele>
        <time>2026-07-30T11:23:40.793Z</time>
      </trkpt>
      <trkpt lat="46.829411" lon="9.430876">
        <ele>596.859558</ele>
        <time>2026-07-30T11:23:44.270Z</time>
      </trkpt>
      <trkpt lat="46.829251" lon="9.430096">
        <ele>597.516565</ele>
        <time>2026-07-30T11:23:54.433Z</time>
      </trkpt>
      <trkpt lat="46.828776" lon="9.428777">
        <ele>598.719202</ele>
        <time>2026-07-30T11:24:14.405Z</time>
      </trkpt>
      <trkpt lat="46.828645" lon="9.428214">
        <ele>599.468481</ele>
        <time>2026-07-30T11:24:23.378Z</time>
      </trkpt>
      <trkpt lat="46.828593" lon="9.427807">
        <ele>600.099819</ele>
        <time>2026-07-30T11:24:29.788Z</time>
      </trkpt>
      <trkpt lat="46.828063" lon="9.421004">
        <ele>610.416242</ele>
        <time>2026-07-30T11:26:23.053Z</time>
      </trkpt>
      <trkpt lat="46.827987" lon="9.421031">
        <ele>610.584588</ele>
        <time>2026-07-30T11:26:24.926Z</time>
      </trkpt>
      <trkpt lat="46.827917" lon="9.420015">
        <ele>610.680367</ele>
        <time>2026-07-30T11:26:38.656Z</time>
      </trkpt>
      <trkpt lat="46.827813" lon="9.418820">
        <ele>610.538120</ele>
        <time>2026-07-30T11:26:49.959Z</time>
      </trkpt>
      <trkpt lat="46.827773" lon="9.418263">
        <ele>610.429604</ele>
        <time>2026-07-30T11:26:54.276Z</time>
      </trkpt>
      <trkpt lat="46.827765" lon="9.418157">
        <ele>610.201374</ele>
        <time>2026-07-30T11:26:55.064Z</time>
      </trkpt>
      <trkpt lat="46.827739" lon="9.417822">
        <ele>609.479831</ele>
        <time>2026-07-30T11:26:57.462Z</time>
      </trkpt>
      <trkpt lat="46.827655" lon="9.417094">
        <ele>607.899810</ele>
        <time>2026-07-30T11:27:02.515Z</time>
      </trkpt>
      <trkpt lat="46.827522" lon="9.416576">
        <ele>606.715727</ele>
        <time>2026-07-30T11:27:06.285Z</time>
      </trkpt>
      <trkpt lat="46.827400" lon="9.416303">
        <ele>606.017882</ele>
        <time>2026-07-30T11:27:08.502Z</time>
      </trkpt>
      <trkpt lat="46.827173" lon="9.415954">
        <ele>604.987325</ele>
        <time>2026-07-30T11:27:11.770Z</time>
      </trkpt>
      <trkpt lat="46.826917" lon="9.415682">
        <ele>604.302997</ele>
        <time>2026-07-30T11:27:14.934Z</time>
      </trkpt>
      <trkpt lat="46.826668" lon="9.415468">
        <ele>603.723979</ele>
        <time>2026-07-30T11:27:17.875Z</time>
      </trkpt>
      <trkpt lat="46.825954" lon="9.414961">
        <ele>602.132792</ele>
        <time>2026-07-30T11:27:26.482Z</time>
      </trkpt>
      <trkpt lat="46.825450" lon="9.414653">
        <ele>601.340143</ele>
        <time>2026-07-30T11:27:33.553Z</time>
      </trkpt>
      <trkpt lat="46.825027" lon="9.414389">
        <ele>601.776598</ele>
        <time>2026-07-30T11:27:41.377Z</time>
      </trkpt>
      <trkpt lat="46.824800" lon="9.414169">
        <ele>602.035058</ele>
        <time>2026-07-30T11:27:46.622Z</time>
      </trkpt>
      <trkpt lat="46.824564" lon="9.413859">
        <ele>602.336160</ele>
        <time>2026-07-30T11:27:52.934Z</time>
      </trkpt>
      <trkpt lat="46.824198" lon="9.413196">
        <ele>602.889264</ele>
        <time>2026-07-30T11:28:06.122Z</time>
      </trkpt>
      <trkpt lat="46.824007" lon="9.412816">
        <ele>602.700144</ele>
        <time>2026-07-30T11:28:13.191Z</time>
      </trkpt>
      <trkpt lat="46.823908" lon="9.412527">
        <ele>602.486940</ele>
        <time>2026-07-30T11:28:17.388Z</time>
      </trkpt>
      <trkpt lat="46.823748" lon="9.411980">
        <ele>602.094506</ele>
        <time>2026-07-30T11:28:24.229Z</time>
      </trkpt>
      <trkpt lat="46.823442" lon="9.410933">
        <ele>601.343451</ele>
        <time>2026-07-30T11:28:32.778Z</time>
      </trkpt>
      <trkpt lat="46.823343" lon="9.410429">
        <ele>600.429142</ele>
        <time>2026-07-30T11:28:36.128Z</time>
      </trkpt>
      <trkpt lat="46.823380" lon="9.410177">
        <ele>599.816063</ele>
        <time>2026-07-30T11:28:37.760Z</time>
      </trkpt>
      <trkpt lat="46.823472" lon="9.410022">
        <ele>599.327977</ele>
        <time>2026-07-30T11:28:39.089Z</time>
      </trkpt>
      <trkpt lat="46.824004" lon="9.409522">
        <ele>597.129131</ele>
        <time>2026-07-30T11:28:45.383Z</time>
      </trkpt>
      <trkpt lat="46.824175" lon="9.409377">
        <ele>596.441859</ele>
        <time>2026-07-30T11:28:51.283Z</time>
      </trkpt>
      <trkpt lat="46.824251" lon="9.409337">
        <ele>596.161044</ele>
        <time>2026-07-30T11:28:53.658Z</time>
      </trkpt>
      <trkpt lat="46.824399" lon="9.409354">
        <ele>595.644955</ele>
        <time>2026-07-30T11:28:57.992Z</time>
      </trkpt>
      <trkpt lat="46.824516" lon="9.409354">
        <ele>595.238220</ele>
        <time>2026-07-30T11:29:01.505Z</time>
      </trkpt>
      <trkpt lat="46.824706" lon="9.409279">
        <ele>594.738435</ele>
        <time>2026-07-30T11:29:07.543Z</time>
      </trkpt>
      <trkpt lat="46.824696" lon="9.408889">
        <ele>594.228762</ele>
        <time>2026-07-30T11:29:16.122Z</time>
      </trkpt>
      <trkpt lat="46.824642" lon="9.408597">
        <ele>593.833746</ele>
        <time>2026-07-30T11:29:23.130Z</time>
      </trkpt>
      <trkpt lat="46.824624" lon="9.408495">
        <ele>593.696181</ele>
        <time>2026-07-30T11:29:25.452Z</time>
      </trkpt>
      <trkpt lat="46.824522" lon="9.408079">
        <ele>593.119081</ele>
        <time>2026-07-30T11:29:35.482Z</time>
      </trkpt>
      <trkpt lat="46.824209" lon="9.406897">
        <ele>591.516346</ele>
        <time>2026-07-30T11:29:44.722Z</time>
      </trkpt>
      <trkpt lat="46.824186" lon="9.406809">
        <ele>591.490938</ele>
        <time>2026-07-30T11:29:45.469Z</time>
      </trkpt>
      <trkpt lat="46.824010" lon="9.406455">
        <ele>591.372912</ele>
        <time>2026-07-30T11:29:48.952Z</time>
      </trkpt>
      <trkpt lat="46.823961" lon="9.406362">
        <ele>591.341253</ele>
        <time>2026-07-30T11:29:49.923Z</time>
      </trkpt>
      <trkpt lat="46.823885" lon="9.406216">
        <ele>591.291773</ele>
        <time>2026-07-30T11:29:51.686Z</time>
      </trkpt>
      <trkpt lat="46.823018" lon="9.404552">
        <ele>591.409412</ele>
        <time>2026-07-30T11:30:14.581Z</time>
      </trkpt>
      <trkpt lat="46.822925" lon="9.404433">
        <ele>591.716554</ele>
        <time>2026-07-30T11:30:16.288Z</time>
      </trkpt>
      <trkpt lat="46.822861" lon="9.404394">
        <ele>591.888851</ele>
        <time>2026-07-30T11:30:17.217Z</time>
      </trkpt>
      <trkpt lat="46.822608" lon="9.404362">
        <ele>592.519851</ele>
        <time>2026-07-30T11:30:20.679Z</time>
      </trkpt>
      <trkpt lat="46.822576" lon="9.404352">
        <ele>592.601162</ele>
        <time>2026-07-30T11:30:21.094Z</time>
      </trkpt>
      <trkpt lat="46.822506" lon="9.404278">
        <ele>592.815832</ele>
        <time>2026-07-30T11:30:22.276Z</time>
      </trkpt>
      <trkpt lat="46.822304" lon="9.404168">
        <ele>593.351471</ele>
        <time>2026-07-30T11:30:25.260Z</time>
      </trkpt>
      <trkpt lat="46.822345" lon="9.403794">
        <ele>593.995472</ele>
        <time>2026-07-30T11:30:31.581Z</time>
      </trkpt>
      <trkpt lat="46.822340" lon="9.403667">
        <ele>594.211760</ele>
        <time>2026-07-30T11:30:34.469Z</time>
      </trkpt>
      <trkpt lat="46.822308" lon="9.403415">
        <ele>594.647538</ele>
        <time>2026-07-30T11:30:40.964Z</time>
      </trkpt>
      <trkpt lat="46.822241" lon="9.403168">
        <ele>595.099293</ele>
        <time>2026-07-30T11:30:48.577Z</time>
      </trkpt>
      <trkpt lat="46.822145" lon="9.402928">
        <ele>596.271170</ele>
        <time>2026-07-30T11:30:57.480Z</time>
      </trkpt>
      <trkpt lat="46.822047" lon="9.402764">
        <ele>597.560147</ele>
        <time>2026-07-30T11:31:04.916Z</time>
      </trkpt>
      <trkpt lat="46.821687" lon="9.402348">
        <ele>601.530733</ele>
        <time>2026-07-30T11:31:29.691Z</time>
      </trkpt>
      <trkpt lat="46.821360" lon="9.402118">
        <ele>604.670415</ele>
        <time>2026-07-30T11:31:50.314Z</time>
      </trkpt>
      <trkpt lat="46.820612" lon="9.401907">
        <ele>611.104395</ele>
        <time>2026-07-30T11:32:30.734Z</time>
      </trkpt>
      <trkpt lat="46.820209" lon="9.401872">
        <ele>613.260590</ele>
        <time>2026-07-30T11:32:45.077Z</time>
      </trkpt>
      <trkpt lat="46.819426" lon="9.401892">
        <ele>617.443181</ele>
        <time>2026-07-30T11:33:10.954Z</time>
      </trkpt>
      <trkpt lat="46.818819" lon="9.401768">
        <ele>620.612745</ele>
        <time>2026-07-30T11:33:31.566Z</time>
      </trkpt>
      <trkpt lat="46.818086" lon="9.401832">
        <ele>622.960479</ele>
        <time>2026-07-30T11:33:55.508Z</time>
      </trkpt>
      <trkpt lat="46.817718" lon="9.401947">
        <ele>624.163654</ele>
        <time>2026-07-30T11:34:05.747Z</time>
      </trkpt>
      <trkpt lat="46.817419" lon="9.402108">
        <ele>625.182455</ele>
        <time>2026-07-30T11:34:13.115Z</time>
      </trkpt>
      <trkpt lat="46.816941" lon="9.402686">
        <ele>627.284447</ele>
        <time>2026-07-30T11:34:25.765Z</time>
      </trkpt>
      <trkpt lat="46.816642" lon="9.402976">
        <ele>628.573599</ele>
        <time>2026-07-30T11:34:33.196Z</time>
      </trkpt>
      <trkpt lat="46.816257" lon="9.403160">
        <ele>630.028715</ele>
        <time>2026-07-30T11:34:42.737Z</time>
      </trkpt>
      <trkpt lat="46.815234" lon="9.403302">
        <ele>634.976932</ele>
        <time>2026-07-30T11:35:21.617Z</time>
      </trkpt>
      <trkpt lat="46.815000" lon="9.403304">
        <ele>636.823187</ele>
        <time>2026-07-30T11:35:33.304Z</time>
      </trkpt>
      <trkpt lat="46.814804" lon="9.403253">
        <ele>638.393924</ele>
        <time>2026-07-30T11:35:43.566Z</time>
      </trkpt>
      <trkpt lat="46.814640" lon="9.403163">
        <ele>639.776102</ele>
        <time>2026-07-30T11:35:52.694Z</time>
      </trkpt>
      <trkpt lat="46.814482" lon="9.403031">
        <ele>641.212066</ele>
        <time>2026-07-30T11:36:02.329Z</time>
      </trkpt>
      <trkpt lat="46.814273" lon="9.402788">
        <ele>643.319361</ele>
        <time>2026-07-30T11:36:16.281Z</time>
      </trkpt>
      <trkpt lat="46.813586" lon="9.402017">
        <ele>648.859688</ele>
        <time>2026-07-30T11:36:55.513Z</time>
      </trkpt>
      <trkpt lat="46.813200" lon="9.401581">
        <ele>651.196269</ele>
        <time>2026-07-30T11:37:12.696Z</time>
      </trkpt>
      <trkpt lat="46.813095" lon="9.401439">
        <ele>651.881467</ele>
        <time>2026-07-30T11:37:17.423Z</time>
      </trkpt>
      <trkpt lat="46.812820" lon="9.400863">
        <ele>654.183387</ele>
        <time>2026-07-30T11:37:30.832Z</time>
      </trkpt>
      <trkpt lat="46.812608" lon="9.400509">
        <ele>655.516200</ele>
        <time>2026-07-30T11:37:38.883Z</time>
      </trkpt>
      <trkpt lat="46.812413" lon="9.400269">
        <ele>655.718403</ele>
        <time>2026-07-30T11:37:45.092Z</time>
      </trkpt>
      <trkpt lat="46.812445" lon="9.400143">
        <ele>655.791350</ele>
        <time>2026-07-30T11:37:47.204Z</time>
      </trkpt>
      <trkpt lat="46.812453" lon="9.400055">
        <ele>655.839534</ele>
        <time>2026-07-30T11:37:48.569Z</time>
      </trkpt>
      <trkpt lat="46.812422" lon="9.399783">
        <ele>655.989201</ele>
        <time>2026-07-30T11:37:52.429Z</time>
      </trkpt>
      <trkpt lat="46.812359" lon="9.399254">
        <ele>656.280644</ele>
        <time>2026-07-30T11:37:59.066Z</time>
      </trkpt>
      <trkpt lat="46.812356" lon="9.399234">
        <ele>656.291758</ele>
        <time>2026-07-30T11:37:59.288Z</time>
      </trkpt>
      <trkpt lat="46.812285" lon="9.398831">
        <ele>656.517628</ele>
        <time>2026-07-30T11:38:03.479Z</time>
      </trkpt>
      <trkpt lat="46.812236" lon="9.398614">
        <ele>656.641656</ele>
        <time>2026-07-30T11:38:05.546Z</time>
      </trkpt>
      <trkpt lat="46.812191" lon="9.398411">
        <ele>656.757475</ele>
        <time>2026-07-30T11:38:07.433Z</time>
      </trkpt>
      <trkpt lat="46.812140" lon="9.398171">
        <ele>656.893877</ele>
        <time>2026-07-30T11:38:09.658Z</time>
      </trkpt>
      <trkpt lat="46.812120" lon="9.397933">
        <ele>656.863855</ele>
        <time>2026-07-30T11:38:11.729Z</time>
      </trkpt>
      <trkpt lat="46.812120" lon="9.397891">
        <ele>656.856926</ele>
        <time>2026-07-30T11:38:12.079Z</time>
      </trkpt>
      <trkpt lat="46.812129" lon="9.397512">
        <ele>656.794359</ele>
        <time>2026-07-30T11:38:15.214Z</time>
      </trkpt>
      <trkpt lat="46.812127" lon="9.397372">
        <ele>656.771257</ele>
        <time>2026-07-30T11:38:16.436Z</time>
      </trkpt>
      <trkpt lat="46.812108" lon="9.396831">
        <ele>656.681883</ele>
        <time>2026-07-30T11:38:21.411Z</time>
      </trkpt>
      <trkpt lat="46.812098" lon="9.396425">
        <ele>656.614856</ele>
        <time>2026-07-30T11:38:25.487Z</time>
      </trkpt>
      <trkpt lat="46.812108" lon="9.396106">
        <ele>656.562171</ele>
        <time>2026-07-30T11:38:28.893Z</time>
      </trkpt>
      <trkpt lat="46.812128" lon="9.395586">
        <ele>656.476243</ele>
        <time>2026-07-30T11:38:34.673Z</time>
      </trkpt>
      <trkpt lat="46.812133" lon="9.395432">
        <ele>656.490853</ele>
        <time>2026-07-30T11:38:36.278Z</time>
      </trkpt>
      <trkpt lat="46.812148" lon="9.395117">
        <ele>656.562988</ele>
        <time>2026-07-30T11:38:39.745Z</time>
      </trkpt>
      <trkpt lat="46.812200" lon="9.393722">
        <ele>656.882146</ele>
        <time>2026-07-30T11:38:55.316Z</time>
      </trkpt>
      <trkpt lat="46.812210" lon="9.393553">
        <ele>656.920898</ele>
        <time>2026-07-30T11:38:57.077Z</time>
      </trkpt>
      <trkpt lat="46.812235" lon="9.393087">
        <ele>657.027681</ele>
        <time>2026-07-30T11:39:02.122Z</time>
      </trkpt>
      <trkpt lat="46.812247" lon="9.392773">
        <ele>657.177682</ele>
        <time>2026-07-30T11:39:05.615Z</time>
      </trkpt>
      <trkpt lat="46.812248" lon="9.392763">
        <ele>657.185711</ele>
        <time>2026-07-30T11:39:05.727Z</time>
      </trkpt>
      <trkpt lat="46.812262" lon="9.392373">
        <ele>657.495989</ele>
        <time>2026-07-30T11:39:10.155Z</time>
      </trkpt>
      <trkpt lat="46.812269" lon="9.392161">
        <ele>657.664617</ele>
        <time>2026-07-30T11:39:12.599Z</time>
      </trkpt>
      <trkpt lat="46.812283" lon="9.391787">
        <ele>657.962201</ele>
        <time>2026-07-30T11:39:17.071Z</time>
      </trkpt>
      <trkpt lat="46.812329" lon="9.390651">
        <ele>658.866322</ele>
        <time>2026-07-30T11:39:32.617Z</time>
      </trkpt>
      <trkpt lat="46.812338" lon="9.390383">
        <ele>659.079502</ele>
        <time>2026-07-30T11:39:36.760Z</time>
      </trkpt>
      <trkpt lat="46.812389" lon="9.388920">
        <ele>661.427986</ele>
        <time>2026-07-30T11:40:02.105Z</time>
      </trkpt>
      <trkpt lat="46.812398" lon="9.388700">
        <ele>661.793850</ele>
        <time>2026-07-30T11:40:06.079Z</time>
      </trkpt>
      <trkpt lat="46.812407" lon="9.388483">
        <ele>662.154742</ele>
        <time>2026-07-30T11:40:09.918Z</time>
      </trkpt>
      <trkpt lat="46.812458" lon="9.387127">
        <ele>664.461157</ele>
        <time>2026-07-30T11:40:32.306Z</time>
      </trkpt>
      <trkpt lat="46.812487" lon="9.386377">
        <ele>665.780992</ele>
        <time>2026-07-30T11:40:44.717Z</time>
      </trkpt>
      <trkpt lat="46.812508" lon="9.385821">
        <ele>666.759358</ele>
        <time>2026-07-30T11:40:54.536Z</time>
      </trkpt>
      <trkpt lat="46.812523" lon="9.385448">
        <ele>667.415841</ele>
        <time>2026-07-30T11:41:01.150Z</time>
      </trkpt>
      <trkpt lat="46.812566" lon="9.384318">
        <ele>669.435924</ele>
        <time>2026-07-30T11:41:21.571Z</time>
      </trkpt>
      <trkpt lat="46.812647" lon="9.382193">
        <ele>673.362370</ele>
        <time>2026-07-30T11:41:57.434Z</time>
      </trkpt>
      <trkpt lat="46.812657" lon="9.381719">
        <ele>674.416836</ele>
        <time>2026-07-30T11:42:06.342Z</time>
      </trkpt>
      <trkpt lat="46.812674" lon="9.381320">
        <ele>675.305753</ele>
        <time>2026-07-30T11:42:14.202Z</time>
      </trkpt>
      <trkpt lat="46.812702" lon="9.380522">
        <ele>677.082481</ele>
        <time>2026-07-30T11:42:30.484Z</time>
      </trkpt>
      <trkpt lat="46.812745" lon="9.379414">
        <ele>679.341006</ele>
        <time>2026-07-30T11:42:52.530Z</time>
      </trkpt>
      <trkpt lat="46.812827" lon="9.377260">
        <ele>682.939937</ele>
        <time>2026-07-30T11:43:26.584Z</time>
      </trkpt>
      <trkpt lat="46.812833" lon="9.377093">
        <ele>683.220585</ele>
        <time>2026-07-30T11:43:29.148Z</time>
      </trkpt>
      <trkpt lat="46.812952" lon="9.373836">
        <ele>689.222449</ele>
        <time>2026-07-30T11:44:24.934Z</time>
      </trkpt>
      <trkpt lat="46.813169" lon="9.367870">
        <ele>704.694845</ele>
        <time>2026-07-30T11:46:24.926Z</time>
      </trkpt>
      <trkpt lat="46.813185" lon="9.367421">
        <ele>706.161659</ele>
        <time>2026-07-30T11:46:35.961Z</time>
      </trkpt>
      <trkpt lat="46.813228" lon="9.366170">
        <ele>711.092835</ele>
        <time>2026-07-30T11:47:10.401Z</time>
      </trkpt>
      <trkpt lat="46.813278" lon="9.364489">
        <ele>719.431893</ele>
        <time>2026-07-30T11:48:02.962Z</time>
      </trkpt>
      <trkpt lat="46.813274" lon="9.363904">
        <ele>722.239018</ele>
        <time>2026-07-30T11:48:21.308Z</time>
      </trkpt>
      <trkpt lat="46.813063" lon="9.361761">
        <ele>731.523151</ele>
        <time>2026-07-30T11:49:23.536Z</time>
      </trkpt>
      <trkpt lat="46.812777" lon="9.359163">
        <ele>738.999758</ele>
        <time>2026-07-30T11:50:14.689Z</time>
      </trkpt>
      <trkpt lat="46.812596" lon="9.357728">
        <ele>745.878113</ele>
        <time>2026-07-30T11:50:47.696Z</time>
      </trkpt>
      <trkpt lat="46.812538" lon="9.357474">
        <ele>747.297486</ele>
        <time>2026-07-30T11:50:56.074Z</time>
      </trkpt>
      <trkpt lat="46.812434" lon="9.357182">
        <ele>749.042382</ele>
        <time>2026-07-30T11:51:07.717Z</time>
      </trkpt>
      <trkpt lat="46.812099" lon="9.356542">
        <ele>753.313418</ele>
        <time>2026-07-30T11:51:41.804Z</time>
      </trkpt>
      <trkpt lat="46.811532" lon="9.355326">
        <ele>763.538019</ele>
        <time>2026-07-30T11:52:42.454Z</time>
      </trkpt>
      <trkpt lat="46.811133" lon="9.354762">
        <ele>769.259573</ele>
        <time>2026-07-30T11:53:13.413Z</time>
      </trkpt>
      <trkpt lat="46.811033" lon="9.354442">
        <ele>771.740891</ele>
        <time>2026-07-30T11:53:26.594Z</time>
      </trkpt>
      <trkpt lat="46.810950" lon="9.353955">
        <ele>773.432692</ele>
        <time>2026-07-30T11:53:42.400Z</time>
      </trkpt>
      <trkpt lat="46.810890" lon="9.353810">
        <ele>773.882798</ele>
        <time>2026-07-30T11:53:46.906Z</time>
      </trkpt>
      <trkpt lat="46.810609" lon="9.353397">
        <ele>775.429777</ele>
        <time>2026-07-30T11:54:02.350Z</time>
      </trkpt>
      <trkpt lat="46.810514" lon="9.353089">
        <ele>776.327203</ele>
        <time>2026-07-30T11:54:10.587Z</time>
      </trkpt>
      <trkpt lat="46.810450" lon="9.351819">
        <ele>779.143660</ele>
        <time>2026-07-30T11:54:26.087Z</time>
      </trkpt>
      <trkpt lat="46.810542" lon="9.351009">
        <ele>778.331879</ele>
        <time>2026-07-30T11:54:31.707Z</time>
      </trkpt>
      <trkpt lat="46.810555" lon="9.350631">
        <ele>777.957687</ele>
        <time>2026-07-30T11:54:34.350Z</time>
      </trkpt>
      <trkpt lat="46.810281" lon="9.348912">
        <ele>776.828728</ele>
        <time>2026-07-30T11:54:49.283Z</time>
      </trkpt>
      <trkpt lat="46.810237" lon="9.347827">
        <ele>777.115322</ele>
        <time>2026-07-30T11:55:00.796Z</time>
      </trkpt>
      <trkpt lat="46.810207" lon="9.347567">
        <ele>777.184846</ele>
        <time>2026-07-30T11:55:02.699Z</time>
      </trkpt>
      <trkpt lat="46.810101" lon="9.347132">
        <ele>777.306600</ele>
        <time>2026-07-30T11:55:10.622Z</time>
      </trkpt>
      <trkpt lat="46.809928" lon="9.346719">
        <ele>777.154783</ele>
        <time>2026-07-30T11:55:21.339Z</time>
      </trkpt>
      <trkpt lat="46.809758" lon="9.346316">
        <ele>776.455035</ele>
        <time>2026-07-30T11:55:27.589Z</time>
      </trkpt>
      <trkpt lat="46.809655" lon="9.346259">
        <ele>776.217164</ele>
        <time>2026-07-30T11:55:29.013Z</time>
      </trkpt>
      <trkpt lat="46.809333" lon="9.346403">
        <ele>775.489895</ele>
        <time>2026-07-30T11:55:32.980Z</time>
      </trkpt>
      <trkpt lat="46.809260" lon="9.346398">
        <ele>775.332063</ele>
        <time>2026-07-30T11:55:33.691Z</time>
      </trkpt>
      <trkpt lat="46.809202" lon="9.346356">
        <ele>775.192260</ele>
        <time>2026-07-30T11:55:34.334Z</time>
      </trkpt>
      <trkpt lat="46.808824" lon="9.345517">
        <ele>773.707501</ele>
        <time>2026-07-30T11:55:40.737Z</time>
      </trkpt>
      <trkpt lat="46.808707" lon="9.344988">
        <ele>773.694210</ele>
        <time>2026-07-30T11:55:44.347Z</time>
      </trkpt>
      <trkpt lat="46.808618" lon="9.344864">
        <ele>773.774001</ele>
        <time>2026-07-30T11:55:45.482Z</time>
      </trkpt>
      <trkpt lat="46.808471" lon="9.344752">
        <ele>773.881567</ele>
        <time>2026-07-30T11:55:47.079Z</time>
      </trkpt>
      <trkpt lat="46.808334" lon="9.344668">
        <ele>773.977965</ele>
        <time>2026-07-30T11:55:48.640Z</time>
      </trkpt>
      <trkpt lat="46.808200" lon="9.344654">
        <ele>774.065129</ele>
        <time>2026-07-30T11:55:50.265Z</time>
      </trkpt>
      <trkpt lat="46.808104" lon="9.344724">
        <ele>774.134741</ele>
        <time>2026-07-30T11:55:51.992Z</time>
      </trkpt>
      <trkpt lat="46.807801" lon="9.345059">
        <ele>774.381277</ele>
        <time>2026-07-30T11:56:01.829Z</time>
      </trkpt>
      <trkpt lat="46.807699" lon="9.345069">
        <ele>774.447606</ele>
        <time>2026-07-30T11:56:06.094Z</time>
      </trkpt>
      <trkpt lat="46.806848" lon="9.344375">
        <ele>775.035469</ele>
        <time>2026-07-30T11:56:52.102Z</time>
      </trkpt>
      <trkpt lat="46.806798" lon="9.344278">
        <ele>775.083481</ele>
        <time>2026-07-30T11:56:52.975Z</time>
      </trkpt>
      <trkpt lat="46.806754" lon="9.343994">
        <ele>775.198611</ele>
        <time>2026-07-30T11:56:54.839Z</time>
      </trkpt>
      <trkpt lat="46.806681" lon="9.343942">
        <ele>775.245526</ele>
        <time>2026-07-30T11:56:55.604Z</time>
      </trkpt>
      <trkpt lat="46.806457" lon="9.343919">
        <ele>775.375241</ele>
        <time>2026-07-30T11:56:57.673Z</time>
      </trkpt>
      <trkpt lat="46.806396" lon="9.343849">
        <ele>775.420048</ele>
        <time>2026-07-30T11:56:58.416Z</time>
      </trkpt>
      <trkpt lat="46.806341" lon="9.343696">
        <ele>775.488379</ele>
        <time>2026-07-30T11:56:59.589Z</time>
      </trkpt>
      <trkpt lat="46.806320" lon="9.343528">
        <ele>775.555903</ele>
        <time>2026-07-30T11:57:00.852Z</time>
      </trkpt>
      <trkpt lat="46.806323" lon="9.343280">
        <ele>775.653975</ele>
        <time>2026-07-30T11:57:03.944Z</time>
      </trkpt>
      <trkpt lat="46.806296" lon="9.343062">
        <ele>775.593620</ele>
        <time>2026-07-30T11:57:07.291Z</time>
      </trkpt>
      <trkpt lat="46.806251" lon="9.342959">
        <ele>775.387847</ele>
        <time>2026-07-30T11:57:08.301Z</time>
      </trkpt>
      <trkpt lat="46.806185" lon="9.342892">
        <ele>775.190117</ele>
        <time>2026-07-30T11:57:09.515Z</time>
      </trkpt>
      <trkpt lat="46.805963" lon="9.342756">
        <ele>774.597857</ele>
        <time>2026-07-30T11:57:12.023Z</time>
      </trkpt>
      <trkpt lat="46.805872" lon="9.342780">
        <ele>774.370352</ele>
        <time>2026-07-30T11:57:12.984Z</time>
      </trkpt>
      <trkpt lat="46.805724" lon="9.342885">
        <ele>773.965565</ele>
        <time>2026-07-30T11:57:14.477Z</time>
      </trkpt>
      <trkpt lat="46.805480" lon="9.342817">
        <ele>773.354428</ele>
        <time>2026-07-30T11:57:16.709Z</time>
      </trkpt>
      <trkpt lat="46.805333" lon="9.342755">
        <ele>772.977995</ele>
        <time>2026-07-30T11:57:18.804Z</time>
      </trkpt>
      <trkpt lat="46.805108" lon="9.342519">
        <ele>772.296536</ele>
        <time>2026-07-30T11:57:24.967Z</time>
      </trkpt>
      <trkpt lat="46.804763" lon="9.341943">
        <ele>770.601285</ele>
        <time>2026-07-30T11:57:33.191Z</time>
      </trkpt>
      <trkpt lat="46.804490" lon="9.341734">
        <ele>768.745174</ele>
        <time>2026-07-30T11:57:35.926Z</time>
      </trkpt>
      <trkpt lat="46.804082" lon="9.341599">
        <ele>766.225890</ele>
        <time>2026-07-30T11:57:39.564Z</time>
      </trkpt>
      <trkpt lat="46.803688" lon="9.341655">
        <ele>763.841944</ele>
        <time>2026-07-30T11:57:43.133Z</time>
      </trkpt>
      <trkpt lat="46.803269" lon="9.341849">
        <ele>761.194953</ele>
        <time>2026-07-30T11:57:47.061Z</time>
      </trkpt>
      <trkpt lat="46.803133" lon="9.341949">
        <ele>760.322547</ele>
        <time>2026-07-30T11:57:48.408Z</time>
      </trkpt>
      <trkpt lat="46.803023" lon="9.342038">
        <ele>759.754164</ele>
        <time>2026-07-30T11:57:49.586Z</time>
      </trkpt>
      <trkpt lat="46.802535" lon="9.342466">
        <ele>757.181326</ele>
        <time>2026-07-30T11:57:55.148Z</time>
      </trkpt>
      <trkpt lat="46.802270" lon="9.342717">
        <ele>755.753744</ele>
        <time>2026-07-30T11:57:58.135Z</time>
      </trkpt>
      <trkpt lat="46.802186" lon="9.342832">
        <ele>755.233377</ele>
        <time>2026-07-30T11:57:59.257Z</time>
      </trkpt>
      <trkpt lat="46.802050" lon="9.343172">
        <ele>754.014918</ele>
        <time>2026-07-30T11:58:01.819Z</time>
      </trkpt>
      <trkpt lat="46.801957" lon="9.343339">
        <ele>753.348794</ele>
        <time>2026-07-30T11:58:03.191Z</time>
      </trkpt>
      <trkpt lat="46.801879" lon="9.343393">
        <ele>752.958632</ele>
        <time>2026-07-30T11:58:03.987Z</time>
      </trkpt>
      <trkpt lat="46.801676" lon="9.343421">
        <ele>752.414014</ele>
        <time>2026-07-30T11:58:06.000Z</time>
      </trkpt>
      <trkpt lat="46.801591" lon="9.343466">
        <ele>752.537948</ele>
        <time>2026-07-30T11:58:06.890Z</time>
      </trkpt>
      <trkpt lat="46.801406" lon="9.343762">
        <ele>752.914060</ele>
        <time>2026-07-30T11:58:11.046Z</time>
      </trkpt>
      <trkpt lat="46.801028" lon="9.344134">
        <ele>753.538838</ele>
        <time>2026-07-30T11:58:17.350Z</time>
      </trkpt>
      <trkpt lat="46.800724" lon="9.344712">
        <ele>754.222822</ele>
        <time>2026-07-30T11:58:30.725Z</time>
      </trkpt>
      <trkpt lat="46.800111" lon="9.345172">
        <ele>756.231657</ele>
        <time>2026-07-30T11:58:56.464Z</time>
      </trkpt>
      <trkpt lat="46.800046" lon="9.345208">
        <ele>756.596899</ele>
        <time>2026-07-30T11:58:59.109Z</time>
      </trkpt>
      <trkpt lat="46.799683" lon="9.345357">
        <ele>758.578021</ele>
        <time>2026-07-30T11:59:12.480Z</time>
      </trkpt>
      <trkpt lat="46.799257" lon="9.345468">
        <ele>760.851621</ele>
        <time>2026-07-30T11:59:27.850Z</time>
      </trkpt>
      <trkpt lat="46.798932" lon="9.345327">
        <ele>762.632942</ele>
        <time>2026-07-30T11:59:43.051Z</time>
      </trkpt>
      <trkpt lat="46.798582" lon="9.345316">
        <ele>764.130783</ele>
        <time>2026-07-30T11:59:57.855Z</time>
      </trkpt>
      <trkpt lat="46.798247" lon="9.345172">
        <ele>763.242057</ele>
        <time>2026-07-30T12:00:06.158Z</time>
      </trkpt>
      <trkpt lat="46.798138" lon="9.345177">
        <ele>762.964514</ele>
        <time>2026-07-30T12:00:07.727Z</time>
      </trkpt>
      <trkpt lat="46.797912" lon="9.345287">
        <ele>762.358253</ele>
        <time>2026-07-30T12:00:10.604Z</time>
      </trkpt>
      <trkpt lat="46.797818" lon="9.345262">
        <ele>762.115088</ele>
        <time>2026-07-30T12:00:11.788Z</time>
      </trkpt>
      <trkpt lat="46.797783" lon="9.345178">
        <ele>761.943763</ele>
        <time>2026-07-30T12:00:12.459Z</time>
      </trkpt>
      <trkpt lat="46.797643" lon="9.344451">
        <ele>760.627982</ele>
        <time>2026-07-30T12:00:17.571Z</time>
      </trkpt>
      <trkpt lat="46.797529" lon="9.344131">
        <ele>759.999485</ele>
        <time>2026-07-30T12:00:19.821Z</time>
      </trkpt>
      <trkpt lat="46.797433" lon="9.343939">
        <ele>759.291764</ele>
        <time>2026-07-30T12:00:21.234Z</time>
      </trkpt>
      <trkpt lat="46.797339" lon="9.343798">
        <ele>757.681645</ele>
        <time>2026-07-30T12:00:22.370Z</time>
      </trkpt>
      <trkpt lat="46.797060" lon="9.343597">
        <ele>753.964044</ele>
        <time>2026-07-30T12:00:24.964Z</time>
      </trkpt>
      <trkpt lat="46.796950" lon="9.343466">
        <ele>752.267993</ele>
        <time>2026-07-30T12:00:26.158Z</time>
      </trkpt>
      <trkpt lat="46.796687" lon="9.342997">
        <ele>747.308148</ele>
        <time>2026-07-30T12:00:29.643Z</time>
      </trkpt>
      <trkpt lat="46.796328" lon="9.342253">
        <ele>739.861392</ele>
        <time>2026-07-30T12:00:34.821Z</time>
      </trkpt>
      <trkpt lat="46.796116" lon="9.342016">
        <ele>738.577032</ele>
        <time>2026-07-30T12:00:37.084Z</time>
      </trkpt>
      <trkpt lat="46.795707" lon="9.341779">
        <ele>740.003913</ele>
        <time>2026-07-30T12:00:40.992Z</time>
      </trkpt>
      <trkpt lat="46.795547" lon="9.341597">
        <ele>740.661539</ele>
        <time>2026-07-30T12:00:43.102Z</time>
      </trkpt>
      <trkpt lat="46.794712" lon="9.340272">
        <ele>746.498414</ele>
        <time>2026-07-30T12:01:58.321Z</time>
      </trkpt>
      <trkpt lat="46.794689" lon="9.340248">
        <ele>746.846720</ele>
        <time>2026-07-30T12:02:00.990Z</time>
      </trkpt>
      <trkpt lat="46.794596" lon="9.340195">
        <ele>748.076837</ele>
        <time>2026-07-30T12:02:10.140Z</time>
      </trkpt>
      <trkpt lat="46.794472" lon="9.340192">
        <ele>749.605024</ele>
        <time>2026-07-30T12:02:20.694Z</time>
      </trkpt>
      <trkpt lat="46.794362" lon="9.340253">
        <ele>751.054886</ele>
        <time>2026-07-30T12:02:30.005Z</time>
      </trkpt>
      <trkpt lat="46.794203" lon="9.340438">
        <ele>753.559773</ele>
        <time>2026-07-30T12:02:45.648Z</time>
      </trkpt>
      <trkpt lat="46.794123" lon="9.340420">
        <ele>754.557192</ele>
        <time>2026-07-30T12:02:51.253Z</time>
      </trkpt>
      <trkpt lat="46.794108" lon="9.340321">
        <ele>755.412584</ele>
        <time>2026-07-30T12:02:56.490Z</time>
      </trkpt>
      <trkpt lat="46.794136" lon="9.340257">
        <ele>756.053328</ele>
        <time>2026-07-30T12:03:00.015Z</time>
      </trkpt>
      <trkpt lat="46.794411" lon="9.339909">
        <ele>760.536836</ele>
        <time>2026-07-30T12:03:24.145Z</time>
      </trkpt>
      <trkpt lat="46.794543" lon="9.339877">
        <ele>762.185643</ele>
        <time>2026-07-30T12:03:31.898Z</time>
      </trkpt>
      <trkpt lat="46.794728" lon="9.339892">
        <ele>764.468796</ele>
        <time>2026-07-30T12:03:41.679Z</time>
      </trkpt>
      <trkpt lat="46.794874" lon="9.339939">
        <ele>766.263237</ele>
        <time>2026-07-30T12:03:49.082Z</time>
      </trkpt>
      <trkpt lat="46.794928" lon="9.339876">
        <ele>766.833040</ele>
        <time>2026-07-30T12:03:52.487Z</time>
      </trkpt>
      <trkpt lat="46.794924" lon="9.339804">
        <ele>767.240780</ele>
        <time>2026-07-30T12:03:54.648Z</time>
      </trkpt>
      <trkpt lat="46.794848" lon="9.339735">
        <ele>767.978563</ele>
        <time>2026-07-30T12:03:59.089Z</time>
      </trkpt>
      <trkpt lat="46.794513" lon="9.339654">
        <ele>770.778166</ele>
        <time>2026-07-30T12:04:11.452Z</time>
      </trkpt>
      <trkpt lat="46.794311" lon="9.339625">
        <ele>772.451646</ele>
        <time>2026-07-30T12:04:19.059Z</time>
      </trkpt>
      <trkpt lat="46.794172" lon="9.339662">
        <ele>773.616552</ele>
        <time>2026-07-30T12:04:24.837Z</time>
      </trkpt>
      <trkpt lat="46.794044" lon="9.339812">
        <ele>774.969555</ele>
        <time>2026-07-30T12:04:31.911Z</time>
      </trkpt>
      <trkpt lat="46.793776" lon="9.340288">
        <ele>778.448273</ele>
        <time>2026-07-30T12:04:53.053Z</time>
      </trkpt>
      <trkpt lat="46.793614" lon="9.340656">
        <ele>780.917859</ele>
        <time>2026-07-30T12:05:10.137Z</time>
      </trkpt>
      <trkpt lat="46.793541" lon="9.340706">
        <ele>781.814055</ele>
        <time>2026-07-30T12:05:14.908Z</time>
      </trkpt>
      <trkpt lat="46.793490" lon="9.340642">
        <ele>782.587155</ele>
        <time>2026-07-30T12:05:18.753Z</time>
      </trkpt>
      <trkpt lat="46.793491" lon="9.340568">
        <ele>783.169791</ele>
        <time>2026-07-30T12:05:21.740Z</time>
      </trkpt>
      <trkpt lat="46.793635" lon="9.340293">
        <ele>785.895165</ele>
        <time>2026-07-30T12:05:35.023Z</time>
      </trkpt>
      <trkpt lat="46.793810" lon="9.339878">
        <ele>789.731960</ele>
        <time>2026-07-30T12:05:54.479Z</time>
      </trkpt>
      <trkpt lat="46.793935" lon="9.339346">
        <ele>794.159561</ele>
        <time>2026-07-30T12:06:18.258Z</time>
      </trkpt>
      <trkpt lat="46.793998" lon="9.339256">
        <ele>795.172798</ele>
        <time>2026-07-30T12:06:23.946Z</time>
      </trkpt>
      <trkpt lat="46.794086" lon="9.339196">
        <ele>796.289434</ele>
        <time>2026-07-30T12:06:30.298Z</time>
      </trkpt>
      <trkpt lat="46.794422" lon="9.339088">
        <ele>800.245220</ele>
        <time>2026-07-30T12:06:53.747Z</time>
      </trkpt>
      <trkpt lat="46.794591" lon="9.339092">
        <ele>802.150935</ele>
        <time>2026-07-30T12:07:05.084Z</time>
      </trkpt>
      <trkpt lat="46.794846" lon="9.339195">
        <ele>804.968748</ele>
        <time>2026-07-30T12:07:22.387Z</time>
      </trkpt>
      <trkpt lat="46.794896" lon="9.339109">
        <ele>805.791426</ele>
        <time>2026-07-30T12:07:27.533Z</time>
      </trkpt>
      <trkpt lat="46.794869" lon="9.339012">
        <ele>806.554925</ele>
        <time>2026-07-30T12:07:32.173Z</time>
      </trkpt>
      <trkpt lat="46.794457" lon="9.338912">
        <ele>811.003112</ele>
        <time>2026-07-30T12:07:57.804Z</time>
      </trkpt>
      <trkpt lat="46.793845" lon="9.338855">
        <ele>817.534476</ele>
        <time>2026-07-30T12:08:32.839Z</time>
      </trkpt>
      <trkpt lat="46.793713" lon="9.338927">
        <ele>819.035173</ele>
        <time>2026-07-30T12:08:40.699Z</time>
      </trkpt>
      <trkpt lat="46.793377" lon="9.339301">
        <ele>821.609184</ele>
        <time>2026-07-30T12:09:00.765Z</time>
      </trkpt>
      <trkpt lat="46.793076" lon="9.339512">
        <ele>822.630402</ele>
        <time>2026-07-30T12:09:12.094Z</time>
      </trkpt>
      <trkpt lat="46.792737" lon="9.339880">
        <ele>823.922325</ele>
        <time>2026-07-30T12:09:20.038Z</time>
      </trkpt>
      <trkpt lat="46.792300" lon="9.340134">
        <ele>825.360937</ele>
        <time>2026-07-30T12:09:26.160Z</time>
      </trkpt>
      <trkpt lat="46.791764" lon="9.341138">
        <ele>830.118425</ele>
        <time>2026-07-30T12:09:44.961Z</time>
      </trkpt>
      <trkpt lat="46.791540" lon="9.341424">
        <ele>832.153223</ele>
        <time>2026-07-30T12:09:56.189Z</time>
      </trkpt>
      <trkpt lat="46.791449" lon="9.341481">
        <ele>832.830407</ele>
        <time>2026-07-30T12:10:00.553Z</time>
      </trkpt>
      <trkpt lat="46.791347" lon="9.341497">
        <ele>833.532018</ele>
        <time>2026-07-30T12:10:05.253Z</time>
      </trkpt>
      <trkpt lat="46.791224" lon="9.341449">
        <ele>834.402749</ele>
        <time>2026-07-30T12:10:11.475Z</time>
      </trkpt>
      <trkpt lat="46.790619" lon="9.341095">
        <ele>839.106257</ele>
        <time>2026-07-30T12:10:49.026Z</time>
      </trkpt>
      <trkpt lat="46.790445" lon="9.340957">
        <ele>841.949632</ele>
        <time>2026-07-30T12:11:02.625Z</time>
      </trkpt>
      <trkpt lat="46.790224" lon="9.340658">
        <ele>846.275724</ele>
        <time>2026-07-30T12:11:25.436Z</time>
      </trkpt>
      <trkpt lat="46.789983" lon="9.340087">
        <ele>852.871008</ele>
        <time>2026-07-30T12:12:01.760Z</time>
      </trkpt>
      <trkpt lat="46.789817" lon="9.339736">
        <ele>857.065444</ele>
        <time>2026-07-30T12:12:24.211Z</time>
      </trkpt>
      <trkpt lat="46.789726" lon="9.339638">
        <ele>858.689095</ele>
        <time>2026-07-30T12:12:32.753Z</time>
      </trkpt>
      <trkpt lat="46.789551" lon="9.339558">
        <ele>861.322427</ele>
        <time>2026-07-30T12:12:46.105Z</time>
      </trkpt>
      <trkpt lat="46.789344" lon="9.339598">
        <ele>864.320979</ele>
        <time>2026-07-30T12:13:01.296Z</time>
      </trkpt>
      <trkpt lat="46.789102" lon="9.339802">
        <ele>867.912666</ele>
        <time>2026-07-30T12:13:21.441Z</time>
      </trkpt>
      <trkpt lat="46.788963" lon="9.339968">
        <ele>870.210541</ele>
        <time>2026-07-30T12:13:34.816Z</time>
      </trkpt>
      <trkpt lat="46.788876" lon="9.340178">
        <ele>872.361292</ele>
        <time>2026-07-30T12:13:47.054Z</time>
      </trkpt>
      <trkpt lat="46.788679" lon="9.340847">
        <ele>878.742572</ele>
        <time>2026-07-30T12:14:21.036Z</time>
      </trkpt>
      <trkpt lat="46.788625" lon="9.341117">
        <ele>881.207324</ele>
        <time>2026-07-30T12:14:32.836Z</time>
      </trkpt>
      <trkpt lat="46.788555" lon="9.341151">
        <ele>882.151410</ele>
        <time>2026-07-30T12:14:37.278Z</time>
      </trkpt>
      <trkpt lat="46.788499" lon="9.341059">
        <ele>883.230072</ele>
        <time>2026-07-30T12:14:42.184Z</time>
      </trkpt>
      <trkpt lat="46.788669" lon="9.340327">
        <ele>888.748398</ele>
        <time>2026-07-30T12:15:13.104Z</time>
      </trkpt>
      <trkpt lat="46.788779" lon="9.339668">
        <ele>891.730792</ele>
        <time>2026-07-30T12:15:39.901Z</time>
      </trkpt>
      <trkpt lat="46.788988" lon="9.339353">
        <ele>893.659409</ele>
        <time>2026-07-30T12:15:56.056Z</time>
      </trkpt>
      <trkpt lat="46.789169" lon="9.338878">
        <ele>896.049558</ele>
        <time>2026-07-30T12:16:11.013Z</time>
      </trkpt>
      <trkpt lat="46.789292" lon="9.338660">
        <ele>897.291583</ele>
        <time>2026-07-30T12:16:16.110Z</time>
      </trkpt>
      <trkpt lat="46.789508" lon="9.338424">
        <ele>899.023839</ele>
        <time>2026-07-30T12:16:20.145Z</time>
      </trkpt>
      <trkpt lat="46.789733" lon="9.338250">
        <ele>898.725958</ele>
        <time>2026-07-30T12:16:22.699Z</time>
      </trkpt>
      <trkpt lat="46.789985" lon="9.338081">
        <ele>898.387108</ele>
        <time>2026-07-30T12:16:25.311Z</time>
      </trkpt>
      <trkpt lat="46.790060" lon="9.338000">
        <ele>898.273126</ele>
        <time>2026-07-30T12:16:26.204Z</time>
      </trkpt>
      <trkpt lat="46.790255" lon="9.337972">
        <ele>898.033691</ele>
        <time>2026-07-30T12:16:28.051Z</time>
      </trkpt>
      <trkpt lat="46.790694" lon="9.338028">
        <ele>897.495201</ele>
        <time>2026-07-30T12:16:32.367Z</time>
      </trkpt>
      <trkpt lat="46.790964" lon="9.338197">
        <ele>897.136246</ele>
        <time>2026-07-30T12:16:36.375Z</time>
      </trkpt>
      <trkpt lat="46.791184" lon="9.338354">
        <ele>896.837115</ele>
        <time>2026-07-30T12:16:41.832Z</time>
      </trkpt>
      <trkpt lat="46.791299" lon="9.338399">
        <ele>897.711189</ele>
        <time>2026-07-30T12:16:45.196Z</time>
      </trkpt>
      <trkpt lat="46.791498" lon="9.338361">
        <ele>899.184627</ele>
        <time>2026-07-30T12:16:52.628Z</time>
      </trkpt>
      <trkpt lat="46.791638" lon="9.338280">
        <ele>900.290173</ele>
        <time>2026-07-30T12:16:59.579Z</time>
      </trkpt>
      <trkpt lat="46.791754" lon="9.338108">
        <ele>901.503748</ele>
        <time>2026-07-30T12:17:08.207Z</time>
      </trkpt>
      <trkpt lat="46.791795" lon="9.338038">
        <ele>901.966793</ele>
        <time>2026-07-30T12:17:11.632Z</time>
      </trkpt>
      <trkpt lat="46.791891" lon="9.337878">
        <ele>903.036167</ele>
        <time>2026-07-30T12:17:19.571Z</time>
      </trkpt>
      <trkpt lat="46.791924" lon="9.337822">
        <ele>903.407559</ele>
        <time>2026-07-30T12:17:22.395Z</time>
      </trkpt>
      <trkpt lat="46.792148" lon="9.337604">
        <ele>905.383734</ele>
        <time>2026-07-30T12:17:37.288Z</time>
      </trkpt>
      <trkpt lat="46.792263" lon="9.337469">
        <ele>906.466927</ele>
        <time>2026-07-30T12:17:45.503Z</time>
      </trkpt>
      <trkpt lat="46.792423" lon="9.337194">
        <ele>908.280919</ele>
        <time>2026-07-30T12:17:58.288Z</time>
      </trkpt>
      <trkpt lat="46.792504" lon="9.336982">
        <ele>909.501235</ele>
        <time>2026-07-30T12:18:06.280Z</time>
      </trkpt>
      <trkpt lat="46.792545" lon="9.336855">
        <ele>910.130350</ele>
        <time>2026-07-30T12:18:10.609Z</time>
      </trkpt>
      <trkpt lat="46.792597" lon="9.336676">
        <ele>910.653111</ele>
        <time>2026-07-30T12:18:16.423Z</time>
      </trkpt>
      <trkpt lat="46.792643" lon="9.336383">
        <ele>911.461272</ele>
        <time>2026-07-30T12:18:24.711Z</time>
      </trkpt>
      <trkpt lat="46.792648" lon="9.335527">
        <ele>913.762665</ele>
        <time>2026-07-30T12:18:44.967Z</time>
      </trkpt>
      <trkpt lat="46.792696" lon="9.335360">
        <ele>914.249596</ele>
        <time>2026-07-30T12:18:48.587Z</time>
      </trkpt>
      <trkpt lat="46.792782" lon="9.335192">
        <ele>914.813546</ele>
        <time>2026-07-30T12:18:52.734Z</time>
      </trkpt>
      <trkpt lat="46.793097" lon="9.334680">
        <ele>916.664144</ele>
        <time>2026-07-30T12:19:04.232Z</time>
      </trkpt>
      <trkpt lat="46.793291" lon="9.334349">
        <ele>916.803793</ele>
        <time>2026-07-30T12:19:07.793Z</time>
      </trkpt>
      <trkpt lat="46.793427" lon="9.334093">
        <ele>916.444433</ele>
        <time>2026-07-30T12:19:10.275Z</time>
      </trkpt>
      <trkpt lat="46.793540" lon="9.333687">
        <ele>915.958383</ele>
        <time>2026-07-30T12:19:13.413Z</time>
      </trkpt>
      <trkpt lat="46.793585" lon="9.333616">
        <ele>915.851081</ele>
        <time>2026-07-30T12:19:14.077Z</time>
      </trkpt>
      <trkpt lat="46.793984" lon="9.333350">
        <ele>915.140606</ele>
        <time>2026-07-30T12:19:18.480Z</time>
      </trkpt>
      <trkpt lat="46.794223" lon="9.333200">
        <ele>914.719226</ele>
        <time>2026-07-30T12:19:21.265Z</time>
      </trkpt>
      <trkpt lat="46.794313" lon="9.333109">
        <ele>914.541914</ele>
        <time>2026-07-30T12:19:22.462Z</time>
      </trkpt>
      <trkpt lat="46.794354" lon="9.333036">
        <ele>914.437199</ele>
        <time>2026-07-30T12:19:23.171Z</time>
      </trkpt>
      <trkpt lat="46.794382" lon="9.332940">
        <ele>914.321475</ele>
        <time>2026-07-30T12:19:23.975Z</time>
      </trkpt>
      <trkpt lat="46.794413" lon="9.332186">
        <ele>914.778735</ele>
        <time>2026-07-30T12:19:31.115Z</time>
      </trkpt>
      <trkpt lat="46.794396" lon="9.331911">
        <ele>915.032811</ele>
        <time>2026-07-30T12:19:35.651Z</time>
      </trkpt>
      <trkpt lat="46.794267" lon="9.331254">
        <ele>915.661737</ele>
        <time>2026-07-30T12:19:46.105Z</time>
      </trkpt>
      <trkpt lat="46.794174" lon="9.330034">
        <ele>917.123736</ele>
        <time>2026-07-30T12:20:06.033Z</time>
      </trkpt>
      <trkpt lat="46.794012" lon="9.329318">
        <ele>919.083154</ele>
        <time>2026-07-30T12:20:20.416Z</time>
      </trkpt>
      <trkpt lat="46.793992" lon="9.329126">
        <ele>919.587788</ele>
        <time>2026-07-30T12:20:24.558Z</time>
      </trkpt>
      <trkpt lat="46.793869" lon="9.326521">
        <ele>927.387386</ele>
        <time>2026-07-30T12:21:23.061Z</time>
      </trkpt>
      <trkpt lat="46.793908" lon="9.325965">
        <ele>929.341365</ele>
        <time>2026-07-30T12:21:34.832Z</time>
      </trkpt>
      <trkpt lat="46.793983" lon="9.325385">
        <ele>931.404923</ele>
        <time>2026-07-30T12:21:49.806Z</time>
      </trkpt>
      <trkpt lat="46.793990" lon="9.325087">
        <ele>932.447357</ele>
        <time>2026-07-30T12:21:58.059Z</time>
      </trkpt>
      <trkpt lat="46.793963" lon="9.324857">
        <ele>933.378823</ele>
        <time>2026-07-30T12:22:04.847Z</time>
      </trkpt>
      <trkpt lat="46.793793" lon="9.324218">
        <ele>936.206679</ele>
        <time>2026-07-30T12:22:26.737Z</time>
      </trkpt>
      <trkpt lat="46.793772" lon="9.324063">
        <ele>936.858446</ele>
        <time>2026-07-30T12:22:31.604Z</time>
      </trkpt>
      <trkpt lat="46.793829" lon="9.323078">
        <ele>940.936009</ele>
        <time>2026-07-30T12:22:59.015Z</time>
      </trkpt>
      <trkpt lat="46.793872" lon="9.322733">
        <ele>942.382505</ele>
        <time>2026-07-30T12:23:07.791Z</time>
      </trkpt>
      <trkpt lat="46.794001" lon="9.322058">
        <ele>943.792031</ele>
        <time>2026-07-30T12:23:23.204Z</time>
      </trkpt>
      <trkpt lat="46.794209" lon="9.320599">
        <ele>944.924996</ele>
        <time>2026-07-30T12:23:41.250Z</time>
      </trkpt>
      <trkpt lat="46.794302" lon="9.320317">
        <ele>945.162956</ele>
        <time>2026-07-30T12:23:44.969Z</time>
      </trkpt>
      <trkpt lat="46.794518" lon="9.319868">
        <ele>945.080882</ele>
        <time>2026-07-30T12:23:49.747Z</time>
      </trkpt>
      <trkpt lat="46.794605" lon="9.319533">
        <ele>944.269805</ele>
        <time>2026-07-30T12:23:52.390Z</time>
      </trkpt>
      <trkpt lat="46.794619" lon="9.319248">
        <ele>943.622985</ele>
        <time>2026-07-30T12:23:54.344Z</time>
      </trkpt>
      <trkpt lat="46.794604" lon="9.317773">
        <ele>940.283625</ele>
        <time>2026-07-30T12:24:03.934Z</time>
      </trkpt>
      <trkpt lat="46.794573" lon="9.317550">
        <ele>939.768513</ele>
        <time>2026-07-30T12:24:05.497Z</time>
      </trkpt>
      <trkpt lat="46.794515" lon="9.317373">
        <ele>939.474297</ele>
        <time>2026-07-30T12:24:06.842Z</time>
      </trkpt>
      <trkpt lat="46.794428" lon="9.317159">
        <ele>939.372679</ele>
        <time>2026-07-30T12:24:08.559Z</time>
      </trkpt>
      <trkpt lat="46.793699" lon="9.316154">
        <ele>938.774856</ele>
        <time>2026-07-30T12:24:20.166Z</time>
      </trkpt>
      <trkpt lat="46.793487" lon="9.315768">
        <ele>938.572807</ele>
        <time>2026-07-30T12:24:26.929Z</time>
      </trkpt>
      <trkpt lat="46.792833" lon="9.314077">
        <ele>941.137485</ele>
        <time>2026-07-30T12:25:04.556Z</time>
      </trkpt>
      <trkpt lat="46.792776" lon="9.313892">
        <ele>941.479393</ele>
        <time>2026-07-30T12:25:08.015Z</time>
      </trkpt>
      <trkpt lat="46.792744" lon="9.313743">
        <ele>941.742576</ele>
        <time>2026-07-30T12:25:10.319Z</time>
      </trkpt>
      <trkpt lat="46.792720" lon="9.313535">
        <ele>942.098072</ele>
        <time>2026-07-30T12:25:13.173Z</time>
      </trkpt>
      <trkpt lat="46.792710" lon="9.312762">
        <ele>942.660443</ele>
        <time>2026-07-30T12:25:22.750Z</time>
      </trkpt>
      <trkpt lat="46.792690" lon="9.312459">
        <ele>942.468257</ele>
        <time>2026-07-30T12:25:27.635Z</time>
      </trkpt>
      <trkpt lat="46.792612" lon="9.312282">
        <ele>942.335360</ele>
        <time>2026-07-30T12:25:31.594Z</time>
      </trkpt>
      <trkpt lat="46.792541" lon="9.312186">
        <ele>942.246139</ele>
        <time>2026-07-30T12:25:34.436Z</time>
      </trkpt>
      <trkpt lat="46.792158" lon="9.311866">
        <ele>941.839249</ele>
        <time>2026-07-30T12:25:43.987Z</time>
      </trkpt>
      <trkpt lat="46.791949" lon="9.311779">
        <ele>941.638842</ele>
        <time>2026-07-30T12:25:46.378Z</time>
      </trkpt>
      <trkpt lat="46.791529" lon="9.311680">
        <ele>941.246522</ele>
        <time>2026-07-30T12:25:50.405Z</time>
      </trkpt>
      <trkpt lat="46.791390" lon="9.311522">
        <ele>939.861711</ele>
        <time>2026-07-30T12:25:51.997Z</time>
      </trkpt>
      <trkpt lat="46.791312" lon="9.311205">
        <ele>937.474274</ele>
        <time>2026-07-30T12:25:54.035Z</time>
      </trkpt>
      <trkpt lat="46.791249" lon="9.310752">
        <ele>934.198050</ele>
        <time>2026-07-30T12:25:56.786Z</time>
      </trkpt>
      <trkpt lat="46.791136" lon="9.310320">
        <ele>930.920380</ele>
        <time>2026-07-30T12:25:59.459Z</time>
      </trkpt>
      <trkpt lat="46.791108" lon="9.310087">
        <ele>929.243733</ele>
        <time>2026-07-30T12:26:00.804Z</time>
      </trkpt>
      <trkpt lat="46.791141" lon="9.309899">
        <ele>927.868177</ele>
        <time>2026-07-30T12:26:01.900Z</time>
      </trkpt>
      <trkpt lat="46.791281" lon="9.309444">
        <ele>924.332649</ele>
        <time>2026-07-30T12:26:04.753Z</time>
      </trkpt>
      <trkpt lat="46.791281" lon="9.309173">
        <ele>922.454071</ele>
        <time>2026-07-30T12:26:06.339Z</time>
      </trkpt>
      <trkpt lat="46.791083" lon="9.308199">
        <ele>917.014812</ele>
        <time>2026-07-30T12:26:12.462Z</time>
      </trkpt>
      <trkpt lat="46.791087" lon="9.307983">
        <ele>915.858039</ele>
        <time>2026-07-30T12:26:13.793Z</time>
      </trkpt>
      <trkpt lat="46.791114" lon="9.307837">
        <ele>915.048422</ele>
        <time>2026-07-30T12:26:14.727Z</time>
      </trkpt>
      <trkpt lat="46.791229" lon="9.307594">
        <ele>913.467003</ele>
        <time>2026-07-30T12:26:16.561Z</time>
      </trkpt>
      <trkpt lat="46.791465" lon="9.307220">
        <ele>910.744142</ele>
        <time>2026-07-30T12:26:19.737Z</time>
      </trkpt>
      <trkpt lat="46.791536" lon="9.307013">
        <ele>909.504698</ele>
        <time>2026-07-30T12:26:21.184Z</time>
      </trkpt>
      <trkpt lat="46.791566" lon="9.306844">
        <ele>908.570053</ele>
        <time>2026-07-30T12:26:22.275Z</time>
      </trkpt>
      <trkpt lat="46.791613" lon="9.306401">
        <ele>906.476610</ele>
        <time>2026-07-30T12:26:25.059Z</time>
      </trkpt>
      <trkpt lat="46.791622" lon="9.306022">
        <ele>904.711154</ele>
        <time>2026-07-30T12:26:27.385Z</time>
      </trkpt>
      <trkpt lat="46.791594" lon="9.305694">
        <ele>903.172360</ele>
        <time>2026-07-30T12:26:29.416Z</time>
      </trkpt>
      <trkpt lat="46.791515" lon="9.305319">
        <ele>901.345809</ele>
        <time>2026-07-30T12:26:31.832Z</time>
      </trkpt>
      <trkpt lat="46.791180" lon="9.304500">
        <ele>896.904403</ele>
        <time>2026-07-30T12:26:37.742Z</time>
      </trkpt>
      <trkpt lat="46.790905" lon="9.304037">
        <ele>893.898615</ele>
        <time>2026-07-30T12:26:41.518Z</time>
      </trkpt>
      <trkpt lat="46.790817" lon="9.303839">
        <ele>892.724922</ele>
        <time>2026-07-30T12:26:42.956Z</time>
      </trkpt>
      <trkpt lat="46.790650" lon="9.302907">
        <ele>887.934918</ele>
        <time>2026-07-30T12:26:48.821Z</time>
      </trkpt>
      <trkpt lat="46.790396" lon="9.302360">
        <ele>884.648705</ele>
        <time>2026-07-30T12:26:52.816Z</time>
      </trkpt>
      <trkpt lat="46.790079" lon="9.301782">
        <ele>881.940655</ele>
        <time>2026-07-30T12:26:57.344Z</time>
      </trkpt>
      <trkpt lat="46.789790" lon="9.301316">
        <ele>880.160813</ele>
        <time>2026-07-30T12:27:01.441Z</time>
      </trkpt>
      <trkpt lat="46.789652" lon="9.301143">
        <ele>879.408903</ele>
        <time>2026-07-30T12:27:03.459Z</time>
      </trkpt>
      <trkpt lat="46.789450" lon="9.300988">
        <ele>878.465492</ele>
        <time>2026-07-30T12:27:05.923Z</time>
      </trkpt>
      <trkpt lat="46.788934" lon="9.300723">
        <ele>876.204052</ele>
        <time>2026-07-30T12:27:11.574Z</time>
      </trkpt>
      <trkpt lat="46.788814" lon="9.300623">
        <ele>875.648105</ele>
        <time>2026-07-30T12:27:13.023Z</time>
      </trkpt>
      <trkpt lat="46.788719" lon="9.300378">
        <ele>874.927531</ele>
        <time>2026-07-30T12:27:15.026Z</time>
      </trkpt>
      <trkpt lat="46.788568" lon="9.299633">
        <ele>872.939125</ele>
        <time>2026-07-30T12:27:20.395Z</time>
      </trkpt>
      <trkpt lat="46.788480" lon="9.299428">
        <ele>872.319899</ele>
        <time>2026-07-30T12:27:21.969Z</time>
      </trkpt>
      <trkpt lat="46.788152" lon="9.298828">
        <ele>870.354969</ele>
        <time>2026-07-30T12:27:26.755Z</time>
      </trkpt>
      <trkpt lat="46.788106" lon="9.298675">
        <ele>869.927318</ele>
        <time>2026-07-30T12:27:27.826Z</time>
      </trkpt>
      <trkpt lat="46.788096" lon="9.298531">
        <ele>869.556895</ele>
        <time>2026-07-30T12:27:28.785Z</time>
      </trkpt>
      <trkpt lat="46.788128" lon="9.298368">
        <ele>869.122929</ele>
        <time>2026-07-30T12:27:29.962Z</time>
      </trkpt>
      <trkpt lat="46.788335" lon="9.297947">
        <ele>869.069057</ele>
        <time>2026-07-30T12:27:34.268Z</time>
      </trkpt>
      <trkpt lat="46.788163" lon="9.297783">
        <ele>869.069057</ele>
        <time>2026-07-30T12:27:42.783Z</time>
      </trkpt>
      <trkpt lat="46.788129" lon="9.297625">
        <ele>869.069057</ele>
        <time>2026-07-30T12:27:47.877Z</time>
      </trkpt>
      <trkpt lat="46.788039" lon="9.297558">
        <ele>869.069057</ele>
        <time>2026-07-30T12:27:52.740Z</time>
      </trkpt>
      <trkpt lat="46.786914" lon="9.297371">
        <ele>869.069057</ele>
        <time>2026-07-30T12:28:56.418Z</time>
      </trkpt>
      <trkpt lat="46.786660" lon="9.297292">
        <ele>869.069057</ele>
        <time>2026-07-30T12:29:10.311Z</time>
      </trkpt>
    </trkseg>
  </trk>
</gpx>