<?xml version='1.0' encoding='UTF-8'?>
<gpx version="1.1" creator="https://www.komoot.de" xmlns="http://www.topografix.com/GPX/1/1" xmlns:xsi="http://www.w3.org/2001/XMLSchema-instance" xsi:schemaLocation="http://www.topografix.com/GPX/1/1 http://www.topografix.com/GPX/1/1/gpx.xsd">
  <metadata>
    <name>TDL2026 T0 Zwiefalten nach Urlau</name>
    <author>
      <link href="https://www.komoot.de">
        <text>komoot</text>
        <type>text/html</type>
      </link>
    </author>
  </metadata>
  <trk>
    <name>TDL2026 T0 Zwiefalten nach Urlau</name>
    <type>racebike</type>
    <trkseg>
      <trkpt lat="48.233165" lon="9.461599">
        <ele>540.527872</ele>
        <time>2026-07-24T10:01:59.463Z</time>
      </trkpt>
      <trkpt lat="48.233238" lon="9.461598">
        <ele>540.527872</ele>
        <time>2026-07-24T10:02:04.558Z</time>
      </trkpt>
      <trkpt lat="48.233327" lon="9.461372">
        <ele>540.527872</ele>
        <time>2026-07-24T10:02:16.717Z</time>
      </trkpt>
      <trkpt lat="48.233407" lon="9.461395">
        <ele>540.527872</ele>
        <time>2026-07-24T10:02:22.420Z</time>
      </trkpt>
      <trkpt lat="48.233399" lon="9.461270">
        <ele>540.527872</ele>
        <time>2026-07-24T10:02:28.196Z</time>
      </trkpt>
      <trkpt lat="48.233387" lon="9.460997">
        <ele>540.527872</ele>
        <time>2026-07-24T10:02:29.791Z</time>
      </trkpt>
      <trkpt lat="48.233477" lon="9.461096">
        <ele>540.527872</ele>
        <time>2026-07-24T10:02:31.426Z</time>
      </trkpt>
      <trkpt lat="48.233519" lon="9.461106">
        <ele>540.527872</ele>
        <time>2026-07-24T10:02:32.262Z</time>
      </trkpt>
      <trkpt lat="48.233640" lon="9.461094">
        <ele>540.527872</ele>
        <time>2026-07-24T10:02:35.426Z</time>
      </trkpt>
      <trkpt lat="48.233729" lon="9.461155">
        <ele>540.589270</ele>
        <time>2026-07-24T10:02:37.382Z</time>
      </trkpt>
      <trkpt lat="48.233662" lon="9.460347">
        <ele>541.071191</ele>
        <time>2026-07-24T10:02:43.999Z</time>
      </trkpt>
      <trkpt lat="48.233614" lon="9.460200">
        <ele>541.168088</ele>
        <time>2026-07-24T10:02:45.951Z</time>
      </trkpt>
      <trkpt lat="48.233556" lon="9.460110">
        <ele>541.242206</ele>
        <time>2026-07-24T10:02:47.852Z</time>
      </trkpt>
      <trkpt lat="48.233407" lon="9.459976">
        <ele>541.396540</ele>
        <time>2026-07-24T10:02:52.482Z</time>
      </trkpt>
      <trkpt lat="48.233299" lon="9.459914">
        <ele>541.499282</ele>
        <time>2026-07-24T10:02:55.515Z</time>
      </trkpt>
      <trkpt lat="48.232876" lon="9.459627">
        <ele>541.911749</ele>
        <time>2026-07-24T10:03:01.385Z</time>
      </trkpt>
      <trkpt lat="48.232787" lon="9.459528">
        <ele>542.010174</ele>
        <time>2026-07-24T10:03:02.754Z</time>
      </trkpt>
      <trkpt lat="48.232654" lon="9.459197">
        <ele>542.148867</ele>
        <time>2026-07-24T10:03:06.051Z</time>
      </trkpt>
      <trkpt lat="48.232600" lon="9.459029">
        <ele>542.171150</ele>
        <time>2026-07-24T10:03:07.066Z</time>
      </trkpt>
      <trkpt lat="48.232501" lon="9.459096">
        <ele>542.190624</ele>
        <time>2026-07-24T10:03:07.915Z</time>
      </trkpt>
      <trkpt lat="48.232165" lon="9.459284">
        <ele>542.254928</ele>
        <time>2026-07-24T10:03:11.027Z</time>
      </trkpt>
      <trkpt lat="48.232117" lon="9.459340">
        <ele>542.265829</ele>
        <time>2026-07-24T10:03:11.558Z</time>
      </trkpt>
      <trkpt lat="48.232081" lon="9.459428">
        <ele>542.278166</ele>
        <time>2026-07-24T10:03:12.157Z</time>
      </trkpt>
      <trkpt lat="48.231997" lon="9.459823">
        <ele>542.327696</ele>
        <time>2026-07-24T10:03:14.581Z</time>
      </trkpt>
      <trkpt lat="48.231956" lon="9.459907">
        <ele>542.340136</ele>
        <time>2026-07-24T10:03:15.444Z</time>
      </trkpt>
      <trkpt lat="48.231910" lon="9.459969">
        <ele>542.351222</ele>
        <time>2026-07-24T10:03:16.971Z</time>
      </trkpt>
      <trkpt lat="48.231454" lon="9.460261">
        <ele>542.440125</ele>
        <time>2026-07-24T10:03:38.637Z</time>
      </trkpt>
      <trkpt lat="48.231356" lon="9.460372">
        <ele>542.362926</ele>
        <time>2026-07-24T10:03:39.520Z</time>
      </trkpt>
      <trkpt lat="48.231310" lon="9.460516">
        <ele>542.241849</ele>
        <time>2026-07-24T10:03:40.267Z</time>
      </trkpt>
      <trkpt lat="48.231298" lon="9.460924">
        <ele>541.932227</ele>
        <time>2026-07-24T10:03:42.310Z</time>
      </trkpt>
      <trkpt lat="48.231300" lon="9.461070">
        <ele>541.821515</ele>
        <time>2026-07-24T10:03:43.061Z</time>
      </trkpt>
      <trkpt lat="48.231307" lon="9.461591">
        <ele>541.426443</ele>
        <time>2026-07-24T10:03:46.454Z</time>
      </trkpt>
      <trkpt lat="48.231287" lon="9.461805">
        <ele>541.262612</ele>
        <time>2026-07-24T10:03:47.742Z</time>
      </trkpt>
      <trkpt lat="48.231228" lon="9.462066">
        <ele>541.053654</ele>
        <time>2026-07-24T10:03:49.199Z</time>
      </trkpt>
      <trkpt lat="48.231148" lon="9.462291">
        <ele>540.860293</ele>
        <time>2026-07-24T10:03:50.426Z</time>
      </trkpt>
      <trkpt lat="48.231099" lon="9.462427">
        <ele>540.743070</ele>
        <time>2026-07-24T10:03:51.168Z</time>
      </trkpt>
      <trkpt lat="48.231028" lon="9.462625">
        <ele>540.572589</ele>
        <time>2026-07-24T10:03:52.344Z</time>
      </trkpt>
      <trkpt lat="48.230851" lon="9.463004">
        <ele>541.538573</ele>
        <time>2026-07-24T10:03:55.295Z</time>
      </trkpt>
      <trkpt lat="48.230718" lon="9.462899">
        <ele>542.619731</ele>
        <time>2026-07-24T10:03:56.709Z</time>
      </trkpt>
      <trkpt lat="48.230680" lon="9.462834">
        <ele>543.034212</ele>
        <time>2026-07-24T10:03:57.928Z</time>
      </trkpt>
      <trkpt lat="48.230663" lon="9.462769">
        <ele>543.368886</ele>
        <time>2026-07-24T10:03:59.384Z</time>
      </trkpt>
      <trkpt lat="48.230624" lon="9.462591">
        <ele>544.266942</ele>
        <time>2026-07-24T10:04:07.005Z</time>
      </trkpt>
      <trkpt lat="48.230449" lon="9.462477">
        <ele>545.639460</ele>
        <time>2026-07-24T10:04:23.352Z</time>
      </trkpt>
      <trkpt lat="48.230402" lon="9.462451">
        <ele>545.999842</ele>
        <time>2026-07-24T10:04:28.221Z</time>
      </trkpt>
      <trkpt lat="48.230369" lon="9.462433">
        <ele>546.252456</ele>
        <time>2026-07-24T10:04:31.647Z</time>
      </trkpt>
      <trkpt lat="48.230282" lon="9.462476">
        <ele>546.911453</ele>
        <time>2026-07-24T10:04:40.385Z</time>
      </trkpt>
      <trkpt lat="48.230026" lon="9.462698">
        <ele>549.038540</ele>
        <time>2026-07-24T10:05:02.263Z</time>
      </trkpt>
      <trkpt lat="48.229666" lon="9.463157">
        <ele>552.436791</ele>
        <time>2026-07-24T10:05:10.745Z</time>
      </trkpt>
      <trkpt lat="48.229516" lon="9.463423">
        <ele>553.514932</ele>
        <time>2026-07-24T10:05:14.874Z</time>
      </trkpt>
      <trkpt lat="48.229384" lon="9.463894">
        <ele>554.067624</ele>
        <time>2026-07-24T10:05:20.060Z</time>
      </trkpt>
      <trkpt lat="48.228903" lon="9.464785">
        <ele>555.308079</ele>
        <time>2026-07-24T10:05:48.737Z</time>
      </trkpt>
      <trkpt lat="48.228791" lon="9.465077">
        <ele>555.672528</ele>
        <time>2026-07-24T10:05:56.538Z</time>
      </trkpt>
      <trkpt lat="48.228646" lon="9.465948">
        <ele>556.044609</ele>
        <time>2026-07-24T10:06:15.334Z</time>
      </trkpt>
      <trkpt lat="48.228467" lon="9.466118">
        <ele>555.847584</ele>
        <time>2026-07-24T10:06:19.092Z</time>
      </trkpt>
      <trkpt lat="48.228293" lon="9.466955">
        <ele>555.304270</ele>
        <time>2026-07-24T10:06:28.456Z</time>
      </trkpt>
      <trkpt lat="48.228215" lon="9.467172">
        <ele>555.151481</ele>
        <time>2026-07-24T10:06:31.155Z</time>
      </trkpt>
      <trkpt lat="48.227980" lon="9.468363">
        <ele>554.362826</ele>
        <time>2026-07-24T10:06:51.759Z</time>
      </trkpt>
      <trkpt lat="48.227873" lon="9.468661">
        <ele>554.133930</ele>
        <time>2026-07-24T10:06:57.683Z</time>
      </trkpt>
      <trkpt lat="48.227653" lon="9.469201">
        <ele>553.705943</ele>
        <time>2026-07-24T10:07:05.306Z</time>
      </trkpt>
      <trkpt lat="48.227550" lon="9.469400">
        <ele>553.535550</ele>
        <time>2026-07-24T10:07:08.137Z</time>
      </trkpt>
      <trkpt lat="48.226927" lon="9.470339">
        <ele>552.253000</ele>
        <time>2026-07-24T10:07:24.760Z</time>
      </trkpt>
      <trkpt lat="48.226594" lon="9.470998">
        <ele>549.959978</ele>
        <time>2026-07-24T10:07:38.201Z</time>
      </trkpt>
      <trkpt lat="48.226124" lon="9.471780">
        <ele>547.040164</ele>
        <time>2026-07-24T10:07:49.537Z</time>
      </trkpt>
      <trkpt lat="48.225906" lon="9.472355">
        <ele>545.203615</ele>
        <time>2026-07-24T10:07:55.890Z</time>
      </trkpt>
      <trkpt lat="48.225838" lon="9.472644">
        <ele>544.325955</ele>
        <time>2026-07-24T10:07:58.662Z</time>
      </trkpt>
      <trkpt lat="48.225813" lon="9.472797">
        <ele>543.874849</ele>
        <time>2026-07-24T10:08:00.117Z</time>
      </trkpt>
      <trkpt lat="48.225810" lon="9.472815">
        <ele>543.821717</ele>
        <time>2026-07-24T10:08:00.293Z</time>
      </trkpt>
      <trkpt lat="48.225776" lon="9.473641">
        <ele>541.451929</ele>
        <time>2026-07-24T10:08:08.079Z</time>
      </trkpt>
      <trkpt lat="48.225711" lon="9.473889">
        <ele>540.688789</ele>
        <time>2026-07-24T10:08:10.918Z</time>
      </trkpt>
      <trkpt lat="48.225496" lon="9.474172">
        <ele>539.459661</ele>
        <time>2026-07-24T10:08:16.961Z</time>
      </trkpt>
      <trkpt lat="48.225198" lon="9.474452">
        <ele>537.948507</ele>
        <time>2026-07-24T10:08:28.138Z</time>
      </trkpt>
      <trkpt lat="48.224671" lon="9.475112">
        <ele>537.746210</ele>
        <time>2026-07-24T10:08:51.385Z</time>
      </trkpt>
      <trkpt lat="48.224384" lon="9.475578">
        <ele>537.887418</ele>
        <time>2026-07-24T10:09:02.801Z</time>
      </trkpt>
      <trkpt lat="48.224211" lon="9.476048">
        <ele>538.006898</ele>
        <time>2026-07-24T10:09:10.500Z</time>
      </trkpt>
      <trkpt lat="48.223942" lon="9.476979">
        <ele>537.172319</ele>
        <time>2026-07-24T10:09:21.777Z</time>
      </trkpt>
      <trkpt lat="48.223838" lon="9.477266">
        <ele>536.325987</ele>
        <time>2026-07-24T10:09:25.051Z</time>
      </trkpt>
      <trkpt lat="48.223659" lon="9.477606">
        <ele>535.203405</ele>
        <time>2026-07-24T10:09:30.109Z</time>
      </trkpt>
      <trkpt lat="48.223574" lon="9.477740">
        <ele>534.724100</ele>
        <time>2026-07-24T10:09:31.132Z</time>
      </trkpt>
      <trkpt lat="48.223741" lon="9.478143">
        <ele>533.494653</ele>
        <time>2026-07-24T10:09:33.352Z</time>
      </trkpt>
      <trkpt lat="48.223301" lon="9.478560">
        <ele>531.471291</ele>
        <time>2026-07-24T10:09:37.431Z</time>
      </trkpt>
      <trkpt lat="48.222484" lon="9.479437">
        <ele>531.326379</ele>
        <time>2026-07-24T10:09:48.176Z</time>
      </trkpt>
      <trkpt lat="48.222298" lon="9.479671">
        <ele>531.371412</ele>
        <time>2026-07-24T10:09:52.277Z</time>
      </trkpt>
      <trkpt lat="48.221718" lon="9.480540">
        <ele>531.826898</ele>
        <time>2026-07-24T10:10:06.997Z</time>
      </trkpt>
      <trkpt lat="48.221221" lon="9.481409">
        <ele>533.208701</ele>
        <time>2026-07-24T10:10:19.096Z</time>
      </trkpt>
      <trkpt lat="48.220556" lon="9.482911">
        <ele>534.419348</ele>
        <time>2026-07-24T10:10:42.517Z</time>
      </trkpt>
      <trkpt lat="48.220326" lon="9.483332">
        <ele>534.083235</ele>
        <time>2026-07-24T10:10:47.066Z</time>
      </trkpt>
      <trkpt lat="48.220171" lon="9.483719">
        <ele>533.804470</ele>
        <time>2026-07-24T10:10:50.260Z</time>
      </trkpt>
      <trkpt lat="48.220054" lon="9.484288">
        <ele>533.436841</ele>
        <time>2026-07-24T10:10:53.643Z</time>
      </trkpt>
      <trkpt lat="48.219987" lon="9.484611">
        <ele>533.227992</ele>
        <time>2026-07-24T10:10:55.504Z</time>
      </trkpt>
      <trkpt lat="48.219971" lon="9.484864">
        <ele>533.060870</ele>
        <time>2026-07-24T10:10:56.793Z</time>
      </trkpt>
      <trkpt lat="48.220127" lon="9.485208">
        <ele>532.489330</ele>
        <time>2026-07-24T10:10:58.888Z</time>
      </trkpt>
      <trkpt lat="48.220157" lon="9.485345">
        <ele>532.291260</ele>
        <time>2026-07-24T10:10:59.607Z</time>
      </trkpt>
      <trkpt lat="48.220157" lon="9.485519">
        <ele>532.052272</ele>
        <time>2026-07-24T10:11:00.497Z</time>
      </trkpt>
      <trkpt lat="48.219941" lon="9.487055">
        <ele>529.896108</ele>
        <time>2026-07-24T10:11:09.443Z</time>
      </trkpt>
      <trkpt lat="48.219836" lon="9.487157">
        <ele>529.638272</ele>
        <time>2026-07-24T10:11:10.744Z</time>
      </trkpt>
      <trkpt lat="48.219620" lon="9.487130">
        <ele>529.448166</ele>
        <time>2026-07-24T10:11:15.341Z</time>
      </trkpt>
      <trkpt lat="48.219475" lon="9.487165">
        <ele>529.576817</ele>
        <time>2026-07-24T10:11:19.857Z</time>
      </trkpt>
      <trkpt lat="48.219377" lon="9.487292">
        <ele>529.690238</ele>
        <time>2026-07-24T10:11:22.543Z</time>
      </trkpt>
      <trkpt lat="48.219044" lon="9.488065">
        <ele>530.227496</ele>
        <time>2026-07-24T10:11:28.055Z</time>
      </trkpt>
      <trkpt lat="48.219123" lon="9.488236">
        <ele>530.348947</ele>
        <time>2026-07-24T10:11:29.130Z</time>
      </trkpt>
      <trkpt lat="48.218799" lon="9.488506">
        <ele>530.673585</ele>
        <time>2026-07-24T10:11:36.652Z</time>
      </trkpt>
      <trkpt lat="48.218253" lon="9.489095">
        <ele>532.332525</ele>
        <time>2026-07-24T10:11:51.933Z</time>
      </trkpt>
      <trkpt lat="48.217942" lon="9.489541">
        <ele>533.987589</ele>
        <time>2026-07-24T10:12:03.897Z</time>
      </trkpt>
      <trkpt lat="48.217713" lon="9.489982">
        <ele>535.420965</ele>
        <time>2026-07-24T10:12:15.803Z</time>
      </trkpt>
      <trkpt lat="48.217291" lon="9.490909">
        <ele>538.232882</ele>
        <time>2026-07-24T10:12:34.094Z</time>
      </trkpt>
      <trkpt lat="48.216876" lon="9.492216">
        <ele>541.373990</ele>
        <time>2026-07-24T10:12:43.076Z</time>
      </trkpt>
      <trkpt lat="48.216835" lon="9.492276">
        <ele>541.560449</ele>
        <time>2026-07-24T10:12:44.569Z</time>
      </trkpt>
      <trkpt lat="48.216793" lon="9.492359">
        <ele>541.786565</ele>
        <time>2026-07-24T10:12:46.903Z</time>
      </trkpt>
      <trkpt lat="48.216771" lon="9.492940">
        <ele>543.049114</ele>
        <time>2026-07-24T10:13:00.602Z</time>
      </trkpt>
      <trkpt lat="48.216735" lon="9.493657">
        <ele>544.873720</ele>
        <time>2026-07-24T10:13:22.137Z</time>
      </trkpt>
      <trkpt lat="48.216662" lon="9.494216">
        <ele>546.479161</ele>
        <time>2026-07-24T10:13:35.645Z</time>
      </trkpt>
      <trkpt lat="48.216541" lon="9.494652">
        <ele>547.810295</ele>
        <time>2026-07-24T10:13:43.231Z</time>
      </trkpt>
      <trkpt lat="48.216146" lon="9.495545">
        <ele>550.831195</ele>
        <time>2026-07-24T10:13:54.073Z</time>
      </trkpt>
      <trkpt lat="48.215630" lon="9.496330">
        <ele>552.278429</ele>
        <time>2026-07-24T10:14:05.877Z</time>
      </trkpt>
      <trkpt lat="48.215333" lon="9.497223">
        <ele>553.299554</ele>
        <time>2026-07-24T10:14:17.665Z</time>
      </trkpt>
      <trkpt lat="48.215210" lon="9.497998">
        <ele>554.119101</ele>
        <time>2026-07-24T10:14:26.390Z</time>
      </trkpt>
      <trkpt lat="48.215057" lon="9.498616">
        <ele>554.937652</ele>
        <time>2026-07-24T10:14:33.834Z</time>
      </trkpt>
      <trkpt lat="48.214969" lon="9.498881">
        <ele>555.305269</ele>
        <time>2026-07-24T10:14:37.298Z</time>
      </trkpt>
      <trkpt lat="48.214858" lon="9.499098">
        <ele>555.644927</ele>
        <time>2026-07-24T10:14:40.701Z</time>
      </trkpt>
      <trkpt lat="48.214543" lon="9.499627">
        <ele>556.525776</ele>
        <time>2026-07-24T10:14:49.530Z</time>
      </trkpt>
      <trkpt lat="48.214196" lon="9.500016">
        <ele>557.332823</ele>
        <time>2026-07-24T10:14:57.305Z</time>
      </trkpt>
      <trkpt lat="48.213690" lon="9.500330">
        <ele>558.527158</ele>
        <time>2026-07-24T10:15:06.711Z</time>
      </trkpt>
      <trkpt lat="48.213354" lon="9.500425">
        <ele>559.286402</ele>
        <time>2026-07-24T10:15:13.285Z</time>
      </trkpt>
      <trkpt lat="48.213002" lon="9.500427">
        <ele>560.068054</ele>
        <time>2026-07-24T10:15:20.010Z</time>
      </trkpt>
      <trkpt lat="48.212723" lon="9.500356">
        <ele>560.696443</ele>
        <time>2026-07-24T10:15:26.079Z</time>
      </trkpt>
      <trkpt lat="48.212401" lon="9.500177">
        <ele>561.454428</ele>
        <time>2026-07-24T10:15:31.392Z</time>
      </trkpt>
      <trkpt lat="48.212135" lon="9.500089">
        <ele>561.920115</ele>
        <time>2026-07-24T10:15:38.181Z</time>
      </trkpt>
      <trkpt lat="48.211776" lon="9.499788">
        <ele>562.623181</ele>
        <time>2026-07-24T10:15:46.581Z</time>
      </trkpt>
      <trkpt lat="48.211227" lon="9.499084">
        <ele>563.857789</ele>
        <time>2026-07-24T10:16:00.699Z</time>
      </trkpt>
      <trkpt lat="48.210865" lon="9.498537">
        <ele>564.575631</ele>
        <time>2026-07-24T10:16:05.818Z</time>
      </trkpt>
      <trkpt lat="48.210629" lon="9.498126">
        <ele>564.746491</ele>
        <time>2026-07-24T10:16:09.734Z</time>
      </trkpt>
      <trkpt lat="48.210387" lon="9.497804">
        <ele>564.899342</ele>
        <time>2026-07-24T10:16:13.262Z</time>
      </trkpt>
      <trkpt lat="48.210193" lon="9.497634">
        <ele>565.005512</ele>
        <time>2026-07-24T10:16:15.185Z</time>
      </trkpt>
      <trkpt lat="48.209720" lon="9.496877">
        <ele>565.332325</ele>
        <time>2026-07-24T10:16:27.239Z</time>
      </trkpt>
      <trkpt lat="48.209123" lon="9.495747">
        <ele>564.047070</ele>
        <time>2026-07-24T10:16:46.630Z</time>
      </trkpt>
      <trkpt lat="48.208817" lon="9.494987">
        <ele>563.174376</ele>
        <time>2026-07-24T10:16:51.714Z</time>
      </trkpt>
      <trkpt lat="48.208648" lon="9.494456">
        <ele>562.581304</ele>
        <time>2026-07-24T10:16:54.530Z</time>
      </trkpt>
      <trkpt lat="48.208465" lon="9.494069">
        <ele>562.055557</ele>
        <time>2026-07-24T10:16:56.624Z</time>
      </trkpt>
      <trkpt lat="48.208406" lon="9.494124">
        <ele>561.940081</ele>
        <time>2026-07-24T10:16:57.089Z</time>
      </trkpt>
      <trkpt lat="48.208134" lon="9.493582">
        <ele>561.188349</ele>
        <time>2026-07-24T10:17:01.584Z</time>
      </trkpt>
      <trkpt lat="48.207866" lon="9.493206">
        <ele>560.578375</ele>
        <time>2026-07-24T10:17:13.092Z</time>
      </trkpt>
      <trkpt lat="48.207593" lon="9.492947">
        <ele>560.041399</ele>
        <time>2026-07-24T10:17:23.545Z</time>
      </trkpt>
      <trkpt lat="48.207262" lon="9.492710">
        <ele>559.076810</ele>
        <time>2026-07-24T10:17:26.923Z</time>
      </trkpt>
      <trkpt lat="48.206711" lon="9.492483">
        <ele>556.963559</ele>
        <time>2026-07-24T10:17:31.375Z</time>
      </trkpt>
      <trkpt lat="48.206120" lon="9.492363">
        <ele>554.757863</ele>
        <time>2026-07-24T10:17:35.874Z</time>
      </trkpt>
      <trkpt lat="48.205589" lon="9.492304">
        <ele>552.739744</ele>
        <time>2026-07-24T10:17:39.721Z</time>
      </trkpt>
      <trkpt lat="48.204825" lon="9.492362">
        <ele>549.417853</ele>
        <time>2026-07-24T10:17:45.757Z</time>
      </trkpt>
      <trkpt lat="48.204399" lon="9.492422">
        <ele>547.559829</ele>
        <time>2026-07-24T10:17:49.120Z</time>
      </trkpt>
      <trkpt lat="48.203095" lon="9.492807">
        <ele>542.011769</ele>
        <time>2026-07-24T10:17:59.407Z</time>
      </trkpt>
      <trkpt lat="48.202768" lon="9.492854">
        <ele>540.676999</ele>
        <time>2026-07-24T10:18:01.994Z</time>
      </trkpt>
      <trkpt lat="48.202416" lon="9.492865">
        <ele>539.246419</ele>
        <time>2026-07-24T10:18:04.752Z</time>
      </trkpt>
      <trkpt lat="48.202189" lon="9.492838">
        <ele>538.321163</ele>
        <time>2026-07-24T10:18:06.517Z</time>
      </trkpt>
      <trkpt lat="48.201947" lon="9.492795">
        <ele>537.607926</ele>
        <time>2026-07-24T10:18:08.403Z</time>
      </trkpt>
      <trkpt lat="48.201607" lon="9.492680">
        <ele>536.824976</ele>
        <time>2026-07-24T10:18:11.130Z</time>
      </trkpt>
      <trkpt lat="48.201260" lon="9.492507">
        <ele>536.003559</ele>
        <time>2026-07-24T10:18:14.056Z</time>
      </trkpt>
      <trkpt lat="48.200930" lon="9.492298">
        <ele>535.198898</ele>
        <time>2026-07-24T10:18:17.142Z</time>
      </trkpt>
      <trkpt lat="48.199651" lon="9.491373">
        <ele>535.133724</ele>
        <time>2026-07-24T10:18:34.114Z</time>
      </trkpt>
      <trkpt lat="48.199433" lon="9.491223">
        <ele>535.480674</ele>
        <time>2026-07-24T10:18:38.727Z</time>
      </trkpt>
      <trkpt lat="48.198968" lon="9.490910">
        <ele>536.217960</ele>
        <time>2026-07-24T10:18:52.244Z</time>
      </trkpt>
      <trkpt lat="48.198305" lon="9.490566">
        <ele>538.140588</ele>
        <time>2026-07-24T10:19:01.964Z</time>
      </trkpt>
      <trkpt lat="48.197434" lon="9.490192">
        <ele>541.101322</ele>
        <time>2026-07-24T10:19:25.004Z</time>
      </trkpt>
      <trkpt lat="48.196574" lon="9.489986">
        <ele>542.841990</ele>
        <time>2026-07-24T10:19:46.122Z</time>
      </trkpt>
      <trkpt lat="48.195889" lon="9.489907">
        <ele>543.493784</ele>
        <time>2026-07-24T10:19:57.122Z</time>
      </trkpt>
      <trkpt lat="48.193780" lon="9.490025">
        <ele>543.257755</ele>
        <time>2026-07-24T10:20:16.013Z</time>
      </trkpt>
      <trkpt lat="48.193375" lon="9.489987">
        <ele>543.248876</ele>
        <time>2026-07-24T10:20:24.104Z</time>
      </trkpt>
      <trkpt lat="48.193118" lon="9.489929">
        <ele>543.798695</ele>
        <time>2026-07-24T10:20:30.887Z</time>
      </trkpt>
      <trkpt lat="48.192510" lon="9.489680">
        <ele>545.132033</ele>
        <time>2026-07-24T10:20:47.415Z</time>
      </trkpt>
      <trkpt lat="48.192233" lon="9.489484">
        <ele>545.779966</ele>
        <time>2026-07-24T10:20:53.645Z</time>
      </trkpt>
      <trkpt lat="48.191911" lon="9.489200">
        <ele>546.570202</ele>
        <time>2026-07-24T10:20:58.318Z</time>
      </trkpt>
      <trkpt lat="48.190939" lon="9.488161">
        <ele>546.596339</ele>
        <time>2026-07-24T10:21:09.614Z</time>
      </trkpt>
      <trkpt lat="48.190511" lon="9.487786">
        <ele>546.462465</ele>
        <time>2026-07-24T10:21:14.811Z</time>
      </trkpt>
      <trkpt lat="48.190079" lon="9.487494">
        <ele>546.733298</ele>
        <time>2026-07-24T10:21:22.634Z</time>
      </trkpt>
      <trkpt lat="48.189800" lon="9.487356">
        <ele>547.190626</ele>
        <time>2026-07-24T10:21:28.564Z</time>
      </trkpt>
      <trkpt lat="48.189408" lon="9.487234">
        <ele>547.813855</ele>
        <time>2026-07-24T10:21:37.147Z</time>
      </trkpt>
      <trkpt lat="48.188992" lon="9.487154">
        <ele>548.466749</ele>
        <time>2026-07-24T10:21:44.900Z</time>
      </trkpt>
      <trkpt lat="48.188505" lon="9.487123">
        <ele>549.182529</ele>
        <time>2026-07-24T10:21:51.675Z</time>
      </trkpt>
      <trkpt lat="48.186997" lon="9.487158">
        <ele>548.386104</ele>
        <time>2026-07-24T10:22:08.566Z</time>
      </trkpt>
      <trkpt lat="48.186081" lon="9.487033">
        <ele>546.866612</ele>
        <time>2026-07-24T10:22:16.486Z</time>
      </trkpt>
      <trkpt lat="48.185724" lon="9.486955">
        <ele>546.102287</ele>
        <time>2026-07-24T10:22:19.395Z</time>
      </trkpt>
      <trkpt lat="48.185217" lon="9.486757">
        <ele>544.992338</ele>
        <time>2026-07-24T10:22:23.953Z</time>
      </trkpt>
      <trkpt lat="48.184985" lon="9.486646">
        <ele>544.476419</ele>
        <time>2026-07-24T10:22:26.160Z</time>
      </trkpt>
      <trkpt lat="48.184583" lon="9.486418">
        <ele>543.607388</ele>
        <time>2026-07-24T10:22:29.913Z</time>
      </trkpt>
      <trkpt lat="48.184541" lon="9.486390">
        <ele>543.514674</ele>
        <time>2026-07-24T10:22:30.612Z</time>
      </trkpt>
      <trkpt lat="48.184515" lon="9.486372">
        <ele>543.456909</ele>
        <time>2026-07-24T10:22:31.099Z</time>
      </trkpt>
      <trkpt lat="48.184399" lon="9.486738">
        <ele>542.911878</ele>
        <time>2026-07-24T10:22:35.591Z</time>
      </trkpt>
      <trkpt lat="48.184384" lon="9.486786">
        <ele>542.840582</ele>
        <time>2026-07-24T10:22:35.954Z</time>
      </trkpt>
      <trkpt lat="48.184262" lon="9.487367">
        <ele>542.021338</ele>
        <time>2026-07-24T10:22:39.259Z</time>
      </trkpt>
      <trkpt lat="48.184212" lon="9.487890">
        <ele>541.310741</ele>
        <time>2026-07-24T10:22:42.002Z</time>
      </trkpt>
      <trkpt lat="48.184181" lon="9.488133">
        <ele>540.977992</ele>
        <time>2026-07-24T10:22:43.293Z</time>
      </trkpt>
      <trkpt lat="48.184109" lon="9.488319">
        <ele>540.562849</ele>
        <time>2026-07-24T10:22:44.435Z</time>
      </trkpt>
      <trkpt lat="48.183631" lon="9.488634">
        <ele>538.367367</ele>
        <time>2026-07-24T10:22:49.750Z</time>
      </trkpt>
      <trkpt lat="48.183538" lon="9.488733">
        <ele>537.887805</ele>
        <time>2026-07-24T10:22:50.923Z</time>
      </trkpt>
      <trkpt lat="48.183492" lon="9.488842">
        <ele>537.526129</ele>
        <time>2026-07-24T10:22:51.647Z</time>
      </trkpt>
      <trkpt lat="48.183470" lon="9.488962">
        <ele>537.177196</ele>
        <time>2026-07-24T10:22:52.280Z</time>
      </trkpt>
      <trkpt lat="48.183438" lon="9.489052">
        <ele>536.891225</ele>
        <time>2026-07-24T10:22:52.793Z</time>
      </trkpt>
      <trkpt lat="48.183363" lon="9.489159">
        <ele>536.455952</ele>
        <time>2026-07-24T10:22:53.594Z</time>
      </trkpt>
      <trkpt lat="48.183036" lon="9.489425">
        <ele>534.891671</ele>
        <time>2026-07-24T10:22:56.686Z</time>
      </trkpt>
      <trkpt lat="48.183003" lon="9.489534">
        <ele>534.556034</ele>
        <time>2026-07-24T10:22:57.275Z</time>
      </trkpt>
      <trkpt lat="48.182991" lon="9.489976">
        <ele>533.315756</ele>
        <time>2026-07-24T10:22:59.300Z</time>
      </trkpt>
      <trkpt lat="48.182893" lon="9.490122">
        <ele>532.596189</ele>
        <time>2026-07-24T10:23:00.239Z</time>
      </trkpt>
      <trkpt lat="48.182574" lon="9.490367">
        <ele>530.676369</ele>
        <time>2026-07-24T10:23:02.765Z</time>
      </trkpt>
      <trkpt lat="48.182481" lon="9.490440">
        <ele>530.114087</ele>
        <time>2026-07-24T10:23:03.522Z</time>
      </trkpt>
      <trkpt lat="48.182403" lon="9.490554">
        <ele>529.530679</ele>
        <time>2026-07-24T10:23:04.319Z</time>
      </trkpt>
      <trkpt lat="48.182239" lon="9.491282">
        <ele>526.786104</ele>
        <time>2026-07-24T10:23:08.206Z</time>
      </trkpt>
      <trkpt lat="48.182090" lon="9.491887">
        <ele>524.482542</ele>
        <time>2026-07-24T10:23:11.471Z</time>
      </trkpt>
      <trkpt lat="48.182001" lon="9.492211">
        <ele>523.567925</ele>
        <time>2026-07-24T10:23:13.402Z</time>
      </trkpt>
      <trkpt lat="48.181745" lon="9.493068">
        <ele>523.223142</ele>
        <time>2026-07-24T10:23:20.298Z</time>
      </trkpt>
      <trkpt lat="48.181360" lon="9.494409">
        <ele>522.687088</ele>
        <time>2026-07-24T10:23:32.510Z</time>
      </trkpt>
      <trkpt lat="48.181095" lon="9.495482">
        <ele>522.619144</ele>
        <time>2026-07-24T10:23:41.726Z</time>
      </trkpt>
      <trkpt lat="48.181047" lon="9.495680">
        <ele>522.619814</ele>
        <time>2026-07-24T10:23:43.663Z</time>
      </trkpt>
      <trkpt lat="48.180965" lon="9.496062">
        <ele>522.621090</ele>
        <time>2026-07-24T10:23:47.676Z</time>
      </trkpt>
      <trkpt lat="48.180860" lon="9.496535">
        <ele>522.622674</ele>
        <time>2026-07-24T10:23:51.724Z</time>
      </trkpt>
      <trkpt lat="48.180786" lon="9.496877">
        <ele>522.623817</ele>
        <time>2026-07-24T10:23:53.930Z</time>
      </trkpt>
      <trkpt lat="48.180780" lon="9.496907">
        <ele>522.623917</ele>
        <time>2026-07-24T10:23:54.132Z</time>
      </trkpt>
      <trkpt lat="48.180633" lon="9.497681">
        <ele>522.490303</ele>
        <time>2026-07-24T10:23:59.703Z</time>
      </trkpt>
      <trkpt lat="48.180572" lon="9.498019">
        <ele>522.406211</ele>
        <time>2026-07-24T10:24:02.377Z</time>
      </trkpt>
      <trkpt lat="48.180373" lon="9.499103">
        <ele>522.136199</ele>
        <time>2026-07-24T10:24:10.461Z</time>
      </trkpt>
      <trkpt lat="48.180080" lon="9.500563">
        <ele>522.232255</ele>
        <time>2026-07-24T10:24:22.288Z</time>
      </trkpt>
      <trkpt lat="48.179919" lon="9.501246">
        <ele>522.447032</ele>
        <time>2026-07-24T10:24:28.073Z</time>
      </trkpt>
      <trkpt lat="48.179637" lon="9.502203">
        <ele>522.757237</ele>
        <time>2026-07-24T10:24:39.864Z</time>
      </trkpt>
      <trkpt lat="48.179479" lon="9.502631">
        <ele>522.782240</ele>
        <time>2026-07-24T10:24:44.956Z</time>
      </trkpt>
      <trkpt lat="48.179375" lon="9.502910">
        <ele>522.786469</ele>
        <time>2026-07-24T10:24:47.015Z</time>
      </trkpt>
      <trkpt lat="48.179318" lon="9.503066">
        <ele>522.788823</ele>
        <time>2026-07-24T10:24:48.214Z</time>
      </trkpt>
      <trkpt lat="48.179090" lon="9.503583">
        <ele>522.797024</ele>
        <time>2026-07-24T10:24:52.632Z</time>
      </trkpt>
      <trkpt lat="48.178619" lon="9.504481">
        <ele>522.812142</ele>
        <time>2026-07-24T10:25:01.084Z</time>
      </trkpt>
      <trkpt lat="48.178019" lon="9.505394">
        <ele>522.951621</ele>
        <time>2026-07-24T10:25:11.704Z</time>
      </trkpt>
      <trkpt lat="48.177862" lon="9.505604">
        <ele>522.986277</ele>
        <time>2026-07-24T10:25:14.502Z</time>
      </trkpt>
      <trkpt lat="48.177568" lon="9.505989">
        <ele>523.050573</ele>
        <time>2026-07-24T10:25:19.384Z</time>
      </trkpt>
      <trkpt lat="48.176719" lon="9.506997">
        <ele>523.277441</ele>
        <time>2026-07-24T10:25:33.130Z</time>
      </trkpt>
      <trkpt lat="48.176335" lon="9.507450">
        <ele>523.390352</ele>
        <time>2026-07-24T10:25:40.736Z</time>
      </trkpt>
      <trkpt lat="48.176254" lon="9.507544">
        <ele>523.414021</ele>
        <time>2026-07-24T10:25:41.963Z</time>
      </trkpt>
      <trkpt lat="48.176223" lon="9.507580">
        <ele>523.423083</ele>
        <time>2026-07-24T10:25:42.364Z</time>
      </trkpt>
      <trkpt lat="48.175797" lon="9.508111">
        <ele>523.643399</ele>
        <time>2026-07-24T10:25:47.762Z</time>
      </trkpt>
      <trkpt lat="48.175542" lon="9.508437">
        <ele>523.987368</ele>
        <time>2026-07-24T10:25:51.897Z</time>
      </trkpt>
      <trkpt lat="48.175394" lon="9.508632">
        <ele>524.189601</ele>
        <time>2026-07-24T10:25:54.040Z</time>
      </trkpt>
      <trkpt lat="48.174893" lon="9.509322">
        <ele>524.887864</ele>
        <time>2026-07-24T10:26:03.925Z</time>
      </trkpt>
      <trkpt lat="48.174553" lon="9.509914">
        <ele>525.573652</ele>
        <time>2026-07-24T10:26:13.096Z</time>
      </trkpt>
      <trkpt lat="48.174281" lon="9.510461">
        <ele>527.394473</ele>
        <time>2026-07-24T10:26:25.701Z</time>
      </trkpt>
      <trkpt lat="48.173969" lon="9.511219">
        <ele>529.771512</ele>
        <time>2026-07-24T10:26:43.135Z</time>
      </trkpt>
      <trkpt lat="48.173817" lon="9.511647">
        <ele>531.065520</ele>
        <time>2026-07-24T10:26:52.905Z</time>
      </trkpt>
      <trkpt lat="48.173550" lon="9.512517">
        <ele>532.856891</ele>
        <time>2026-07-24T10:27:05.548Z</time>
      </trkpt>
      <trkpt lat="48.173436" lon="9.512885">
        <ele>533.153854</ele>
        <time>2026-07-24T10:27:09.466Z</time>
      </trkpt>
      <trkpt lat="48.173352" lon="9.513156">
        <ele>533.372564</ele>
        <time>2026-07-24T10:27:11.745Z</time>
      </trkpt>
      <trkpt lat="48.173166" lon="9.513763">
        <ele>533.861455</ele>
        <time>2026-07-24T10:27:18.170Z</time>
      </trkpt>
      <trkpt lat="48.172966" lon="9.514306">
        <ele>534.315440</ele>
        <time>2026-07-24T10:27:24.361Z</time>
      </trkpt>
      <trkpt lat="48.172373" lon="9.515537">
        <ele>534.438025</ele>
        <time>2026-07-24T10:27:36.938Z</time>
      </trkpt>
      <trkpt lat="48.171696" lon="9.516824">
        <ele>534.280175</ele>
        <time>2026-07-24T10:27:47.948Z</time>
      </trkpt>
      <trkpt lat="48.171512" lon="9.517174">
        <ele>534.191931</ele>
        <time>2026-07-24T10:27:53.081Z</time>
      </trkpt>
      <trkpt lat="48.171319" lon="9.517572">
        <ele>534.094494</ele>
        <time>2026-07-24T10:27:57.122Z</time>
      </trkpt>
      <trkpt lat="48.170999" lon="9.518323">
        <ele>533.918031</ele>
        <time>2026-07-24T10:28:02.293Z</time>
      </trkpt>
      <trkpt lat="48.170564" lon="9.519487">
        <ele>534.263916</ele>
        <time>2026-07-24T10:28:15.051Z</time>
      </trkpt>
      <trkpt lat="48.170365" lon="9.520178">
        <ele>534.858586</ele>
        <time>2026-07-24T10:28:23.418Z</time>
      </trkpt>
      <trkpt lat="48.170333" lon="9.520309">
        <ele>534.968811</ele>
        <time>2026-07-24T10:28:25.086Z</time>
      </trkpt>
      <trkpt lat="48.170226" lon="9.520785">
        <ele>535.365677</ele>
        <time>2026-07-24T10:28:31.502Z</time>
      </trkpt>
      <trkpt lat="48.170113" lon="9.521377">
        <ele>535.852186</ele>
        <time>2026-07-24T10:28:37.842Z</time>
      </trkpt>
      <trkpt lat="48.169860" lon="9.522985">
        <ele>535.971737</ele>
        <time>2026-07-24T10:28:52.635Z</time>
      </trkpt>
      <trkpt lat="48.169679" lon="9.523653">
        <ele>536.001274</ele>
        <time>2026-07-24T10:28:58.903Z</time>
      </trkpt>
      <trkpt lat="48.169398" lon="9.523396">
        <ele>535.940152</ele>
        <time>2026-07-24T10:29:01.849Z</time>
      </trkpt>
      <trkpt lat="48.169175" lon="9.523224">
        <ele>535.651336</ele>
        <time>2026-07-24T10:29:04.099Z</time>
      </trkpt>
      <trkpt lat="48.168939" lon="9.523119">
        <ele>535.367822</ele>
        <time>2026-07-24T10:29:06.357Z</time>
      </trkpt>
      <trkpt lat="48.168762" lon="9.523092">
        <ele>535.162919</ele>
        <time>2026-07-24T10:29:07.778Z</time>
      </trkpt>
      <trkpt lat="48.168580" lon="9.523080">
        <ele>534.953108</ele>
        <time>2026-07-24T10:29:09.150Z</time>
      </trkpt>
      <trkpt lat="48.168387" lon="9.523034">
        <ele>534.728040</ele>
        <time>2026-07-24T10:29:10.782Z</time>
      </trkpt>
      <trkpt lat="48.168218" lon="9.522910">
        <ele>534.511348</ele>
        <time>2026-07-24T10:29:13.252Z</time>
      </trkpt>
      <trkpt lat="48.168047" lon="9.522651">
        <ele>534.231412</ele>
        <time>2026-07-24T10:29:17.158Z</time>
      </trkpt>
      <trkpt lat="48.167888" lon="9.522408">
        <ele>533.969931</ele>
        <time>2026-07-24T10:29:21.449Z</time>
      </trkpt>
      <trkpt lat="48.167569" lon="9.522166">
        <ele>533.453684</ele>
        <time>2026-07-24T10:29:28.084Z</time>
      </trkpt>
      <trkpt lat="48.167357" lon="9.521999">
        <ele>533.103532</ele>
        <time>2026-07-24T10:29:30.083Z</time>
      </trkpt>
      <trkpt lat="48.167184" lon="9.521872">
        <ele>532.821888</ele>
        <time>2026-07-24T10:29:31.596Z</time>
      </trkpt>
      <trkpt lat="48.167047" lon="9.521876">
        <ele>532.621536</ele>
        <time>2026-07-24T10:29:32.745Z</time>
      </trkpt>
      <trkpt lat="48.166756" lon="9.521958">
        <ele>532.188602</ele>
        <time>2026-07-24T10:29:35.487Z</time>
      </trkpt>
      <trkpt lat="48.166585" lon="9.521958">
        <ele>531.938575</ele>
        <time>2026-07-24T10:29:36.951Z</time>
      </trkpt>
      <trkpt lat="48.166573" lon="9.521831">
        <ele>531.813487</ele>
        <time>2026-07-24T10:29:37.681Z</time>
      </trkpt>
      <trkpt lat="48.166534" lon="9.521632">
        <ele>531.611217</ele>
        <time>2026-07-24T10:29:38.831Z</time>
      </trkpt>
      <trkpt lat="48.166318" lon="9.520990">
        <ele>531.218059</ele>
        <time>2026-07-24T10:29:42.739Z</time>
      </trkpt>
      <trkpt lat="48.166294" lon="9.520926">
        <ele>531.200787</ele>
        <time>2026-07-24T10:29:43.191Z</time>
      </trkpt>
      <trkpt lat="48.165982" lon="9.520265">
        <ele>531.010292</ele>
        <time>2026-07-24T10:29:48.800Z</time>
      </trkpt>
      <trkpt lat="48.165925" lon="9.520139">
        <ele>530.974476</ele>
        <time>2026-07-24T10:29:50.349Z</time>
      </trkpt>
      <trkpt lat="48.165540" lon="9.519333">
        <ele>530.741259</ele>
        <time>2026-07-24T10:30:01.948Z</time>
      </trkpt>
      <trkpt lat="48.165439" lon="9.519516">
        <ele>530.685382</ele>
        <time>2026-07-24T10:30:03.890Z</time>
      </trkpt>
      <trkpt lat="48.165430" lon="9.519620">
        <ele>530.655254</ele>
        <time>2026-07-24T10:30:04.586Z</time>
      </trkpt>
      <trkpt lat="48.165385" lon="9.519862">
        <ele>530.580724</ele>
        <time>2026-07-24T10:30:06.181Z</time>
      </trkpt>
      <trkpt lat="48.165269" lon="9.520009">
        <ele>530.513167</ele>
        <time>2026-07-24T10:30:07.635Z</time>
      </trkpt>
      <trkpt lat="48.164906" lon="9.520375">
        <ele>530.318596</ele>
        <time>2026-07-24T10:30:12.068Z</time>
      </trkpt>
      <trkpt lat="48.164143" lon="9.521141">
        <ele>529.910166</ele>
        <time>2026-07-24T10:30:21.635Z</time>
      </trkpt>
      <trkpt lat="48.163888" lon="9.521381">
        <ele>530.082673</ele>
        <time>2026-07-24T10:30:24.969Z</time>
      </trkpt>
      <trkpt lat="48.163503" lon="9.521736">
        <ele>530.466368</ele>
        <time>2026-07-24T10:30:29.545Z</time>
      </trkpt>
      <trkpt lat="48.163438" lon="9.521796">
        <ele>530.531168</ele>
        <time>2026-07-24T10:30:30.612Z</time>
      </trkpt>
      <trkpt lat="48.162868" lon="9.522197">
        <ele>531.065669</ele>
        <time>2026-07-24T10:30:41.638Z</time>
      </trkpt>
      <trkpt lat="48.162333" lon="9.522588">
        <ele>531.601003</ele>
        <time>2026-07-24T10:30:52.879Z</time>
      </trkpt>
      <trkpt lat="48.161923" lon="9.522909">
        <ele>532.066364</ele>
        <time>2026-07-24T10:31:00.653Z</time>
      </trkpt>
      <trkpt lat="48.161433" lon="9.523259">
        <ele>532.612446</ele>
        <time>2026-07-24T10:31:08.525Z</time>
      </trkpt>
      <trkpt lat="48.161110" lon="9.523492">
        <ele>532.973078</ele>
        <time>2026-07-24T10:31:13.665Z</time>
      </trkpt>
      <trkpt lat="48.160703" lon="9.523725">
        <ele>533.206536</ele>
        <time>2026-07-24T10:31:18.851Z</time>
      </trkpt>
      <trkpt lat="48.160275" lon="9.523860">
        <ele>533.180248</ele>
        <time>2026-07-24T10:31:23.864Z</time>
      </trkpt>
      <trkpt lat="48.158993" lon="9.524092">
        <ele>533.114091</ele>
        <time>2026-07-24T10:31:38.165Z</time>
      </trkpt>
      <trkpt lat="48.158538" lon="9.524236">
        <ele>533.129744</ele>
        <time>2026-07-24T10:31:44.581Z</time>
      </trkpt>
      <trkpt lat="48.157951" lon="9.524644">
        <ele>533.151525</ele>
        <time>2026-07-24T10:31:54.374Z</time>
      </trkpt>
      <trkpt lat="48.157787" lon="9.524843">
        <ele>533.158627</ele>
        <time>2026-07-24T10:31:56.097Z</time>
      </trkpt>
      <trkpt lat="48.157491" lon="9.525270">
        <ele>533.244862</ele>
        <time>2026-07-24T10:31:59.941Z</time>
      </trkpt>
      <trkpt lat="48.157328" lon="9.525611">
        <ele>533.607425</ele>
        <time>2026-07-24T10:32:03.352Z</time>
      </trkpt>
      <trkpt lat="48.157072" lon="9.526244">
        <ele>534.247189</ele>
        <time>2026-07-24T10:32:11.581Z</time>
      </trkpt>
      <trkpt lat="48.156927" lon="9.526617">
        <ele>534.620303</ele>
        <time>2026-07-24T10:32:15.749Z</time>
      </trkpt>
      <trkpt lat="48.156675" lon="9.527221">
        <ele>535.236010</ele>
        <time>2026-07-24T10:32:24.824Z</time>
      </trkpt>
      <trkpt lat="48.156144" lon="9.526618">
        <ele>538.145605</ele>
        <time>2026-07-24T10:32:37.780Z</time>
      </trkpt>
      <trkpt lat="48.156069" lon="9.526532">
        <ele>538.686420</ele>
        <time>2026-07-24T10:32:40.150Z</time>
      </trkpt>
      <trkpt lat="48.155960" lon="9.526435">
        <ele>539.412423</ele>
        <time>2026-07-24T10:32:44.742Z</time>
      </trkpt>
      <trkpt lat="48.155909" lon="9.526422">
        <ele>539.708710</ele>
        <time>2026-07-24T10:32:47.193Z</time>
      </trkpt>
      <trkpt lat="48.155759" lon="9.526469">
        <ele>540.586380</ele>
        <time>2026-07-24T10:32:54.586Z</time>
      </trkpt>
      <trkpt lat="48.155518" lon="9.526758">
        <ele>542.353995</ele>
        <time>2026-07-24T10:33:03.857Z</time>
      </trkpt>
      <trkpt lat="48.155308" lon="9.526902">
        <ele>543.676607</ele>
        <time>2026-07-24T10:33:12.027Z</time>
      </trkpt>
      <trkpt lat="48.155132" lon="9.526896">
        <ele>544.684881</ele>
        <time>2026-07-24T10:33:17.949Z</time>
      </trkpt>
      <trkpt lat="48.154154" lon="9.526644">
        <ele>546.873224</ele>
        <time>2026-07-24T10:33:50.122Z</time>
      </trkpt>
      <trkpt lat="48.154071" lon="9.526607">
        <ele>546.989547</ele>
        <time>2026-07-24T10:33:52.306Z</time>
      </trkpt>
      <trkpt lat="48.154024" lon="9.526578">
        <ele>547.057823</ele>
        <time>2026-07-24T10:33:53.413Z</time>
      </trkpt>
      <trkpt lat="48.153951" lon="9.526507">
        <ele>547.174721</ele>
        <time>2026-07-24T10:33:54.586Z</time>
      </trkpt>
      <trkpt lat="48.153761" lon="9.526773">
        <ele>547.523964</ele>
        <time>2026-07-24T10:33:56.604Z</time>
      </trkpt>
      <trkpt lat="48.153610" lon="9.526886">
        <ele>547.750682</ele>
        <time>2026-07-24T10:33:58.173Z</time>
      </trkpt>
      <trkpt lat="48.153071" lon="9.527169">
        <ele>546.801569</ele>
        <time>2026-07-24T10:34:02.900Z</time>
      </trkpt>
      <trkpt lat="48.152995" lon="9.527213">
        <ele>546.283720</ele>
        <time>2026-07-24T10:34:03.490Z</time>
      </trkpt>
      <trkpt lat="48.152529" lon="9.527552">
        <ele>542.991341</ele>
        <time>2026-07-24T10:34:06.999Z</time>
      </trkpt>
      <trkpt lat="48.152111" lon="9.527979">
        <ele>539.776121</ele>
        <time>2026-07-24T10:34:10.535Z</time>
      </trkpt>
      <trkpt lat="48.152449" lon="9.528685">
        <ele>536.752262</ele>
        <time>2026-07-24T10:34:17.040Z</time>
      </trkpt>
      <trkpt lat="48.152282" lon="9.528768">
        <ele>536.698015</ele>
        <time>2026-07-24T10:34:19.563Z</time>
      </trkpt>
      <trkpt lat="48.152253" lon="9.528752">
        <ele>536.688487</ele>
        <time>2026-07-24T10:34:20.135Z</time>
      </trkpt>
      <trkpt lat="48.152127" lon="9.528401">
        <ele>536.606499</ele>
        <time>2026-07-24T10:34:24.989Z</time>
      </trkpt>
      <trkpt lat="48.152003" lon="9.528342">
        <ele>536.566387</ele>
        <time>2026-07-24T10:34:26.732Z</time>
      </trkpt>
      <trkpt lat="48.151913" lon="9.528405">
        <ele>536.535761</ele>
        <time>2026-07-24T10:34:27.920Z</time>
      </trkpt>
      <trkpt lat="48.150537" lon="9.530028">
        <ele>536.893732</ele>
        <time>2026-07-24T10:34:49.963Z</time>
      </trkpt>
      <trkpt lat="48.150065" lon="9.530528">
        <ele>537.394929</ele>
        <time>2026-07-24T10:34:59.398Z</time>
      </trkpt>
      <trkpt lat="48.149512" lon="9.531059">
        <ele>537.924385</ele>
        <time>2026-07-24T10:35:10.395Z</time>
      </trkpt>
      <trkpt lat="48.148892" lon="9.531595">
        <ele>538.401665</ele>
        <time>2026-07-24T10:35:20.359Z</time>
      </trkpt>
      <trkpt lat="48.148493" lon="9.531900">
        <ele>538.700336</ele>
        <time>2026-07-24T10:35:25.969Z</time>
      </trkpt>
      <trkpt lat="48.147818" lon="9.532330">
        <ele>539.241682</ele>
        <time>2026-07-24T10:35:35.721Z</time>
      </trkpt>
      <trkpt lat="48.147140" lon="9.532640">
        <ele>539.838545</ele>
        <time>2026-07-24T10:35:45.227Z</time>
      </trkpt>
      <trkpt lat="48.146848" lon="9.532734">
        <ele>540.090022</ele>
        <time>2026-07-24T10:35:49.436Z</time>
      </trkpt>
      <trkpt lat="48.146527" lon="9.532812">
        <ele>540.363839</ele>
        <time>2026-07-24T10:35:54.349Z</time>
      </trkpt>
      <trkpt lat="48.145952" lon="9.532894">
        <ele>541.820040</ele>
        <time>2026-07-24T10:36:04.594Z</time>
      </trkpt>
      <trkpt lat="48.145022" lon="9.532845">
        <ele>544.804929</ele>
        <time>2026-07-24T10:36:25.657Z</time>
      </trkpt>
      <trkpt lat="48.144757" lon="9.532932">
        <ele>545.675092</ele>
        <time>2026-07-24T10:36:32.650Z</time>
      </trkpt>
      <trkpt lat="48.144731" lon="9.532863">
        <ele>545.844691</ele>
        <time>2026-07-24T10:36:34.459Z</time>
      </trkpt>
      <trkpt lat="48.144714" lon="9.532612">
        <ele>546.295531</ele>
        <time>2026-07-24T10:36:41.051Z</time>
      </trkpt>
      <trkpt lat="48.144459" lon="9.532560">
        <ele>546.454617</ele>
        <time>2026-07-24T10:36:47.325Z</time>
      </trkpt>
      <trkpt lat="48.143918" lon="9.532399">
        <ele>546.795577</ele>
        <time>2026-07-24T10:36:56.043Z</time>
      </trkpt>
      <trkpt lat="48.143674" lon="9.532372">
        <ele>546.946821</ele>
        <time>2026-07-24T10:36:59.086Z</time>
      </trkpt>
      <trkpt lat="48.143523" lon="9.532412">
        <ele>547.041612</ele>
        <time>2026-07-24T10:37:01.020Z</time>
      </trkpt>
      <trkpt lat="48.143311" lon="9.532561">
        <ele>547.186361</ele>
        <time>2026-07-24T10:37:02.898Z</time>
      </trkpt>
      <trkpt lat="48.142544" lon="9.533553">
        <ele>545.651157</ele>
        <time>2026-07-24T10:37:11.688Z</time>
      </trkpt>
      <trkpt lat="48.142283" lon="9.533824">
        <ele>544.852747</ele>
        <time>2026-07-24T10:37:14.240Z</time>
      </trkpt>
      <trkpt lat="48.141987" lon="9.534057">
        <ele>544.012031</ele>
        <time>2026-07-24T10:37:17.142Z</time>
      </trkpt>
      <trkpt lat="48.141652" lon="9.534341">
        <ele>543.044234</ele>
        <time>2026-07-24T10:37:20.263Z</time>
      </trkpt>
      <trkpt lat="48.141563" lon="9.534449">
        <ele>542.869753</ele>
        <time>2026-07-24T10:37:21.150Z</time>
      </trkpt>
      <trkpt lat="48.141431" lon="9.534641">
        <ele>542.896914</ele>
        <time>2026-07-24T10:37:22.622Z</time>
      </trkpt>
      <trkpt lat="48.141282" lon="9.534923">
        <ele>542.932353</ele>
        <time>2026-07-24T10:37:24.880Z</time>
      </trkpt>
      <trkpt lat="48.141220" lon="9.535065">
        <ele>542.949073</ele>
        <time>2026-07-24T10:37:26.094Z</time>
      </trkpt>
      <trkpt lat="48.141206" lon="9.535100">
        <ele>542.953094</ele>
        <time>2026-07-24T10:37:26.428Z</time>
      </trkpt>
      <trkpt lat="48.141170" lon="9.535195">
        <ele>542.963858</ele>
        <time>2026-07-24T10:37:27.430Z</time>
      </trkpt>
      <trkpt lat="48.141066" lon="9.535560">
        <ele>543.002961</ele>
        <time>2026-07-24T10:37:31.816Z</time>
      </trkpt>
      <trkpt lat="48.141002" lon="9.535523">
        <ele>543.013090</ele>
        <time>2026-07-24T10:37:32.961Z</time>
      </trkpt>
      <trkpt lat="48.140915" lon="9.535495">
        <ele>543.026228</ele>
        <time>2026-07-24T10:37:34.471Z</time>
      </trkpt>
      <trkpt lat="48.139864" lon="9.535535">
        <ele>543.760630</ele>
        <time>2026-07-24T10:37:52.609Z</time>
      </trkpt>
      <trkpt lat="48.139426" lon="9.535555">
        <ele>544.540067</ele>
        <time>2026-07-24T10:37:57.773Z</time>
      </trkpt>
      <trkpt lat="48.139067" lon="9.535575">
        <ele>545.179065</ele>
        <time>2026-07-24T10:38:01.731Z</time>
      </trkpt>
      <trkpt lat="48.138989" lon="9.535604">
        <ele>545.322011</ele>
        <time>2026-07-24T10:38:02.903Z</time>
      </trkpt>
      <trkpt lat="48.138877" lon="9.535720">
        <ele>545.564179</ele>
        <time>2026-07-24T10:38:05.556Z</time>
      </trkpt>
      <trkpt lat="48.138782" lon="9.535954">
        <ele>545.889296</ele>
        <time>2026-07-24T10:38:09.824Z</time>
      </trkpt>
      <trkpt lat="48.138650" lon="9.536475">
        <ele>546.729680</ele>
        <time>2026-07-24T10:38:20.650Z</time>
      </trkpt>
      <trkpt lat="48.138577" lon="9.536927">
        <ele>547.725533</ele>
        <time>2026-07-24T10:38:29.168Z</time>
      </trkpt>
      <trkpt lat="48.138585" lon="9.537230">
        <ele>548.374884</ele>
        <time>2026-07-24T10:38:34.367Z</time>
      </trkpt>
      <trkpt lat="48.138652" lon="9.537795">
        <ele>549.603726</ele>
        <time>2026-07-24T10:38:42.959Z</time>
      </trkpt>
      <trkpt lat="48.138832" lon="9.538536">
        <ele>551.292353</ele>
        <time>2026-07-24T10:38:52.699Z</time>
      </trkpt>
      <trkpt lat="48.138921" lon="9.539054">
        <ele>552.357527</ele>
        <time>2026-07-24T10:38:59.084Z</time>
      </trkpt>
      <trkpt lat="48.138926" lon="9.539284">
        <ele>552.733259</ele>
        <time>2026-07-24T10:39:01.925Z</time>
      </trkpt>
      <trkpt lat="48.138893" lon="9.539542">
        <ele>553.162176</ele>
        <time>2026-07-24T10:39:05.586Z</time>
      </trkpt>
      <trkpt lat="48.138806" lon="9.539684">
        <ele>553.476923</ele>
        <time>2026-07-24T10:39:08.420Z</time>
      </trkpt>
      <trkpt lat="48.138749" lon="9.539732">
        <ele>553.636897</ele>
        <time>2026-07-24T10:39:09.893Z</time>
      </trkpt>
      <trkpt lat="48.138604" lon="9.539756">
        <ele>553.993826</ele>
        <time>2026-07-24T10:39:13.239Z</time>
      </trkpt>
      <trkpt lat="48.138176" lon="9.539659">
        <ele>555.052923</ele>
        <time>2026-07-24T10:39:23.890Z</time>
      </trkpt>
      <trkpt lat="48.138006" lon="9.539617">
        <ele>555.474478</ele>
        <time>2026-07-24T10:39:27.502Z</time>
      </trkpt>
      <trkpt lat="48.137263" lon="9.539478">
        <ele>557.028905</ele>
        <time>2026-07-24T10:39:37.763Z</time>
      </trkpt>
      <trkpt lat="48.136829" lon="9.539506">
        <ele>557.725620</ele>
        <time>2026-07-24T10:39:44.683Z</time>
      </trkpt>
      <trkpt lat="48.136348" lon="9.539653">
        <ele>558.512952</ele>
        <time>2026-07-24T10:39:53.747Z</time>
      </trkpt>
      <trkpt lat="48.135302" lon="9.540209">
        <ele>560.929175</ele>
        <time>2026-07-24T10:40:13.954Z</time>
      </trkpt>
      <trkpt lat="48.134735" lon="9.540355">
        <ele>562.498679</ele>
        <time>2026-07-24T10:40:22.339Z</time>
      </trkpt>
      <trkpt lat="48.134634" lon="9.540813">
        <ele>563.376895</ele>
        <time>2026-07-24T10:40:32.321Z</time>
      </trkpt>
      <trkpt lat="48.134555" lon="9.541023">
        <ele>563.815798</ele>
        <time>2026-07-24T10:40:36.721Z</time>
      </trkpt>
      <trkpt lat="48.134443" lon="9.541215">
        <ele>564.280081</ele>
        <time>2026-07-24T10:40:41.104Z</time>
      </trkpt>
      <trkpt lat="48.134165" lon="9.541520">
        <ele>565.350123</ele>
        <time>2026-07-24T10:40:49.897Z</time>
      </trkpt>
      <trkpt lat="48.133830" lon="9.541727">
        <ele>566.477290</ele>
        <time>2026-07-24T10:40:58.127Z</time>
      </trkpt>
      <trkpt lat="48.133774" lon="9.541753">
        <ele>566.659652</ele>
        <time>2026-07-24T10:40:59.303Z</time>
      </trkpt>
      <trkpt lat="48.132208" lon="9.542492">
        <ele>571.024057</ele>
        <time>2026-07-24T10:41:31.813Z</time>
      </trkpt>
      <trkpt lat="48.131970" lon="9.542629">
        <ele>571.503786</ele>
        <time>2026-07-24T10:41:36.683Z</time>
      </trkpt>
      <trkpt lat="48.131578" lon="9.542957">
        <ele>572.348588</ele>
        <time>2026-07-24T10:41:43.964Z</time>
      </trkpt>
      <trkpt lat="48.131333" lon="9.543295">
        <ele>572.975231</ele>
        <time>2026-07-24T10:41:49.612Z</time>
      </trkpt>
      <trkpt lat="48.131182" lon="9.543583">
        <ele>573.315905</ele>
        <time>2026-07-24T10:41:53.972Z</time>
      </trkpt>
      <trkpt lat="48.130901" lon="9.544313">
        <ele>573.603507</ele>
        <time>2026-07-24T10:42:02.148Z</time>
      </trkpt>
      <trkpt lat="48.130728" lon="9.544741">
        <ele>573.774276</ele>
        <time>2026-07-24T10:42:06.926Z</time>
      </trkpt>
      <trkpt lat="48.130136" lon="9.545782">
        <ele>574.203343</ele>
        <time>2026-07-24T10:42:17.209Z</time>
      </trkpt>
      <trkpt lat="48.129222" lon="9.547812">
        <ele>574.407992</ele>
        <time>2026-07-24T10:42:37.696Z</time>
      </trkpt>
      <trkpt lat="48.128954" lon="9.548262">
        <ele>574.286577</ele>
        <time>2026-07-24T10:42:42.492Z</time>
      </trkpt>
      <trkpt lat="48.128670" lon="9.548572">
        <ele>574.150826</ele>
        <time>2026-07-24T10:42:47.051Z</time>
      </trkpt>
      <trkpt lat="48.127930" lon="9.549066">
        <ele>573.837841</ele>
        <time>2026-07-24T10:42:55.033Z</time>
      </trkpt>
      <trkpt lat="48.127677" lon="9.549285">
        <ele>573.724956</ele>
        <time>2026-07-24T10:42:58.027Z</time>
      </trkpt>
      <trkpt lat="48.126796" lon="9.550409">
        <ele>574.347429</ele>
        <time>2026-07-24T10:43:10.948Z</time>
      </trkpt>
      <trkpt lat="48.126421" lon="9.550926">
        <ele>574.625283</ele>
        <time>2026-07-24T10:43:20.407Z</time>
      </trkpt>
      <trkpt lat="48.125979" lon="9.551689">
        <ele>574.989918</ele>
        <time>2026-07-24T10:43:33.249Z</time>
      </trkpt>
      <trkpt lat="48.125234" lon="9.552603">
        <ele>575.509451</ele>
        <time>2026-07-24T10:43:46.278Z</time>
      </trkpt>
      <trkpt lat="48.124951" lon="9.552987">
        <ele>575.548149</ele>
        <time>2026-07-24T10:43:50.015Z</time>
      </trkpt>
      <trkpt lat="48.124617" lon="9.553620">
        <ele>574.705959</ele>
        <time>2026-07-24T10:43:54.568Z</time>
      </trkpt>
      <trkpt lat="48.124563" lon="9.553731">
        <ele>574.562596</ele>
        <time>2026-07-24T10:43:55.354Z</time>
      </trkpt>
      <trkpt lat="48.122630" lon="9.557910">
        <ele>570.327285</ele>
        <time>2026-07-24T10:44:26.813Z</time>
      </trkpt>
      <trkpt lat="48.122598" lon="9.557980">
        <ele>570.322554</ele>
        <time>2026-07-24T10:44:27.370Z</time>
      </trkpt>
      <trkpt lat="48.121917" lon="9.559484">
        <ele>570.221195</ele>
        <time>2026-07-24T10:44:43.270Z</time>
      </trkpt>
      <trkpt lat="48.121886" lon="9.559552">
        <ele>570.245520</ele>
        <time>2026-07-24T10:44:44.028Z</time>
      </trkpt>
      <trkpt lat="48.121672" lon="9.560043">
        <ele>570.560815</ele>
        <time>2026-07-24T10:44:50.288Z</time>
      </trkpt>
      <trkpt lat="48.121527" lon="9.560410">
        <ele>570.790121</ele>
        <time>2026-07-24T10:44:55.089Z</time>
      </trkpt>
      <trkpt lat="48.121248" lon="9.560824">
        <ele>571.106436</ele>
        <time>2026-07-24T10:45:03.395Z</time>
      </trkpt>
      <trkpt lat="48.121049" lon="9.560971">
        <ele>571.285153</ele>
        <time>2026-07-24T10:45:05.972Z</time>
      </trkpt>
      <trkpt lat="48.121063" lon="9.561043">
        <ele>571.325476</ele>
        <time>2026-07-24T10:45:06.431Z</time>
      </trkpt>
      <trkpt lat="48.120964" lon="9.561399">
        <ele>571.532842</ele>
        <time>2026-07-24T10:45:08.742Z</time>
      </trkpt>
      <trkpt lat="48.120898" lon="9.562015">
        <ele>571.736578</ele>
        <time>2026-07-24T10:45:13.275Z</time>
      </trkpt>
      <trkpt lat="48.120755" lon="9.562560">
        <ele>571.844305</ele>
        <time>2026-07-24T10:45:18.176Z</time>
      </trkpt>
      <trkpt lat="48.119828" lon="9.564982">
        <ele>571.758545</ele>
        <time>2026-07-24T10:45:43.803Z</time>
      </trkpt>
      <trkpt lat="48.118773" lon="9.567801">
        <ele>570.246699</ele>
        <time>2026-07-24T10:46:04.071Z</time>
      </trkpt>
      <trkpt lat="48.118725" lon="9.567765">
        <ele>570.202140</ele>
        <time>2026-07-24T10:46:04.592Z</time>
      </trkpt>
      <trkpt lat="48.118560" lon="9.568217">
        <ele>569.916666</ele>
        <time>2026-07-24T10:46:08.050Z</time>
      </trkpt>
      <trkpt lat="48.118262" lon="9.569002">
        <ele>569.929342</ele>
        <time>2026-07-24T10:46:14.655Z</time>
      </trkpt>
      <trkpt lat="48.118083" lon="9.569453">
        <ele>570.316191</ele>
        <time>2026-07-24T10:46:21.551Z</time>
      </trkpt>
      <trkpt lat="48.117737" lon="9.570120">
        <ele>570.938981</ele>
        <time>2026-07-24T10:46:31.361Z</time>
      </trkpt>
      <trkpt lat="48.117579" lon="9.570425">
        <ele>571.223620</ele>
        <time>2026-07-24T10:46:34.742Z</time>
      </trkpt>
      <trkpt lat="48.117388" lon="9.570814">
        <ele>571.579652</ele>
        <time>2026-07-24T10:46:40.216Z</time>
      </trkpt>
      <trkpt lat="48.117307" lon="9.571275">
        <ele>571.672946</ele>
        <time>2026-07-24T10:46:45.765Z</time>
      </trkpt>
      <trkpt lat="48.117278" lon="9.571490">
        <ele>571.699228</ele>
        <time>2026-07-24T10:46:48.112Z</time>
      </trkpt>
      <trkpt lat="48.117244" lon="9.571603">
        <ele>571.714079</ele>
        <time>2026-07-24T10:46:49.142Z</time>
      </trkpt>
      <trkpt lat="48.117068" lon="9.571886">
        <ele>571.760420</ele>
        <time>2026-07-24T10:46:51.530Z</time>
      </trkpt>
      <trkpt lat="48.116970" lon="9.572102">
        <ele>571.791711</ele>
        <time>2026-07-24T10:46:53.160Z</time>
      </trkpt>
      <trkpt lat="48.116954" lon="9.572167">
        <ele>571.800012</ele>
        <time>2026-07-24T10:46:53.742Z</time>
      </trkpt>
      <trkpt lat="48.116925" lon="9.572366">
        <ele>571.824417</ele>
        <time>2026-07-24T10:46:55.752Z</time>
      </trkpt>
      <trkpt lat="48.116911" lon="9.572804">
        <ele>571.876957</ele>
        <time>2026-07-24T10:46:58.768Z</time>
      </trkpt>
      <trkpt lat="48.116927" lon="9.572906">
        <ele>571.889512</ele>
        <time>2026-07-24T10:46:59.553Z</time>
      </trkpt>
      <trkpt lat="48.117163" lon="9.573646">
        <ele>572.076972</ele>
        <time>2026-07-24T10:47:06.709Z</time>
      </trkpt>
      <trkpt lat="48.117299" lon="9.573934">
        <ele>572.208754</ele>
        <time>2026-07-24T10:47:09.803Z</time>
      </trkpt>
      <trkpt lat="48.117444" lon="9.574164">
        <ele>572.326930</ele>
        <time>2026-07-24T10:47:13.408Z</time>
      </trkpt>
      <trkpt lat="48.117776" lon="9.574611">
        <ele>572.576722</ele>
        <time>2026-07-24T10:47:19.326Z</time>
      </trkpt>
      <trkpt lat="48.117679" lon="9.574817">
        <ele>572.670893</ele>
        <time>2026-07-24T10:47:20.805Z</time>
      </trkpt>
      <trkpt lat="48.117549" lon="9.575051">
        <ele>572.784616</ele>
        <time>2026-07-24T10:47:23.028Z</time>
      </trkpt>
      <trkpt lat="48.117486" lon="9.575140">
        <ele>572.833073</ele>
        <time>2026-07-24T10:47:24.236Z</time>
      </trkpt>
      <trkpt lat="48.117267" lon="9.575300">
        <ele>573.104563</ele>
        <time>2026-07-24T10:47:27.931Z</time>
      </trkpt>
      <trkpt lat="48.116829" lon="9.575253">
        <ele>575.269121</ele>
        <time>2026-07-24T10:47:36.112Z</time>
      </trkpt>
      <trkpt lat="48.116737" lon="9.575278">
        <ele>575.730017</ele>
        <time>2026-07-24T10:47:38.079Z</time>
      </trkpt>
      <trkpt lat="48.116563" lon="9.575392">
        <ele>576.666172</ele>
        <time>2026-07-24T10:47:42.796Z</time>
      </trkpt>
      <trkpt lat="48.115898" lon="9.575814">
        <ele>580.226193</ele>
        <time>2026-07-24T10:48:07.709Z</time>
      </trkpt>
      <trkpt lat="48.115020" lon="9.576572">
        <ele>586.582199</ele>
        <time>2026-07-24T10:48:42.811Z</time>
      </trkpt>
      <trkpt lat="48.114804" lon="9.576767">
        <ele>588.322378</ele>
        <time>2026-07-24T10:48:52.788Z</time>
      </trkpt>
      <trkpt lat="48.113797" lon="9.577603">
        <ele>595.307485</ele>
        <time>2026-07-24T10:49:31.163Z</time>
      </trkpt>
      <trkpt lat="48.111353" lon="9.579136">
        <ele>602.586076</ele>
        <time>2026-07-24T10:50:26.287Z</time>
      </trkpt>
      <trkpt lat="48.108166" lon="9.581107">
        <ele>601.486759</ele>
        <time>2026-07-24T10:51:02.795Z</time>
      </trkpt>
      <trkpt lat="48.107890" lon="9.581277">
        <ele>601.117503</ele>
        <time>2026-07-24T10:51:05.956Z</time>
      </trkpt>
      <trkpt lat="48.106730" lon="9.582009">
        <ele>597.105399</ele>
        <time>2026-07-24T10:51:16.323Z</time>
      </trkpt>
      <trkpt lat="48.106339" lon="9.582373">
        <ele>595.040321</ele>
        <time>2026-07-24T10:51:19.760Z</time>
      </trkpt>
      <trkpt lat="48.106058" lon="9.582726">
        <ele>593.395158</ele>
        <time>2026-07-24T10:51:22.426Z</time>
      </trkpt>
      <trkpt lat="48.105716" lon="9.583278">
        <ele>591.309477</ele>
        <time>2026-07-24T10:51:26.099Z</time>
      </trkpt>
      <trkpt lat="48.105576" lon="9.583565">
        <ele>590.385249</ele>
        <time>2026-07-24T10:51:27.877Z</time>
      </trkpt>
      <trkpt lat="48.105179" lon="9.584572">
        <ele>587.344355</ele>
        <time>2026-07-24T10:51:34.073Z</time>
      </trkpt>
      <trkpt lat="48.104879" lon="9.585245">
        <ele>585.353961</ele>
        <time>2026-07-24T10:51:38.704Z</time>
      </trkpt>
      <trkpt lat="48.104420" lon="9.585956">
        <ele>584.382810</ele>
        <time>2026-07-24T10:51:44.622Z</time>
      </trkpt>
      <trkpt lat="48.103873" lon="9.586562">
        <ele>583.382191</ele>
        <time>2026-07-24T10:51:51.334Z</time>
      </trkpt>
      <trkpt lat="48.103776" lon="9.586669">
        <ele>583.205019</ele>
        <time>2026-07-24T10:51:52.359Z</time>
      </trkpt>
      <trkpt lat="48.103827" lon="9.586777">
        <ele>583.075120</ele>
        <time>2026-07-24T10:51:53.081Z</time>
      </trkpt>
      <trkpt lat="48.102711" lon="9.587848">
        <ele>581.506524</ele>
        <time>2026-07-24T10:52:06.490Z</time>
      </trkpt>
      <trkpt lat="48.102086" lon="9.588608">
        <ele>580.732963</ele>
        <time>2026-07-24T10:52:13.691Z</time>
      </trkpt>
      <trkpt lat="48.101739" lon="9.589169">
        <ele>580.696047</ele>
        <time>2026-07-24T10:52:19.071Z</time>
      </trkpt>
      <trkpt lat="48.101540" lon="9.589637">
        <ele>580.669263</ele>
        <time>2026-07-24T10:52:23.097Z</time>
      </trkpt>
      <trkpt lat="48.101383" lon="9.590074">
        <ele>580.645306</ele>
        <time>2026-07-24T10:52:27.319Z</time>
      </trkpt>
      <trkpt lat="48.101247" lon="9.590383">
        <ele>580.627440</ele>
        <time>2026-07-24T10:52:31.331Z</time>
      </trkpt>
      <trkpt lat="48.100721" lon="9.592158">
        <ele>582.114354</ele>
        <time>2026-07-24T10:52:51.717Z</time>
      </trkpt>
      <trkpt lat="48.100487" lon="9.592796">
        <ele>582.785571</ele>
        <time>2026-07-24T10:53:00.444Z</time>
      </trkpt>
      <trkpt lat="48.099999" lon="9.593857">
        <ele>583.570652</ele>
        <time>2026-07-24T10:53:14.709Z</time>
      </trkpt>
      <trkpt lat="48.099913" lon="9.593988">
        <ele>583.662281</ele>
        <time>2026-07-24T10:53:16.721Z</time>
      </trkpt>
      <trkpt lat="48.099820" lon="9.594073">
        <ele>583.743660</ele>
        <time>2026-07-24T10:53:18.219Z</time>
      </trkpt>
      <trkpt lat="48.099265" lon="9.594705">
        <ele>584.264444</ele>
        <time>2026-07-24T10:53:26.556Z</time>
      </trkpt>
      <trkpt lat="48.098910" lon="9.595032">
        <ele>584.469745</ele>
        <time>2026-07-24T10:53:32.022Z</time>
      </trkpt>
      <trkpt lat="48.098178" lon="9.595447">
        <ele>584.600064</ele>
        <time>2026-07-24T10:53:41.946Z</time>
      </trkpt>
      <trkpt lat="48.096150" lon="9.596436">
        <ele>584.679331</ele>
        <time>2026-07-24T10:54:07.520Z</time>
      </trkpt>
      <trkpt lat="48.095357" lon="9.596763">
        <ele>584.629214</ele>
        <time>2026-07-24T10:54:16.814Z</time>
      </trkpt>
      <trkpt lat="48.094782" lon="9.596904">
        <ele>584.580078</ele>
        <time>2026-07-24T10:54:23.115Z</time>
      </trkpt>
      <trkpt lat="48.094544" lon="9.596930">
        <ele>584.559953</ele>
        <time>2026-07-24T10:54:25.724Z</time>
      </trkpt>
      <trkpt lat="48.094467" lon="9.596865">
        <ele>584.552499</ele>
        <time>2026-07-24T10:54:26.638Z</time>
      </trkpt>
      <trkpt lat="48.094430" lon="9.596775">
        <ele>584.546546</ele>
        <time>2026-07-24T10:54:27.471Z</time>
      </trkpt>
      <trkpt lat="48.093980" lon="9.596733">
        <ele>584.508524</ele>
        <time>2026-07-24T10:54:35.101Z</time>
      </trkpt>
      <trkpt lat="48.093932" lon="9.596728">
        <ele>584.504423</ele>
        <time>2026-07-24T10:54:35.721Z</time>
      </trkpt>
      <trkpt lat="48.093276" lon="9.596651">
        <ele>584.442023</ele>
        <time>2026-07-24T10:54:42.041Z</time>
      </trkpt>
      <trkpt lat="48.092679" lon="9.596737">
        <ele>584.385147</ele>
        <time>2026-07-24T10:54:48.527Z</time>
      </trkpt>
      <trkpt lat="48.092611" lon="9.596752">
        <ele>584.378629</ele>
        <time>2026-07-24T10:54:49.436Z</time>
      </trkpt>
      <trkpt lat="48.092374" lon="9.596806">
        <ele>584.355895</ele>
        <time>2026-07-24T10:54:52.689Z</time>
      </trkpt>
      <trkpt lat="48.091773" lon="9.596927">
        <ele>584.361302</ele>
        <time>2026-07-24T10:55:01.268Z</time>
      </trkpt>
      <trkpt lat="48.091218" lon="9.597050">
        <ele>584.401459</ele>
        <time>2026-07-24T10:55:07.969Z</time>
      </trkpt>
      <trkpt lat="48.091153" lon="9.597064">
        <ele>584.406160</ele>
        <time>2026-07-24T10:55:08.686Z</time>
      </trkpt>
      <trkpt lat="48.090700" lon="9.597164">
        <ele>584.438934</ele>
        <time>2026-07-24T10:55:13.323Z</time>
      </trkpt>
      <trkpt lat="48.090366" lon="9.597238">
        <ele>584.463288</ele>
        <time>2026-07-24T10:55:17.556Z</time>
      </trkpt>
      <trkpt lat="48.090057" lon="9.597305">
        <ele>584.520513</ele>
        <time>2026-07-24T10:55:22.157Z</time>
      </trkpt>
      <trkpt lat="48.089842" lon="9.597349">
        <ele>584.560285</ele>
        <time>2026-07-24T10:55:24.814Z</time>
      </trkpt>
      <trkpt lat="48.089706" lon="9.597339">
        <ele>584.585241</ele>
        <time>2026-07-24T10:55:26.385Z</time>
      </trkpt>
      <trkpt lat="48.089205" lon="9.597076">
        <ele>584.682547</ele>
        <time>2026-07-24T10:55:33.287Z</time>
      </trkpt>
      <trkpt lat="48.088917" lon="9.596955">
        <ele>584.737371</ele>
        <time>2026-07-24T10:55:37.255Z</time>
      </trkpt>
      <trkpt lat="48.088684" lon="9.596909">
        <ele>584.780446</ele>
        <time>2026-07-24T10:55:40.020Z</time>
      </trkpt>
      <trkpt lat="48.088304" lon="9.596891">
        <ele>584.606558</ele>
        <time>2026-07-24T10:55:44.329Z</time>
      </trkpt>
      <trkpt lat="48.087969" lon="9.596913">
        <ele>584.407627</ele>
        <time>2026-07-24T10:55:48.002Z</time>
      </trkpt>
      <trkpt lat="48.087457" lon="9.597036">
        <ele>584.099995</ele>
        <time>2026-07-24T10:55:53.555Z</time>
      </trkpt>
      <trkpt lat="48.087194" lon="9.597102">
        <ele>583.941792</ele>
        <time>2026-07-24T10:55:56.073Z</time>
      </trkpt>
      <trkpt lat="48.086932" lon="9.597168">
        <ele>583.784174</ele>
        <time>2026-07-24T10:55:58.374Z</time>
      </trkpt>
      <trkpt lat="48.086304" lon="9.597327">
        <ele>583.321391</ele>
        <time>2026-07-24T10:56:04.967Z</time>
      </trkpt>
      <trkpt lat="48.084754" lon="9.597763">
        <ele>582.010465</ele>
        <time>2026-07-24T10:56:21.528Z</time>
      </trkpt>
      <trkpt lat="48.084471" lon="9.597774">
        <ele>581.684832</ele>
        <time>2026-07-24T10:56:24.074Z</time>
      </trkpt>
      <trkpt lat="48.084337" lon="9.597741">
        <ele>581.528626</ele>
        <time>2026-07-24T10:56:25.316Z</time>
      </trkpt>
      <trkpt lat="48.084092" lon="9.597610">
        <ele>581.229375</ele>
        <time>2026-07-24T10:56:27.696Z</time>
      </trkpt>
      <trkpt lat="48.083658" lon="9.597159">
        <ele>580.621663</ele>
        <time>2026-07-24T10:56:32.375Z</time>
      </trkpt>
      <trkpt lat="48.083089" lon="9.596554">
        <ele>580.175303</ele>
        <time>2026-07-24T10:56:40.035Z</time>
      </trkpt>
      <trkpt lat="48.082322" lon="9.595810">
        <ele>579.893580</ele>
        <time>2026-07-24T10:56:50.556Z</time>
      </trkpt>
      <trkpt lat="48.078387" lon="9.592059">
        <ele>578.692590</ele>
        <time>2026-07-24T10:57:42.198Z</time>
      </trkpt>
      <trkpt lat="48.078197" lon="9.591964">
        <ele>578.696912</ele>
        <time>2026-07-24T10:57:44.346Z</time>
      </trkpt>
      <trkpt lat="48.077287" lon="9.591957">
        <ele>578.716546</ele>
        <time>2026-07-24T10:57:56.209Z</time>
      </trkpt>
      <trkpt lat="48.073094" lon="9.591947">
        <ele>578.705267</ele>
        <time>2026-07-24T10:58:45.879Z</time>
      </trkpt>
      <trkpt lat="48.071403" lon="9.591952">
        <ele>578.655884</ele>
        <time>2026-07-24T10:59:04.696Z</time>
      </trkpt>
      <trkpt lat="48.071254" lon="9.591951">
        <ele>578.713403</ele>
        <time>2026-07-24T10:59:06.895Z</time>
      </trkpt>
      <trkpt lat="48.070457" lon="9.591950">
        <ele>579.021064</ele>
        <time>2026-07-24T10:59:17.464Z</time>
      </trkpt>
      <trkpt lat="48.070313" lon="9.591962">
        <ele>579.076738</ele>
        <time>2026-07-24T10:59:19.872Z</time>
      </trkpt>
      <trkpt lat="48.070247" lon="9.592003">
        <ele>579.104324</ele>
        <time>2026-07-24T10:59:21.079Z</time>
      </trkpt>
      <trkpt lat="48.070023" lon="9.592253">
        <ele>579.207119</ele>
        <time>2026-07-24T10:59:25.186Z</time>
      </trkpt>
      <trkpt lat="48.069923" lon="9.592410">
        <ele>579.248006</ele>
        <time>2026-07-24T10:59:27.242Z</time>
      </trkpt>
      <trkpt lat="48.069439" lon="9.593176">
        <ele>579.446737</ele>
        <time>2026-07-24T10:59:35.670Z</time>
      </trkpt>
      <trkpt lat="48.067613" lon="9.596134">
        <ele>580.114355</ele>
        <time>2026-07-24T11:00:09.482Z</time>
      </trkpt>
      <trkpt lat="48.066651" lon="9.597653">
        <ele>580.560451</ele>
        <time>2026-07-24T11:00:27.356Z</time>
      </trkpt>
      <trkpt lat="48.063704" lon="9.602336">
        <ele>582.331320</ele>
        <time>2026-07-24T11:01:24.545Z</time>
      </trkpt>
      <trkpt lat="48.063224" lon="9.603095">
        <ele>582.723238</ele>
        <time>2026-07-24T11:01:31.785Z</time>
      </trkpt>
      <trkpt lat="48.062385" lon="9.604405">
        <ele>583.403364</ele>
        <time>2026-07-24T11:01:51.551Z</time>
      </trkpt>
      <trkpt lat="48.062153" lon="9.604766">
        <ele>583.590883</ele>
        <time>2026-07-24T11:01:57.742Z</time>
      </trkpt>
      <trkpt lat="48.062024" lon="9.604943">
        <ele>583.688940</ele>
        <time>2026-07-24T11:02:00.620Z</time>
      </trkpt>
      <trkpt lat="48.061945" lon="9.604896">
        <ele>583.736569</ele>
        <time>2026-07-24T11:02:01.678Z</time>
      </trkpt>
      <trkpt lat="48.061886" lon="9.604770">
        <ele>583.794174</ele>
        <time>2026-07-24T11:02:02.706Z</time>
      </trkpt>
      <trkpt lat="48.061820" lon="9.604580">
        <ele>583.874349</ele>
        <time>2026-07-24T11:02:04.117Z</time>
      </trkpt>
      <trkpt lat="48.061764" lon="9.604619">
        <ele>583.908955</ele>
        <time>2026-07-24T11:02:05.050Z</time>
      </trkpt>
      <trkpt lat="48.061776" lon="9.604698">
        <ele>583.939289</ele>
        <time>2026-07-24T11:02:05.895Z</time>
      </trkpt>
      <trkpt lat="48.061484" lon="9.604996">
        <ele>584.137308</ele>
        <time>2026-07-24T11:02:11.091Z</time>
      </trkpt>
      <trkpt lat="48.061466" lon="9.605202">
        <ele>584.150284</ele>
        <time>2026-07-24T11:02:12.500Z</time>
      </trkpt>
      <trkpt lat="48.061469" lon="9.605878">
        <ele>583.878695</ele>
        <time>2026-07-24T11:02:17.665Z</time>
      </trkpt>
      <trkpt lat="48.061526" lon="9.606457">
        <ele>583.643572</ele>
        <time>2026-07-24T11:02:21.556Z</time>
      </trkpt>
      <trkpt lat="48.061549" lon="9.606666">
        <ele>583.558476</ele>
        <time>2026-07-24T11:02:22.959Z</time>
      </trkpt>
      <trkpt lat="48.061623" lon="9.607336">
        <ele>583.285654</ele>
        <time>2026-07-24T11:02:27.456Z</time>
      </trkpt>
      <trkpt lat="48.061700" lon="9.607987">
        <ele>583.203187</ele>
        <time>2026-07-24T11:02:31.895Z</time>
      </trkpt>
      <trkpt lat="48.061854" lon="9.609221">
        <ele>583.817346</ele>
        <time>2026-07-24T11:02:43.313Z</time>
      </trkpt>
      <trkpt lat="48.061891" lon="9.609523">
        <ele>583.967559</ele>
        <time>2026-07-24T11:02:46.833Z</time>
      </trkpt>
      <trkpt lat="48.061935" lon="9.610139">
        <ele>584.270647</ele>
        <time>2026-07-24T11:02:52.561Z</time>
      </trkpt>
      <trkpt lat="48.061921" lon="9.610438">
        <ele>584.417289</ele>
        <time>2026-07-24T11:02:55.528Z</time>
      </trkpt>
      <trkpt lat="48.061802" lon="9.611271">
        <ele>585.255271</ele>
        <time>2026-07-24T11:03:07.260Z</time>
      </trkpt>
      <trkpt lat="48.061751" lon="9.611455">
        <ele>585.451710</ele>
        <time>2026-07-24T11:03:09.731Z</time>
      </trkpt>
      <trkpt lat="48.061634" lon="9.611750">
        <ele>585.789996</ele>
        <time>2026-07-24T11:03:13.854Z</time>
      </trkpt>
      <trkpt lat="48.061506" lon="9.611996">
        <ele>586.097446</ele>
        <time>2026-07-24T11:03:18.451Z</time>
      </trkpt>
      <trkpt lat="48.061086" lon="9.612646">
        <ele>586.989054</ele>
        <time>2026-07-24T11:03:26.017Z</time>
      </trkpt>
      <trkpt lat="48.061031" lon="9.612795">
        <ele>587.051192</ele>
        <time>2026-07-24T11:03:27.477Z</time>
      </trkpt>
      <trkpt lat="48.061038" lon="9.612979">
        <ele>587.003121</ele>
        <time>2026-07-24T11:03:29.183Z</time>
      </trkpt>
      <trkpt lat="48.061094" lon="9.613179">
        <ele>586.946561</ele>
        <time>2026-07-24T11:03:31.020Z</time>
      </trkpt>
      <trkpt lat="48.061317" lon="9.613733">
        <ele>586.777874</ele>
        <time>2026-07-24T11:03:36.877Z</time>
      </trkpt>
      <trkpt lat="48.060794" lon="9.614152">
        <ele>586.546345</ele>
        <time>2026-07-24T11:03:42.749Z</time>
      </trkpt>
      <trkpt lat="48.060540" lon="9.614359">
        <ele>586.433465</ele>
        <time>2026-07-24T11:03:45.507Z</time>
      </trkpt>
      <trkpt lat="48.060226" lon="9.614625">
        <ele>586.108774</ele>
        <time>2026-07-24T11:03:48.963Z</time>
      </trkpt>
      <trkpt lat="48.059325" lon="9.615368">
        <ele>584.769275</ele>
        <time>2026-07-24T11:03:59.069Z</time>
      </trkpt>
      <trkpt lat="48.058506" lon="9.616092">
        <ele>584.110101</ele>
        <time>2026-07-24T11:04:07.222Z</time>
      </trkpt>
      <trkpt lat="48.057771" lon="9.616736">
        <ele>584.289364</ele>
        <time>2026-07-24T11:04:21.392Z</time>
      </trkpt>
      <trkpt lat="48.057617" lon="9.616937">
        <ele>584.332374</ele>
        <time>2026-07-24T11:04:24.354Z</time>
      </trkpt>
      <trkpt lat="48.057021" lon="9.618225">
        <ele>584.022808</ele>
        <time>2026-07-24T11:04:37.869Z</time>
      </trkpt>
      <trkpt lat="48.056933" lon="9.618406">
        <ele>583.939000</ele>
        <time>2026-07-24T11:04:39.237Z</time>
      </trkpt>
      <trkpt lat="48.056913" lon="9.618447">
        <ele>583.919994</ele>
        <time>2026-07-24T11:04:39.530Z</time>
      </trkpt>
      <trkpt lat="48.056663" lon="9.619025">
        <ele>583.662203</ele>
        <time>2026-07-24T11:04:43.556Z</time>
      </trkpt>
      <trkpt lat="48.056343" lon="9.619619">
        <ele>583.354635</ele>
        <time>2026-07-24T11:04:49.165Z</time>
      </trkpt>
      <trkpt lat="48.056075" lon="9.619872">
        <ele>583.014220</ele>
        <time>2026-07-24T11:04:53.574Z</time>
      </trkpt>
      <trkpt lat="48.055311" lon="9.620379">
        <ele>582.116397</ele>
        <time>2026-07-24T11:05:00.944Z</time>
      </trkpt>
      <trkpt lat="48.055012" lon="9.620546">
        <ele>581.773550</ele>
        <time>2026-07-24T11:05:03.885Z</time>
      </trkpt>
      <trkpt lat="48.053957" lon="9.621089">
        <ele>581.114473</ele>
        <time>2026-07-24T11:05:16.277Z</time>
      </trkpt>
      <trkpt lat="48.053209" lon="9.621572">
        <ele>580.767838</ele>
        <time>2026-07-24T11:05:24.916Z</time>
      </trkpt>
      <trkpt lat="48.052888" lon="9.621789">
        <ele>580.788273</ele>
        <time>2026-07-24T11:05:28.533Z</time>
      </trkpt>
      <trkpt lat="48.052431" lon="9.622063">
        <ele>580.998483</ele>
        <time>2026-07-24T11:05:35.045Z</time>
      </trkpt>
      <trkpt lat="48.052007" lon="9.622237">
        <ele>581.186204</ele>
        <time>2026-07-24T11:05:40.117Z</time>
      </trkpt>
      <trkpt lat="48.051885" lon="9.622219">
        <ele>581.238546</ele>
        <time>2026-07-24T11:05:41.191Z</time>
      </trkpt>
      <trkpt lat="48.051793" lon="9.622168">
        <ele>581.280437</ele>
        <time>2026-07-24T11:05:42.288Z</time>
      </trkpt>
      <trkpt lat="48.051746" lon="9.622128">
        <ele>581.303525</ele>
        <time>2026-07-24T11:05:43.265Z</time>
      </trkpt>
      <trkpt lat="48.051646" lon="9.621984">
        <ele>581.362788</ele>
        <time>2026-07-24T11:05:46.721Z</time>
      </trkpt>
      <trkpt lat="48.051517" lon="9.621707">
        <ele>581.459140</ele>
        <time>2026-07-24T11:05:52.239Z</time>
      </trkpt>
      <trkpt lat="48.051477" lon="9.621772">
        <ele>581.483998</ele>
        <time>2026-07-24T11:05:53.028Z</time>
      </trkpt>
      <trkpt lat="48.051462" lon="9.621795">
        <ele>581.492924</ele>
        <time>2026-07-24T11:05:53.254Z</time>
      </trkpt>
      <trkpt lat="48.051181" lon="9.622195">
        <ele>581.654116</ele>
        <time>2026-07-24T11:05:57.476Z</time>
      </trkpt>
      <trkpt lat="48.050940" lon="9.622488">
        <ele>581.783171</ele>
        <time>2026-07-24T11:06:04.030Z</time>
      </trkpt>
      <trkpt lat="48.050450" lon="9.622921">
        <ele>582.019672</ele>
        <time>2026-07-24T11:06:09.870Z</time>
      </trkpt>
      <trkpt lat="48.049873" lon="9.623307">
        <ele>582.165958</ele>
        <time>2026-07-24T11:06:17.061Z</time>
      </trkpt>
      <trkpt lat="48.047836" lon="9.624375">
        <ele>581.583621</ele>
        <time>2026-07-24T11:06:40.657Z</time>
      </trkpt>
      <trkpt lat="48.046845" lon="9.624921">
        <ele>581.538201</ele>
        <time>2026-07-24T11:06:52.984Z</time>
      </trkpt>
      <trkpt lat="48.046297" lon="9.625354">
        <ele>581.878328</ele>
        <time>2026-07-24T11:07:00.713Z</time>
      </trkpt>
      <trkpt lat="48.045682" lon="9.626072">
        <ele>582.576692</ele>
        <time>2026-07-24T11:07:12.839Z</time>
      </trkpt>
      <trkpt lat="48.045401" lon="9.626500">
        <ele>582.935691</ele>
        <time>2026-07-24T11:07:20.267Z</time>
      </trkpt>
      <trkpt lat="48.045013" lon="9.627206">
        <ele>583.404736</ele>
        <time>2026-07-24T11:07:28.476Z</time>
      </trkpt>
      <trkpt lat="48.044538" lon="9.628229">
        <ele>583.981426</ele>
        <time>2026-07-24T11:07:39.673Z</time>
      </trkpt>
      <trkpt lat="48.044124" lon="9.628981">
        <ele>584.402143</ele>
        <time>2026-07-24T11:07:48.540Z</time>
      </trkpt>
      <trkpt lat="48.043663" lon="9.629601">
        <ele>584.562205</ele>
        <time>2026-07-24T11:07:58.472Z</time>
      </trkpt>
      <trkpt lat="48.043248" lon="9.630033">
        <ele>584.692746</ele>
        <time>2026-07-24T11:08:05.818Z</time>
      </trkpt>
      <trkpt lat="48.042623" lon="9.630534">
        <ele>584.678420</ele>
        <time>2026-07-24T11:08:14.329Z</time>
      </trkpt>
      <trkpt lat="48.042172" lon="9.630841">
        <ele>583.882155</ele>
        <time>2026-07-24T11:08:18.252Z</time>
      </trkpt>
      <trkpt lat="48.041653" lon="9.631206">
        <ele>582.960547</ele>
        <time>2026-07-24T11:08:22.831Z</time>
      </trkpt>
      <trkpt lat="48.039141" lon="9.633040">
        <ele>582.577374</ele>
        <time>2026-07-24T11:08:58.369Z</time>
      </trkpt>
      <trkpt lat="48.037409" lon="9.634346">
        <ele>583.103866</ele>
        <time>2026-07-24T11:09:24.818Z</time>
      </trkpt>
      <trkpt lat="48.037295" lon="9.634431">
        <ele>583.076630</ele>
        <time>2026-07-24T11:09:26.287Z</time>
      </trkpt>
      <trkpt lat="48.037325" lon="9.634634">
        <ele>583.046908</ele>
        <time>2026-07-24T11:09:27.882Z</time>
      </trkpt>
      <trkpt lat="48.037283" lon="9.634668">
        <ele>583.036696</ele>
        <time>2026-07-24T11:09:28.426Z</time>
      </trkpt>
      <trkpt lat="48.037211" lon="9.634730">
        <ele>583.018932</ele>
        <time>2026-07-24T11:09:29.374Z</time>
      </trkpt>
      <trkpt lat="48.037102" lon="9.634740">
        <ele>582.995583</ele>
        <time>2026-07-24T11:09:30.581Z</time>
      </trkpt>
      <trkpt lat="48.036977" lon="9.634797">
        <ele>582.967642</ele>
        <time>2026-07-24T11:09:31.953Z</time>
      </trkpt>
      <trkpt lat="48.035000" lon="9.636523">
        <ele>581.947340</ele>
        <time>2026-07-24T11:09:54.729Z</time>
      </trkpt>
      <trkpt lat="48.033795" lon="9.637628">
        <ele>582.792921</ele>
        <time>2026-07-24T11:10:16.349Z</time>
      </trkpt>
      <trkpt lat="48.033035" lon="9.638300">
        <ele>583.596945</ele>
        <time>2026-07-24T11:10:28.342Z</time>
      </trkpt>
      <trkpt lat="48.032878" lon="9.638535">
        <ele>583.859510</ele>
        <time>2026-07-24T11:10:31.351Z</time>
      </trkpt>
      <trkpt lat="48.032762" lon="9.638651">
        <ele>584.024455</ele>
        <time>2026-07-24T11:10:33.339Z</time>
      </trkpt>
      <trkpt lat="48.032554" lon="9.638794">
        <ele>584.295051</ele>
        <time>2026-07-24T11:10:37.203Z</time>
      </trkpt>
      <trkpt lat="48.032510" lon="9.638684">
        <ele>584.396365</ele>
        <time>2026-07-24T11:10:38.788Z</time>
      </trkpt>
      <trkpt lat="48.032230" lon="9.638939">
        <ele>584.783872</ele>
        <time>2026-07-24T11:10:43.143Z</time>
      </trkpt>
      <trkpt lat="48.031962" lon="9.639182">
        <ele>585.154333</ele>
        <time>2026-07-24T11:10:49.650Z</time>
      </trkpt>
      <trkpt lat="48.031925" lon="9.639214">
        <ele>585.204855</ele>
        <time>2026-07-24T11:10:50.471Z</time>
      </trkpt>
      <trkpt lat="48.031653" lon="9.639452">
        <ele>585.466600</ele>
        <time>2026-07-24T11:10:55.621Z</time>
      </trkpt>
      <trkpt lat="48.031360" lon="9.639708">
        <ele>585.694954</ele>
        <time>2026-07-24T11:11:01.920Z</time>
      </trkpt>
      <trkpt lat="48.030787" lon="9.640229">
        <ele>586.146222</ele>
        <time>2026-07-24T11:11:12.442Z</time>
      </trkpt>
      <trkpt lat="48.029409" lon="9.641481">
        <ele>585.895146</ele>
        <time>2026-07-24T11:11:28.178Z</time>
      </trkpt>
      <trkpt lat="48.029214" lon="9.641666">
        <ele>585.754227</ele>
        <time>2026-07-24T11:11:30.501Z</time>
      </trkpt>
      <trkpt lat="48.029129" lon="9.641742">
        <ele>585.693795</ele>
        <time>2026-07-24T11:11:31.673Z</time>
      </trkpt>
      <trkpt lat="48.028378" lon="9.642417">
        <ele>585.712306</ele>
        <time>2026-07-24T11:11:42.192Z</time>
      </trkpt>
      <trkpt lat="48.028135" lon="9.642637">
        <ele>585.889076</ele>
        <time>2026-07-24T11:11:46.163Z</time>
      </trkpt>
      <trkpt lat="48.027600" lon="9.643120">
        <ele>586.277967</ele>
        <time>2026-07-24T11:11:57.619Z</time>
      </trkpt>
      <trkpt lat="48.027488" lon="9.643223">
        <ele>586.359788</ele>
        <time>2026-07-24T11:11:59.591Z</time>
      </trkpt>
      <trkpt lat="48.026357" lon="9.644236">
        <ele>586.080439</ele>
        <time>2026-07-24T11:12:13.176Z</time>
      </trkpt>
      <trkpt lat="48.026167" lon="9.644395">
        <ele>585.978635</ele>
        <time>2026-07-24T11:12:14.918Z</time>
      </trkpt>
      <trkpt lat="48.024356" lon="9.646051">
        <ele>587.248193</ele>
        <time>2026-07-24T11:12:43.537Z</time>
      </trkpt>
      <trkpt lat="48.024117" lon="9.646272">
        <ele>587.583818</ele>
        <time>2026-07-24T11:12:49.652Z</time>
      </trkpt>
      <trkpt lat="48.024056" lon="9.646320">
        <ele>587.770206</ele>
        <time>2026-07-24T11:12:51.117Z</time>
      </trkpt>
      <trkpt lat="48.023340" lon="9.646923">
        <ele>589.992217</ele>
        <time>2026-07-24T11:13:09.311Z</time>
      </trkpt>
      <trkpt lat="48.023277" lon="9.646970">
        <ele>590.182593</ele>
        <time>2026-07-24T11:13:10.563Z</time>
      </trkpt>
      <trkpt lat="48.023035" lon="9.647145">
        <ele>590.909461</ele>
        <time>2026-07-24T11:13:15.257Z</time>
      </trkpt>
      <trkpt lat="48.020860" lon="9.648212">
        <ele>598.213742</ele>
        <time>2026-07-24T11:14:04.441Z</time>
      </trkpt>
      <trkpt lat="48.020372" lon="9.648494">
        <ele>600.577136</ele>
        <time>2026-07-24T11:14:19.931Z</time>
      </trkpt>
      <trkpt lat="48.019708" lon="9.648966">
        <ele>603.979709</ele>
        <time>2026-07-24T11:14:41.727Z</time>
      </trkpt>
      <trkpt lat="48.019391" lon="9.649228">
        <ele>605.656002</ele>
        <time>2026-07-24T11:14:50.515Z</time>
      </trkpt>
      <trkpt lat="48.018615" lon="9.649784">
        <ele>606.015746</ele>
        <time>2026-07-24T11:15:10.681Z</time>
      </trkpt>
      <trkpt lat="48.018423" lon="9.649893">
        <ele>605.799339</ele>
        <time>2026-07-24T11:15:14.596Z</time>
      </trkpt>
      <trkpt lat="48.018002" lon="9.650059">
        <ele>605.340558</ele>
        <time>2026-07-24T11:15:18.352Z</time>
      </trkpt>
      <trkpt lat="48.017658" lon="9.650144">
        <ele>604.973164</ele>
        <time>2026-07-24T11:15:20.805Z</time>
      </trkpt>
      <trkpt lat="48.017437" lon="9.650159">
        <ele>604.606643</ele>
        <time>2026-07-24T11:15:22.428Z</time>
      </trkpt>
      <trkpt lat="48.017210" lon="9.650158">
        <ele>603.757251</ele>
        <time>2026-07-24T11:15:24.088Z</time>
      </trkpt>
      <trkpt lat="48.016728" lon="9.650062">
        <ele>601.937769</ele>
        <time>2026-07-24T11:15:27.713Z</time>
      </trkpt>
      <trkpt lat="48.016379" lon="9.649934">
        <ele>600.593157</ele>
        <time>2026-07-24T11:15:30.316Z</time>
      </trkpt>
      <trkpt lat="48.015800" lon="9.649703">
        <ele>598.350831</ele>
        <time>2026-07-24T11:15:42.742Z</time>
      </trkpt>
      <trkpt lat="48.015375" lon="9.649560">
        <ele>596.867865</ele>
        <time>2026-07-24T11:15:46.183Z</time>
      </trkpt>
      <trkpt lat="48.015065" lon="9.649502">
        <ele>595.827036</ele>
        <time>2026-07-24T11:15:48.543Z</time>
      </trkpt>
      <trkpt lat="48.014829" lon="9.649486">
        <ele>595.039989</ele>
        <time>2026-07-24T11:15:50.147Z</time>
      </trkpt>
      <trkpt lat="48.014253" lon="9.649509">
        <ele>593.120347</ele>
        <time>2026-07-24T11:15:55.058Z</time>
      </trkpt>
      <trkpt lat="48.013836" lon="9.649612">
        <ele>591.748645</ele>
        <time>2026-07-24T11:15:59.290Z</time>
      </trkpt>
      <trkpt lat="48.013430" lon="9.649779">
        <ele>590.488450</ele>
        <time>2026-07-24T11:16:03.173Z</time>
      </trkpt>
      <trkpt lat="48.012913" lon="9.650058">
        <ele>588.843488</ele>
        <time>2026-07-24T11:16:07.410Z</time>
      </trkpt>
      <trkpt lat="48.012763" lon="9.650147">
        <ele>588.360514</ele>
        <time>2026-07-24T11:16:08.699Z</time>
      </trkpt>
      <trkpt lat="48.012470" lon="9.650321">
        <ele>587.416991</ele>
        <time>2026-07-24T11:16:11.173Z</time>
      </trkpt>
      <trkpt lat="48.012287" lon="9.650394">
        <ele>586.850161</ele>
        <time>2026-07-24T11:16:12.666Z</time>
      </trkpt>
      <trkpt lat="48.011891" lon="9.650477">
        <ele>585.999814</ele>
        <time>2026-07-24T11:16:15.997Z</time>
      </trkpt>
      <trkpt lat="48.011452" lon="9.650450">
        <ele>585.125479</ele>
        <time>2026-07-24T11:16:19.862Z</time>
      </trkpt>
      <trkpt lat="48.011108" lon="9.650436">
        <ele>584.440677</ele>
        <time>2026-07-24T11:16:23.278Z</time>
      </trkpt>
      <trkpt lat="48.011055" lon="9.650442">
        <ele>584.334907</ele>
        <time>2026-07-24T11:16:23.806Z</time>
      </trkpt>
      <trkpt lat="48.010928" lon="9.650461">
        <ele>584.080918</ele>
        <time>2026-07-24T11:16:25.092Z</time>
      </trkpt>
      <trkpt lat="48.010818" lon="9.650482">
        <ele>583.860244</ele>
        <time>2026-07-24T11:16:26.206Z</time>
      </trkpt>
      <trkpt lat="48.010383" lon="9.650668">
        <ele>582.858013</ele>
        <time>2026-07-24T11:16:30.323Z</time>
      </trkpt>
      <trkpt lat="48.009960" lon="9.651009">
        <ele>581.243500</ele>
        <time>2026-07-24T11:16:34.326Z</time>
      </trkpt>
      <trkpt lat="48.009518" lon="9.651551">
        <ele>579.322924</ele>
        <time>2026-07-24T11:16:38.806Z</time>
      </trkpt>
      <trkpt lat="48.009165" lon="9.652130">
        <ele>577.562347</ele>
        <time>2026-07-24T11:16:42.681Z</time>
      </trkpt>
      <trkpt lat="48.009057" lon="9.652352">
        <ele>577.002485</ele>
        <time>2026-07-24T11:16:44.219Z</time>
      </trkpt>
      <trkpt lat="48.009038" lon="9.652391">
        <ele>576.945549</ele>
        <time>2026-07-24T11:16:44.515Z</time>
      </trkpt>
      <trkpt lat="48.009010" lon="9.652370">
        <ele>576.890287</ele>
        <time>2026-07-24T11:16:44.816Z</time>
      </trkpt>
      <trkpt lat="48.008946" lon="9.652368">
        <ele>576.777365</ele>
        <time>2026-07-24T11:16:45.428Z</time>
      </trkpt>
      <trkpt lat="48.008893" lon="9.652419">
        <ele>576.666173</ele>
        <time>2026-07-24T11:16:46.038Z</time>
      </trkpt>
      <trkpt lat="48.008869" lon="9.652558">
        <ele>576.496756</ele>
        <time>2026-07-24T11:16:46.984Z</time>
      </trkpt>
      <trkpt lat="48.008927" lon="9.652671">
        <ele>576.328671</ele>
        <time>2026-07-24T11:16:47.961Z</time>
      </trkpt>
      <trkpt lat="48.008914" lon="9.652718">
        <ele>576.268650</ele>
        <time>2026-07-24T11:16:48.306Z</time>
      </trkpt>
      <trkpt lat="48.008865" lon="9.652841">
        <ele>576.099704</ele>
        <time>2026-07-24T11:16:49.188Z</time>
      </trkpt>
      <trkpt lat="48.008826" lon="9.652953">
        <ele>575.950694</ele>
        <time>2026-07-24T11:16:49.918Z</time>
      </trkpt>
      <trkpt lat="48.008665" lon="9.653364">
        <ele>575.388616</ele>
        <time>2026-07-24T11:16:52.604Z</time>
      </trkpt>
      <trkpt lat="48.008648" lon="9.653408">
        <ele>575.328651</ele>
        <time>2026-07-24T11:16:52.902Z</time>
      </trkpt>
      <trkpt lat="48.008574" lon="9.653598">
        <ele>575.069190</ele>
        <time>2026-07-24T11:16:54.265Z</time>
      </trkpt>
      <trkpt lat="48.008571" lon="9.653606">
        <ele>575.058367</ele>
        <time>2026-07-24T11:16:54.323Z</time>
      </trkpt>
      <trkpt lat="48.008448" lon="9.653926">
        <ele>574.622820</ele>
        <time>2026-07-24T11:16:56.703Z</time>
      </trkpt>
      <trkpt lat="48.008339" lon="9.654194">
        <ele>574.252674</ele>
        <time>2026-07-24T11:17:00.147Z</time>
      </trkpt>
      <trkpt lat="48.008135" lon="9.654621">
        <ele>573.785244</ele>
        <time>2026-07-24T11:17:03.316Z</time>
      </trkpt>
      <trkpt lat="48.007905" lon="9.654877">
        <ele>573.575567</ele>
        <time>2026-07-24T11:17:05.905Z</time>
      </trkpt>
      <trkpt lat="48.007693" lon="9.655006">
        <ele>573.408204</ele>
        <time>2026-07-24T11:17:08.282Z</time>
      </trkpt>
      <trkpt lat="48.007236" lon="9.655200">
        <ele>573.060838</ele>
        <time>2026-07-24T11:17:12.548Z</time>
      </trkpt>
      <trkpt lat="48.007191" lon="9.655219">
        <ele>573.026648</ele>
        <time>2026-07-24T11:17:12.997Z</time>
      </trkpt>
      <trkpt lat="48.007031" lon="9.655289">
        <ele>572.904750</ele>
        <time>2026-07-24T11:17:14.662Z</time>
      </trkpt>
      <trkpt lat="48.007013" lon="9.655298">
        <ele>572.890872</ele>
        <time>2026-07-24T11:17:14.864Z</time>
      </trkpt>
      <trkpt lat="48.006674" lon="9.655484">
        <ele>572.626828</ele>
        <time>2026-07-24T11:17:19.227Z</time>
      </trkpt>
      <trkpt lat="48.006300" lon="9.655696">
        <ele>572.117287</ele>
        <time>2026-07-24T11:17:33.282Z</time>
      </trkpt>
      <trkpt lat="48.006193" lon="9.655754">
        <ele>571.959786</ele>
        <time>2026-07-24T11:17:37.056Z</time>
      </trkpt>
      <trkpt lat="48.006020" lon="9.655863">
        <ele>571.699991</ele>
        <time>2026-07-24T11:17:39.895Z</time>
      </trkpt>
      <trkpt lat="48.005934" lon="9.655958">
        <ele>571.552012</ele>
        <time>2026-07-24T11:17:40.880Z</time>
      </trkpt>
      <trkpt lat="48.005872" lon="9.656046">
        <ele>571.433697</ele>
        <time>2026-07-24T11:17:41.541Z</time>
      </trkpt>
      <trkpt lat="48.005832" lon="9.656104">
        <ele>571.356578</ele>
        <time>2026-07-24T11:17:42.768Z</time>
      </trkpt>
      <trkpt lat="48.005707" lon="9.656307">
        <ele>571.101153</ele>
        <time>2026-07-24T11:17:46.762Z</time>
      </trkpt>
      <trkpt lat="48.005609" lon="9.656438">
        <ele>570.919220</ele>
        <time>2026-07-24T11:17:49.747Z</time>
      </trkpt>
      <trkpt lat="48.005531" lon="9.656571">
        <ele>570.755475</ele>
        <time>2026-07-24T11:17:52.637Z</time>
      </trkpt>
      <trkpt lat="48.005472" lon="9.656711">
        <ele>570.602289</ele>
        <time>2026-07-24T11:17:55.525Z</time>
      </trkpt>
      <trkpt lat="48.005411" lon="9.656835">
        <ele>570.459794</ele>
        <time>2026-07-24T11:17:58.142Z</time>
      </trkpt>
      <trkpt lat="48.005306" lon="9.656990">
        <ele>570.255576</ele>
        <time>2026-07-24T11:18:01.795Z</time>
      </trkpt>
      <trkpt lat="48.005159" lon="9.657194">
        <ele>569.894412</ele>
        <time>2026-07-24T11:18:03.719Z</time>
      </trkpt>
      <trkpt lat="48.005081" lon="9.657310">
        <ele>569.627128</ele>
        <time>2026-07-24T11:18:07.135Z</time>
      </trkpt>
      <trkpt lat="48.004859" lon="9.657642">
        <ele>568.864277</ele>
        <time>2026-07-24T11:18:16.726Z</time>
      </trkpt>
      <trkpt lat="48.004589" lon="9.657809">
        <ele>568.154480</ele>
        <time>2026-07-24T11:18:23.673Z</time>
      </trkpt>
      <trkpt lat="48.004163" lon="9.657988">
        <ele>567.079568</ele>
        <time>2026-07-24T11:18:34.333Z</time>
      </trkpt>
      <trkpt lat="48.004098" lon="9.658030">
        <ele>566.907553</ele>
        <time>2026-07-24T11:18:36.188Z</time>
      </trkpt>
      <trkpt lat="48.003947" lon="9.658128">
        <ele>566.507671</ele>
        <time>2026-07-24T11:18:40.260Z</time>
      </trkpt>
      <trkpt lat="48.003905" lon="9.658157">
        <ele>566.395287</ele>
        <time>2026-07-24T11:18:41.301Z</time>
      </trkpt>
      <trkpt lat="48.003883" lon="9.658172">
        <ele>566.336549</ele>
        <time>2026-07-24T11:18:41.856Z</time>
      </trkpt>
      <trkpt lat="48.003611" lon="9.658355">
        <ele>565.616785</ele>
        <time>2026-07-24T11:18:44.124Z</time>
      </trkpt>
      <trkpt lat="48.003460" lon="9.658452">
        <ele>565.235387</ele>
        <time>2026-07-24T11:18:45.344Z</time>
      </trkpt>
      <trkpt lat="48.003423" lon="9.658475">
        <ele>565.142396</ele>
        <time>2026-07-24T11:18:45.647Z</time>
      </trkpt>
      <trkpt lat="48.003337" lon="9.658503">
        <ele>564.938148</ele>
        <time>2026-07-24T11:18:47.629Z</time>
      </trkpt>
      <trkpt lat="48.003235" lon="9.658526">
        <ele>564.698774</ele>
        <time>2026-07-24T11:18:50.058Z</time>
      </trkpt>
      <trkpt lat="48.003223" lon="9.658532">
        <ele>564.669410</ele>
        <time>2026-07-24T11:18:50.364Z</time>
      </trkpt>
      <trkpt lat="48.003192" lon="9.658564">
        <ele>564.581983</ele>
        <time>2026-07-24T11:18:50.685Z</time>
      </trkpt>
      <trkpt lat="48.003128" lon="9.658631">
        <ele>564.400658</ele>
        <time>2026-07-24T11:18:51.433Z</time>
      </trkpt>
      <trkpt lat="48.002628" lon="9.658906">
        <ele>563.164311</ele>
        <time>2026-07-24T11:19:00.055Z</time>
      </trkpt>
      <trkpt lat="48.002098" lon="9.659202">
        <ele>561.851352</ele>
        <time>2026-07-24T11:19:04.451Z</time>
      </trkpt>
      <trkpt lat="48.001993" lon="9.659257">
        <ele>561.593162</ele>
        <time>2026-07-24T11:19:05.436Z</time>
      </trkpt>
      <trkpt lat="48.001902" lon="9.659308">
        <ele>561.352966</ele>
        <time>2026-07-24T11:19:06.311Z</time>
      </trkpt>
      <trkpt lat="48.001600" lon="9.659467">
        <ele>560.548753</ele>
        <time>2026-07-24T11:19:08.895Z</time>
      </trkpt>
      <trkpt lat="48.001396" lon="9.659578">
        <ele>560.003472</ele>
        <time>2026-07-24T11:19:10.561Z</time>
      </trkpt>
      <trkpt lat="48.001115" lon="9.659758">
        <ele>559.235597</ele>
        <time>2026-07-24T11:19:13.061Z</time>
      </trkpt>
      <trkpt lat="48.000972" lon="9.659859">
        <ele>558.838340</ele>
        <time>2026-07-24T11:19:14.489Z</time>
      </trkpt>
      <trkpt lat="48.000862" lon="9.659952">
        <ele>558.520912</ele>
        <time>2026-07-24T11:19:15.831Z</time>
      </trkpt>
      <trkpt lat="48.000597" lon="9.660212">
        <ele>557.724706</ele>
        <time>2026-07-24T11:19:19.148Z</time>
      </trkpt>
      <trkpt lat="48.000427" lon="9.660387">
        <ele>557.206234</ele>
        <time>2026-07-24T11:19:20.959Z</time>
      </trkpt>
      <trkpt lat="48.000298" lon="9.660541">
        <ele>556.921859</ele>
        <time>2026-07-24T11:19:22.252Z</time>
      </trkpt>
      <trkpt lat="48.000278" lon="9.660564">
        <ele>556.893386</ele>
        <time>2026-07-24T11:19:22.444Z</time>
      </trkpt>
      <trkpt lat="48.000252" lon="9.660596">
        <ele>556.855384</ele>
        <time>2026-07-24T11:19:22.716Z</time>
      </trkpt>
      <trkpt lat="47.999770" lon="9.661146">
        <ele>556.171159</ele>
        <time>2026-07-24T11:19:27.964Z</time>
      </trkpt>
      <trkpt lat="47.998976" lon="9.662033">
        <ele>555.052683</ele>
        <time>2026-07-24T11:19:38.645Z</time>
      </trkpt>
      <trkpt lat="47.998814" lon="9.662214">
        <ele>554.984149</ele>
        <time>2026-07-24T11:19:41.032Z</time>
      </trkpt>
      <trkpt lat="47.998740" lon="9.662297">
        <ele>554.975388</ele>
        <time>2026-07-24T11:19:42.102Z</time>
      </trkpt>
      <trkpt lat="47.998199" lon="9.662907">
        <ele>554.911215</ele>
        <time>2026-07-24T11:19:50.523Z</time>
      </trkpt>
      <trkpt lat="47.998123" lon="9.663005">
        <ele>554.901710</ele>
        <time>2026-07-24T11:19:51.708Z</time>
      </trkpt>
      <trkpt lat="47.998020" lon="9.662912">
        <ele>554.890315</ele>
        <time>2026-07-24T11:19:53.152Z</time>
      </trkpt>
      <trkpt lat="47.997940" lon="9.662942">
        <ele>554.882505</ele>
        <time>2026-07-24T11:19:54.114Z</time>
      </trkpt>
      <trkpt lat="47.997877" lon="9.663084">
        <ele>554.871709</ele>
        <time>2026-07-24T11:19:55.405Z</time>
      </trkpt>
      <trkpt lat="47.997910" lon="9.663247">
        <ele>554.860918</ele>
        <time>2026-07-24T11:19:56.717Z</time>
      </trkpt>
      <trkpt lat="47.997839" lon="9.663314">
        <ele>554.852967</ele>
        <time>2026-07-24T11:19:57.750Z</time>
      </trkpt>
      <trkpt lat="47.997667" lon="9.663507">
        <ele>554.832600</ele>
        <time>2026-07-24T11:20:00.385Z</time>
      </trkpt>
      <trkpt lat="47.997033" lon="9.664219">
        <ele>555.421008</ele>
        <time>2026-07-24T11:20:08.357Z</time>
      </trkpt>
      <trkpt lat="47.996108" lon="9.665259">
        <ele>556.374233</ele>
        <time>2026-07-24T11:20:28.558Z</time>
      </trkpt>
      <trkpt lat="47.995288" lon="9.666186">
        <ele>557.547265</ele>
        <time>2026-07-24T11:20:47.117Z</time>
      </trkpt>
      <trkpt lat="47.995004" lon="9.666511">
        <ele>557.955358</ele>
        <time>2026-07-24T11:20:51.990Z</time>
      </trkpt>
      <trkpt lat="47.994728" lon="9.666774">
        <ele>558.301730</ele>
        <time>2026-07-24T11:20:55.811Z</time>
      </trkpt>
      <trkpt lat="47.994605" lon="9.666857">
        <ele>558.296272</ele>
        <time>2026-07-24T11:20:57.397Z</time>
      </trkpt>
      <trkpt lat="47.994412" lon="9.666873">
        <ele>558.288454</ele>
        <time>2026-07-24T11:20:58.971Z</time>
      </trkpt>
      <trkpt lat="47.994291" lon="9.666813">
        <ele>558.283298</ele>
        <time>2026-07-24T11:21:00.091Z</time>
      </trkpt>
      <trkpt lat="47.994176" lon="9.666701">
        <ele>558.277747</ele>
        <time>2026-07-24T11:21:02.088Z</time>
      </trkpt>
      <trkpt lat="47.994115" lon="9.666610">
        <ele>558.274261</ele>
        <time>2026-07-24T11:21:03.706Z</time>
      </trkpt>
      <trkpt lat="47.993995" lon="9.666263">
        <ele>558.263690</ele>
        <time>2026-07-24T11:21:08.961Z</time>
      </trkpt>
      <trkpt lat="47.993956" lon="9.666289">
        <ele>558.261962</ele>
        <time>2026-07-24T11:21:09.865Z</time>
      </trkpt>
      <trkpt lat="47.993802" lon="9.665798">
        <ele>558.247287</ele>
        <time>2026-07-24T11:21:14.382Z</time>
      </trkpt>
      <trkpt lat="47.993733" lon="9.665646">
        <ele>558.242316</ele>
        <time>2026-07-24T11:21:15.583Z</time>
      </trkpt>
      <trkpt lat="47.993602" lon="9.665466">
        <ele>558.235118</ele>
        <time>2026-07-24T11:21:17.242Z</time>
      </trkpt>
      <trkpt lat="47.993473" lon="9.665365">
        <ele>558.229299</ele>
        <time>2026-07-24T11:21:18.609Z</time>
      </trkpt>
      <trkpt lat="47.993340" lon="9.665313">
        <ele>558.224308</ele>
        <time>2026-07-24T11:21:19.847Z</time>
      </trkpt>
      <trkpt lat="47.993197" lon="9.665302">
        <ele>558.219109</ele>
        <time>2026-07-24T11:21:21.147Z</time>
      </trkpt>
      <trkpt lat="47.993034" lon="9.665346">
        <ele>558.213096</ele>
        <time>2026-07-24T11:21:22.892Z</time>
      </trkpt>
      <trkpt lat="47.992880" lon="9.665491">
        <ele>558.206487</ele>
        <time>2026-07-24T11:21:25.038Z</time>
      </trkpt>
      <trkpt lat="47.992670" lon="9.665790">
        <ele>558.195957</ele>
        <time>2026-07-24T11:21:28.763Z</time>
      </trkpt>
      <trkpt lat="47.992550" lon="9.666018">
        <ele>558.188909</ele>
        <time>2026-07-24T11:21:32.229Z</time>
      </trkpt>
      <trkpt lat="47.991081" lon="9.668777">
        <ele>557.303001</ele>
        <time>2026-07-24T11:22:01.170Z</time>
      </trkpt>
      <trkpt lat="47.991036" lon="9.668894">
        <ele>557.256967</ele>
        <time>2026-07-24T11:22:01.905Z</time>
      </trkpt>
      <trkpt lat="47.991020" lon="9.669032">
        <ele>557.053699</ele>
        <time>2026-07-24T11:22:02.612Z</time>
      </trkpt>
      <trkpt lat="47.990971" lon="9.669115">
        <ele>556.863881</ele>
        <time>2026-07-24T11:22:03.157Z</time>
      </trkpt>
      <trkpt lat="47.990855" lon="9.669273">
        <ele>556.461644</ele>
        <time>2026-07-24T11:22:04.331Z</time>
      </trkpt>
      <trkpt lat="47.990811" lon="9.669278">
        <ele>556.348562</ele>
        <time>2026-07-24T11:22:04.681Z</time>
      </trkpt>
      <trkpt lat="47.990750" lon="9.669213">
        <ele>556.156563</ele>
        <time>2026-07-24T11:22:05.323Z</time>
      </trkpt>
      <trkpt lat="47.990664" lon="9.669111">
        <ele>555.875187</ele>
        <time>2026-07-24T11:22:06.313Z</time>
      </trkpt>
      <trkpt lat="47.990369" lon="9.669677">
        <ele>554.644822</ele>
        <time>2026-07-24T11:22:10.138Z</time>
      </trkpt>
      <trkpt lat="47.990025" lon="9.670265">
        <ele>553.305377</ele>
        <time>2026-07-24T11:22:14.357Z</time>
      </trkpt>
      <trkpt lat="47.989983" lon="9.670383">
        <ele>553.076158</ele>
        <time>2026-07-24T11:22:15.137Z</time>
      </trkpt>
      <trkpt lat="47.989438" lon="9.671351">
        <ele>552.764183</ele>
        <time>2026-07-24T11:22:24.321Z</time>
      </trkpt>
      <trkpt lat="47.989318" lon="9.671641">
        <ele>552.806610</ele>
        <time>2026-07-24T11:22:27.291Z</time>
      </trkpt>
      <trkpt lat="47.988944" lon="9.672303">
        <ele>552.914411</ele>
        <time>2026-07-24T11:22:36.408Z</time>
      </trkpt>
      <trkpt lat="47.988623" lon="9.672844">
        <ele>553.095345</ele>
        <time>2026-07-24T11:22:42.977Z</time>
      </trkpt>
      <trkpt lat="47.988264" lon="9.673270">
        <ele>553.427259</ele>
        <time>2026-07-24T11:22:50.678Z</time>
      </trkpt>
      <trkpt lat="47.987841" lon="9.673583">
        <ele>553.769010</ele>
        <time>2026-07-24T11:22:58.533Z</time>
      </trkpt>
      <trkpt lat="47.987671" lon="9.673653">
        <ele>553.896679</ele>
        <time>2026-07-24T11:23:00.888Z</time>
      </trkpt>
      <trkpt lat="47.987040" lon="9.673809">
        <ele>554.224148</ele>
        <time>2026-07-24T11:23:08.285Z</time>
      </trkpt>
      <trkpt lat="47.986763" lon="9.673836">
        <ele>554.102912</ele>
        <time>2026-07-24T11:23:11.142Z</time>
      </trkpt>
      <trkpt lat="47.985696" lon="9.673656">
        <ele>553.633943</ele>
        <time>2026-07-24T11:23:21.800Z</time>
      </trkpt>
      <trkpt lat="47.985406" lon="9.673682">
        <ele>553.507058</ele>
        <time>2026-07-24T11:23:24.841Z</time>
      </trkpt>
      <trkpt lat="47.984747" lon="9.673724">
        <ele>553.560299</ele>
        <time>2026-07-24T11:23:34.704Z</time>
      </trkpt>
      <trkpt lat="47.984590" lon="9.673732">
        <ele>553.578219</ele>
        <time>2026-07-24T11:23:36.685Z</time>
      </trkpt>
      <trkpt lat="47.984071" lon="9.673881">
        <ele>553.638506</ele>
        <time>2026-07-24T11:23:42.267Z</time>
      </trkpt>
      <trkpt lat="47.983163" lon="9.674217">
        <ele>554.226119</ele>
        <time>2026-07-24T11:23:54.089Z</time>
      </trkpt>
      <trkpt lat="47.982886" lon="9.674301">
        <ele>554.565863</ele>
        <time>2026-07-24T11:23:58.211Z</time>
      </trkpt>
      <trkpt lat="47.982332" lon="9.674537">
        <ele>555.258313</ele>
        <time>2026-07-24T11:24:07.977Z</time>
      </trkpt>
      <trkpt lat="47.981900" lon="9.674773">
        <ele>555.811205</ele>
        <time>2026-07-24T11:24:15.844Z</time>
      </trkpt>
      <trkpt lat="47.981394" lon="9.675112">
        <ele>557.267575</ele>
        <time>2026-07-24T11:24:26.007Z</time>
      </trkpt>
      <trkpt lat="47.980765" lon="9.675586">
        <ele>559.191324</ele>
        <time>2026-07-24T11:24:40.066Z</time>
      </trkpt>
      <trkpt lat="47.979941" lon="9.676300">
        <ele>561.414118</ele>
        <time>2026-07-24T11:25:03.370Z</time>
      </trkpt>
      <trkpt lat="47.979643" lon="9.676523">
        <ele>561.988005</ele>
        <time>2026-07-24T11:25:10.306Z</time>
      </trkpt>
      <trkpt lat="47.979096" lon="9.677026">
        <ele>563.093991</ele>
        <time>2026-07-24T11:25:18.831Z</time>
      </trkpt>
      <trkpt lat="47.978822" lon="9.677314">
        <ele>563.670857</ele>
        <time>2026-07-24T11:25:24.454Z</time>
      </trkpt>
      <trkpt lat="47.978845" lon="9.677365">
        <ele>563.741736</ele>
        <time>2026-07-24T11:25:25.091Z</time>
      </trkpt>
      <trkpt lat="47.978615" lon="9.677595">
        <ele>563.747952</ele>
        <time>2026-07-24T11:25:28.352Z</time>
      </trkpt>
      <trkpt lat="47.978396" lon="9.677767">
        <ele>563.606364</ele>
        <time>2026-07-24T11:25:31.438Z</time>
      </trkpt>
      <trkpt lat="47.978244" lon="9.677843">
        <ele>563.514639</ele>
        <time>2026-07-24T11:25:33.410Z</time>
      </trkpt>
      <trkpt lat="47.977988" lon="9.677910">
        <ele>563.365912</ele>
        <time>2026-07-24T11:25:36.640Z</time>
      </trkpt>
      <trkpt lat="47.977621" lon="9.677881">
        <ele>563.155602</ele>
        <time>2026-07-24T11:25:40.757Z</time>
      </trkpt>
      <trkpt lat="47.977319" lon="9.677711">
        <ele>562.970920</ele>
        <time>2026-07-24T11:25:43.920Z</time>
      </trkpt>
      <trkpt lat="47.976948" lon="9.677383">
        <ele>562.594451</ele>
        <time>2026-07-24T11:25:47.458Z</time>
      </trkpt>
      <trkpt lat="47.976414" lon="9.676787">
        <ele>561.770170</ele>
        <time>2026-07-24T11:25:52.987Z</time>
      </trkpt>
      <trkpt lat="47.976227" lon="9.676612">
        <ele>561.497303</ele>
        <time>2026-07-24T11:25:55.129Z</time>
      </trkpt>
      <trkpt lat="47.976203" lon="9.676700">
        <ele>561.418643</ele>
        <time>2026-07-24T11:25:55.846Z</time>
      </trkpt>
      <trkpt lat="47.975937" lon="9.676978">
        <ele>561.017206</ele>
        <time>2026-07-24T11:25:59.494Z</time>
      </trkpt>
      <trkpt lat="47.975725" lon="9.677279">
        <ele>560.655531</ele>
        <time>2026-07-24T11:26:03.495Z</time>
      </trkpt>
      <trkpt lat="47.975393" lon="9.677919">
        <ele>561.578517</ele>
        <time>2026-07-24T11:26:10.739Z</time>
      </trkpt>
      <trkpt lat="47.975270" lon="9.678239">
        <ele>562.049758</ele>
        <time>2026-07-24T11:26:15.102Z</time>
      </trkpt>
      <trkpt lat="47.975187" lon="9.678508">
        <ele>562.428029</ele>
        <time>2026-07-24T11:26:18.895Z</time>
      </trkpt>
      <trkpt lat="47.975089" lon="9.679189">
        <ele>563.317598</ele>
        <time>2026-07-24T11:26:28.808Z</time>
      </trkpt>
      <trkpt lat="47.974832" lon="9.680015">
        <ele>564.366745</ele>
        <time>2026-07-24T11:26:42.175Z</time>
      </trkpt>
      <trkpt lat="47.974803" lon="9.680256">
        <ele>564.597951</ele>
        <time>2026-07-24T11:26:45.416Z</time>
      </trkpt>
      <trkpt lat="47.974854" lon="9.680671">
        <ele>564.996353</ele>
        <time>2026-07-24T11:26:50.112Z</time>
      </trkpt>
      <trkpt lat="47.975309" lon="9.681606">
        <ele>566.087804</ele>
        <time>2026-07-24T11:27:00.354Z</time>
      </trkpt>
      <trkpt lat="47.975400" lon="9.681835">
        <ele>566.339254</ele>
        <time>2026-07-24T11:27:02.801Z</time>
      </trkpt>
      <trkpt lat="47.975470" lon="9.682169">
        <ele>566.705121</ele>
        <time>2026-07-24T11:27:06.163Z</time>
      </trkpt>
      <trkpt lat="47.975490" lon="9.682415">
        <ele>567.031407</ele>
        <time>2026-07-24T11:27:08.754Z</time>
      </trkpt>
      <trkpt lat="47.975482" lon="9.683712">
        <ele>568.739226</ele>
        <time>2026-07-24T11:27:24.831Z</time>
      </trkpt>
      <trkpt lat="47.975553" lon="9.684724">
        <ele>570.079012</ele>
        <time>2026-07-24T11:27:39.736Z</time>
      </trkpt>
      <trkpt lat="47.975521" lon="9.685213">
        <ele>570.134665</ele>
        <time>2026-07-24T11:27:45.772Z</time>
      </trkpt>
      <trkpt lat="47.975522" lon="9.685249">
        <ele>570.135997</ele>
        <time>2026-07-24T11:27:46.134Z</time>
      </trkpt>
      <trkpt lat="47.975347" lon="9.686899">
        <ele>570.197759</ele>
        <time>2026-07-24T11:27:58.494Z</time>
      </trkpt>
      <trkpt lat="47.975316" lon="9.688817">
        <ele>569.155627</ele>
        <time>2026-07-24T11:28:10.214Z</time>
      </trkpt>
      <trkpt lat="47.975263" lon="9.689513">
        <ele>568.624786</ele>
        <time>2026-07-24T11:28:14.150Z</time>
      </trkpt>
      <trkpt lat="47.975193" lon="9.689920">
        <ele>568.306338</ele>
        <time>2026-07-24T11:28:17.040Z</time>
      </trkpt>
      <trkpt lat="47.975106" lon="9.690199">
        <ele>568.415436</ele>
        <time>2026-07-24T11:28:20.755Z</time>
      </trkpt>
      <trkpt lat="47.975042" lon="9.690316">
        <ele>568.664687</ele>
        <time>2026-07-24T11:28:22.693Z</time>
      </trkpt>
      <trkpt lat="47.974446" lon="9.690976">
        <ele>570.492926</ele>
        <time>2026-07-24T11:28:35.541Z</time>
      </trkpt>
      <trkpt lat="47.974339" lon="9.691112">
        <ele>570.839133</ele>
        <time>2026-07-24T11:28:38.079Z</time>
      </trkpt>
      <trkpt lat="47.974182" lon="9.691394">
        <ele>571.444197</ele>
        <time>2026-07-24T11:28:43.010Z</time>
      </trkpt>
      <trkpt lat="47.974030" lon="9.691790">
        <ele>572.197241</ele>
        <time>2026-07-24T11:28:50.653Z</time>
      </trkpt>
      <trkpt lat="47.973955" lon="9.692058">
        <ele>572.679358</ele>
        <time>2026-07-24T11:28:56.232Z</time>
      </trkpt>
      <trkpt lat="47.973816" lon="9.692927">
        <ele>574.221276</ele>
        <time>2026-07-24T11:29:13.698Z</time>
      </trkpt>
      <trkpt lat="47.973701" lon="9.693234">
        <ele>574.828391</ele>
        <time>2026-07-24T11:29:19.640Z</time>
      </trkpt>
      <trkpt lat="47.973407" lon="9.693810">
        <ele>576.078407</ele>
        <time>2026-07-24T11:29:28.338Z</time>
      </trkpt>
      <trkpt lat="47.973276" lon="9.694033">
        <ele>576.590414</ele>
        <time>2026-07-24T11:29:30.966Z</time>
      </trkpt>
      <trkpt lat="47.972819" lon="9.694658">
        <ele>576.759638</ele>
        <time>2026-07-24T11:29:37.206Z</time>
      </trkpt>
      <trkpt lat="47.971843" lon="9.695824">
        <ele>575.076405</ele>
        <time>2026-07-24T11:29:49.295Z</time>
      </trkpt>
      <trkpt lat="47.971658" lon="9.696044">
        <ele>574.648058</ele>
        <time>2026-07-24T11:29:51.413Z</time>
      </trkpt>
      <trkpt lat="47.971465" lon="9.696273">
        <ele>573.790044</ele>
        <time>2026-07-24T11:29:53.400Z</time>
      </trkpt>
      <trkpt lat="47.971412" lon="9.696400">
        <ele>573.441274</ele>
        <time>2026-07-24T11:29:54.157Z</time>
      </trkpt>
      <trkpt lat="47.971401" lon="9.696488">
        <ele>573.232642</ele>
        <time>2026-07-24T11:29:54.594Z</time>
      </trkpt>
      <trkpt lat="47.971375" lon="9.697227">
        <ele>571.507998</ele>
        <time>2026-07-24T11:29:58.155Z</time>
      </trkpt>
      <trkpt lat="47.971299" lon="9.697425">
        <ele>570.976093</ele>
        <time>2026-07-24T11:29:59.239Z</time>
      </trkpt>
      <trkpt lat="47.971171" lon="9.697584">
        <ele>570.396572</ele>
        <time>2026-07-24T11:30:00.441Z</time>
      </trkpt>
      <trkpt lat="47.971015" lon="9.697709">
        <ele>569.780329</ele>
        <time>2026-07-24T11:30:01.862Z</time>
      </trkpt>
      <trkpt lat="47.970720" lon="9.697862">
        <ele>568.693286</ele>
        <time>2026-07-24T11:30:06.456Z</time>
      </trkpt>
      <trkpt lat="47.970218" lon="9.698021">
        <ele>569.227500</ele>
        <time>2026-07-24T11:30:16.722Z</time>
      </trkpt>
      <trkpt lat="47.969988" lon="9.698147">
        <ele>569.567411</ele>
        <time>2026-07-24T11:30:21.671Z</time>
      </trkpt>
      <trkpt lat="47.969878" lon="9.698266">
        <ele>569.755863</ele>
        <time>2026-07-24T11:30:23.969Z</time>
      </trkpt>
      <trkpt lat="47.969786" lon="9.698389">
        <ele>569.927181</ele>
        <time>2026-07-24T11:30:25.862Z</time>
      </trkpt>
      <trkpt lat="47.969623" lon="9.698742">
        <ele>570.325529</ele>
        <time>2026-07-24T11:30:29.642Z</time>
      </trkpt>
      <trkpt lat="47.969442" lon="9.699054">
        <ele>570.709031</ele>
        <time>2026-07-24T11:30:34.765Z</time>
      </trkpt>
      <trkpt lat="47.969381" lon="9.699132">
        <ele>570.820448</ele>
        <time>2026-07-24T11:30:36.260Z</time>
      </trkpt>
      <trkpt lat="47.969316" lon="9.699161">
        <ele>570.914572</ele>
        <time>2026-07-24T11:30:37.482Z</time>
      </trkpt>
      <trkpt lat="47.968732" lon="9.699111">
        <ele>570.974446</ele>
        <time>2026-07-24T11:30:47.793Z</time>
      </trkpt>
      <trkpt lat="47.968583" lon="9.699207">
        <ele>570.944859</ele>
        <time>2026-07-24T11:30:50.884Z</time>
      </trkpt>
      <trkpt lat="47.968780" lon="9.699799">
        <ele>570.864156</ele>
        <time>2026-07-24T11:30:54.882Z</time>
      </trkpt>
      <trkpt lat="47.968858" lon="9.700245">
        <ele>570.807883</ele>
        <time>2026-07-24T11:30:57.760Z</time>
      </trkpt>
      <trkpt lat="47.968878" lon="9.700832">
        <ele>570.736132</ele>
        <time>2026-07-24T11:31:01.477Z</time>
      </trkpt>
      <trkpt lat="47.968831" lon="9.701288">
        <ele>570.491978</ele>
        <time>2026-07-24T11:31:04.448Z</time>
      </trkpt>
      <trkpt lat="47.968784" lon="9.701515">
        <ele>570.362086</ele>
        <time>2026-07-24T11:31:06.022Z</time>
      </trkpt>
      <trkpt lat="47.968679" lon="9.701826">
        <ele>570.171679</ele>
        <time>2026-07-24T11:31:08.321Z</time>
      </trkpt>
      <trkpt lat="47.968532" lon="9.702147">
        <ele>569.959077</ele>
        <time>2026-07-24T11:31:10.880Z</time>
      </trkpt>
      <trkpt lat="47.968331" lon="9.702500">
        <ele>569.705753</ele>
        <time>2026-07-24T11:31:14.038Z</time>
      </trkpt>
      <trkpt lat="47.967580" lon="9.703538">
        <ele>568.958368</ele>
        <time>2026-07-24T11:31:25.038Z</time>
      </trkpt>
      <trkpt lat="47.967353" lon="9.703898">
        <ele>568.748315</ele>
        <time>2026-07-24T11:31:28.757Z</time>
      </trkpt>
      <trkpt lat="47.967124" lon="9.704333">
        <ele>568.513266</ele>
        <time>2026-07-24T11:31:32.931Z</time>
      </trkpt>
      <trkpt lat="47.966587" lon="9.705430">
        <ele>568.062438</ele>
        <time>2026-07-24T11:31:41.265Z</time>
      </trkpt>
      <trkpt lat="47.965989" lon="9.706585">
        <ele>567.858942</ele>
        <time>2026-07-24T11:31:54.196Z</time>
      </trkpt>
      <trkpt lat="47.963971" lon="9.710594">
        <ele>566.666530</ele>
        <time>2026-07-24T11:32:31.637Z</time>
      </trkpt>
      <trkpt lat="47.963787" lon="9.711023">
        <ele>566.442418</ele>
        <time>2026-07-24T11:32:34.768Z</time>
      </trkpt>
      <trkpt lat="47.963623" lon="9.711493">
        <ele>566.209277</ele>
        <time>2026-07-24T11:32:38.051Z</time>
      </trkpt>
      <trkpt lat="47.963477" lon="9.712175">
        <ele>566.602113</ele>
        <time>2026-07-24T11:32:42.862Z</time>
      </trkpt>
      <trkpt lat="47.963464" lon="9.712311">
        <ele>566.699733</ele>
        <time>2026-07-24T11:32:44.089Z</time>
      </trkpt>
      <trkpt lat="47.963442" lon="9.712755">
        <ele>567.016099</ele>
        <time>2026-07-24T11:32:48.166Z</time>
      </trkpt>
      <trkpt lat="47.963449" lon="9.713138">
        <ele>567.288357</ele>
        <time>2026-07-24T11:32:52.173Z</time>
      </trkpt>
      <trkpt lat="47.963487" lon="9.713472">
        <ele>567.529096</ele>
        <time>2026-07-24T11:32:56.568Z</time>
      </trkpt>
      <trkpt lat="47.963942" lon="9.715734">
        <ele>570.679875</ele>
        <time>2026-07-24T11:33:28.859Z</time>
      </trkpt>
      <trkpt lat="47.963984" lon="9.716162">
        <ele>571.386475</ele>
        <time>2026-07-24T11:33:35.578Z</time>
      </trkpt>
      <trkpt lat="47.963987" lon="9.716841">
        <ele>572.432163</ele>
        <time>2026-07-24T11:33:45.851Z</time>
      </trkpt>
      <trkpt lat="47.963946" lon="9.717279">
        <ele>571.812134</ele>
        <time>2026-07-24T11:33:50.076Z</time>
      </trkpt>
      <trkpt lat="47.963733" lon="9.718966">
        <ele>569.405348</ele>
        <time>2026-07-24T11:33:59.510Z</time>
      </trkpt>
      <trkpt lat="47.963747" lon="9.719297">
        <ele>568.940373</ele>
        <time>2026-07-24T11:34:01.194Z</time>
      </trkpt>
      <trkpt lat="47.963813" lon="9.719578">
        <ele>568.718876</ele>
        <time>2026-07-24T11:34:02.643Z</time>
      </trkpt>
      <trkpt lat="47.963915" lon="9.719753">
        <ele>568.762702</ele>
        <time>2026-07-24T11:34:03.801Z</time>
      </trkpt>
      <trkpt lat="47.964044" lon="9.719874">
        <ele>568.805676</ele>
        <time>2026-07-24T11:34:05.051Z</time>
      </trkpt>
      <trkpt lat="47.964248" lon="9.720119">
        <ele>568.879525</ele>
        <time>2026-07-24T11:34:07.729Z</time>
      </trkpt>
      <trkpt lat="47.964313" lon="9.720306">
        <ele>568.919325</ele>
        <time>2026-07-24T11:34:10.986Z</time>
      </trkpt>
      <trkpt lat="47.964320" lon="9.720581">
        <ele>568.971309</ele>
        <time>2026-07-24T11:34:13.954Z</time>
      </trkpt>
      <trkpt lat="47.964290" lon="9.720737">
        <ele>569.001968</ele>
        <time>2026-07-24T11:34:15.433Z</time>
      </trkpt>
      <trkpt lat="47.964151" lon="9.721329">
        <ele>569.120470</ele>
        <time>2026-07-24T11:34:21.990Z</time>
      </trkpt>
      <trkpt lat="47.964106" lon="9.721428">
        <ele>569.143072</ele>
        <time>2026-07-24T11:34:23.895Z</time>
      </trkpt>
      <trkpt lat="47.963921" lon="9.721668">
        <ele>569.307981</ele>
        <time>2026-07-24T11:34:31.402Z</time>
      </trkpt>
      <trkpt lat="47.963833" lon="9.721847">
        <ele>569.786998</ele>
        <time>2026-07-24T11:34:34.989Z</time>
      </trkpt>
      <trkpt lat="47.963790" lon="9.722016">
        <ele>570.176981</ele>
        <time>2026-07-24T11:34:37.578Z</time>
      </trkpt>
      <trkpt lat="47.963801" lon="9.722845">
        <ele>571.965576</ele>
        <time>2026-07-24T11:34:48.920Z</time>
      </trkpt>
      <trkpt lat="47.963760" lon="9.723378">
        <ele>573.122878</ele>
        <time>2026-07-24T11:34:56.084Z</time>
      </trkpt>
      <trkpt lat="47.963765" lon="9.723495">
        <ele>573.375773</ele>
        <time>2026-07-24T11:34:57.951Z</time>
      </trkpt>
      <trkpt lat="47.963797" lon="9.723599">
        <ele>573.622664</ele>
        <time>2026-07-24T11:34:59.731Z</time>
      </trkpt>
      <trkpt lat="47.963912" lon="9.723742">
        <ele>574.104744</ele>
        <time>2026-07-24T11:35:02.920Z</time>
      </trkpt>
      <trkpt lat="47.964233" lon="9.723885">
        <ele>575.141739</ele>
        <time>2026-07-24T11:35:12.303Z</time>
      </trkpt>
      <trkpt lat="47.964425" lon="9.724035">
        <ele>575.682137</ele>
        <time>2026-07-24T11:35:18.078Z</time>
      </trkpt>
      <trkpt lat="47.964606" lon="9.724275">
        <ele>576.285785</ele>
        <time>2026-07-24T11:35:22.948Z</time>
      </trkpt>
      <trkpt lat="47.964723" lon="9.724557">
        <ele>576.839775</ele>
        <time>2026-07-24T11:35:26.614Z</time>
      </trkpt>
      <trkpt lat="47.964767" lon="9.724749">
        <ele>577.178657</ele>
        <time>2026-07-24T11:35:28.576Z</time>
      </trkpt>
      <trkpt lat="47.964837" lon="9.725247">
        <ele>578.028400</ele>
        <time>2026-07-24T11:35:33.181Z</time>
      </trkpt>
      <trkpt lat="47.964851" lon="9.725545">
        <ele>578.527257</ele>
        <time>2026-07-24T11:35:36.607Z</time>
      </trkpt>
      <trkpt lat="47.964835" lon="9.725739">
        <ele>578.853668</ele>
        <time>2026-07-24T11:35:39.951Z</time>
      </trkpt>
      <trkpt lat="47.964736" lon="9.726295">
        <ele>579.184624</ele>
        <time>2026-07-24T11:35:50.943Z</time>
      </trkpt>
      <trkpt lat="47.964533" lon="9.726535">
        <ele>578.603132</ele>
        <time>2026-07-24T11:35:57.216Z</time>
      </trkpt>
      <trkpt lat="47.964456" lon="9.726568">
        <ele>578.423216</ele>
        <time>2026-07-24T11:35:58.107Z</time>
      </trkpt>
      <trkpt lat="47.964444" lon="9.726568">
        <ele>578.396265</ele>
        <time>2026-07-24T11:35:58.214Z</time>
      </trkpt>
      <trkpt lat="47.964366" lon="9.726606">
        <ele>578.211997</ele>
        <time>2026-07-24T11:35:58.859Z</time>
      </trkpt>
      <trkpt lat="47.964057" lon="9.726570">
        <ele>577.515896</ele>
        <time>2026-07-24T11:36:01.155Z</time>
      </trkpt>
      <trkpt lat="47.963959" lon="9.726580">
        <ele>577.295282</ele>
        <time>2026-07-24T11:36:01.907Z</time>
      </trkpt>
      <trkpt lat="47.963704" lon="9.726623">
        <ele>576.718930</ele>
        <time>2026-07-24T11:36:03.805Z</time>
      </trkpt>
      <trkpt lat="47.963436" lon="9.726781">
        <ele>576.071818</ele>
        <time>2026-07-24T11:36:05.880Z</time>
      </trkpt>
      <trkpt lat="47.963311" lon="9.726924">
        <ele>575.718173</ele>
        <time>2026-07-24T11:36:07.102Z</time>
      </trkpt>
      <trkpt lat="47.963038" lon="9.727536">
        <ele>575.535605</ele>
        <time>2026-07-24T11:36:11.155Z</time>
      </trkpt>
      <trkpt lat="47.962927" lon="9.727700">
        <ele>575.574504</ele>
        <time>2026-07-24T11:36:13.638Z</time>
      </trkpt>
      <trkpt lat="47.962651" lon="9.727941">
        <ele>575.654152</ele>
        <time>2026-07-24T11:36:21.097Z</time>
      </trkpt>
      <trkpt lat="47.962479" lon="9.728013">
        <ele>575.698652</ele>
        <time>2026-07-24T11:36:23.163Z</time>
      </trkpt>
      <trkpt lat="47.962238" lon="9.728057">
        <ele>575.759138</ele>
        <time>2026-07-24T11:36:25.926Z</time>
      </trkpt>
      <trkpt lat="47.961996" lon="9.728211">
        <ele>575.824670</ele>
        <time>2026-07-24T11:36:30.708Z</time>
      </trkpt>
      <trkpt lat="47.961899" lon="9.728421">
        <ele>575.867228</ele>
        <time>2026-07-24T11:36:33.775Z</time>
      </trkpt>
      <trkpt lat="47.961710" lon="9.729476">
        <ele>575.983456</ele>
        <time>2026-07-24T11:36:47.418Z</time>
      </trkpt>
      <trkpt lat="47.961572" lon="9.729894">
        <ele>576.028730</ele>
        <time>2026-07-24T11:36:52.823Z</time>
      </trkpt>
      <trkpt lat="47.961320" lon="9.730391">
        <ele>576.089291</ele>
        <time>2026-07-24T11:36:56.895Z</time>
      </trkpt>
      <trkpt lat="47.960897" lon="9.731125">
        <ele>575.964031</ele>
        <time>2026-07-24T11:37:02.321Z</time>
      </trkpt>
      <trkpt lat="47.960556" lon="9.731939">
        <ele>575.395986</ele>
        <time>2026-07-24T11:37:08.387Z</time>
      </trkpt>
      <trkpt lat="47.960485" lon="9.732155">
        <ele>575.253632</ele>
        <time>2026-07-24T11:37:10.119Z</time>
      </trkpt>
      <trkpt lat="47.960282" lon="9.732637">
        <ele>574.916762</ele>
        <time>2026-07-24T11:37:14.048Z</time>
      </trkpt>
      <trkpt lat="47.960125" lon="9.733018">
        <ele>574.652096</ele>
        <time>2026-07-24T11:37:17.903Z</time>
      </trkpt>
      <trkpt lat="47.959937" lon="9.733389">
        <ele>574.656212</ele>
        <time>2026-07-24T11:37:22.211Z</time>
      </trkpt>
      <trkpt lat="47.959765" lon="9.733675">
        <ele>574.769420</ele>
        <time>2026-07-24T11:37:25.209Z</time>
      </trkpt>
      <trkpt lat="47.959421" lon="9.734121">
        <ele>574.969769</ele>
        <time>2026-07-24T11:37:30.523Z</time>
      </trkpt>
      <trkpt lat="47.959053" lon="9.734455">
        <ele>575.159158</ele>
        <time>2026-07-24T11:37:35.986Z</time>
      </trkpt>
      <trkpt lat="47.958781" lon="9.734633">
        <ele>575.289762</ele>
        <time>2026-07-24T11:37:40.099Z</time>
      </trkpt>
      <trkpt lat="47.958511" lon="9.734750">
        <ele>575.751299</ele>
        <time>2026-07-24T11:37:44.433Z</time>
      </trkpt>
      <trkpt lat="47.958176" lon="9.734838">
        <ele>576.757273</ele>
        <time>2026-07-24T11:37:50.438Z</time>
      </trkpt>
      <trkpt lat="47.956211" lon="9.735169">
        <ele>581.936157</ele>
        <time>2026-07-24T11:38:37.321Z</time>
      </trkpt>
      <trkpt lat="47.956094" lon="9.735199">
        <ele>582.165578</ele>
        <time>2026-07-24T11:38:39.803Z</time>
      </trkpt>
      <trkpt lat="47.955861" lon="9.735249">
        <ele>582.620493</ele>
        <time>2026-07-24T11:38:43.755Z</time>
      </trkpt>
      <trkpt lat="47.955801" lon="9.735264">
        <ele>582.738061</ele>
        <time>2026-07-24T11:38:44.522Z</time>
      </trkpt>
      <trkpt lat="47.955412" lon="9.735360">
        <ele>583.500030</ele>
        <time>2026-07-24T11:38:48.607Z</time>
      </trkpt>
      <trkpt lat="47.955151" lon="9.735451">
        <ele>584.018000</ele>
        <time>2026-07-24T11:38:52.206Z</time>
      </trkpt>
      <trkpt lat="47.955037" lon="9.735519">
        <ele>584.354943</ele>
        <time>2026-07-24T11:38:53.647Z</time>
      </trkpt>
      <trkpt lat="47.954972" lon="9.735575">
        <ele>584.637184</ele>
        <time>2026-07-24T11:38:54.627Z</time>
      </trkpt>
      <trkpt lat="47.954695" lon="9.735925">
        <ele>586.001935</ele>
        <time>2026-07-24T11:39:01.015Z</time>
      </trkpt>
      <trkpt lat="47.954576" lon="9.736151">
        <ele>586.726064</ele>
        <time>2026-07-24T11:39:05.788Z</time>
      </trkpt>
      <trkpt lat="47.954429" lon="9.736537">
        <ele>587.844533</ele>
        <time>2026-07-24T11:39:13.763Z</time>
      </trkpt>
      <trkpt lat="47.954338" lon="9.736928">
        <ele>588.887174</ele>
        <time>2026-07-24T11:39:24.314Z</time>
      </trkpt>
      <trkpt lat="47.954236" lon="9.738515">
        <ele>591.501727</ele>
        <time>2026-07-24T11:39:51.374Z</time>
      </trkpt>
      <trkpt lat="47.954172" lon="9.738921">
        <ele>591.811952</ele>
        <time>2026-07-24T11:39:57.696Z</time>
      </trkpt>
      <trkpt lat="47.954039" lon="9.739287">
        <ele>592.121665</ele>
        <time>2026-07-24T11:40:02.352Z</time>
      </trkpt>
      <trkpt lat="47.953924" lon="9.739484">
        <ele>592.316038</ele>
        <time>2026-07-24T11:40:04.206Z</time>
      </trkpt>
      <trkpt lat="47.953601" lon="9.739831">
        <ele>592.757952</ele>
        <time>2026-07-24T11:40:07.400Z</time>
      </trkpt>
      <trkpt lat="47.952995" lon="9.740392">
        <ele>592.527145</ele>
        <time>2026-07-24T11:40:13.385Z</time>
      </trkpt>
      <trkpt lat="47.952810" lon="9.740621">
        <ele>592.366031</ele>
        <time>2026-07-24T11:40:15.617Z</time>
      </trkpt>
      <trkpt lat="47.952539" lon="9.741057">
        <ele>592.098933</ele>
        <time>2026-07-24T11:40:21.181Z</time>
      </trkpt>
      <trkpt lat="47.952440" lon="9.741238">
        <ele>591.993999</ele>
        <time>2026-07-24T11:40:24.334Z</time>
      </trkpt>
      <trkpt lat="47.952125" lon="9.741716">
        <ele>591.737298</ele>
        <time>2026-07-24T11:40:31.214Z</time>
      </trkpt>
      <trkpt lat="47.951972" lon="9.741857">
        <ele>592.018207</ele>
        <time>2026-07-24T11:40:32.938Z</time>
      </trkpt>
      <trkpt lat="47.951774" lon="9.741984">
        <ele>592.354893</ele>
        <time>2026-07-24T11:40:35.022Z</time>
      </trkpt>
      <trkpt lat="47.951297" lon="9.742192">
        <ele>593.131276</ele>
        <time>2026-07-24T11:40:40.329Z</time>
      </trkpt>
      <trkpt lat="47.950762" lon="9.742420">
        <ele>594.000527</ele>
        <time>2026-07-24T11:40:51.806Z</time>
      </trkpt>
      <trkpt lat="47.950448" lon="9.742662">
        <ele>594.590104</ele>
        <time>2026-07-24T11:41:00.224Z</time>
      </trkpt>
      <trkpt lat="47.950178" lon="9.742931">
        <ele>595.621680</ele>
        <time>2026-07-24T11:41:09.216Z</time>
      </trkpt>
      <trkpt lat="47.949784" lon="9.743351">
        <ele>597.160233</ele>
        <time>2026-07-24T11:41:20.160Z</time>
      </trkpt>
      <trkpt lat="47.949586" lon="9.743501">
        <ele>597.865859</ele>
        <time>2026-07-24T11:41:25.023Z</time>
      </trkpt>
      <trkpt lat="47.949422" lon="9.743603">
        <ele>598.430475</ele>
        <time>2026-07-24T11:41:28.880Z</time>
      </trkpt>
      <trkpt lat="47.949155" lon="9.743698">
        <ele>599.302779</ele>
        <time>2026-07-24T11:41:34.829Z</time>
      </trkpt>
      <trkpt lat="47.948886" lon="9.743722">
        <ele>600.159201</ele>
        <time>2026-07-24T11:41:40.273Z</time>
      </trkpt>
      <trkpt lat="47.948696" lon="9.743698">
        <ele>600.665526</ele>
        <time>2026-07-24T11:41:43.683Z</time>
      </trkpt>
      <trkpt lat="47.948269" lon="9.743614">
        <ele>601.778174</ele>
        <time>2026-07-24T11:41:51.412Z</time>
      </trkpt>
      <trkpt lat="47.947905" lon="9.743586">
        <ele>602.719780</ele>
        <time>2026-07-24T11:41:58.219Z</time>
      </trkpt>
      <trkpt lat="47.947445" lon="9.743634">
        <ele>603.911044</ele>
        <time>2026-07-24T11:42:07.796Z</time>
      </trkpt>
      <trkpt lat="47.947228" lon="9.743701">
        <ele>604.483505</ele>
        <time>2026-07-24T11:42:12.806Z</time>
      </trkpt>
      <trkpt lat="47.946697" lon="9.743954">
        <ele>605.693107</ele>
        <time>2026-07-24T11:42:25.255Z</time>
      </trkpt>
      <trkpt lat="47.946399" lon="9.744183">
        <ele>606.367969</ele>
        <time>2026-07-24T11:42:32.354Z</time>
      </trkpt>
      <trkpt lat="47.945928" lon="9.744661">
        <ele>607.514730</ele>
        <time>2026-07-24T11:42:44.423Z</time>
      </trkpt>
      <trkpt lat="47.945592" lon="9.745069">
        <ele>608.386819</ele>
        <time>2026-07-24T11:42:49.879Z</time>
      </trkpt>
      <trkpt lat="47.945474" lon="9.745179">
        <ele>608.445872</ele>
        <time>2026-07-24T11:42:51.321Z</time>
      </trkpt>
      <trkpt lat="47.945245" lon="9.745318">
        <ele>608.281179</ele>
        <time>2026-07-24T11:42:53.637Z</time>
      </trkpt>
      <trkpt lat="47.944864" lon="9.745418">
        <ele>608.023456</ele>
        <time>2026-07-24T11:42:57.495Z</time>
      </trkpt>
      <trkpt lat="47.944211" lon="9.745347">
        <ele>607.587263</ele>
        <time>2026-07-24T11:43:04.268Z</time>
      </trkpt>
      <trkpt lat="47.943816" lon="9.745349">
        <ele>607.324104</ele>
        <time>2026-07-24T11:43:08.198Z</time>
      </trkpt>
      <trkpt lat="47.942999" lon="9.745648">
        <ele>606.886463</ele>
        <time>2026-07-24T11:43:16.257Z</time>
      </trkpt>
      <trkpt lat="47.942642" lon="9.745779">
        <ele>606.697348</ele>
        <time>2026-07-24T11:43:20.395Z</time>
      </trkpt>
      <trkpt lat="47.941962" lon="9.745930">
        <ele>606.269673</ele>
        <time>2026-07-24T11:43:28.778Z</time>
      </trkpt>
      <trkpt lat="47.941975" lon="9.746052">
        <ele>606.133282</ele>
        <time>2026-07-24T11:43:29.839Z</time>
      </trkpt>
      <trkpt lat="47.941483" lon="9.746181">
        <ele>605.309972</ele>
        <time>2026-07-24T11:43:35.861Z</time>
      </trkpt>
      <trkpt lat="47.941264" lon="9.746318">
        <ele>604.918611</ele>
        <time>2026-07-24T11:43:37.729Z</time>
      </trkpt>
      <trkpt lat="47.940799" lon="9.746823">
        <ele>603.970852</ele>
        <time>2026-07-24T11:43:42.277Z</time>
      </trkpt>
      <trkpt lat="47.940580" lon="9.747150">
        <ele>603.460327</ele>
        <time>2026-07-24T11:43:45.213Z</time>
      </trkpt>
      <trkpt lat="47.940408" lon="9.747504">
        <ele>603.235827</ele>
        <time>2026-07-24T11:43:48.060Z</time>
      </trkpt>
      <trkpt lat="47.940317" lon="9.747756">
        <ele>603.107316</ele>
        <time>2026-07-24T11:43:50.334Z</time>
      </trkpt>
      <trkpt lat="47.940210" lon="9.748042">
        <ele>602.960266</ele>
        <time>2026-07-24T11:43:53.704Z</time>
      </trkpt>
      <trkpt lat="47.939940" lon="9.748606">
        <ele>602.649084</ele>
        <time>2026-07-24T11:43:58.685Z</time>
      </trkpt>
      <trkpt lat="47.939762" lon="9.748804">
        <ele>602.500332</ele>
        <time>2026-07-24T11:44:00.642Z</time>
      </trkpt>
      <trkpt lat="47.939141" lon="9.749016">
        <ele>601.915967</ele>
        <time>2026-07-24T11:44:07.472Z</time>
      </trkpt>
      <trkpt lat="47.938332" lon="9.749081">
        <ele>600.735471</ele>
        <time>2026-07-24T11:44:15.885Z</time>
      </trkpt>
      <trkpt lat="47.937945" lon="9.749069">
        <ele>600.171454</ele>
        <time>2026-07-24T11:44:18.997Z</time>
      </trkpt>
      <trkpt lat="47.937553" lon="9.749021">
        <ele>599.598355</ele>
        <time>2026-07-24T11:44:22.548Z</time>
      </trkpt>
      <trkpt lat="47.937405" lon="9.748965">
        <ele>599.303664</ele>
        <time>2026-07-24T11:44:23.974Z</time>
      </trkpt>
      <trkpt lat="47.936816" lon="9.748767">
        <ele>598.122662</ele>
        <time>2026-07-24T11:44:29.010Z</time>
      </trkpt>
      <trkpt lat="47.935576" lon="9.748168">
        <ele>595.904392</ele>
        <time>2026-07-24T11:44:40.808Z</time>
      </trkpt>
      <trkpt lat="47.934617" lon="9.747531">
        <ele>595.224229</ele>
        <time>2026-07-24T11:44:50.721Z</time>
      </trkpt>
      <trkpt lat="47.934642" lon="9.747426">
        <ele>595.175852</ele>
        <time>2026-07-24T11:44:52.214Z</time>
      </trkpt>
      <trkpt lat="47.933610" lon="9.746854">
        <ele>594.855907</ele>
        <time>2026-07-24T11:45:09.171Z</time>
      </trkpt>
      <trkpt lat="47.932741" lon="9.746458">
        <ele>594.793017</ele>
        <time>2026-07-24T11:45:17.380Z</time>
      </trkpt>
      <trkpt lat="47.932199" lon="9.746365">
        <ele>595.128597</ele>
        <time>2026-07-24T11:45:24.772Z</time>
      </trkpt>
      <trkpt lat="47.931826" lon="9.746349">
        <ele>595.518345</ele>
        <time>2026-07-24T11:45:34.020Z</time>
      </trkpt>
      <trkpt lat="47.931336" lon="9.746365">
        <ele>596.030258</ele>
        <time>2026-07-24T11:45:40.897Z</time>
      </trkpt>
      <trkpt lat="47.930037" lon="9.746434">
        <ele>597.216468</ele>
        <time>2026-07-24T11:45:59.255Z</time>
      </trkpt>
      <trkpt lat="47.929807" lon="9.746456">
        <ele>597.400726</ele>
        <time>2026-07-24T11:46:02.272Z</time>
      </trkpt>
      <trkpt lat="47.929484" lon="9.746487">
        <ele>597.659492</ele>
        <time>2026-07-24T11:46:07.596Z</time>
      </trkpt>
      <trkpt lat="47.928997" lon="9.746571">
        <ele>598.051431</ele>
        <time>2026-07-24T11:46:14.737Z</time>
      </trkpt>
      <trkpt lat="47.928728" lon="9.746657">
        <ele>598.005993</ele>
        <time>2026-07-24T11:46:19.163Z</time>
      </trkpt>
      <trkpt lat="47.928508" lon="9.746766">
        <ele>597.912360</ele>
        <time>2026-07-24T11:46:21.974Z</time>
      </trkpt>
      <trkpt lat="47.928481" lon="9.746780">
        <ele>597.900814</ele>
        <time>2026-07-24T11:46:22.288Z</time>
      </trkpt>
      <trkpt lat="47.928314" lon="9.746865">
        <ele>597.829544</ele>
        <time>2026-07-24T11:46:24.285Z</time>
      </trkpt>
      <trkpt lat="47.928126" lon="9.746961">
        <ele>597.749284</ele>
        <time>2026-07-24T11:46:26.933Z</time>
      </trkpt>
      <trkpt lat="47.927682" lon="9.747209">
        <ele>597.557791</ele>
        <time>2026-07-24T11:46:33.752Z</time>
      </trkpt>
      <trkpt lat="47.927453" lon="9.747327">
        <ele>597.459934</ele>
        <time>2026-07-24T11:46:35.635Z</time>
      </trkpt>
      <trkpt lat="47.927143" lon="9.747576">
        <ele>597.291394</ele>
        <time>2026-07-24T11:46:38.277Z</time>
      </trkpt>
      <trkpt lat="47.926845" lon="9.747947">
        <ele>597.053393</ele>
        <time>2026-07-24T11:46:43.683Z</time>
      </trkpt>
      <trkpt lat="47.926473" lon="9.748540">
        <ele>596.719576</ele>
        <time>2026-07-24T11:46:53.976Z</time>
      </trkpt>
      <trkpt lat="47.926190" lon="9.749065">
        <ele>596.442683</ele>
        <time>2026-07-24T11:47:00.923Z</time>
      </trkpt>
      <trkpt lat="47.926064" lon="9.749199">
        <ele>596.347795</ele>
        <time>2026-07-24T11:47:02.160Z</time>
      </trkpt>
      <trkpt lat="47.925981" lon="9.749238">
        <ele>596.294430</ele>
        <time>2026-07-24T11:47:02.816Z</time>
      </trkpt>
      <trkpt lat="47.925730" lon="9.749318">
        <ele>595.780337</ele>
        <time>2026-07-24T11:47:04.724Z</time>
      </trkpt>
      <trkpt lat="47.925291" lon="9.749475">
        <ele>594.734718</ele>
        <time>2026-07-24T11:47:08.319Z</time>
      </trkpt>
      <trkpt lat="47.925005" lon="9.749561">
        <ele>594.058959</ele>
        <time>2026-07-24T11:47:12.954Z</time>
      </trkpt>
      <trkpt lat="47.924826" lon="9.749607">
        <ele>593.638250</ele>
        <time>2026-07-24T11:47:15.175Z</time>
      </trkpt>
      <trkpt lat="47.924629" lon="9.749639">
        <ele>593.179256</ele>
        <time>2026-07-24T11:47:17.010Z</time>
      </trkpt>
      <trkpt lat="47.924554" lon="9.749644">
        <ele>593.005365</ele>
        <time>2026-07-24T11:47:17.615Z</time>
      </trkpt>
      <trkpt lat="47.924461" lon="9.749642">
        <ele>592.789932</ele>
        <time>2026-07-24T11:47:18.326Z</time>
      </trkpt>
      <trkpt lat="47.924338" lon="9.749639">
        <ele>592.504997</ele>
        <time>2026-07-24T11:47:19.231Z</time>
      </trkpt>
      <trkpt lat="47.924214" lon="9.749653">
        <ele>592.216963</ele>
        <time>2026-07-24T11:47:20.155Z</time>
      </trkpt>
      <trkpt lat="47.924087" lon="9.749661">
        <ele>591.995947</ele>
        <time>2026-07-24T11:47:21.096Z</time>
      </trkpt>
      <trkpt lat="47.923778" lon="9.749756">
        <ele>591.568518</ele>
        <time>2026-07-24T11:47:23.571Z</time>
      </trkpt>
      <trkpt lat="47.923581" lon="9.749888">
        <ele>591.275949</ele>
        <time>2026-07-24T11:47:26.374Z</time>
      </trkpt>
      <trkpt lat="47.923429" lon="9.750037">
        <ele>591.029561</ele>
        <time>2026-07-24T11:47:29.551Z</time>
      </trkpt>
      <trkpt lat="47.923005" lon="9.750627">
        <ele>590.244124</ele>
        <time>2026-07-24T11:47:36.826Z</time>
      </trkpt>
      <trkpt lat="47.922602" lon="9.751138">
        <ele>589.449993</ele>
        <time>2026-07-24T11:47:41.474Z</time>
      </trkpt>
      <trkpt lat="47.922115" lon="9.751733">
        <ele>588.106491</ele>
        <time>2026-07-24T11:47:47.107Z</time>
      </trkpt>
      <trkpt lat="47.921977" lon="9.751769">
        <ele>587.807456</ele>
        <time>2026-07-24T11:47:48.403Z</time>
      </trkpt>
      <trkpt lat="47.921864" lon="9.751724">
        <ele>587.557811</ele>
        <time>2026-07-24T11:47:49.423Z</time>
      </trkpt>
      <trkpt lat="47.921482" lon="9.751247">
        <ele>586.494589</ele>
        <time>2026-07-24T11:47:53.558Z</time>
      </trkpt>
      <trkpt lat="47.921373" lon="9.751167">
        <ele>586.235303</ele>
        <time>2026-07-24T11:47:54.918Z</time>
      </trkpt>
      <trkpt lat="47.921326" lon="9.751168">
        <ele>586.134969</ele>
        <time>2026-07-24T11:47:55.505Z</time>
      </trkpt>
      <trkpt lat="47.921174" lon="9.751241">
        <ele>585.805442</ele>
        <time>2026-07-24T11:47:56.943Z</time>
      </trkpt>
      <trkpt lat="47.921089" lon="9.751362">
        <ele>585.651995</ele>
        <time>2026-07-24T11:47:57.818Z</time>
      </trkpt>
      <trkpt lat="47.921056" lon="9.751410">
        <ele>585.591800</ele>
        <time>2026-07-24T11:47:58.163Z</time>
      </trkpt>
      <trkpt lat="47.920943" lon="9.751576">
        <ele>585.384674</ele>
        <time>2026-07-24T11:47:59.469Z</time>
      </trkpt>
      <trkpt lat="47.920676" lon="9.751916">
        <ele>584.926184</ele>
        <time>2026-07-24T11:48:02.227Z</time>
      </trkpt>
      <trkpt lat="47.920608" lon="9.751981">
        <ele>584.820700</ele>
        <time>2026-07-24T11:48:02.880Z</time>
      </trkpt>
      <trkpt lat="47.920485" lon="9.752089">
        <ele>584.634285</ele>
        <time>2026-07-24T11:48:04.176Z</time>
      </trkpt>
      <trkpt lat="47.920315" lon="9.752272">
        <ele>584.360477</ele>
        <time>2026-07-24T11:48:06.374Z</time>
      </trkpt>
      <trkpt lat="47.920060" lon="9.752672">
        <ele>583.877207</ele>
        <time>2026-07-24T11:48:10.028Z</time>
      </trkpt>
      <trkpt lat="47.919946" lon="9.752914">
        <ele>583.618266</ele>
        <time>2026-07-24T11:48:12.305Z</time>
      </trkpt>
      <trkpt lat="47.919856" lon="9.753093">
        <ele>583.674331</ele>
        <time>2026-07-24T11:48:14.224Z</time>
      </trkpt>
      <trkpt lat="47.919822" lon="9.753158">
        <ele>583.955264</ele>
        <time>2026-07-24T11:48:15.033Z</time>
      </trkpt>
      <trkpt lat="47.919794" lon="9.753214">
        <ele>584.193313</ele>
        <time>2026-07-24T11:48:15.755Z</time>
      </trkpt>
      <trkpt lat="47.919734" lon="9.753334">
        <ele>584.703418</ele>
        <time>2026-07-24T11:48:17.471Z</time>
      </trkpt>
      <trkpt lat="47.919674" lon="9.753426">
        <ele>585.140797</ele>
        <time>2026-07-24T11:48:19.280Z</time>
      </trkpt>
      <trkpt lat="47.919438" lon="9.753760">
        <ele>586.794439</ele>
        <time>2026-07-24T11:48:28.321Z</time>
      </trkpt>
      <trkpt lat="47.919352" lon="9.753876">
        <ele>587.383814</ele>
        <time>2026-07-24T11:48:32.760Z</time>
      </trkpt>
      <trkpt lat="47.919261" lon="9.753989">
        <ele>587.985698</ele>
        <time>2026-07-24T11:48:38.844Z</time>
      </trkpt>
      <trkpt lat="47.919105" lon="9.754181">
        <ele>589.013772</ele>
        <time>2026-07-24T11:48:51.084Z</time>
      </trkpt>
      <trkpt lat="47.918971" lon="9.754333">
        <ele>589.869520</ele>
        <time>2026-07-24T11:49:01.229Z</time>
      </trkpt>
      <trkpt lat="47.918821" lon="9.754473">
        <ele>590.769006</ele>
        <time>2026-07-24T11:49:11.869Z</time>
      </trkpt>
      <trkpt lat="47.918838" lon="9.754627">
        <ele>591.300779</ele>
        <time>2026-07-24T11:49:14.716Z</time>
      </trkpt>
      <trkpt lat="47.918908" lon="9.755361">
        <ele>592.555431</ele>
        <time>2026-07-24T11:49:18.308Z</time>
      </trkpt>
      <trkpt lat="47.918879" lon="9.755519">
        <ele>592.526512</ele>
        <time>2026-07-24T11:49:19.201Z</time>
      </trkpt>
      <trkpt lat="47.918705" lon="9.755964">
        <ele>592.435563</ele>
        <time>2026-07-24T11:49:22.367Z</time>
      </trkpt>
      <trkpt lat="47.918433" lon="9.756626">
        <ele>592.298485</ele>
        <time>2026-07-24T11:49:27.260Z</time>
      </trkpt>
      <trkpt lat="47.918320" lon="9.756900">
        <ele>592.241691</ele>
        <time>2026-07-24T11:49:32.323Z</time>
      </trkpt>
      <trkpt lat="47.918230" lon="9.757113">
        <ele>592.197240</ele>
        <time>2026-07-24T11:49:35.181Z</time>
      </trkpt>
      <trkpt lat="47.918188" lon="9.757215">
        <ele>592.176107</ele>
        <time>2026-07-24T11:49:36.181Z</time>
      </trkpt>
      <trkpt lat="47.918064" lon="9.757543">
        <ele>592.233813</ele>
        <time>2026-07-24T11:49:40.466Z</time>
      </trkpt>
      <trkpt lat="47.918070" lon="9.757713">
        <ele>592.311444</ele>
        <time>2026-07-24T11:49:41.512Z</time>
      </trkpt>
      <trkpt lat="47.917957" lon="9.757911">
        <ele>592.430037</ele>
        <time>2026-07-24T11:49:44.010Z</time>
      </trkpt>
      <trkpt lat="47.917329" lon="9.758969">
        <ele>593.074532</ele>
        <time>2026-07-24T11:50:00.918Z</time>
      </trkpt>
      <trkpt lat="47.917348" lon="9.759004">
        <ele>593.095072</ele>
        <time>2026-07-24T11:50:01.387Z</time>
      </trkpt>
      <trkpt lat="47.917621" lon="9.759574">
        <ele>593.281573</ele>
        <time>2026-07-24T11:50:07.527Z</time>
      </trkpt>
      <trkpt lat="47.917890" lon="9.760298">
        <ele>592.577659</ele>
        <time>2026-07-24T11:50:14.655Z</time>
      </trkpt>
      <trkpt lat="47.917951" lon="9.760353">
        <ele>592.487231</ele>
        <time>2026-07-24T11:50:15.379Z</time>
      </trkpt>
      <trkpt lat="47.918266" lon="9.760374">
        <ele>592.087168</ele>
        <time>2026-07-24T11:50:19.234Z</time>
      </trkpt>
      <trkpt lat="47.918423" lon="9.760381">
        <ele>591.887882</ele>
        <time>2026-07-24T11:50:20.688Z</time>
      </trkpt>
      <trkpt lat="47.918496" lon="9.760882">
        <ele>591.451921</ele>
        <time>2026-07-24T11:50:23.249Z</time>
      </trkpt>
      <trkpt lat="47.918552" lon="9.761048">
        <ele>591.293895</ele>
        <time>2026-07-24T11:50:24.283Z</time>
      </trkpt>
      <trkpt lat="47.918171" lon="9.761405">
        <ele>591.380980</ele>
        <time>2026-07-24T11:50:33.081Z</time>
      </trkpt>
      <trkpt lat="47.918001" lon="9.761637">
        <ele>591.618469</ele>
        <time>2026-07-24T11:50:35.770Z</time>
      </trkpt>
      <trkpt lat="47.917925" lon="9.761804">
        <ele>591.757930</ele>
        <time>2026-07-24T11:50:36.979Z</time>
      </trkpt>
      <trkpt lat="47.917907" lon="9.761841">
        <ele>591.789517</ele>
        <time>2026-07-24T11:50:37.249Z</time>
      </trkpt>
      <trkpt lat="47.917821" lon="9.762150">
        <ele>592.020673</ele>
        <time>2026-07-24T11:50:39.183Z</time>
      </trkpt>
      <trkpt lat="47.917805" lon="9.762268">
        <ele>592.103848</ele>
        <time>2026-07-24T11:50:40.130Z</time>
      </trkpt>
      <trkpt lat="47.917785" lon="9.763064">
        <ele>592.654169</ele>
        <time>2026-07-24T11:50:51.650Z</time>
      </trkpt>
      <trkpt lat="47.917784" lon="9.763157">
        <ele>592.718428</ele>
        <time>2026-07-24T11:50:52.721Z</time>
      </trkpt>
      <trkpt lat="47.917779" lon="9.763268">
        <ele>592.795288</ele>
        <time>2026-07-24T11:50:54.086Z</time>
      </trkpt>
      <trkpt lat="47.917723" lon="9.763835">
        <ele>594.078637</ele>
        <time>2026-07-24T11:51:04.066Z</time>
      </trkpt>
      <trkpt lat="47.917626" lon="9.764408">
        <ele>595.930212</ele>
        <time>2026-07-24T11:51:12.842Z</time>
      </trkpt>
      <trkpt lat="47.917609" lon="9.764503">
        <ele>596.238271</ele>
        <time>2026-07-24T11:51:14.175Z</time>
      </trkpt>
      <trkpt lat="47.917576" lon="9.764670">
        <ele>596.783746</ele>
        <time>2026-07-24T11:51:16.505Z</time>
      </trkpt>
      <trkpt lat="47.917480" lon="9.765086">
        <ele>598.162165</ele>
        <time>2026-07-24T11:51:22.770Z</time>
      </trkpt>
      <trkpt lat="47.917331" lon="9.765559">
        <ele>599.799599</ele>
        <time>2026-07-24T11:51:31.673Z</time>
      </trkpt>
      <trkpt lat="47.917133" lon="9.765897">
        <ele>601.206048</ele>
        <time>2026-07-24T11:51:46.308Z</time>
      </trkpt>
      <trkpt lat="47.916825" lon="9.766255">
        <ele>603.312146</ele>
        <time>2026-07-24T11:52:02.083Z</time>
      </trkpt>
      <trkpt lat="47.916583" lon="9.766341">
        <ele>604.669233</ele>
        <time>2026-07-24T11:52:07.492Z</time>
      </trkpt>
      <trkpt lat="47.916246" lon="9.766365">
        <ele>606.509728</ele>
        <time>2026-07-24T11:52:15.204Z</time>
      </trkpt>
      <trkpt lat="47.916015" lon="9.766306">
        <ele>607.788209</ele>
        <time>2026-07-24T11:52:21.117Z</time>
      </trkpt>
      <trkpt lat="47.915477" lon="9.766087">
        <ele>610.830373</ele>
        <time>2026-07-24T11:52:36.369Z</time>
      </trkpt>
      <trkpt lat="47.915155" lon="9.765987">
        <ele>612.301268</ele>
        <time>2026-07-24T11:52:47.255Z</time>
      </trkpt>
      <trkpt lat="47.914814" lon="9.765937">
        <ele>613.757732</ele>
        <time>2026-07-24T11:52:58.055Z</time>
      </trkpt>
      <trkpt lat="47.914638" lon="9.765955">
        <ele>614.507607</ele>
        <time>2026-07-24T11:53:03.336Z</time>
      </trkpt>
      <trkpt lat="47.914469" lon="9.766022">
        <ele>615.250899</ele>
        <time>2026-07-24T11:53:08.310Z</time>
      </trkpt>
      <trkpt lat="47.914301" lon="9.766142">
        <ele>616.042630</ele>
        <time>2026-07-24T11:53:13.147Z</time>
      </trkpt>
      <trkpt lat="47.914149" lon="9.766297">
        <ele>616.825224</ele>
        <time>2026-07-24T11:53:17.326Z</time>
      </trkpt>
      <trkpt lat="47.912991" lon="9.767957">
        <ele>620.662291</ele>
        <time>2026-07-24T11:53:45.459Z</time>
      </trkpt>
      <trkpt lat="47.912266" lon="9.768889">
        <ele>622.160188</ele>
        <time>2026-07-24T11:54:00.528Z</time>
      </trkpt>
      <trkpt lat="47.912090" lon="9.769154">
        <ele>622.516549</ele>
        <time>2026-07-24T11:54:04.900Z</time>
      </trkpt>
      <trkpt lat="47.911830" lon="9.769546">
        <ele>623.043346</ele>
        <time>2026-07-24T11:54:10.581Z</time>
      </trkpt>
      <trkpt lat="47.911275" lon="9.770396">
        <ele>624.176880</ele>
        <time>2026-07-24T11:54:24.785Z</time>
      </trkpt>
      <trkpt lat="47.910404" lon="9.771641">
        <ele>624.746918</ele>
        <time>2026-07-24T11:54:42.477Z</time>
      </trkpt>
      <trkpt lat="47.909685" lon="9.772480">
        <ele>625.156815</ele>
        <time>2026-07-24T11:54:51.665Z</time>
      </trkpt>
      <trkpt lat="47.909638" lon="9.772535">
        <ele>625.192059</ele>
        <time>2026-07-24T11:54:52.334Z</time>
      </trkpt>
      <trkpt lat="47.908840" lon="9.773560">
        <ele>625.813348</ele>
        <time>2026-07-24T11:55:05.778Z</time>
      </trkpt>
      <trkpt lat="47.908727" lon="9.773746">
        <ele>625.912626</ele>
        <time>2026-07-24T11:55:08.173Z</time>
      </trkpt>
      <trkpt lat="47.908338" lon="9.774382">
        <ele>628.506505</ele>
        <time>2026-07-24T11:55:17.163Z</time>
      </trkpt>
      <trkpt lat="47.907983" lon="9.775027">
        <ele>633.114437</ele>
        <time>2026-07-24T11:55:35.300Z</time>
      </trkpt>
      <trkpt lat="47.907567" lon="9.775553">
        <ele>637.606199</ele>
        <time>2026-07-24T11:56:00.698Z</time>
      </trkpt>
      <trkpt lat="47.906528" lon="9.776579">
        <ele>645.156494</ele>
        <time>2026-07-24T11:57:10.254Z</time>
      </trkpt>
      <trkpt lat="47.905924" lon="9.777436">
        <ele>649.351971</ele>
        <time>2026-07-24T11:57:18.609Z</time>
      </trkpt>
      <trkpt lat="47.905519" lon="9.777933">
        <ele>648.570738</ele>
        <time>2026-07-24T11:57:22.425Z</time>
      </trkpt>
      <trkpt lat="47.905287" lon="9.778158">
        <ele>647.632902</ele>
        <time>2026-07-24T11:57:24.515Z</time>
      </trkpt>
      <trkpt lat="47.905022" lon="9.778350">
        <ele>646.634456</ele>
        <time>2026-07-24T11:57:26.701Z</time>
      </trkpt>
      <trkpt lat="47.904636" lon="9.778553">
        <ele>645.247337</ele>
        <time>2026-07-24T11:57:29.551Z</time>
      </trkpt>
      <trkpt lat="47.903804" lon="9.778894">
        <ele>646.173618</ele>
        <time>2026-07-24T11:57:48.270Z</time>
      </trkpt>
      <trkpt lat="47.903568" lon="9.779042">
        <ele>647.491931</ele>
        <time>2026-07-24T11:57:58.604Z</time>
      </trkpt>
      <trkpt lat="47.903372" lon="9.779195">
        <ele>648.631082</ele>
        <time>2026-07-24T11:58:06.614Z</time>
      </trkpt>
      <trkpt lat="47.903126" lon="9.779468">
        <ele>650.209980</ele>
        <time>2026-07-24T11:58:13.913Z</time>
      </trkpt>
      <trkpt lat="47.902565" lon="9.780371">
        <ele>655.164416</ele>
        <time>2026-07-24T11:58:40.091Z</time>
      </trkpt>
      <trkpt lat="47.902322" lon="9.780720">
        <ele>657.810131</ele>
        <time>2026-07-24T11:58:53.713Z</time>
      </trkpt>
      <trkpt lat="47.901615" lon="9.781569">
        <ele>664.928872</ele>
        <time>2026-07-24T11:59:35.416Z</time>
      </trkpt>
      <trkpt lat="47.901314" lon="9.781989">
        <ele>667.062006</ele>
        <time>2026-07-24T11:59:50.966Z</time>
      </trkpt>
      <trkpt lat="47.901074" lon="9.782477">
        <ele>666.525602</ele>
        <time>2026-07-24T11:59:55.344Z</time>
      </trkpt>
      <trkpt lat="47.900900" lon="9.783009">
        <ele>666.000977</ele>
        <time>2026-07-24T11:59:58.096Z</time>
      </trkpt>
      <trkpt lat="47.900823" lon="9.783363">
        <ele>665.671130</ele>
        <time>2026-07-24T11:59:59.870Z</time>
      </trkpt>
      <trkpt lat="47.900693" lon="9.784656">
        <ele>664.588246</ele>
        <time>2026-07-24T12:00:10.930Z</time>
      </trkpt>
      <trkpt lat="47.900620" lon="9.785005">
        <ele>664.338652</ele>
        <time>2026-07-24T12:00:15.303Z</time>
      </trkpt>
      <trkpt lat="47.900109" lon="9.786651">
        <ele>663.100266</ele>
        <time>2026-07-24T12:00:27.124Z</time>
      </trkpt>
      <trkpt lat="47.899915" lon="9.787277">
        <ele>662.806353</ele>
        <time>2026-07-24T12:00:30.614Z</time>
      </trkpt>
      <trkpt lat="47.899656" lon="9.787056">
        <ele>662.643321</ele>
        <time>2026-07-24T12:00:33.790Z</time>
      </trkpt>
      <trkpt lat="47.899333" lon="9.786851">
        <ele>662.451527</ele>
        <time>2026-07-24T12:00:36.696Z</time>
      </trkpt>
      <trkpt lat="47.898604" lon="9.786525">
        <ele>662.035699</ele>
        <time>2026-07-24T12:00:51.857Z</time>
      </trkpt>
      <trkpt lat="47.897158" lon="9.786044">
        <ele>663.811167</ele>
        <time>2026-07-24T12:01:14.538Z</time>
      </trkpt>
      <trkpt lat="47.896684" lon="9.785903">
        <ele>664.308332</ele>
        <time>2026-07-24T12:01:22.046Z</time>
      </trkpt>
      <trkpt lat="47.895531" lon="9.785683">
        <ele>665.037785</ele>
        <time>2026-07-24T12:01:37.834Z</time>
      </trkpt>
      <trkpt lat="47.894134" lon="9.785576">
        <ele>667.584554</ele>
        <time>2026-07-24T12:01:56.563Z</time>
      </trkpt>
      <trkpt lat="47.893376" lon="9.785588">
        <ele>669.442145</ele>
        <time>2026-07-24T12:02:16.135Z</time>
      </trkpt>
      <trkpt lat="47.890851" lon="9.785735">
        <ele>679.273003</ele>
        <time>2026-07-24T12:03:24.260Z</time>
      </trkpt>
      <trkpt lat="47.890283" lon="9.785736">
        <ele>680.365076</ele>
        <time>2026-07-24T12:03:36.293Z</time>
      </trkpt>
      <trkpt lat="47.889480" lon="9.785688">
        <ele>681.905814</ele>
        <time>2026-07-24T12:03:43.981Z</time>
      </trkpt>
      <trkpt lat="47.888698" lon="9.785598">
        <ele>683.394225</ele>
        <time>2026-07-24T12:03:50.517Z</time>
      </trkpt>
      <trkpt lat="47.887681" lon="9.785405">
        <ele>685.764796</ele>
        <time>2026-07-24T12:04:26.454Z</time>
      </trkpt>
      <trkpt lat="47.885814" lon="9.785074">
        <ele>693.981108</ele>
        <time>2026-07-24T12:05:07.507Z</time>
      </trkpt>
      <trkpt lat="47.885486" lon="9.785040">
        <ele>695.812935</ele>
        <time>2026-07-24T12:05:18.441Z</time>
      </trkpt>
      <trkpt lat="47.884703" lon="9.785063">
        <ele>700.176183</ele>
        <time>2026-07-24T12:05:57.956Z</time>
      </trkpt>
      <trkpt lat="47.884280" lon="9.785146">
        <ele>702.435968</ele>
        <time>2026-07-24T12:06:05.107Z</time>
      </trkpt>
      <trkpt lat="47.883918" lon="9.785408">
        <ele>699.143666</ele>
        <time>2026-07-24T12:06:08.089Z</time>
      </trkpt>
      <trkpt lat="47.883619" lon="9.785690">
        <ele>696.248993</ele>
        <time>2026-07-24T12:06:10.556Z</time>
      </trkpt>
      <trkpt lat="47.883354" lon="9.786062">
        <ele>693.271136</ele>
        <time>2026-07-24T12:06:12.951Z</time>
      </trkpt>
      <trkpt lat="47.883045" lon="9.786642">
        <ele>689.206604</ele>
        <time>2026-07-24T12:06:16.344Z</time>
      </trkpt>
      <trkpt lat="47.882828" lon="9.787432">
        <ele>686.528816</ele>
        <time>2026-07-24T12:06:20.527Z</time>
      </trkpt>
      <trkpt lat="47.882748" lon="9.787941">
        <ele>685.422000</ele>
        <time>2026-07-24T12:06:23.344Z</time>
      </trkpt>
      <trkpt lat="47.882655" lon="9.788808">
        <ele>683.563116</ele>
        <time>2026-07-24T12:06:28.522Z</time>
      </trkpt>
      <trkpt lat="47.882535" lon="9.789563">
        <ele>682.071685</ele>
        <time>2026-07-24T12:06:35.839Z</time>
      </trkpt>
      <trkpt lat="47.882415" lon="9.790039">
        <ele>681.847953</ele>
        <time>2026-07-24T12:06:39.318Z</time>
      </trkpt>
      <trkpt lat="47.882088" lon="9.790968">
        <ele>681.386347</ele>
        <time>2026-07-24T12:06:45.839Z</time>
      </trkpt>
      <trkpt lat="47.881897" lon="9.791359">
        <ele>681.173523</ele>
        <time>2026-07-24T12:06:49.158Z</time>
      </trkpt>
      <trkpt lat="47.881647" lon="9.791772">
        <ele>680.932096</ele>
        <time>2026-07-24T12:06:53.482Z</time>
      </trkpt>
      <trkpt lat="47.881375" lon="9.792134">
        <ele>680.993406</ele>
        <time>2026-07-24T12:06:58.227Z</time>
      </trkpt>
      <trkpt lat="47.880911" lon="9.792636">
        <ele>681.089809</ele>
        <time>2026-07-24T12:07:05.361Z</time>
      </trkpt>
      <trkpt lat="47.880282" lon="9.793198">
        <ele>681.213119</ele>
        <time>2026-07-24T12:07:14.586Z</time>
      </trkpt>
      <trkpt lat="47.879824" lon="9.793646">
        <ele>681.213535</ele>
        <time>2026-07-24T12:07:21.622Z</time>
      </trkpt>
      <trkpt lat="47.879652" lon="9.793858">
        <ele>681.202839</ele>
        <time>2026-07-24T12:07:24.296Z</time>
      </trkpt>
      <trkpt lat="47.879326" lon="9.794353">
        <ele>681.180538</ele>
        <time>2026-07-24T12:07:29.615Z</time>
      </trkpt>
      <trkpt lat="47.878987" lon="9.795000">
        <ele>681.154145</ele>
        <time>2026-07-24T12:07:35.619Z</time>
      </trkpt>
      <trkpt lat="47.878531" lon="9.795861">
        <ele>681.239305</ele>
        <time>2026-07-24T12:07:44.213Z</time>
      </trkpt>
      <trkpt lat="47.878337" lon="9.796130">
        <ele>681.279726</ele>
        <time>2026-07-24T12:07:47.092Z</time>
      </trkpt>
      <trkpt lat="47.878169" lon="9.796307">
        <ele>681.311113</ele>
        <time>2026-07-24T12:07:49.454Z</time>
      </trkpt>
      <trkpt lat="47.877496" lon="9.796878">
        <ele>681.439958</ele>
        <time>2026-07-24T12:07:59.897Z</time>
      </trkpt>
      <trkpt lat="47.877229" lon="9.797149">
        <ele>681.562848</ele>
        <time>2026-07-24T12:08:04.990Z</time>
      </trkpt>
      <trkpt lat="47.877043" lon="9.797385">
        <ele>681.655772</ele>
        <time>2026-07-24T12:08:08.831Z</time>
      </trkpt>
      <trkpt lat="47.876710" lon="9.798021">
        <ele>681.861667</ele>
        <time>2026-07-24T12:08:16.806Z</time>
      </trkpt>
      <trkpt lat="47.876158" lon="9.799386">
        <ele>681.907094</ele>
        <time>2026-07-24T12:08:28.009Z</time>
      </trkpt>
      <trkpt lat="47.875873" lon="9.799928">
        <ele>681.690850</ele>
        <time>2026-07-24T12:08:32.780Z</time>
      </trkpt>
      <trkpt lat="47.875460" lon="9.800510">
        <ele>681.424818</ele>
        <time>2026-07-24T12:08:39.474Z</time>
      </trkpt>
      <trkpt lat="47.875000" lon="9.800963">
        <ele>681.223471</ele>
        <time>2026-07-24T12:08:44.823Z</time>
      </trkpt>
      <trkpt lat="47.874112" lon="9.801659">
        <ele>681.026557</ele>
        <time>2026-07-24T12:08:56.397Z</time>
      </trkpt>
      <trkpt lat="47.873818" lon="9.801926">
        <ele>680.958988</ele>
        <time>2026-07-24T12:09:00.420Z</time>
      </trkpt>
      <trkpt lat="47.873279" lon="9.802494">
        <ele>681.326307</ele>
        <time>2026-07-24T12:09:08.028Z</time>
      </trkpt>
      <trkpt lat="47.872876" lon="9.802881">
        <ele>681.802610</ele>
        <time>2026-07-24T12:09:14.987Z</time>
      </trkpt>
      <trkpt lat="47.871844" lon="9.803721">
        <ele>682.783802</ele>
        <time>2026-07-24T12:09:33.040Z</time>
      </trkpt>
      <trkpt lat="47.871709" lon="9.803857">
        <ele>682.834489</ele>
        <time>2026-07-24T12:09:37.698Z</time>
      </trkpt>
      <trkpt lat="47.871602" lon="9.803966">
        <ele>682.874805</ele>
        <time>2026-07-24T12:09:42.224Z</time>
      </trkpt>
      <trkpt lat="47.871466" lon="9.804175">
        <ele>682.935568</ele>
        <time>2026-07-24T12:09:48.219Z</time>
      </trkpt>
      <trkpt lat="47.871290" lon="9.804557">
        <ele>683.032275</ele>
        <time>2026-07-24T12:09:54.722Z</time>
      </trkpt>
      <trkpt lat="47.871218" lon="9.804795">
        <ele>683.086757</ele>
        <time>2026-07-24T12:09:56.681Z</time>
      </trkpt>
      <trkpt lat="47.871194" lon="9.804862">
        <ele>683.102607</ele>
        <time>2026-07-24T12:09:57.127Z</time>
      </trkpt>
      <trkpt lat="47.871075" lon="9.805197">
        <ele>683.181712</ele>
        <time>2026-07-24T12:09:59.130Z</time>
      </trkpt>
      <trkpt lat="47.870908" lon="9.805496">
        <ele>683.213442</ele>
        <time>2026-07-24T12:10:01.046Z</time>
      </trkpt>
      <trkpt lat="47.870735" lon="9.805717">
        <ele>682.559474</ele>
        <time>2026-07-24T12:10:02.683Z</time>
      </trkpt>
      <trkpt lat="47.870634" lon="9.805907">
        <ele>682.092685</ele>
        <time>2026-07-24T12:10:03.841Z</time>
      </trkpt>
      <trkpt lat="47.870616" lon="9.806086">
        <ele>681.744169</ele>
        <time>2026-07-24T12:10:04.760Z</time>
      </trkpt>
      <trkpt lat="47.870605" lon="9.806191">
        <ele>681.539541</ele>
        <time>2026-07-24T12:10:05.336Z</time>
      </trkpt>
      <trkpt lat="47.870659" lon="9.806513">
        <ele>680.900449</ele>
        <time>2026-07-24T12:10:07.194Z</time>
      </trkpt>
      <trkpt lat="47.870654" lon="9.806680">
        <ele>680.578570</ele>
        <time>2026-07-24T12:10:08.074Z</time>
      </trkpt>
      <trkpt lat="47.870605" lon="9.806829">
        <ele>680.259049</ele>
        <time>2026-07-24T12:10:08.959Z</time>
      </trkpt>
      <trkpt lat="47.870540" lon="9.806911">
        <ele>680.014629</ele>
        <time>2026-07-24T12:10:09.683Z</time>
      </trkpt>
      <trkpt lat="47.870045" lon="9.807182">
        <ele>678.500981</ele>
        <time>2026-07-24T12:10:14.617Z</time>
      </trkpt>
      <trkpt lat="47.869584" lon="9.807461">
        <ele>678.027947</ele>
        <time>2026-07-24T12:10:22.078Z</time>
      </trkpt>
      <trkpt lat="47.869025" lon="9.807823">
        <ele>677.912867</ele>
        <time>2026-07-24T12:10:30.252Z</time>
      </trkpt>
      <trkpt lat="47.868755" lon="9.808047">
        <ele>677.854522</ele>
        <time>2026-07-24T12:10:33.094Z</time>
      </trkpt>
      <trkpt lat="47.868618" lon="9.808202">
        <ele>677.822047</ele>
        <time>2026-07-24T12:10:34.497Z</time>
      </trkpt>
      <trkpt lat="47.868585" lon="9.808243">
        <ele>677.813935</ele>
        <time>2026-07-24T12:10:34.874Z</time>
      </trkpt>
      <trkpt lat="47.867842" lon="9.809216">
        <ele>678.605961</ele>
        <time>2026-07-24T12:10:48.275Z</time>
      </trkpt>
      <trkpt lat="47.867241" lon="9.809842">
        <ele>679.522936</ele>
        <time>2026-07-24T12:11:03.280Z</time>
      </trkpt>
      <trkpt lat="47.867060" lon="9.810082">
        <ele>679.825907</ele>
        <time>2026-07-24T12:11:06.329Z</time>
      </trkpt>
      <trkpt lat="47.866861" lon="9.810390">
        <ele>680.122192</ele>
        <time>2026-07-24T12:11:10.463Z</time>
      </trkpt>
      <trkpt lat="47.866645" lon="9.810798">
        <ele>680.406519</ele>
        <time>2026-07-24T12:11:16.783Z</time>
      </trkpt>
      <trkpt lat="47.866469" lon="9.811200">
        <ele>680.669124</ele>
        <time>2026-07-24T12:11:20.964Z</time>
      </trkpt>
      <trkpt lat="47.866311" lon="9.811583">
        <ele>680.915091</ele>
        <time>2026-07-24T12:11:24.821Z</time>
      </trkpt>
      <trkpt lat="47.865773" lon="9.813085">
        <ele>682.827800</ele>
        <time>2026-07-24T12:11:40.017Z</time>
      </trkpt>
      <trkpt lat="47.865300" lon="9.814145">
        <ele>685.347808</ele>
        <time>2026-07-24T12:12:00.081Z</time>
      </trkpt>
      <trkpt lat="47.865005" lon="9.814709">
        <ele>686.763461</ele>
        <time>2026-07-24T12:12:13.703Z</time>
      </trkpt>
      <trkpt lat="47.864521" lon="9.815420">
        <ele>686.624444</ele>
        <time>2026-07-24T12:12:29.961Z</time>
      </trkpt>
      <trkpt lat="47.864502" lon="9.815448">
        <ele>686.618324</ele>
        <time>2026-07-24T12:12:30.267Z</time>
      </trkpt>
      <trkpt lat="47.864337" lon="9.815690">
        <ele>686.565305</ele>
        <time>2026-07-24T12:12:32.247Z</time>
      </trkpt>
      <trkpt lat="47.864267" lon="9.815799">
        <ele>686.542119</ele>
        <time>2026-07-24T12:12:33.109Z</time>
      </trkpt>
      <trkpt lat="47.863985" lon="9.816234">
        <ele>686.449168</ele>
        <time>2026-07-24T12:12:36.176Z</time>
      </trkpt>
      <trkpt lat="47.863439" lon="9.817076">
        <ele>685.821418</ele>
        <time>2026-07-24T12:12:43.012Z</time>
      </trkpt>
      <trkpt lat="47.862127" lon="9.819325">
        <ele>684.112752</ele>
        <time>2026-07-24T12:13:02.989Z</time>
      </trkpt>
      <trkpt lat="47.861560" lon="9.820383">
        <ele>684.179375</ele>
        <time>2026-07-24T12:13:16.053Z</time>
      </trkpt>
      <trkpt lat="47.860779" lon="9.821965">
        <ele>683.149162</ele>
        <time>2026-07-24T12:13:32.642Z</time>
      </trkpt>
      <trkpt lat="47.860492" lon="9.822736">
        <ele>682.560717</ele>
        <time>2026-07-24T12:13:37.859Z</time>
      </trkpt>
      <trkpt lat="47.860329" lon="9.823451">
        <ele>680.857448</ele>
        <time>2026-07-24T12:13:41.887Z</time>
      </trkpt>
      <trkpt lat="47.860259" lon="9.823911">
        <ele>679.472459</ele>
        <time>2026-07-24T12:13:44.344Z</time>
      </trkpt>
      <trkpt lat="47.860160" lon="9.824977">
        <ele>676.312547</ele>
        <time>2026-07-24T12:13:49.471Z</time>
      </trkpt>
      <trkpt lat="47.860072" lon="9.825437">
        <ele>674.908027</ele>
        <time>2026-07-24T12:13:52.035Z</time>
      </trkpt>
      <trkpt lat="47.859941" lon="9.825894">
        <ele>674.550105</ele>
        <time>2026-07-24T12:13:55.964Z</time>
      </trkpt>
      <trkpt lat="47.859798" lon="9.826293">
        <ele>674.564840</ele>
        <time>2026-07-24T12:14:00.132Z</time>
      </trkpt>
      <trkpt lat="47.859212" lon="9.827509">
        <ele>674.613605</ele>
        <time>2026-07-24T12:14:17.520Z</time>
      </trkpt>
      <trkpt lat="47.859012" lon="9.827989">
        <ele>674.670373</ele>
        <time>2026-07-24T12:14:21.043Z</time>
      </trkpt>
      <trkpt lat="47.858835" lon="9.828553">
        <ele>674.807321</ele>
        <time>2026-07-24T12:14:24.740Z</time>
      </trkpt>
      <trkpt lat="47.858698" lon="9.829147">
        <ele>674.945472</ele>
        <time>2026-07-24T12:14:29.362Z</time>
      </trkpt>
      <trkpt lat="47.858492" lon="9.830215">
        <ele>675.189890</ele>
        <time>2026-07-24T12:14:43.130Z</time>
      </trkpt>
      <trkpt lat="47.858361" lon="9.830773">
        <ele>675.972001</ele>
        <time>2026-07-24T12:14:48.584Z</time>
      </trkpt>
      <trkpt lat="47.858201" lon="9.831316">
        <ele>676.912795</ele>
        <time>2026-07-24T12:14:54.130Z</time>
      </trkpt>
      <trkpt lat="47.858029" lon="9.831780">
        <ele>677.753730</ele>
        <time>2026-07-24T12:15:00.520Z</time>
      </trkpt>
      <trkpt lat="47.857279" lon="9.833494">
        <ele>680.619701</ele>
        <time>2026-07-24T12:15:34.265Z</time>
      </trkpt>
      <trkpt lat="47.856883" lon="9.834583">
        <ele>682.097185</ele>
        <time>2026-07-24T12:15:46.869Z</time>
      </trkpt>
      <trkpt lat="47.856506" lon="9.835729">
        <ele>682.623278</ele>
        <time>2026-07-24T12:15:56.138Z</time>
      </trkpt>
      <trkpt lat="47.856054" lon="9.837235">
        <ele>682.537365</ele>
        <time>2026-07-24T12:16:08.250Z</time>
      </trkpt>
      <trkpt lat="47.855931" lon="9.837535">
        <ele>682.670246</ele>
        <time>2026-07-24T12:16:11.341Z</time>
      </trkpt>
      <trkpt lat="47.855651" lon="9.837998">
        <ele>683.415792</ele>
        <time>2026-07-24T12:16:17.551Z</time>
      </trkpt>
      <trkpt lat="47.855325" lon="9.838285">
        <ele>684.090747</ele>
        <time>2026-07-24T12:16:24.150Z</time>
      </trkpt>
      <trkpt lat="47.854879" lon="9.838522">
        <ele>684.934823</ele>
        <time>2026-07-24T12:16:33.428Z</time>
      </trkpt>
      <trkpt lat="47.854690" lon="9.838575">
        <ele>685.277651</ele>
        <time>2026-07-24T12:16:37.713Z</time>
      </trkpt>
      <trkpt lat="47.854570" lon="9.838574">
        <ele>685.491568</ele>
        <time>2026-07-24T12:16:40.255Z</time>
      </trkpt>
      <trkpt lat="47.854429" lon="9.839161">
        <ele>686.350511</ele>
        <time>2026-07-24T12:16:48.801Z</time>
      </trkpt>
      <trkpt lat="47.854365" lon="9.839548">
        <ele>686.933970</ele>
        <time>2026-07-24T12:16:54.224Z</time>
      </trkpt>
      <trkpt lat="47.854380" lon="9.839892">
        <ele>687.438594</ele>
        <time>2026-07-24T12:16:56.933Z</time>
      </trkpt>
      <trkpt lat="47.854615" lon="9.840867">
        <ele>688.955117</ele>
        <time>2026-07-24T12:17:11.938Z</time>
      </trkpt>
      <trkpt lat="47.854625" lon="9.840998">
        <ele>689.148117</ele>
        <time>2026-07-24T12:17:13.989Z</time>
      </trkpt>
      <trkpt lat="47.854631" lon="9.841276">
        <ele>689.555273</ele>
        <time>2026-07-24T12:17:17.994Z</time>
      </trkpt>
      <trkpt lat="47.854559" lon="9.841608">
        <ele>689.837451</ele>
        <time>2026-07-24T12:17:21.012Z</time>
      </trkpt>
      <trkpt lat="47.854387" lon="9.842158">
        <ele>690.231211</ele>
        <time>2026-07-24T12:17:25.120Z</time>
      </trkpt>
      <trkpt lat="47.854265" lon="9.842502">
        <ele>690.483699</ele>
        <time>2026-07-24T12:17:30.765Z</time>
      </trkpt>
      <trkpt lat="47.854157" lon="9.842696">
        <ele>690.647274</ele>
        <time>2026-07-24T12:17:34.163Z</time>
      </trkpt>
      <trkpt lat="47.854024" lon="9.842778">
        <ele>690.786466</ele>
        <time>2026-07-24T12:17:36.486Z</time>
      </trkpt>
      <trkpt lat="47.853903" lon="9.842768">
        <ele>690.903660</ele>
        <time>2026-07-24T12:17:38.012Z</time>
      </trkpt>
      <trkpt lat="47.853681" lon="9.842645">
        <ele>691.132706</ele>
        <time>2026-07-24T12:17:40.777Z</time>
      </trkpt>
      <trkpt lat="47.853330" lon="9.842451">
        <ele>691.479130</ele>
        <time>2026-07-24T12:17:44.602Z</time>
      </trkpt>
      <trkpt lat="47.853223" lon="9.842438">
        <ele>691.566726</ele>
        <time>2026-07-24T12:17:45.811Z</time>
      </trkpt>
      <trkpt lat="47.853130" lon="9.842488">
        <ele>691.647397</ele>
        <time>2026-07-24T12:17:47.158Z</time>
      </trkpt>
      <trkpt lat="47.853060" lon="9.842603">
        <ele>691.732409</ele>
        <time>2026-07-24T12:17:48.767Z</time>
      </trkpt>
      <trkpt lat="47.852902" lon="9.843019">
        <ele>691.994136</ele>
        <time>2026-07-24T12:17:53.877Z</time>
      </trkpt>
      <trkpt lat="47.852797" lon="9.843273">
        <ele>692.157482</ele>
        <time>2026-07-24T12:17:56.691Z</time>
      </trkpt>
      <trkpt lat="47.852711" lon="9.843382">
        <ele>692.249601</ele>
        <time>2026-07-24T12:17:58.234Z</time>
      </trkpt>
      <trkpt lat="47.852605" lon="9.843509">
        <ele>692.360579</ele>
        <time>2026-07-24T12:18:00.405Z</time>
      </trkpt>
      <trkpt lat="47.852464" lon="9.843677">
        <ele>692.507881</ele>
        <time>2026-07-24T12:18:03.486Z</time>
      </trkpt>
      <trkpt lat="47.851987" lon="9.844248">
        <ele>693.726369</ele>
        <time>2026-07-24T12:18:11.711Z</time>
      </trkpt>
      <trkpt lat="47.851831" lon="9.844463">
        <ele>694.761823</ele>
        <time>2026-07-24T12:18:15.140Z</time>
      </trkpt>
      <trkpt lat="47.851520" lon="9.844897">
        <ele>696.838079</ele>
        <time>2026-07-24T12:18:25.189Z</time>
      </trkpt>
      <trkpt lat="47.851297" lon="9.845406">
        <ele>698.825858</ele>
        <time>2026-07-24T12:18:37.958Z</time>
      </trkpt>
      <trkpt lat="47.851193" lon="9.845758">
        <ele>700.083544</ele>
        <time>2026-07-24T12:18:45.869Z</time>
      </trkpt>
      <trkpt lat="47.851067" lon="9.846339">
        <ele>702.256654</ele>
        <time>2026-07-24T12:19:04.200Z</time>
      </trkpt>
      <trkpt lat="47.850910" lon="9.846964">
        <ele>705.289032</ele>
        <time>2026-07-24T12:19:19.726Z</time>
      </trkpt>
      <trkpt lat="47.850888" lon="9.847041">
        <ele>705.669304</ele>
        <time>2026-07-24T12:19:21.768Z</time>
      </trkpt>
      <trkpt lat="47.850771" lon="9.847445">
        <ele>707.668691</ele>
        <time>2026-07-24T12:19:32.760Z</time>
      </trkpt>
      <trkpt lat="47.850417" lon="9.848930">
        <ele>714.440644</ele>
        <time>2026-07-24T12:20:04.369Z</time>
      </trkpt>
      <trkpt lat="47.850319" lon="9.849464">
        <ele>716.000299</ele>
        <time>2026-07-24T12:20:16.486Z</time>
      </trkpt>
      <trkpt lat="47.850232" lon="9.850084">
        <ele>717.784777</ele>
        <time>2026-07-24T12:20:27.272Z</time>
      </trkpt>
      <trkpt lat="47.850205" lon="9.850471">
        <ele>718.880933</ele>
        <time>2026-07-24T12:20:33.404Z</time>
      </trkpt>
      <trkpt lat="47.849797" lon="9.850645">
        <ele>720.662547</ele>
        <time>2026-07-24T12:20:40.247Z</time>
      </trkpt>
      <trkpt lat="47.849455" lon="9.850743">
        <ele>722.257847</ele>
        <time>2026-07-24T12:20:47.943Z</time>
      </trkpt>
      <trkpt lat="47.849151" lon="9.850883">
        <ele>723.825528</ele>
        <time>2026-07-24T12:20:55.967Z</time>
      </trkpt>
      <trkpt lat="47.848798" lon="9.851257">
        <ele>725.959535</ele>
        <time>2026-07-24T12:21:11.646Z</time>
      </trkpt>
      <trkpt lat="47.848472" lon="9.851734">
        <ele>728.210586</ele>
        <time>2026-07-24T12:21:28.379Z</time>
      </trkpt>
      <trkpt lat="47.848067" lon="9.852618">
        <ele>730.443977</ele>
        <time>2026-07-24T12:21:43.354Z</time>
      </trkpt>
      <trkpt lat="47.847376" lon="9.853736">
        <ele>731.182832</ele>
        <time>2026-07-24T12:21:58.803Z</time>
      </trkpt>
      <trkpt lat="47.846892" lon="9.854430">
        <ele>730.979504</ele>
        <time>2026-07-24T12:22:05.201Z</time>
      </trkpt>
      <trkpt lat="47.846729" lon="9.854788">
        <ele>730.206766</ele>
        <time>2026-07-24T12:22:07.454Z</time>
      </trkpt>
      <trkpt lat="47.846387" lon="9.856111">
        <ele>727.674354</ele>
        <time>2026-07-24T12:22:14.773Z</time>
      </trkpt>
      <trkpt lat="47.846344" lon="9.857435">
        <ele>726.545051</ele>
        <time>2026-07-24T12:22:24.838Z</time>
      </trkpt>
      <trkpt lat="47.846257" lon="9.857858">
        <ele>726.440148</ele>
        <time>2026-07-24T12:22:28.877Z</time>
      </trkpt>
      <trkpt lat="47.846128" lon="9.858308">
        <ele>726.324120</ele>
        <time>2026-07-24T12:22:33.869Z</time>
      </trkpt>
      <trkpt lat="47.845997" lon="9.858614">
        <ele>726.238057</ele>
        <time>2026-07-24T12:22:37.152Z</time>
      </trkpt>
      <trkpt lat="47.845509" lon="9.859385">
        <ele>725.191643</ele>
        <time>2026-07-24T12:22:44.127Z</time>
      </trkpt>
      <trkpt lat="47.845403" lon="9.859703">
        <ele>724.511712</ele>
        <time>2026-07-24T12:22:45.920Z</time>
      </trkpt>
      <trkpt lat="47.845396" lon="9.859935">
        <ele>724.066992</ele>
        <time>2026-07-24T12:22:47.226Z</time>
      </trkpt>
      <trkpt lat="47.845532" lon="9.860623">
        <ele>722.693541</ele>
        <time>2026-07-24T12:22:51.306Z</time>
      </trkpt>
      <trkpt lat="47.845543" lon="9.860823">
        <ele>722.309266</ele>
        <time>2026-07-24T12:22:52.443Z</time>
      </trkpt>
      <trkpt lat="47.845514" lon="9.861078">
        <ele>721.813991</ele>
        <time>2026-07-24T12:22:53.882Z</time>
      </trkpt>
      <trkpt lat="47.845420" lon="9.861284">
        <ele>721.336966</ele>
        <time>2026-07-24T12:22:55.257Z</time>
      </trkpt>
      <trkpt lat="47.845140" lon="9.861541">
        <ele>719.742219</ele>
        <time>2026-07-24T12:22:58.073Z</time>
      </trkpt>
      <trkpt lat="47.844830" lon="9.861699">
        <ele>717.727799</ele>
        <time>2026-07-24T12:23:00.370Z</time>
      </trkpt>
      <trkpt lat="47.844454" lon="9.861974">
        <ele>715.152519</ele>
        <time>2026-07-24T12:23:03.288Z</time>
      </trkpt>
      <trkpt lat="47.844226" lon="9.862238">
        <ele>713.377163</ele>
        <time>2026-07-24T12:23:05.426Z</time>
      </trkpt>
      <trkpt lat="47.844081" lon="9.862524">
        <ele>711.898108</ele>
        <time>2026-07-24T12:23:07.247Z</time>
      </trkpt>
      <trkpt lat="47.843726" lon="9.863352">
        <ele>708.259085</ele>
        <time>2026-07-24T12:23:12.096Z</time>
      </trkpt>
      <trkpt lat="47.843473" lon="9.863802">
        <ele>706.324072</ele>
        <time>2026-07-24T12:23:14.926Z</time>
      </trkpt>
      <trkpt lat="47.843174" lon="9.864329">
        <ele>704.049383</ele>
        <time>2026-07-24T12:23:19.512Z</time>
      </trkpt>
      <trkpt lat="47.842483" lon="9.864959">
        <ele>700.490310</ele>
        <time>2026-07-24T12:23:25.384Z</time>
      </trkpt>
      <trkpt lat="47.842095" lon="9.865448">
        <ele>699.037802</ele>
        <time>2026-07-24T12:23:29.364Z</time>
      </trkpt>
      <trkpt lat="47.841954" lon="9.865744">
        <ele>698.341498</ele>
        <time>2026-07-24T12:23:31.479Z</time>
      </trkpt>
      <trkpt lat="47.841184" lon="9.867697">
        <ele>693.216817</ele>
        <time>2026-07-24T12:23:46.056Z</time>
      </trkpt>
      <trkpt lat="47.840874" lon="9.868173">
        <ele>691.432471</ele>
        <time>2026-07-24T12:23:49.303Z</time>
      </trkpt>
      <trkpt lat="47.840641" lon="9.868517">
        <ele>690.117659</ele>
        <time>2026-07-24T12:23:51.640Z</time>
      </trkpt>
      <trkpt lat="47.840250" lon="9.869318">
        <ele>687.966720</ele>
        <time>2026-07-24T12:23:56.686Z</time>
      </trkpt>
      <trkpt lat="47.840101" lon="9.869837">
        <ele>687.061753</ele>
        <time>2026-07-24T12:23:59.836Z</time>
      </trkpt>
      <trkpt lat="47.839566" lon="9.872172">
        <ele>683.335928</ele>
        <time>2026-07-24T12:24:15.653Z</time>
      </trkpt>
      <trkpt lat="47.839272" lon="9.872806">
        <ele>682.315209</ele>
        <time>2026-07-24T12:24:20.517Z</time>
      </trkpt>
      <trkpt lat="47.838562" lon="9.873929">
        <ele>680.587998</ele>
        <time>2026-07-24T12:24:28.971Z</time>
      </trkpt>
      <trkpt lat="47.838493" lon="9.873884">
        <ele>680.516826</ele>
        <time>2026-07-24T12:24:29.846Z</time>
      </trkpt>
      <trkpt lat="47.838141" lon="9.873969">
        <ele>680.179881</ele>
        <time>2026-07-24T12:24:34.094Z</time>
      </trkpt>
      <trkpt lat="47.836191" lon="9.874560">
        <ele>679.963465</ele>
        <time>2026-07-24T12:25:09.392Z</time>
      </trkpt>
      <trkpt lat="47.836033" lon="9.874582">
        <ele>680.097208</ele>
        <time>2026-07-24T12:25:12.887Z</time>
      </trkpt>
      <trkpt lat="47.835699" lon="9.874516">
        <ele>680.381169</ele>
        <time>2026-07-24T12:25:20.175Z</time>
      </trkpt>
      <trkpt lat="47.835470" lon="9.874569">
        <ele>680.576485</ele>
        <time>2026-07-24T12:25:24.984Z</time>
      </trkpt>
      <trkpt lat="47.835325" lon="9.874692">
        <ele>680.656981</ele>
        <time>2026-07-24T12:25:28.357Z</time>
      </trkpt>
      <trkpt lat="47.835254" lon="9.874803">
        <ele>680.508544</ele>
        <time>2026-07-24T12:25:30.217Z</time>
      </trkpt>
      <trkpt lat="47.835086" lon="9.875015">
        <ele>680.191005</ele>
        <time>2026-07-24T12:25:33.408Z</time>
      </trkpt>
      <trkpt lat="47.835027" lon="9.875030">
        <ele>680.104683</ele>
        <time>2026-07-24T12:25:34.245Z</time>
      </trkpt>
      <trkpt lat="47.834972" lon="9.874973">
        <ele>680.008053</ele>
        <time>2026-07-24T12:25:35.388Z</time>
      </trkpt>
      <trkpt lat="47.834852" lon="9.875174">
        <ele>679.747632</ele>
        <time>2026-07-24T12:25:39.538Z</time>
      </trkpt>
      <trkpt lat="47.834777" lon="9.875362">
        <ele>679.535908</ele>
        <time>2026-07-24T12:25:41.844Z</time>
      </trkpt>
      <trkpt lat="47.834489" lon="9.875808">
        <ele>678.936770</ele>
        <time>2026-07-24T12:25:46.385Z</time>
      </trkpt>
      <trkpt lat="47.834563" lon="9.875930">
        <ele>678.777582</ele>
        <time>2026-07-24T12:25:47.599Z</time>
      </trkpt>
      <trkpt lat="47.834457" lon="9.876071">
        <ele>678.572630</ele>
        <time>2026-07-24T12:25:49.135Z</time>
      </trkpt>
      <trkpt lat="47.834443" lon="9.876089">
        <ele>678.545958</ele>
        <time>2026-07-24T12:25:49.324Z</time>
      </trkpt>
      <trkpt lat="47.834438" lon="9.876904">
        <ele>678.060872</ele>
        <time>2026-07-24T12:25:56.069Z</time>
      </trkpt>
      <trkpt lat="47.834515" lon="9.877184">
        <ele>678.026807</ele>
        <time>2026-07-24T12:25:58.880Z</time>
      </trkpt>
      <trkpt lat="47.834761" lon="9.877748">
        <ele>677.951085</ele>
        <time>2026-07-24T12:26:05.558Z</time>
      </trkpt>
      <trkpt lat="47.834853" lon="9.877956">
        <ele>677.923042</ele>
        <time>2026-07-24T12:26:08.709Z</time>
      </trkpt>
      <trkpt lat="47.835101" lon="9.879125">
        <ele>677.842542</ele>
        <time>2026-07-24T12:26:26.227Z</time>
      </trkpt>
      <trkpt lat="47.835119" lon="9.879347">
        <ele>677.919362</ele>
        <time>2026-07-24T12:26:29.581Z</time>
      </trkpt>
      <trkpt lat="47.835098" lon="9.879592">
        <ele>678.004213</ele>
        <time>2026-07-24T12:26:32.484Z</time>
      </trkpt>
      <trkpt lat="47.834910" lon="9.880673">
        <ele>678.387841</ele>
        <time>2026-07-24T12:26:41.921Z</time>
      </trkpt>
      <trkpt lat="47.834874" lon="9.881456">
        <ele>678.657463</ele>
        <time>2026-07-24T12:26:54.819Z</time>
      </trkpt>
      <trkpt lat="47.834815" lon="9.881726">
        <ele>678.795608</ele>
        <time>2026-07-24T12:26:59.382Z</time>
      </trkpt>
      <trkpt lat="47.834791" lon="9.882121">
        <ele>679.088620</ele>
        <time>2026-07-24T12:27:04.227Z</time>
      </trkpt>
      <trkpt lat="47.834847" lon="9.882494">
        <ele>679.370993</ele>
        <time>2026-07-24T12:27:08.984Z</time>
      </trkpt>
      <trkpt lat="47.834864" lon="9.882884">
        <ele>679.659725</ele>
        <time>2026-07-24T12:27:14.092Z</time>
      </trkpt>
      <trkpt lat="47.834826" lon="9.883456">
        <ele>680.084372</ele>
        <time>2026-07-24T12:27:20.956Z</time>
      </trkpt>
      <trkpt lat="47.834748" lon="9.883776">
        <ele>680.335886</ele>
        <time>2026-07-24T12:27:24.265Z</time>
      </trkpt>
      <trkpt lat="47.834809" lon="9.884264">
        <ele>680.694879</ele>
        <time>2026-07-24T12:27:27.729Z</time>
      </trkpt>
      <trkpt lat="47.834840" lon="9.884744">
        <ele>680.228815</ele>
        <time>2026-07-24T12:27:30.512Z</time>
      </trkpt>
      <trkpt lat="47.834999" lon="9.885560">
        <ele>679.407593</ele>
        <time>2026-07-24T12:27:35.153Z</time>
      </trkpt>
      <trkpt lat="47.835307" lon="9.886864">
        <ele>678.200201</ele>
        <time>2026-07-24T12:27:43.579Z</time>
      </trkpt>
      <trkpt lat="47.835595" lon="9.887645">
        <ele>680.254173</ele>
        <time>2026-07-24T12:27:54.413Z</time>
      </trkpt>
      <trkpt lat="47.835712" lon="9.888010">
        <ele>681.186506</ele>
        <time>2026-07-24T12:28:02.375Z</time>
      </trkpt>
      <trkpt lat="47.835744" lon="9.888204">
        <ele>681.646979</ele>
        <time>2026-07-24T12:28:06.487Z</time>
      </trkpt>
      <trkpt lat="47.835802" lon="9.888850">
        <ele>683.149270</ele>
        <time>2026-07-24T12:28:20.474Z</time>
      </trkpt>
      <trkpt lat="47.835789" lon="9.889154">
        <ele>683.851410</ele>
        <time>2026-07-24T12:28:26.640Z</time>
      </trkpt>
      <trkpt lat="47.835748" lon="9.889344">
        <ele>684.280804</ele>
        <time>2026-07-24T12:28:30.099Z</time>
      </trkpt>
      <trkpt lat="47.835455" lon="9.890289">
        <ele>683.810689</ele>
        <time>2026-07-24T12:28:42.778Z</time>
      </trkpt>
      <trkpt lat="47.835248" lon="9.891395">
        <ele>683.292134</ele>
        <time>2026-07-24T12:28:49.290Z</time>
      </trkpt>
      <trkpt lat="47.835227" lon="9.891619">
        <ele>683.189987</ele>
        <time>2026-07-24T12:28:50.492Z</time>
      </trkpt>
      <trkpt lat="47.835257" lon="9.891918">
        <ele>682.935680</ele>
        <time>2026-07-24T12:28:52.066Z</time>
      </trkpt>
      <trkpt lat="47.835415" lon="9.892674">
        <ele>680.684184</ele>
        <time>2026-07-24T12:28:56.135Z</time>
      </trkpt>
      <trkpt lat="47.835552" lon="9.893619">
        <ele>677.935095</ele>
        <time>2026-07-24T12:29:01.114Z</time>
      </trkpt>
      <trkpt lat="47.835661" lon="9.894426">
        <ele>675.594380</ele>
        <time>2026-07-24T12:29:05.550Z</time>
      </trkpt>
      <trkpt lat="47.835672" lon="9.894886">
        <ele>674.259659</ele>
        <time>2026-07-24T12:29:07.879Z</time>
      </trkpt>
      <trkpt lat="47.835551" lon="9.895781">
        <ele>671.606243</ele>
        <time>2026-07-24T12:29:12.430Z</time>
      </trkpt>
      <trkpt lat="47.835451" lon="9.896793">
        <ele>668.633312</ele>
        <time>2026-07-24T12:29:17.691Z</time>
      </trkpt>
      <trkpt lat="47.835347" lon="9.897271">
        <ele>667.261954</ele>
        <time>2026-07-24T12:29:20.592Z</time>
      </trkpt>
      <trkpt lat="47.835276" lon="9.897539">
        <ele>666.574903</ele>
        <time>2026-07-24T12:29:22.306Z</time>
      </trkpt>
      <trkpt lat="47.835131" lon="9.897876">
        <ele>665.620369</ele>
        <time>2026-07-24T12:29:24.568Z</time>
      </trkpt>
      <trkpt lat="47.835013" lon="9.898021">
        <ele>665.076975</ele>
        <time>2026-07-24T12:29:25.787Z</time>
      </trkpt>
      <trkpt lat="47.834890" lon="9.898108">
        <ele>664.593275</ele>
        <time>2026-07-24T12:29:26.838Z</time>
      </trkpt>
      <trkpt lat="47.834811" lon="9.898283">
        <ele>664.090373</ele>
        <time>2026-07-24T12:29:27.931Z</time>
      </trkpt>
      <trkpt lat="47.834502" lon="9.898880">
        <ele>662.292681</ele>
        <time>2026-07-24T12:29:31.640Z</time>
      </trkpt>
      <trkpt lat="47.834433" lon="9.899150">
        <ele>661.603742</ele>
        <time>2026-07-24T12:29:33.084Z</time>
      </trkpt>
      <trkpt lat="47.834419" lon="9.899170">
        <ele>661.534835</ele>
        <time>2026-07-24T12:29:33.236Z</time>
      </trkpt>
      <trkpt lat="47.834119" lon="9.900117">
        <ele>660.305438</ele>
        <time>2026-07-24T12:29:42.045Z</time>
      </trkpt>
      <trkpt lat="47.833946" lon="9.900332">
        <ele>659.957718</ele>
        <time>2026-07-24T12:29:44.137Z</time>
      </trkpt>
      <trkpt lat="47.833928" lon="9.900379">
        <ele>659.901657</ele>
        <time>2026-07-24T12:29:44.477Z</time>
      </trkpt>
      <trkpt lat="47.833883" lon="9.900672">
        <ele>659.590252</ele>
        <time>2026-07-24T12:29:46.361Z</time>
      </trkpt>
      <trkpt lat="47.833854" lon="9.901083">
        <ele>659.162092</ele>
        <time>2026-07-24T12:29:48.642Z</time>
      </trkpt>
      <trkpt lat="47.833874" lon="9.901868">
        <ele>658.473272</ele>
        <time>2026-07-24T12:29:53.670Z</time>
      </trkpt>
      <trkpt lat="47.833854" lon="9.902140">
        <ele>658.418342</ele>
        <time>2026-07-24T12:29:55.423Z</time>
      </trkpt>
      <trkpt lat="47.833771" lon="9.902377">
        <ele>658.364680</ele>
        <time>2026-07-24T12:29:57.229Z</time>
      </trkpt>
      <trkpt lat="47.833559" lon="9.902708">
        <ele>658.272839</ele>
        <time>2026-07-24T12:30:00.441Z</time>
      </trkpt>
      <trkpt lat="47.833375" lon="9.903131">
        <ele>658.171652</ele>
        <time>2026-07-24T12:30:03.467Z</time>
      </trkpt>
      <trkpt lat="47.833274" lon="9.904498">
        <ele>658.957276</ele>
        <time>2026-07-24T12:30:16.900Z</time>
      </trkpt>
      <trkpt lat="47.833255" lon="9.905412">
        <ele>661.563109</ele>
        <time>2026-07-24T12:30:29.796Z</time>
      </trkpt>
      <trkpt lat="47.833174" lon="9.905903">
        <ele>663.003921</ele>
        <time>2026-07-24T12:30:38.606Z</time>
      </trkpt>
      <trkpt lat="47.833141" lon="9.906465">
        <ele>664.611545</ele>
        <time>2026-07-24T12:30:52.497Z</time>
      </trkpt>
      <trkpt lat="47.833195" lon="9.906582">
        <ele>665.016156</ele>
        <time>2026-07-24T12:30:56.612Z</time>
      </trkpt>
      <trkpt lat="47.833316" lon="9.907325">
        <ele>666.491607</ele>
        <time>2026-07-24T12:31:13.870Z</time>
      </trkpt>
      <trkpt lat="47.833645" lon="9.908308">
        <ele>668.240810</ele>
        <time>2026-07-24T12:31:34.683Z</time>
      </trkpt>
      <trkpt lat="47.833756" lon="9.908920">
        <ele>669.250361</ele>
        <time>2026-07-24T12:31:41.239Z</time>
      </trkpt>
      <trkpt lat="47.833813" lon="9.909114">
        <ele>669.587600</ele>
        <time>2026-07-24T12:31:42.377Z</time>
      </trkpt>
      <trkpt lat="47.834233" lon="9.909903">
        <ele>667.587700</ele>
        <time>2026-07-24T12:31:47.142Z</time>
      </trkpt>
      <trkpt lat="47.834282" lon="9.910076">
        <ele>667.072587</ele>
        <time>2026-07-24T12:31:48.020Z</time>
      </trkpt>
      <trkpt lat="47.834404" lon="9.910858">
        <ele>664.870128</ele>
        <time>2026-07-24T12:31:51.857Z</time>
      </trkpt>
      <trkpt lat="47.834593" lon="9.911454">
        <ele>663.061848</ele>
        <time>2026-07-24T12:31:56.249Z</time>
      </trkpt>
      <trkpt lat="47.834946" lon="9.912880">
        <ele>660.811074</ele>
        <time>2026-07-24T12:32:20.022Z</time>
      </trkpt>
      <trkpt lat="47.835126" lon="9.913501">
        <ele>659.937702</ele>
        <time>2026-07-24T12:32:23.341Z</time>
      </trkpt>
      <trkpt lat="47.835126" lon="9.913710">
        <ele>659.667849</ele>
        <time>2026-07-24T12:32:24.349Z</time>
      </trkpt>
      <trkpt lat="47.835045" lon="9.914222">
        <ele>658.955019</ele>
        <time>2026-07-24T12:32:26.903Z</time>
      </trkpt>
      <trkpt lat="47.835043" lon="9.914359">
        <ele>658.691562</ele>
        <time>2026-07-24T12:32:27.604Z</time>
      </trkpt>
      <trkpt lat="47.835114" lon="9.914535">
        <ele>658.296783</ele>
        <time>2026-07-24T12:32:28.609Z</time>
      </trkpt>
      <trkpt lat="47.835183" lon="9.914813">
        <ele>657.726939</ele>
        <time>2026-07-24T12:32:30.025Z</time>
      </trkpt>
      <trkpt lat="47.835218" lon="9.914860">
        <ele>657.591979</ele>
        <time>2026-07-24T12:32:30.369Z</time>
      </trkpt>
      <trkpt lat="47.835134" lon="9.915109">
        <ele>657.056202</ele>
        <time>2026-07-24T12:32:31.854Z</time>
      </trkpt>
      <trkpt lat="47.835143" lon="9.915253">
        <ele>656.778152</ele>
        <time>2026-07-24T12:32:32.724Z</time>
      </trkpt>
      <trkpt lat="47.835330" lon="9.916182">
        <ele>654.913499</ele>
        <time>2026-07-24T12:32:39.043Z</time>
      </trkpt>
      <trkpt lat="47.835415" lon="9.917261">
        <ele>653.900883</ele>
        <time>2026-07-24T12:32:46.788Z</time>
      </trkpt>
      <trkpt lat="47.835370" lon="9.918095">
        <ele>653.893378</ele>
        <time>2026-07-24T12:32:53.814Z</time>
      </trkpt>
      <trkpt lat="47.835304" lon="9.918608">
        <ele>653.888693</ele>
        <time>2026-07-24T12:32:57.956Z</time>
      </trkpt>
      <trkpt lat="47.835169" lon="9.919289">
        <ele>653.882324</ele>
        <time>2026-07-24T12:33:03.787Z</time>
      </trkpt>
      <trkpt lat="47.835020" lon="9.919717">
        <ele>653.745859</ele>
        <time>2026-07-24T12:33:08.028Z</time>
      </trkpt>
      <trkpt lat="47.834812" lon="9.920169">
        <ele>653.574119</ele>
        <time>2026-07-24T12:33:13.111Z</time>
      </trkpt>
      <trkpt lat="47.834769" lon="9.920287">
        <ele>653.532042</ele>
        <time>2026-07-24T12:33:14.550Z</time>
      </trkpt>
      <trkpt lat="47.834750" lon="9.920430">
        <ele>653.486358</ele>
        <time>2026-07-24T12:33:16.109Z</time>
      </trkpt>
      <trkpt lat="47.834752" lon="9.920799">
        <ele>653.370715</ele>
        <time>2026-07-24T12:33:18.857Z</time>
      </trkpt>
      <trkpt lat="47.834800" lon="9.921252">
        <ele>653.226993</ele>
        <time>2026-07-24T12:33:21.505Z</time>
      </trkpt>
      <trkpt lat="47.834800" lon="9.921697">
        <ele>653.087535</ele>
        <time>2026-07-24T12:33:24.063Z</time>
      </trkpt>
      <trkpt lat="47.834766" lon="9.921949">
        <ele>653.049041</ele>
        <time>2026-07-24T12:33:25.558Z</time>
      </trkpt>
      <trkpt lat="47.834606" lon="9.922470">
        <ele>653.084006</ele>
        <time>2026-07-24T12:33:29.397Z</time>
      </trkpt>
      <trkpt lat="47.834269" lon="9.923172">
        <ele>653.136676</ele>
        <time>2026-07-24T12:33:38.147Z</time>
      </trkpt>
      <trkpt lat="47.833951" lon="9.923935">
        <ele>653.191485</ele>
        <time>2026-07-24T12:33:47.211Z</time>
      </trkpt>
      <trkpt lat="47.833432" lon="9.924762">
        <ele>653.245240</ele>
        <time>2026-07-24T12:33:55.844Z</time>
      </trkpt>
      <trkpt lat="47.833116" lon="9.925590">
        <ele>653.287121</ele>
        <time>2026-07-24T12:34:03.280Z</time>
      </trkpt>
      <trkpt lat="47.833000" lon="9.925829">
        <ele>653.300089</ele>
        <time>2026-07-24T12:34:05.908Z</time>
      </trkpt>
      <trkpt lat="47.832799" lon="9.926208">
        <ele>653.321327</ele>
        <time>2026-07-24T12:34:10.242Z</time>
      </trkpt>
      <trkpt lat="47.832495" lon="9.926702">
        <ele>653.196121</ele>
        <time>2026-07-24T12:34:15.497Z</time>
      </trkpt>
      <trkpt lat="47.832027" lon="9.927392">
        <ele>652.994642</ele>
        <time>2026-07-24T12:34:22.293Z</time>
      </trkpt>
      <trkpt lat="47.831927" lon="9.927609">
        <ele>652.940577</ele>
        <time>2026-07-24T12:34:24.112Z</time>
      </trkpt>
      <trkpt lat="47.831618" lon="9.928601">
        <ele>652.785785</ele>
        <time>2026-07-24T12:34:32.311Z</time>
      </trkpt>
      <trkpt lat="47.831352" lon="9.929167">
        <ele>652.817071</ele>
        <time>2026-07-24T12:34:37.662Z</time>
      </trkpt>
      <trkpt lat="47.831221" lon="9.929376">
        <ele>652.830019</ele>
        <time>2026-07-24T12:34:39.474Z</time>
      </trkpt>
      <trkpt lat="47.830892" lon="9.929793">
        <ele>652.859158</ele>
        <time>2026-07-24T12:34:43.444Z</time>
      </trkpt>
      <trkpt lat="47.830588" lon="9.930035">
        <ele>652.882409</ele>
        <time>2026-07-24T12:34:46.392Z</time>
      </trkpt>
      <trkpt lat="47.830253" lon="9.930190">
        <ele>652.477202</ele>
        <time>2026-07-24T12:34:59.438Z</time>
      </trkpt>
      <trkpt lat="47.830100" lon="9.930313">
        <ele>652.054432</ele>
        <time>2026-07-24T12:35:06.472Z</time>
      </trkpt>
      <trkpt lat="47.830025" lon="9.930490">
        <ele>651.712746</ele>
        <time>2026-07-24T12:35:07.897Z</time>
      </trkpt>
      <trkpt lat="47.829992" lon="9.930704">
        <ele>651.354303</ele>
        <time>2026-07-24T12:35:09.012Z</time>
      </trkpt>
      <trkpt lat="47.830000" lon="9.930964">
        <ele>650.929420</ele>
        <time>2026-07-24T12:35:10.244Z</time>
      </trkpt>
      <trkpt lat="47.830063" lon="9.931458">
        <ele>650.108565</ele>
        <time>2026-07-24T12:35:12.762Z</time>
      </trkpt>
      <trkpt lat="47.830068" lon="9.931772">
        <ele>649.595831</ele>
        <time>2026-07-24T12:35:14.364Z</time>
      </trkpt>
      <trkpt lat="47.830160" lon="9.931847">
        <ele>649.340806</ele>
        <time>2026-07-24T12:35:15.204Z</time>
      </trkpt>
      <trkpt lat="47.830213" lon="9.931952">
        <ele>649.126354</ele>
        <time>2026-07-24T12:35:15.890Z</time>
      </trkpt>
      <trkpt lat="47.830249" lon="9.932165">
        <ele>648.767792</ele>
        <time>2026-07-24T12:35:16.977Z</time>
      </trkpt>
      <trkpt lat="47.830242" lon="9.932336">
        <ele>648.537866</ele>
        <time>2026-07-24T12:35:17.828Z</time>
      </trkpt>
      <trkpt lat="47.830152" lon="9.932813">
        <ele>648.960313</ele>
        <time>2026-07-24T12:35:20.387Z</time>
      </trkpt>
      <trkpt lat="47.829971" lon="9.933551">
        <ele>649.630207</ele>
        <time>2026-07-24T12:35:26.037Z</time>
      </trkpt>
      <trkpt lat="47.829927" lon="9.933745">
        <ele>649.804796</ele>
        <time>2026-07-24T12:35:27.966Z</time>
      </trkpt>
      <trkpt lat="47.829820" lon="9.934262">
        <ele>650.266064</ele>
        <time>2026-07-24T12:35:34.662Z</time>
      </trkpt>
      <trkpt lat="47.829832" lon="9.934453">
        <ele>650.429623</ele>
        <time>2026-07-24T12:35:37.676Z</time>
      </trkpt>
      <trkpt lat="47.829749" lon="9.934533">
        <ele>650.555177</ele>
        <time>2026-07-24T12:35:41.007Z</time>
      </trkpt>
      <trkpt lat="47.829338" lon="9.935180">
        <ele>652.432089</ele>
        <time>2026-07-24T12:36:07.596Z</time>
      </trkpt>
      <trkpt lat="47.829131" lon="9.935377">
        <ele>653.428254</ele>
        <time>2026-07-24T12:36:14.757Z</time>
      </trkpt>
      <trkpt lat="47.828672" lon="9.935666">
        <ele>655.449118</ele>
        <time>2026-07-24T12:36:27.474Z</time>
      </trkpt>
      <trkpt lat="47.828387" lon="9.935766">
        <ele>656.636525</ele>
        <time>2026-07-24T12:36:33.393Z</time>
      </trkpt>
      <trkpt lat="47.827671" lon="9.935812">
        <ele>657.849615</ele>
        <time>2026-07-24T12:36:41.607Z</time>
      </trkpt>
      <trkpt lat="47.827028" lon="9.935931">
        <ele>657.395304</ele>
        <time>2026-07-24T12:36:47.270Z</time>
      </trkpt>
      <trkpt lat="47.825794" lon="9.936420">
        <ele>657.734320</ele>
        <time>2026-07-24T12:37:00.563Z</time>
      </trkpt>
      <trkpt lat="47.825662" lon="9.936599">
        <ele>658.066105</ele>
        <time>2026-07-24T12:37:05.321Z</time>
      </trkpt>
      <trkpt lat="47.825873" lon="9.937366">
        <ele>659.100430</ele>
        <time>2026-07-24T12:37:16.051Z</time>
      </trkpt>
      <trkpt lat="47.826096" lon="9.938191">
        <ele>660.199640</ele>
        <time>2026-07-24T12:37:27.484Z</time>
      </trkpt>
      <trkpt lat="47.825569" lon="9.938964">
        <ele>661.076384</ele>
        <time>2026-07-24T12:37:45.987Z</time>
      </trkpt>
      <trkpt lat="47.825206" lon="9.939313">
        <ele>661.588527</ele>
        <time>2026-07-24T12:37:52.818Z</time>
      </trkpt>
      <trkpt lat="47.824559" lon="9.939733">
        <ele>662.311782</ele>
        <time>2026-07-24T12:37:59.120Z</time>
      </trkpt>
      <trkpt lat="47.823997" lon="9.940593">
        <ele>662.300615</ele>
        <time>2026-07-24T12:38:06.801Z</time>
      </trkpt>
      <trkpt lat="47.823727" lon="9.940921">
        <ele>662.295786</ele>
        <time>2026-07-24T12:38:12.120Z</time>
      </trkpt>
      <trkpt lat="47.823149" lon="9.941318">
        <ele>662.345057</ele>
        <time>2026-07-24T12:38:23.224Z</time>
      </trkpt>
      <trkpt lat="47.822840" lon="9.941476">
        <ele>662.559791</ele>
        <time>2026-07-24T12:38:28.114Z</time>
      </trkpt>
      <trkpt lat="47.822600" lon="9.941640">
        <ele>662.733348</ele>
        <time>2026-07-24T12:38:31.566Z</time>
      </trkpt>
      <trkpt lat="47.821836" lon="9.942407">
        <ele>663.338938</ele>
        <time>2026-07-24T12:38:43.910Z</time>
      </trkpt>
      <trkpt lat="47.821528" lon="9.942825">
        <ele>663.694733</ele>
        <time>2026-07-24T12:38:49.880Z</time>
      </trkpt>
      <trkpt lat="47.821456" lon="9.942998">
        <ele>663.836210</ele>
        <time>2026-07-24T12:38:51.561Z</time>
      </trkpt>
      <trkpt lat="47.821386" lon="9.943491">
        <ele>664.186467</ele>
        <time>2026-07-24T12:38:54.599Z</time>
      </trkpt>
      <trkpt lat="47.820935" lon="9.943476">
        <ele>664.653466</ele>
        <time>2026-07-24T12:39:02.267Z</time>
      </trkpt>
      <trkpt lat="47.820631" lon="9.943559">
        <ele>664.973416</ele>
        <time>2026-07-24T12:39:08.846Z</time>
      </trkpt>
      <trkpt lat="47.820361" lon="9.943689">
        <ele>665.267168</ele>
        <time>2026-07-24T12:39:14.407Z</time>
      </trkpt>
      <trkpt lat="47.819343" lon="9.944363">
        <ele>665.239260</ele>
        <time>2026-07-24T12:39:31.097Z</time>
      </trkpt>
      <trkpt lat="47.818825" lon="9.944635">
        <ele>665.190614</ele>
        <time>2026-07-24T12:39:36.035Z</time>
      </trkpt>
      <trkpt lat="47.818356" lon="9.944848">
        <ele>664.703408</ele>
        <time>2026-07-24T12:39:40.180Z</time>
      </trkpt>
      <trkpt lat="47.817215" lon="9.945264">
        <ele>662.814278</ele>
        <time>2026-07-24T12:39:50.918Z</time>
      </trkpt>
      <trkpt lat="47.816859" lon="9.945444">
        <ele>662.190522</ele>
        <time>2026-07-24T12:39:54.625Z</time>
      </trkpt>
      <trkpt lat="47.816460" lon="9.945673">
        <ele>661.317007</ele>
        <time>2026-07-24T12:39:58.816Z</time>
      </trkpt>
      <trkpt lat="47.816174" lon="9.945842">
        <ele>660.688453</ele>
        <time>2026-07-24T12:40:01.461Z</time>
      </trkpt>
      <trkpt lat="47.815746" lon="9.946042">
        <ele>659.772101</ele>
        <time>2026-07-24T12:40:05.634Z</time>
      </trkpt>
      <trkpt lat="47.815558" lon="9.946153">
        <ele>659.358970</ele>
        <time>2026-07-24T12:40:07.143Z</time>
      </trkpt>
      <trkpt lat="47.815184" lon="9.946374">
        <ele>658.708420</ele>
        <time>2026-07-24T12:40:10.096Z</time>
      </trkpt>
      <trkpt lat="47.814996" lon="9.946591">
        <ele>659.425696</ele>
        <time>2026-07-24T12:40:12.063Z</time>
      </trkpt>
      <trkpt lat="47.814893" lon="9.946768">
        <ele>659.899972</ele>
        <time>2026-07-24T12:40:15.494Z</time>
      </trkpt>
      <trkpt lat="47.814596" lon="9.947323">
        <ele>661.337054</ele>
        <time>2026-07-24T12:40:32.553Z</time>
      </trkpt>
      <trkpt lat="47.814485" lon="9.947439">
        <ele>661.745975</ele>
        <time>2026-07-24T12:40:36.946Z</time>
      </trkpt>
      <trkpt lat="47.813930" lon="9.947800">
        <ele>663.572273</ele>
        <time>2026-07-24T12:40:52.194Z</time>
      </trkpt>
      <trkpt lat="47.813796" lon="9.947895">
        <ele>664.019809</ele>
        <time>2026-07-24T12:40:55.857Z</time>
      </trkpt>
      <trkpt lat="47.813227" lon="9.948342">
        <ele>665.114567</ele>
        <time>2026-07-24T12:41:09.446Z</time>
      </trkpt>
      <trkpt lat="47.812933" lon="9.948662">
        <ele>665.731732</ele>
        <time>2026-07-24T12:41:15.158Z</time>
      </trkpt>
      <trkpt lat="47.812733" lon="9.948974">
        <ele>666.222624</ele>
        <time>2026-07-24T12:41:20.219Z</time>
      </trkpt>
      <trkpt lat="47.812538" lon="9.949422">
        <ele>666.830231</ele>
        <time>2026-07-24T12:41:25.005Z</time>
      </trkpt>
      <trkpt lat="47.812416" lon="9.949929">
        <ele>667.118971</ele>
        <time>2026-07-24T12:41:29.232Z</time>
      </trkpt>
      <trkpt lat="47.812359" lon="9.950402">
        <ele>667.179956</ele>
        <time>2026-07-24T12:41:32.607Z</time>
      </trkpt>
      <trkpt lat="47.812336" lon="9.951200">
        <ele>667.281320</ele>
        <time>2026-07-24T12:41:38.050Z</time>
      </trkpt>
      <trkpt lat="47.812231" lon="9.951825">
        <ele>667.363080</ele>
        <time>2026-07-24T12:41:43.119Z</time>
      </trkpt>
      <trkpt lat="47.812095" lon="9.952247">
        <ele>667.433985</ele>
        <time>2026-07-24T12:41:48.201Z</time>
      </trkpt>
      <trkpt lat="47.811973" lon="9.952510">
        <ele>667.582894</ele>
        <time>2026-07-24T12:41:52.099Z</time>
      </trkpt>
      <trkpt lat="47.811835" lon="9.952749">
        <ele>667.729730</ele>
        <time>2026-07-24T12:41:56.165Z</time>
      </trkpt>
      <trkpt lat="47.811546" lon="9.953110">
        <ele>667.991406</ele>
        <time>2026-07-24T12:42:04.119Z</time>
      </trkpt>
      <trkpt lat="47.811194" lon="9.953514">
        <ele>668.299703</ele>
        <time>2026-07-24T12:42:07.915Z</time>
      </trkpt>
      <trkpt lat="47.811117" lon="9.953600">
        <ele>668.366473</ele>
        <time>2026-07-24T12:42:09.142Z</time>
      </trkpt>
      <trkpt lat="47.810927" lon="9.953818">
        <ele>668.532864</ele>
        <time>2026-07-24T12:42:12.683Z</time>
      </trkpt>
      <trkpt lat="47.810516" lon="9.954305">
        <ele>668.159972</ele>
        <time>2026-07-24T12:42:20.685Z</time>
      </trkpt>
      <trkpt lat="47.810328" lon="9.954633">
        <ele>667.720663</ele>
        <time>2026-07-24T12:42:26.435Z</time>
      </trkpt>
      <trkpt lat="47.810527" lon="9.954876">
        <ele>667.330260</ele>
        <time>2026-07-24T12:42:28.596Z</time>
      </trkpt>
      <trkpt lat="47.810780" lon="9.955232">
        <ele>666.802215</ele>
        <time>2026-07-24T12:42:31.214Z</time>
      </trkpt>
      <trkpt lat="47.811021" lon="9.955766">
        <ele>666.146769</ele>
        <time>2026-07-24T12:42:34.527Z</time>
      </trkpt>
      <trkpt lat="47.811163" lon="9.956250">
        <ele>666.419598</ele>
        <time>2026-07-24T12:42:38.314Z</time>
      </trkpt>
      <trkpt lat="47.811249" lon="9.956729">
        <ele>667.160538</ele>
        <time>2026-07-24T12:42:42.443Z</time>
      </trkpt>
      <trkpt lat="47.811398" lon="9.958318">
        <ele>669.558117</ele>
        <time>2026-07-24T12:43:02.558Z</time>
      </trkpt>
      <trkpt lat="47.811396" lon="9.958473">
        <ele>669.789786</ele>
        <time>2026-07-24T12:43:05.691Z</time>
      </trkpt>
      <trkpt lat="47.811282" lon="9.959080">
        <ele>671.867049</ele>
        <time>2026-07-24T12:43:22.810Z</time>
      </trkpt>
      <trkpt lat="47.811248" lon="9.959378">
        <ele>672.966314</ele>
        <time>2026-07-24T12:43:32.444Z</time>
      </trkpt>
      <trkpt lat="47.811260" lon="9.959935">
        <ele>674.992999</ele>
        <time>2026-07-24T12:43:51.864Z</time>
      </trkpt>
      <trkpt lat="47.811348" lon="9.960416">
        <ele>676.805998</ele>
        <time>2026-07-24T12:44:04.981Z</time>
      </trkpt>
      <trkpt lat="47.811377" lon="9.960518">
        <ele>677.208814</ele>
        <time>2026-07-24T12:44:06.415Z</time>
      </trkpt>
      <trkpt lat="47.811542" lon="9.960869">
        <ele>678.766936</ele>
        <time>2026-07-24T12:44:09.564Z</time>
      </trkpt>
      <trkpt lat="47.811755" lon="9.961110">
        <ele>679.415244</ele>
        <time>2026-07-24T12:44:11.627Z</time>
      </trkpt>
      <trkpt lat="47.811901" lon="9.961224">
        <ele>678.974750</ele>
        <time>2026-07-24T12:44:12.859Z</time>
      </trkpt>
      <trkpt lat="47.812154" lon="9.961304">
        <ele>678.283659</ele>
        <time>2026-07-24T12:44:14.867Z</time>
      </trkpt>
      <trkpt lat="47.812286" lon="9.961398">
        <ele>677.892696</ele>
        <time>2026-07-24T12:44:15.928Z</time>
      </trkpt>
      <trkpt lat="47.812368" lon="9.961526">
        <ele>677.575266</ele>
        <time>2026-07-24T12:44:16.777Z</time>
      </trkpt>
      <trkpt lat="47.812600" lon="9.961958">
        <ele>676.582697</ele>
        <time>2026-07-24T12:44:19.446Z</time>
      </trkpt>
      <trkpt lat="47.812795" lon="9.962494">
        <ele>675.488831</ele>
        <time>2026-07-24T12:44:23.211Z</time>
      </trkpt>
      <trkpt lat="47.813031" lon="9.963128">
        <ele>675.772213</ele>
        <time>2026-07-24T12:44:34.581Z</time>
      </trkpt>
      <trkpt lat="47.813136" lon="9.963615">
        <ele>676.975079</ele>
        <time>2026-07-24T12:44:41.426Z</time>
      </trkpt>
      <trkpt lat="47.813456" lon="9.965635">
        <ele>681.516970</ele>
        <time>2026-07-24T12:45:18.492Z</time>
      </trkpt>
      <trkpt lat="47.813544" lon="9.966571">
        <ele>682.637468</ele>
        <time>2026-07-24T12:45:30.607Z</time>
      </trkpt>
      <trkpt lat="47.813530" lon="9.966967">
        <ele>683.107595</ele>
        <time>2026-07-24T12:45:34.071Z</time>
      </trkpt>
      <trkpt lat="47.813429" lon="9.967603">
        <ele>683.882401</ele>
        <time>2026-07-24T12:45:38.721Z</time>
      </trkpt>
      <trkpt lat="47.813379" lon="9.968364">
        <ele>684.596643</ele>
        <time>2026-07-24T12:45:46.477Z</time>
      </trkpt>
      <trkpt lat="47.813304" lon="9.968650">
        <ele>684.802014</ele>
        <time>2026-07-24T12:45:50.905Z</time>
      </trkpt>
      <trkpt lat="47.813166" lon="9.968910">
        <ele>685.023686</ele>
        <time>2026-07-24T12:45:55.958Z</time>
      </trkpt>
      <trkpt lat="47.813049" lon="9.969091">
        <ele>685.191730</ele>
        <time>2026-07-24T12:45:58.882Z</time>
      </trkpt>
      <trkpt lat="47.812683" lon="9.969521">
        <ele>685.656086</ele>
        <time>2026-07-24T12:46:06.405Z</time>
      </trkpt>
      <trkpt lat="47.812582" lon="9.969688">
        <ele>685.806414</ele>
        <time>2026-07-24T12:46:08.624Z</time>
      </trkpt>
      <trkpt lat="47.812431" lon="9.970088">
        <ele>686.113350</ele>
        <time>2026-07-24T12:46:12.053Z</time>
      </trkpt>
      <trkpt lat="47.812127" lon="9.971139">
        <ele>685.259605</ele>
        <time>2026-07-24T12:46:19.140Z</time>
      </trkpt>
      <trkpt lat="47.812023" lon="9.971569">
        <ele>684.895984</ele>
        <time>2026-07-24T12:46:21.951Z</time>
      </trkpt>
      <trkpt lat="47.812011" lon="9.971636">
        <ele>684.840815</ele>
        <time>2026-07-24T12:46:22.367Z</time>
      </trkpt>
      <trkpt lat="47.811940" lon="9.971999">
        <ele>684.540009</ele>
        <time>2026-07-24T12:46:24.581Z</time>
      </trkpt>
      <trkpt lat="47.811693" lon="9.973747">
        <ele>683.937729</ele>
        <time>2026-07-24T12:46:36.578Z</time>
      </trkpt>
      <trkpt lat="47.811692" lon="9.974331">
        <ele>683.900824</ele>
        <time>2026-07-24T12:46:42.374Z</time>
      </trkpt>
      <trkpt lat="47.811721" lon="9.974890">
        <ele>683.865394</ele>
        <time>2026-07-24T12:46:47.259Z</time>
      </trkpt>
      <trkpt lat="47.811802" lon="9.975252">
        <ele>683.841282</ele>
        <time>2026-07-24T12:46:49.569Z</time>
      </trkpt>
      <trkpt lat="47.811901" lon="9.975525">
        <ele>684.545985</ele>
        <time>2026-07-24T12:46:52.117Z</time>
      </trkpt>
      <trkpt lat="47.811734" lon="9.975766">
        <ele>685.431916</ele>
        <time>2026-07-24T12:46:56.836Z</time>
      </trkpt>
      <trkpt lat="47.811510" lon="9.976215">
        <ele>686.862880</ele>
        <time>2026-07-24T12:47:05.287Z</time>
      </trkpt>
      <trkpt lat="47.810664" lon="9.978091">
        <ele>691.521585</ele>
        <time>2026-07-24T12:47:51.749Z</time>
      </trkpt>
      <trkpt lat="47.810396" lon="9.978556">
        <ele>692.188266</ele>
        <time>2026-07-24T12:48:00.938Z</time>
      </trkpt>
      <trkpt lat="47.809872" lon="9.979226">
        <ele>693.307210</ele>
        <time>2026-07-24T12:48:08.280Z</time>
      </trkpt>
      <trkpt lat="47.809685" lon="9.979572">
        <ele>693.147200</ele>
        <time>2026-07-24T12:48:10.699Z</time>
      </trkpt>
      <trkpt lat="47.809424" lon="9.980268">
        <ele>691.006879</ele>
        <time>2026-07-24T12:48:14.787Z</time>
      </trkpt>
      <trkpt lat="47.809187" lon="9.980818">
        <ele>689.252308</ele>
        <time>2026-07-24T12:48:18.088Z</time>
      </trkpt>
      <trkpt lat="47.809169" lon="9.981006">
        <ele>688.742426</ele>
        <time>2026-07-24T12:48:19.022Z</time>
      </trkpt>
      <trkpt lat="47.809078" lon="9.981019">
        <ele>688.376947</ele>
        <time>2026-07-24T12:48:19.711Z</time>
      </trkpt>
      <trkpt lat="47.808961" lon="9.981137">
        <ele>687.811992</ele>
        <time>2026-07-24T12:48:20.798Z</time>
      </trkpt>
      <trkpt lat="47.808934" lon="9.981173">
        <ele>687.667096</ele>
        <time>2026-07-24T12:48:21.084Z</time>
      </trkpt>
      <trkpt lat="47.808764" lon="9.981397">
        <ele>686.759548</ele>
        <time>2026-07-24T12:48:22.888Z</time>
      </trkpt>
      <trkpt lat="47.808368" lon="9.981761">
        <ele>686.025729</ele>
        <time>2026-07-24T12:48:26.732Z</time>
      </trkpt>
      <trkpt lat="47.808237" lon="9.981940">
        <ele>685.843497</ele>
        <time>2026-07-24T12:48:28.244Z</time>
      </trkpt>
      <trkpt lat="47.808193" lon="9.982023">
        <ele>685.770710</ele>
        <time>2026-07-24T12:48:28.885Z</time>
      </trkpt>
      <trkpt lat="47.808094" lon="9.982203">
        <ele>685.610562</ele>
        <time>2026-07-24T12:48:30.408Z</time>
      </trkpt>
      <trkpt lat="47.807758" lon="9.982626">
        <ele>685.159592</ele>
        <time>2026-07-24T12:48:35.663Z</time>
      </trkpt>
      <trkpt lat="47.807634" lon="9.982777">
        <ele>684.995411</ele>
        <time>2026-07-24T12:48:38.880Z</time>
      </trkpt>
      <trkpt lat="47.807390" lon="9.982922">
        <ele>684.726148</ele>
        <time>2026-07-24T12:48:44.410Z</time>
      </trkpt>
      <trkpt lat="47.807352" lon="9.982944">
        <ele>684.684361</ele>
        <time>2026-07-24T12:48:45.037Z</time>
      </trkpt>
      <trkpt lat="47.807724" lon="9.984054">
        <ele>683.383642</ele>
        <time>2026-07-24T12:48:52.395Z</time>
      </trkpt>
      <trkpt lat="47.807828" lon="9.984368">
        <ele>682.997186</ele>
        <time>2026-07-24T12:48:54.224Z</time>
      </trkpt>
      <trkpt lat="47.808007" lon="9.984854">
        <ele>682.385358</ele>
        <time>2026-07-24T12:48:58.040Z</time>
      </trkpt>
      <trkpt lat="47.808093" lon="9.985070">
        <ele>682.108186</ele>
        <time>2026-07-24T12:48:59.467Z</time>
      </trkpt>
      <trkpt lat="47.808110" lon="9.985114">
        <ele>682.052155</ele>
        <time>2026-07-24T12:48:59.731Z</time>
      </trkpt>
      <trkpt lat="47.808176" lon="9.985281">
        <ele>681.838270</ele>
        <time>2026-07-24T12:49:00.745Z</time>
      </trkpt>
      <trkpt lat="47.808262" lon="9.985478">
        <ele>681.584676</ele>
        <time>2026-07-24T12:49:02.278Z</time>
      </trkpt>
      <trkpt lat="47.808399" lon="9.985796">
        <ele>681.234953</ele>
        <time>2026-07-24T12:49:04.867Z</time>
      </trkpt>
      <trkpt lat="47.808745" lon="9.986494">
        <ele>680.431901</ele>
        <time>2026-07-24T12:49:09.971Z</time>
      </trkpt>
      <trkpt lat="47.808921" lon="9.986792">
        <ele>680.064564</ele>
        <time>2026-07-24T12:49:12.742Z</time>
      </trkpt>
      <trkpt lat="47.809153" lon="9.987101">
        <ele>679.635540</ele>
        <time>2026-07-24T12:49:15.642Z</time>
      </trkpt>
      <trkpt lat="47.809596" lon="9.987535">
        <ele>679.006045</ele>
        <time>2026-07-24T12:49:20.676Z</time>
      </trkpt>
      <trkpt lat="47.809180" lon="9.988950">
        <ele>678.204146</ele>
        <time>2026-07-24T12:49:31.759Z</time>
      </trkpt>
      <trkpt lat="47.809099" lon="9.989418">
        <ele>677.953245</ele>
        <time>2026-07-24T12:49:36.912Z</time>
      </trkpt>
      <trkpt lat="47.809063" lon="9.989955">
        <ele>677.636112</ele>
        <time>2026-07-24T12:49:39.839Z</time>
      </trkpt>
      <trkpt lat="47.809112" lon="9.991399">
        <ele>676.500708</ele>
        <time>2026-07-24T12:49:49.150Z</time>
      </trkpt>
      <trkpt lat="47.809157" lon="9.992510">
        <ele>675.622448</ele>
        <time>2026-07-24T12:49:56.505Z</time>
      </trkpt>
      <trkpt lat="47.809301" lon="9.993906">
        <ele>674.209507</ele>
        <time>2026-07-24T12:50:05.454Z</time>
      </trkpt>
      <trkpt lat="47.809292" lon="9.994456">
        <ele>673.659121</ele>
        <time>2026-07-24T12:50:08.749Z</time>
      </trkpt>
      <trkpt lat="47.809098" lon="9.996135">
        <ele>672.702469</ele>
        <time>2026-07-24T12:50:18.959Z</time>
      </trkpt>
      <trkpt lat="47.809078" lon="9.996427">
        <ele>672.626628</ele>
        <time>2026-07-24T12:50:21.002Z</time>
      </trkpt>
      <trkpt lat="47.809087" lon="9.996687">
        <ele>672.559358</ele>
        <time>2026-07-24T12:50:23.122Z</time>
      </trkpt>
      <trkpt lat="47.809144" lon="9.997011">
        <ele>672.472815</ele>
        <time>2026-07-24T12:50:26.193Z</time>
      </trkpt>
      <trkpt lat="47.809261" lon="9.997397">
        <ele>672.363389</ele>
        <time>2026-07-24T12:50:30.476Z</time>
      </trkpt>
      <trkpt lat="47.809436" lon="9.997744">
        <ele>672.234334</ele>
        <time>2026-07-24T12:50:35.428Z</time>
      </trkpt>
      <trkpt lat="47.809692" lon="9.998118">
        <ele>671.977020</ele>
        <time>2026-07-24T12:50:40.775Z</time>
      </trkpt>
      <trkpt lat="47.809923" lon="9.998680">
        <ele>671.659533</ele>
        <time>2026-07-24T12:50:45.387Z</time>
      </trkpt>
      <trkpt lat="47.809987" lon="9.998926">
        <ele>671.532416</ele>
        <time>2026-07-24T12:50:47.092Z</time>
      </trkpt>
      <trkpt lat="47.809963" lon="9.999435">
        <ele>671.286555</ele>
        <time>2026-07-24T12:50:50.181Z</time>
      </trkpt>
      <trkpt lat="47.809986" lon="9.999595">
        <ele>671.207714</ele>
        <time>2026-07-24T12:50:51.132Z</time>
      </trkpt>
      <trkpt lat="47.810179" lon="9.999996">
        <ele>670.945665</ele>
        <time>2026-07-24T12:50:54.061Z</time>
      </trkpt>
      <trkpt lat="47.809648" lon="10.000809">
        <ele>669.117537</ele>
        <time>2026-07-24T12:51:00.869Z</time>
      </trkpt>
      <trkpt lat="47.809506" lon="10.001083">
        <ele>668.559625</ele>
        <time>2026-07-24T12:51:02.877Z</time>
      </trkpt>
      <trkpt lat="47.809106" lon="10.002040">
        <ele>666.742547</ele>
        <time>2026-07-24T12:51:09.086Z</time>
      </trkpt>
      <trkpt lat="47.808610" lon="10.003405">
        <ele>664.430482</ele>
        <time>2026-07-24T12:51:17.612Z</time>
      </trkpt>
      <trkpt lat="47.808402" lon="10.003870">
        <ele>663.600399</ele>
        <time>2026-07-24T12:51:20.890Z</time>
      </trkpt>
      <trkpt lat="47.808073" lon="10.004383">
        <ele>662.735006</ele>
        <time>2026-07-24T12:51:25.435Z</time>
      </trkpt>
      <trkpt lat="47.807629" lon="10.004890">
        <ele>663.192581</ele>
        <time>2026-07-24T12:51:32.107Z</time>
      </trkpt>
      <trkpt lat="47.807307" lon="10.005164">
        <ele>663.495873</ele>
        <time>2026-07-24T12:51:38.744Z</time>
      </trkpt>
      <trkpt lat="47.806071" lon="10.006095">
        <ele>664.335422</ele>
        <time>2026-07-24T12:52:01.938Z</time>
      </trkpt>
      <trkpt lat="47.805746" lon="10.006371">
        <ele>664.451972</ele>
        <time>2026-07-24T12:52:05.714Z</time>
      </trkpt>
      <trkpt lat="47.805232" lon="10.006877">
        <ele>664.643921</ele>
        <time>2026-07-24T12:52:12.351Z</time>
      </trkpt>
      <trkpt lat="47.803924" lon="10.008265">
        <ele>665.175067</ele>
        <time>2026-07-24T12:52:33.564Z</time>
      </trkpt>
      <trkpt lat="47.803479" lon="10.008664">
        <ele>665.363044</ele>
        <time>2026-07-24T12:52:40.023Z</time>
      </trkpt>
      <trkpt lat="47.802717" lon="10.009209">
        <ele>665.770859</ele>
        <time>2026-07-24T12:52:51.374Z</time>
      </trkpt>
      <trkpt lat="47.802622" lon="10.009218">
        <ele>665.816780</ele>
        <time>2026-07-24T12:52:52.711Z</time>
      </trkpt>
      <trkpt lat="47.802600" lon="10.009263">
        <ele>665.834815</ele>
        <time>2026-07-24T12:52:53.293Z</time>
      </trkpt>
      <trkpt lat="47.802634" lon="10.009355">
        <ele>665.868840</ele>
        <time>2026-07-24T12:52:54.469Z</time>
      </trkpt>
      <trkpt lat="47.801599" lon="10.010066">
        <ele>666.305004</ele>
        <time>2026-07-24T12:53:09.546Z</time>
      </trkpt>
      <trkpt lat="47.801164" lon="10.010461">
        <ele>666.431974</ele>
        <time>2026-07-24T12:53:16.339Z</time>
      </trkpt>
      <trkpt lat="47.800949" lon="10.010699">
        <ele>666.498737</ele>
        <time>2026-07-24T12:53:19.630Z</time>
      </trkpt>
      <trkpt lat="47.800592" lon="10.011144">
        <ele>666.614763</ele>
        <time>2026-07-24T12:53:25.010Z</time>
      </trkpt>
      <trkpt lat="47.799413" lon="10.012783">
        <ele>666.802749</ele>
        <time>2026-07-24T12:53:43.943Z</time>
      </trkpt>
      <trkpt lat="47.798824" lon="10.013609">
        <ele>667.186445</ele>
        <time>2026-07-24T12:53:55.045Z</time>
      </trkpt>
      <trkpt lat="47.797451" lon="10.015498">
        <ele>668.674493</ele>
        <time>2026-07-24T12:54:21.678Z</time>
      </trkpt>
      <trkpt lat="47.796696" lon="10.016547">
        <ele>669.815951</ele>
        <time>2026-07-24T12:54:38.916Z</time>
      </trkpt>
      <trkpt lat="47.795881" lon="10.017640">
        <ele>671.193566</ele>
        <time>2026-07-24T12:54:54.574Z</time>
      </trkpt>
      <trkpt lat="47.794281" lon="10.019840">
        <ele>674.351068</ele>
        <time>2026-07-24T12:55:32.436Z</time>
      </trkpt>
      <trkpt lat="47.793837" lon="10.020522">
        <ele>675.225541</ele>
        <time>2026-07-24T12:55:42.528Z</time>
      </trkpt>
      <trkpt lat="47.793570" lon="10.020996">
        <ele>675.591893</ele>
        <time>2026-07-24T12:55:48.551Z</time>
      </trkpt>
      <trkpt lat="47.793351" lon="10.021467">
        <ele>675.931142</ele>
        <time>2026-07-24T12:55:53.798Z</time>
      </trkpt>
      <trkpt lat="47.793190" lon="10.021882">
        <ele>676.214968</ele>
        <time>2026-07-24T12:55:58.660Z</time>
      </trkpt>
      <trkpt lat="47.793055" lon="10.022310">
        <ele>676.495004</ele>
        <time>2026-07-24T12:56:03.752Z</time>
      </trkpt>
      <trkpt lat="47.792604" lon="10.023991">
        <ele>676.691722</ele>
        <time>2026-07-24T12:56:19.969Z</time>
      </trkpt>
      <trkpt lat="47.792257" lon="10.024975">
        <ele>676.717837</ele>
        <time>2026-07-24T12:56:28.227Z</time>
      </trkpt>
      <trkpt lat="47.791982" lon="10.025542">
        <ele>676.438395</ele>
        <time>2026-07-24T12:56:32.563Z</time>
      </trkpt>
      <trkpt lat="47.791393" lon="10.026653">
        <ele>675.848854</ele>
        <time>2026-07-24T12:56:41.571Z</time>
      </trkpt>
      <trkpt lat="47.791204" lon="10.027052">
        <ele>675.645486</ele>
        <time>2026-07-24T12:56:45.282Z</time>
      </trkpt>
      <trkpt lat="47.791022" lon="10.027529">
        <ele>675.579781</ele>
        <time>2026-07-24T12:56:51.408Z</time>
      </trkpt>
      <trkpt lat="47.790926" lon="10.027843">
        <ele>675.561684</ele>
        <time>2026-07-24T12:56:55.951Z</time>
      </trkpt>
      <trkpt lat="47.790840" lon="10.028256">
        <ele>675.539004</ele>
        <time>2026-07-24T12:57:00.545Z</time>
      </trkpt>
      <trkpt lat="47.790741" lon="10.029082">
        <ele>675.494991</ele>
        <time>2026-07-24T12:57:06.148Z</time>
      </trkpt>
      <trkpt lat="47.790732" lon="10.029558">
        <ele>675.470013</ele>
        <time>2026-07-24T12:57:09.119Z</time>
      </trkpt>
      <trkpt lat="47.790743" lon="10.030867">
        <ele>675.033898</ele>
        <time>2026-07-24T12:57:17.520Z</time>
      </trkpt>
      <trkpt lat="47.790723" lon="10.031381">
        <ele>674.845422</ele>
        <time>2026-07-24T12:57:21.028Z</time>
      </trkpt>
      <trkpt lat="47.790647" lon="10.032027">
        <ele>674.605340</ele>
        <time>2026-07-24T12:57:26.076Z</time>
      </trkpt>
      <trkpt lat="47.790533" lon="10.032631">
        <ele>674.661758</ele>
        <time>2026-07-24T12:57:31.655Z</time>
      </trkpt>
      <trkpt lat="47.789671" lon="10.035556">
        <ele>676.961684</ele>
        <time>2026-07-24T12:58:04.357Z</time>
      </trkpt>
      <trkpt lat="47.789500" lon="10.036268">
        <ele>677.747062</ele>
        <time>2026-07-24T12:58:12.449Z</time>
      </trkpt>
      <trkpt lat="47.789391" lon="10.036861">
        <ele>678.385641</ele>
        <time>2026-07-24T12:58:19.390Z</time>
      </trkpt>
      <trkpt lat="47.789333" lon="10.037391">
        <ele>678.941999</ele>
        <time>2026-07-24T12:58:26.114Z</time>
      </trkpt>
      <trkpt lat="47.789282" lon="10.038326">
        <ele>679.883558</ele>
        <time>2026-07-24T12:58:39.482Z</time>
      </trkpt>
      <trkpt lat="47.789299" lon="10.038899">
        <ele>680.459246</ele>
        <time>2026-07-24T12:58:48.038Z</time>
      </trkpt>
      <trkpt lat="47.789430" lon="10.039983">
        <ele>681.564731</ele>
        <time>2026-07-24T12:58:57.035Z</time>
      </trkpt>
      <trkpt lat="47.789511" lon="10.040462">
        <ele>681.052684</ele>
        <time>2026-07-24T12:59:00.811Z</time>
      </trkpt>
      <trkpt lat="47.789528" lon="10.040561">
        <ele>680.936140</ele>
        <time>2026-07-24T12:59:01.423Z</time>
      </trkpt>
      <trkpt lat="47.789553" lon="10.040720">
        <ele>680.749894</ele>
        <time>2026-07-24T12:59:02.333Z</time>
      </trkpt>
      <trkpt lat="47.789672" lon="10.041400">
        <ele>679.948447</ele>
        <time>2026-07-24T12:59:06.321Z</time>
      </trkpt>
      <trkpt lat="47.789693" lon="10.041531">
        <ele>679.794842</ele>
        <time>2026-07-24T12:59:07.064Z</time>
      </trkpt>
      <trkpt lat="47.789724" lon="10.041798">
        <ele>679.485804</ele>
        <time>2026-07-24T12:59:08.571Z</time>
      </trkpt>
      <trkpt lat="47.789751" lon="10.042052">
        <ele>679.192504</ele>
        <time>2026-07-24T12:59:10.033Z</time>
      </trkpt>
      <trkpt lat="47.789763" lon="10.042389">
        <ele>678.807602</ele>
        <time>2026-07-24T12:59:11.910Z</time>
      </trkpt>
      <trkpt lat="47.789765" lon="10.042834">
        <ele>678.529633</ele>
        <time>2026-07-24T12:59:14.696Z</time>
      </trkpt>
      <trkpt lat="47.789721" lon="10.042836">
        <ele>678.527811</ele>
        <time>2026-07-24T12:59:15.196Z</time>
      </trkpt>
      <trkpt lat="47.789491" lon="10.042932">
        <ele>678.517926</ele>
        <time>2026-07-24T12:59:19.293Z</time>
      </trkpt>
      <trkpt lat="47.789077" lon="10.043395">
        <ele>678.496496</ele>
        <time>2026-07-24T12:59:27.244Z</time>
      </trkpt>
      <trkpt lat="47.788923" lon="10.043501">
        <ele>678.489474</ele>
        <time>2026-07-24T12:59:29.193Z</time>
      </trkpt>
      <trkpt lat="47.788557" lon="10.043581">
        <ele>678.474165</ele>
        <time>2026-07-24T12:59:34.198Z</time>
      </trkpt>
      <trkpt lat="47.788381" lon="10.043621">
        <ele>678.466797</ele>
        <time>2026-07-24T12:59:37.079Z</time>
      </trkpt>
      <trkpt lat="47.788157" lon="10.043615">
        <ele>678.537731</ele>
        <time>2026-07-24T12:59:41.005Z</time>
      </trkpt>
      <trkpt lat="47.787196" lon="10.043793">
        <ele>679.440481</ele>
        <time>2026-07-24T12:59:55.213Z</time>
      </trkpt>
      <trkpt lat="47.786987" lon="10.043888">
        <ele>679.644193</ele>
        <time>2026-07-24T12:59:58.448Z</time>
      </trkpt>
      <trkpt lat="47.786768" lon="10.043914">
        <ele>679.848992</ele>
        <time>2026-07-24T13:00:01.752Z</time>
      </trkpt>
      <trkpt lat="47.785646" lon="10.043952">
        <ele>680.857850</ele>
        <time>2026-07-24T13:00:18.030Z</time>
      </trkpt>
      <trkpt lat="47.784820" lon="10.044024">
        <ele>681.591150</ele>
        <time>2026-07-24T13:00:29.897Z</time>
      </trkpt>
      <trkpt lat="47.784228" lon="10.043982">
        <ele>681.985337</ele>
        <time>2026-07-24T13:00:39.550Z</time>
      </trkpt>
      <trkpt lat="47.782590" lon="10.043876">
        <ele>682.886335</ele>
        <time>2026-07-24T13:01:00.867Z</time>
      </trkpt>
      <trkpt lat="47.782391" lon="10.043896">
        <ele>682.961519</ele>
        <time>2026-07-24T13:01:02.706Z</time>
      </trkpt>
      <trkpt lat="47.782359" lon="10.043764">
        <ele>682.997063</ele>
        <time>2026-07-24T13:01:04.234Z</time>
      </trkpt>
      <trkpt lat="47.782311" lon="10.043318">
        <ele>683.111472</ele>
        <time>2026-07-24T13:01:10.706Z</time>
      </trkpt>
      <trkpt lat="47.782301" lon="10.043211">
        <ele>683.138835</ele>
        <time>2026-07-24T13:01:11.456Z</time>
      </trkpt>
      <trkpt lat="47.782225" lon="10.043004">
        <ele>683.198583</ele>
        <time>2026-07-24T13:01:12.841Z</time>
      </trkpt>
      <trkpt lat="47.782111" lon="10.042810">
        <ele>683.263861</ele>
        <time>2026-07-24T13:01:14.563Z</time>
      </trkpt>
      <trkpt lat="47.781842" lon="10.042589">
        <ele>683.379686</ele>
        <time>2026-07-24T13:01:18.328Z</time>
      </trkpt>
      <trkpt lat="47.781137" lon="10.042311">
        <ele>683.953459</ele>
        <time>2026-07-24T13:01:28.882Z</time>
      </trkpt>
      <trkpt lat="47.780770" lon="10.042240">
        <ele>684.307935</ele>
        <time>2026-07-24T13:01:35.007Z</time>
      </trkpt>
      <trkpt lat="47.780544" lon="10.042204">
        <ele>684.525638</ele>
        <time>2026-07-24T13:01:39.028Z</time>
      </trkpt>
      <trkpt lat="47.780183" lon="10.042182">
        <ele>684.871699</ele>
        <time>2026-07-24T13:01:44.415Z</time>
      </trkpt>
      <trkpt lat="47.779930" lon="10.042159">
        <ele>685.114477</ele>
        <time>2026-07-24T13:01:47.999Z</time>
      </trkpt>
      <trkpt lat="47.779607" lon="10.042114">
        <ele>685.342232</ele>
        <time>2026-07-24T13:01:52.431Z</time>
      </trkpt>
      <trkpt lat="47.779377" lon="10.042076">
        <ele>685.487814</ele>
        <time>2026-07-24T13:01:56.017Z</time>
      </trkpt>
      <trkpt lat="47.778998" lon="10.042001">
        <ele>685.728342</ele>
        <time>2026-07-24T13:02:00.287Z</time>
      </trkpt>
      <trkpt lat="47.778669" lon="10.041932">
        <ele>685.937362</ele>
        <time>2026-07-24T13:02:04.476Z</time>
      </trkpt>
      <trkpt lat="47.778470" lon="10.041888">
        <ele>686.063928</ele>
        <time>2026-07-24T13:02:07.186Z</time>
      </trkpt>
      <trkpt lat="47.777751" lon="10.041702">
        <ele>686.314965</ele>
        <time>2026-07-24T13:02:18.857Z</time>
      </trkpt>
      <trkpt lat="47.777597" lon="10.041654">
        <ele>686.314965</ele>
        <time>2026-07-24T13:02:21.227Z</time>
      </trkpt>
      <trkpt lat="47.777633" lon="10.040964">
        <ele>686.314965</ele>
        <time>2026-07-24T13:02:29.658Z</time>
      </trkpt>
      <trkpt lat="47.777665" lon="10.040275">
        <ele>686.314965</ele>
        <time>2026-07-24T13:02:35.750Z</time>
      </trkpt>
    </trkseg>
  </trk>
</gpx>